Username,MST_Score,LDI,Gender,Age,Birthday,Education,Race,Fluent,AgeEnglish,Country,Recognition,Trials,Accuracy,"P(""similar""|lure)","P(""new""|lure)","P(""old""|lure)","P(""no response""|lure)","P(""similar""|foil)","P(""new""|foil)","P(""old""|foil)","P(""no response""|foil)","P(""similar""|repeat)","P(""new""|repeat)","P(""old""|repeat)","P(""no response""|repeat)",Exp_Username,Exp_ID,AmazonIdentifier
9fcfc581,0.296875,-0.296875,Male,60.0,1963-07-01,Bachelors degree,White,Yes,0,usa,0.578125,329.0,0.35562310030395,0.40625,0.1875,0.3125,0.09375,0.109375,0.8125,0.03125,0.046875,0.09375,0.234375,0.609375,0.0625,9fcfc581,tgrz6iqxj9,A39VDXGL1RVURU
f458c0a9,0.421875,-0.1875,Male,64.0,1960-01-06,"Graduate degree (Masters, Doctorate, etc.)",White,Yes,0,United States,0.421875,328.0,0.35670731707317,0.453125,0.28125,0.25,0.015625,0.03125,0.9375,0.015625,0.015625,0.296875,0.265625,0.4375,0.0,f458c0a9,0hhaged1o4,A10G0V9R0U5OR
a4e45d91,0.515625,-0.453125,Male,60.0,1963-10-06,Bachelors degree,White,Yes,3,usa,0.734375,328.0,0.4390243902439,0.578125,0.140625,0.28125,0.0,0.0625,0.9375,0.0,0.0,0.234375,0.015625,0.734375,0.015625,a4e45d91,o5tgacoy2q,A1F33PWODESS7J
0d61cf84,0.34375,-0.296875,Female,69.0,1954-07-08,High School Graduate,White,Yes,0,United States,0.78125,329.0,0.41033434650456,0.375,0.109375,0.5,0.015625,0.03125,0.9375,0.015625,0.015625,0.125,0.078125,0.796875,0.0,0d61cf84,utywpsfs2a,A31A11R62ERUUG
cb68e4b7,0.09375,-0.15625,Female,65.0,1958-05-13,"Graduate degree (Masters, Doctorate, etc.)",White,Yes,0,United States,0.765625,328.0,0.35670731707317,0.28125,0.109375,0.609375,0.0,0.1875,0.78125,0.0,0.03125,0.09375,0.078125,0.765625,0.0625,cb68e4b7,ufly68negg,A1WLUB8DQOBE11
3ca101fe,0.234375,-0.46875,Male,61.0,1962-07-11,"Graduate degree (Masters, Doctorate, etc.)",White,Yes,0,USA,0.84375,328.0,0.40548780487805,0.5,0.125,0.375,0.0,0.265625,0.734375,0.0,0.0,0.09375,0.046875,0.84375,0.015625,3ca101fe,y3xgi246hs,A1HDD2B9I6D33I
673418a2,-0.015625,-0.328125,Male,66.0,1957-07-14,"Some College, no degree",Other/unknown,Yes,0,america,0.703125,329.0,0.31003039513678,0.265625,0.171875,0.4375,0.125,0.28125,0.5625,0.0625,0.09375,0.125,0.0625,0.765625,0.046875,673418a2,aborzw8jt9,ATS3TTU08W4TW
252f7a7b,0.234375,-0.328125,Female,69.0,1954-11-17,Bachelors degree,White,Yes,0,United States of America,0.671875,329.0,0.34650455927052,0.296875,0.21875,0.453125,0.03125,0.0625,0.703125,0.109375,0.125,0.078125,0.140625,0.78125,0.0,252f7a7b,spsobosrkt,A36T8OHBP47092
c972e6fa,0.3125,-0.296875,Female,75.0,1948-03-16,Bachelors degree,White,Yes,3,US,0.71875,328.0,0.38414634146341,0.359375,0.09375,0.5,0.046875,0.046875,0.8125,0.078125,0.0625,0.109375,0.03125,0.796875,0.0625,c972e6fa,nmhmwp6ueg,A1PUYLIDAH0PDD
7a791104,0.4375,-0.28125,Male,63.0,1960-08-25,Bachelors degree,White,Yes,0,United States of America,0.4375,328.0,0.36280487804878,0.546875,0.28125,0.171875,0.0,0.109375,0.859375,0.015625,0.015625,0.359375,0.15625,0.453125,0.03125,7a791104,5whcd1912q,A2199FQE7R6RF6
af6fe67e,0.078125,-0.203125,Female,60.0,1963-11-22,Bachelors degree,White,Yes,0,United States,0.9375,328.0,0.39024390243902,0.234375,0.015625,0.75,0.0,0.15625,0.8125,0.015625,0.015625,0.046875,0.0,0.953125,0.0,af6fe67e,b2dxchyd7b,A39I0RCEOJLFF5
8b5f8e58,0.375,-0.46875,Female,62.0,1961-03-01,"Graduate degree (Masters, Doctorate, etc.)",White,Yes,0,United States,0.75,328.0,0.41463414634146,0.53125,0.140625,0.296875,0.03125,0.15625,0.828125,0.015625,0.0,0.171875,0.0625,0.765625,0.0,8b5f8e58,wwjeto5egv,A13ZQSOMIZAN4Y
fd573adc,0.71875,-0.75,Female,65.0,1958-09-25,"Some College, no degree",White,Yes,0,United States,0.96875,328.0,0.52439024390244,0.765625,0.015625,0.21875,0.0,0.046875,0.953125,0.0,0.0,0.03125,0.0,0.96875,0.0,fd573adc,0ok491dewt,A3A6AK4E156TVE
ffe7ea52,0.28125,-0.3125,Female,64.0,1959-07-20,Associates degree,White,Yes,0,U.S.,0.65625,328.0,0.36585365853659,0.453125,0.171875,0.375,0.0,0.171875,0.734375,0.03125,0.0625,0.21875,0.09375,0.6875,0.0,ffe7ea52,wwykk0h71s,A1S3J79NABW3R7
99f9910a,0.0625,-0.0625,Male,61.0,1962-08-20,"Some College, no degree",White,Yes,0,United States,0.65625,328.0,0.33536585365854,0.21875,0.125,0.65625,0.0,0.15625,0.78125,0.0625,0.0,0.109375,0.171875,0.71875,0.0,99f9910a,avwkq6l7p7,A2QGC1EH2LXZZG
5cc62cdd,0.078125,-0.28125,Female,64.0,1959-03-11,High School Graduate,White,Yes,0,usa,0.8125,328.0,0.36280487804878,0.21875,0.15625,0.578125,0.046875,0.140625,0.78125,0.046875,0.03125,0.046875,0.046875,0.859375,0.046875,5cc62cdd,qgmk0gcuv6,ANMAPKRHPGWX1
aaffc151,0.421875,-0.46875,Male,60.0,1963-10-08,Bachelors degree,Black,Yes,0,United States,0.828125,328.0,0.4359756097561,0.515625,0.046875,0.390625,0.046875,0.09375,0.859375,0.03125,0.015625,0.140625,0.0,0.859375,0.0,aaffc151,fdwuvjchmf,A2W0PJEZDT6QPX
4b7b1175,0.21875,-0.296875,Female,67.0,1956-06-20,Bachelors degree,White,Yes,0,USA,0.796875,328.0,0.39329268292683,0.3125,0.140625,0.546875,0.0,0.09375,0.859375,0.046875,0.0,0.09375,0.0625,0.84375,0.0,4b7b1175,h21dwwmr6q,AKHKMEPXX1YZ9
51413fa4,0.28125,-0.359375,Male,70.0,1953-12-28,"Graduate degree (Masters, Doctorate, etc.)",White,Yes,0,USA,0.796875,328.0,0.40243902439024,0.453125,0.046875,0.453125,0.046875,0.171875,0.796875,0.015625,0.015625,0.140625,0.03125,0.8125,0.015625,51413fa4,bh9g54ly35,A13CD6VO243FE4
b61a642b,0.125,-0.171875,Female,72.0,1951-01-31,Bachelors degree,White,Yes,0,United States,0.71875,328.0,0.35975609756098,0.171875,0.28125,0.546875,0.0,0.046875,0.953125,0.0,0.0,0.109375,0.15625,0.71875,0.015625,b61a642b,op0plpfbe4,A3EBYZG2NFTOYF
1859dcb7,0.4375,-0.453125,Female,65.0,1958-06-27,"Some College, no degree",White,Yes,0,United States,0.875,328.0,0.44207317073171,0.5,0.0625,0.4375,0.0,0.0625,0.875,0.015625,0.046875,0.0625,0.0,0.890625,0.046875,1859dcb7,xrlnypv1oo,A1D4I1QYL9713I
cc260eef,0.453125,-0.28125,Female,67.0,1956-04-17,"Graduate degree (Masters, Doctorate, etc.)",White,Yes,0,United States,0.671875,328.0,0.41158536585366,0.5,0.078125,0.390625,0.03125,0.046875,0.9375,0.0,0.015625,0.265625,0.03125,0.671875,0.03125,cc260eef,1tbvp9ukg9,A2JAQ6TOY63NRB
6cf22b7b,0.515625,-0.59375,Female,62.0,1961-11-06,High School Graduate,White,Yes,0,USA,0.828125,328.0,0.45121951219512,0.671875,0.046875,0.25,0.03125,0.15625,0.796875,0.015625,0.03125,0.125,0.015625,0.84375,0.015625,6cf22b7b,4pla613c10,A1Z748HOKCNJ8X
fde7ac39,0.125,-0.203125,Female,61.0,1962-07-14,"Some College, no degree",White,Yes,1,usa,0.890625,328.0,0.39024390243902,0.171875,0.0625,0.765625,0.0,0.046875,0.859375,0.078125,0.015625,0.015625,0.015625,0.96875,0.0,fde7ac39,t6iusio18c,A3NLJS5TGM8ZST
2e615575,0.140625,-0.171875,Female,60.0,1964-01-09,"Some College, no degree",White,Yes,0,USA,0.734375,328.0,0.35365853658537,0.265625,0.09375,0.625,0.015625,0.125,0.75,0.0625,0.0625,0.09375,0.09375,0.796875,0.015625,2e615575,bmfc7ne4f9,A2MRVC4DWEZRY2
7527298e,0.109375,-0.25,Female,70.0,1953-03-02,"Some College, no degree",White,Yes,0,United States,0.90625,328.0,0.38719512195122,0.234375,0.046875,0.671875,0.046875,0.125,0.828125,0.015625,0.03125,0.078125,0.0,0.921875,0.0,7527298e,xm1ouo31s0,A19L3KRSSCDEEH
703585a9,0.265625,-0.3125,Female,61.0,1962-02-27,Bachelors degree,White,Yes,0,United States,0.734375,328.0,0.39024390243902,0.375,0.203125,0.421875,0.0,0.109375,0.890625,0.0,0.0,0.140625,0.125,0.734375,0.0,703585a9,mpidhdgvpv,A2O7AHH32GWNIS
084138db,0.515625,-0.4375,Female,65.0,1958-02-05,"Graduate degree (Masters, Doctorate, etc.)",White,Yes,0,United States,0.734375,328.0,0.43292682926829,0.578125,0.078125,0.3125,0.03125,0.0625,0.890625,0.015625,0.03125,0.21875,0.03125,0.75,0.0,084138db,ops3xg5ba1,AW3QNBWHGXVQK
