sub_num,true_planet,galaxy,fileID,prt
0,0,0,13bd6k89_1242,3
0,1,0,13bd6k89_1242,4
0,2,1,13bd6k89_1242,5
0,3,1,13bd6k89_1242,6
0,4,1,13bd6k89_1242,7
0,5,2,13bd6k89_1242,3
0,6,2,13bd6k89_1242,5
0,7,2,13bd6k89_1242,3
0,8,0,13bd6k89_1242,2
0,9,0,13bd6k89_1242,2
0,10,0,13bd6k89_1242,2
0,11,0,13bd6k89_1242,2
0,20,0,13bd6k89_1242,2
0,21,0,13bd6k89_1242,2
0,22,0,13bd6k89_1242,2
0,23,2,13bd6k89_1242,6
0,24,2,13bd6k89_1242,6
0,25,2,13bd6k89_1242,5
0,26,2,13bd6k89_1242,6
0,27,2,13bd6k89_1242,5
0,28,1,13bd6k89_1242,2
0,29,2,13bd6k89_1242,5
0,30,2,13bd6k89_1242,5
0,31,0,13bd6k89_1242,2
0,40,1,13bd6k89_1242,2
0,41,2,13bd6k89_1242,4
0,42,1,13bd6k89_1242,3
0,43,1,13bd6k89_1242,2
0,44,1,13bd6k89_1242,3
0,45,1,13bd6k89_1242,3
0,46,2,13bd6k89_1242,5
0,47,2,13bd6k89_1242,6
0,48,1,13bd6k89_1242,2
0,49,1,13bd6k89_1242,3
0,50,2,13bd6k89_1242,6
0,51,2,13bd6k89_1242,4
0,60,0,13bd6k89_1242,2
0,61,0,13bd6k89_1242,2
0,62,0,13bd6k89_1242,2
0,63,2,13bd6k89_1242,5
0,64,2,13bd6k89_1242,4
0,65,2,13bd6k89_1242,6
0,66,2,13bd6k89_1242,4
0,67,2,13bd6k89_1242,5
0,68,2,13bd6k89_1242,5
0,69,0,13bd6k89_1242,2
0,70,0,13bd6k89_1242,2
0,71,2,13bd6k89_1242,5
0,80,1,13bd6k89_1242,2
0,81,1,13bd6k89_1242,3
0,82,1,13bd6k89_1242,2
0,83,1,13bd6k89_1242,3
0,84,1,13bd6k89_1242,2
0,85,1,13bd6k89_1242,2
0,86,1,13bd6k89_1242,2
0,87,1,13bd6k89_1242,2
0,88,1,13bd6k89_1242,2
0,89,1,13bd6k89_1242,2
0,90,1,13bd6k89_1242,2
0,91,1,13bd6k89_1242,3
0,92,1,13bd6k89_1242,2
0,93,1,13bd6k89_1242,2
0,94,1,13bd6k89_1242,2
1,0,0,bmnjpuzx_1180,3
1,1,0,bmnjpuzx_1180,3
1,2,1,bmnjpuzx_1180,5
1,3,1,bmnjpuzx_1180,5
1,4,1,bmnjpuzx_1180,5
1,5,2,bmnjpuzx_1180,12
1,6,2,bmnjpuzx_1180,11
1,7,2,bmnjpuzx_1180,8
1,8,0,bmnjpuzx_1180,3
1,20,0,bmnjpuzx_1180,3
1,21,0,bmnjpuzx_1180,2
1,22,0,bmnjpuzx_1180,2
1,23,2,bmnjpuzx_1180,6
1,24,2,bmnjpuzx_1180,9
1,25,2,bmnjpuzx_1180,8
1,26,2,bmnjpuzx_1180,11
1,27,2,bmnjpuzx_1180,8
1,28,1,bmnjpuzx_1180,4
1,40,1,bmnjpuzx_1180,2
1,41,2,bmnjpuzx_1180,8
1,42,1,bmnjpuzx_1180,4
1,43,1,bmnjpuzx_1180,4
1,44,1,bmnjpuzx_1180,4
1,45,1,bmnjpuzx_1180,4
1,46,2,bmnjpuzx_1180,10
1,47,2,bmnjpuzx_1180,7
1,48,1,bmnjpuzx_1180,4
1,49,1,bmnjpuzx_1180,3
1,60,0,bmnjpuzx_1180,2
1,61,0,bmnjpuzx_1180,2
1,62,0,bmnjpuzx_1180,2
1,63,2,bmnjpuzx_1180,9
1,64,2,bmnjpuzx_1180,6
1,65,2,bmnjpuzx_1180,9
1,66,2,bmnjpuzx_1180,8
1,67,2,bmnjpuzx_1180,8
1,68,2,bmnjpuzx_1180,8
1,69,0,bmnjpuzx_1180,2
1,80,1,bmnjpuzx_1180,2
1,81,1,bmnjpuzx_1180,3
1,82,1,bmnjpuzx_1180,4
1,83,1,bmnjpuzx_1180,4
1,84,1,bmnjpuzx_1180,4
1,85,1,bmnjpuzx_1180,2
1,86,1,bmnjpuzx_1180,4
1,87,1,bmnjpuzx_1180,3
1,88,1,bmnjpuzx_1180,4
1,89,1,bmnjpuzx_1180,3
1,90,1,bmnjpuzx_1180,3
1,91,1,bmnjpuzx_1180,3
1,92,1,bmnjpuzx_1180,3
2,0,0,samwfk9u_5094,2
2,1,0,samwfk9u_5094,2
2,2,1,samwfk9u_5094,4
2,3,1,samwfk9u_5094,4
2,4,1,samwfk9u_5094,4
2,5,2,samwfk9u_5094,10
2,6,2,samwfk9u_5094,8
2,7,2,samwfk9u_5094,8
2,8,0,samwfk9u_5094,2
2,9,0,samwfk9u_5094,2
2,10,0,samwfk9u_5094,2
2,20,0,samwfk9u_5094,1
2,21,0,samwfk9u_5094,2
2,22,0,samwfk9u_5094,2
2,23,2,samwfk9u_5094,10
2,24,2,samwfk9u_5094,8
2,25,2,samwfk9u_5094,9
2,26,2,samwfk9u_5094,10
2,27,2,samwfk9u_5094,13
2,28,1,samwfk9u_5094,3
2,40,1,samwfk9u_5094,3
2,41,2,samwfk9u_5094,11
2,42,1,samwfk9u_5094,5
2,43,1,samwfk9u_5094,3
2,44,1,samwfk9u_5094,3
2,45,1,samwfk9u_5094,4
2,46,2,samwfk9u_5094,7
2,47,2,samwfk9u_5094,9
2,48,1,samwfk9u_5094,3
2,49,1,samwfk9u_5094,3
2,60,0,samwfk9u_5094,2
2,61,0,samwfk9u_5094,2
2,62,0,samwfk9u_5094,2
2,63,2,samwfk9u_5094,7
2,64,2,samwfk9u_5094,8
2,65,2,samwfk9u_5094,8
2,66,2,samwfk9u_5094,8
2,67,2,samwfk9u_5094,8
2,68,2,samwfk9u_5094,8
2,69,0,samwfk9u_5094,2
2,80,1,samwfk9u_5094,3
2,81,1,samwfk9u_5094,3
2,82,1,samwfk9u_5094,3
2,83,1,samwfk9u_5094,3
2,84,1,samwfk9u_5094,3
2,85,1,samwfk9u_5094,3
2,86,1,samwfk9u_5094,3
2,87,1,samwfk9u_5094,3
2,88,1,samwfk9u_5094,4
2,89,1,samwfk9u_5094,3
2,90,1,samwfk9u_5094,4
2,91,1,samwfk9u_5094,3
2,92,1,samwfk9u_5094,3
3,0,0,jne4jc9d_5025,2
3,1,0,jne4jc9d_5025,3
3,2,1,jne4jc9d_5025,4
3,3,1,jne4jc9d_5025,4
3,4,1,jne4jc9d_5025,4
3,5,2,jne4jc9d_5025,9
3,6,2,jne4jc9d_5025,9
3,7,2,jne4jc9d_5025,10
3,8,0,jne4jc9d_5025,2
3,9,0,jne4jc9d_5025,3
3,10,0,jne4jc9d_5025,2
3,20,0,jne4jc9d_5025,3
3,21,0,jne4jc9d_5025,2
3,22,0,jne4jc9d_5025,2
3,23,2,jne4jc9d_5025,10
3,24,2,jne4jc9d_5025,9
3,25,2,jne4jc9d_5025,8
3,26,2,jne4jc9d_5025,9
3,27,2,jne4jc9d_5025,8
3,28,1,jne4jc9d_5025,4
3,40,1,jne4jc9d_5025,4
3,41,2,jne4jc9d_5025,9
3,42,1,jne4jc9d_5025,4
3,43,1,jne4jc9d_5025,4
3,44,1,jne4jc9d_5025,4
3,45,1,jne4jc9d_5025,3
3,46,2,jne4jc9d_5025,8
3,47,2,jne4jc9d_5025,9
3,48,1,jne4jc9d_5025,3
3,49,1,jne4jc9d_5025,3
3,60,0,jne4jc9d_5025,2
3,61,0,jne4jc9d_5025,2
3,62,0,jne4jc9d_5025,2
3,63,2,jne4jc9d_5025,7
3,64,2,jne4jc9d_5025,8
3,65,2,jne4jc9d_5025,8
3,66,2,jne4jc9d_5025,9
3,67,2,jne4jc9d_5025,8
3,68,2,jne4jc9d_5025,8
3,69,0,jne4jc9d_5025,2
3,80,1,jne4jc9d_5025,3
3,81,1,jne4jc9d_5025,4
3,82,1,jne4jc9d_5025,4
3,83,1,jne4jc9d_5025,4
3,84,1,jne4jc9d_5025,4
3,85,1,jne4jc9d_5025,3
3,86,1,jne4jc9d_5025,3
3,87,1,jne4jc9d_5025,3
3,88,1,jne4jc9d_5025,2
3,89,1,jne4jc9d_5025,3
3,90,1,jne4jc9d_5025,3
3,91,1,jne4jc9d_5025,3
3,92,1,jne4jc9d_5025,3
4,0,0,73q5h0p1_1247,3
4,1,0,73q5h0p1_1247,4
4,2,1,73q5h0p1_1247,5
4,3,1,73q5h0p1_1247,4
4,4,1,73q5h0p1_1247,5
4,5,2,73q5h0p1_1247,11
4,6,2,73q5h0p1_1247,7
4,7,2,73q5h0p1_1247,8
4,8,0,73q5h0p1_1247,2
4,20,0,73q5h0p1_1247,3
4,21,0,73q5h0p1_1247,3
4,22,0,73q5h0p1_1247,2
4,23,2,73q5h0p1_1247,6
4,24,2,73q5h0p1_1247,6
4,25,2,73q5h0p1_1247,9
4,26,2,73q5h0p1_1247,9
4,27,2,73q5h0p1_1247,10
4,28,1,73q5h0p1_1247,5
4,40,1,73q5h0p1_1247,5
4,41,2,73q5h0p1_1247,12
4,42,1,73q5h0p1_1247,6
4,43,1,73q5h0p1_1247,6
4,44,1,73q5h0p1_1247,5
4,45,1,73q5h0p1_1247,8
4,46,2,73q5h0p1_1247,21
4,60,0,73q5h0p1_1247,3
4,61,0,73q5h0p1_1247,3
4,62,0,73q5h0p1_1247,3
4,63,2,73q5h0p1_1247,9
4,64,2,73q5h0p1_1247,8
4,65,2,73q5h0p1_1247,10
4,66,2,73q5h0p1_1247,9
4,67,2,73q5h0p1_1247,9
4,68,2,73q5h0p1_1247,9
4,80,1,73q5h0p1_1247,4
4,81,1,73q5h0p1_1247,5
4,82,1,73q5h0p1_1247,5
4,83,1,73q5h0p1_1247,5
4,84,1,73q5h0p1_1247,8
4,85,1,73q5h0p1_1247,5
4,86,1,73q5h0p1_1247,5
4,87,1,73q5h0p1_1247,8
4,88,1,73q5h0p1_1247,5
4,89,1,73q5h0p1_1247,4
5,0,0,8f39gw7n_5038,2
5,1,0,8f39gw7n_5038,5
5,2,1,8f39gw7n_5038,2
5,3,1,8f39gw7n_5038,2
5,4,1,8f39gw7n_5038,3
5,5,2,8f39gw7n_5038,5
5,6,2,8f39gw7n_5038,4
5,7,2,8f39gw7n_5038,5
5,8,0,8f39gw7n_5038,3
5,9,0,8f39gw7n_5038,2
5,10,0,8f39gw7n_5038,2
5,11,0,8f39gw7n_5038,2
5,12,0,8f39gw7n_5038,2
5,20,0,8f39gw7n_5038,2
5,21,0,8f39gw7n_5038,2
5,22,0,8f39gw7n_5038,2
5,23,2,8f39gw7n_5038,5
5,24,2,8f39gw7n_5038,7
5,25,2,8f39gw7n_5038,3
5,26,2,8f39gw7n_5038,5
5,27,2,8f39gw7n_5038,4
5,28,1,8f39gw7n_5038,2
5,29,2,8f39gw7n_5038,4
5,30,2,8f39gw7n_5038,4
5,31,0,8f39gw7n_5038,5
5,32,0,8f39gw7n_5038,2
5,40,1,8f39gw7n_5038,2
5,41,2,8f39gw7n_5038,2
5,42,1,8f39gw7n_5038,3
5,43,1,8f39gw7n_5038,2
5,44,1,8f39gw7n_5038,3
5,45,1,8f39gw7n_5038,2
5,46,2,8f39gw7n_5038,5
5,47,2,8f39gw7n_5038,7
5,48,1,8f39gw7n_5038,2
5,49,1,8f39gw7n_5038,3
5,50,2,8f39gw7n_5038,4
5,51,2,8f39gw7n_5038,5
5,60,0,8f39gw7n_5038,3
5,61,0,8f39gw7n_5038,3
5,62,0,8f39gw7n_5038,2
5,63,2,8f39gw7n_5038,5
5,64,2,8f39gw7n_5038,2
5,65,2,8f39gw7n_5038,4
5,66,2,8f39gw7n_5038,4
5,67,2,8f39gw7n_5038,4
5,68,2,8f39gw7n_5038,3
5,69,0,8f39gw7n_5038,3
5,70,0,8f39gw7n_5038,2
5,71,2,8f39gw7n_5038,3
5,72,2,8f39gw7n_5038,3
5,80,1,8f39gw7n_5038,2
5,81,1,8f39gw7n_5038,2
5,82,1,8f39gw7n_5038,2
5,83,1,8f39gw7n_5038,2
5,84,1,8f39gw7n_5038,2
5,85,1,8f39gw7n_5038,2
5,86,1,8f39gw7n_5038,2
5,87,1,8f39gw7n_5038,2
5,88,1,8f39gw7n_5038,2
5,89,1,8f39gw7n_5038,2
5,90,1,8f39gw7n_5038,2
5,91,1,8f39gw7n_5038,2
5,92,1,8f39gw7n_5038,2
5,93,1,8f39gw7n_5038,2
5,94,1,8f39gw7n_5038,2
6,0,0,erm7u5fn_1190,1
6,1,0,erm7u5fn_1190,1
6,2,1,erm7u5fn_1190,1
6,3,1,erm7u5fn_1190,1
6,4,1,erm7u5fn_1190,1
6,5,2,erm7u5fn_1190,1
6,6,2,erm7u5fn_1190,1
6,7,2,erm7u5fn_1190,1
6,8,0,erm7u5fn_1190,1
6,9,0,erm7u5fn_1190,9
6,10,0,erm7u5fn_1190,1
6,11,0,erm7u5fn_1190,1
6,12,0,erm7u5fn_1190,1
6,13,2,erm7u5fn_1190,1
6,14,2,erm7u5fn_1190,2
6,15,1,erm7u5fn_1190,3
6,20,0,erm7u5fn_1190,3
6,21,0,erm7u5fn_1190,3
6,22,0,erm7u5fn_1190,3
6,23,2,erm7u5fn_1190,6
6,24,2,erm7u5fn_1190,7
6,25,2,erm7u5fn_1190,7
6,26,2,erm7u5fn_1190,7
6,27,2,erm7u5fn_1190,5
6,28,1,erm7u5fn_1190,2
6,29,2,erm7u5fn_1190,4
6,30,2,erm7u5fn_1190,4
6,40,1,erm7u5fn_1190,3
6,41,2,erm7u5fn_1190,5
6,42,1,erm7u5fn_1190,3
6,43,1,erm7u5fn_1190,2
6,44,1,erm7u5fn_1190,3
6,45,1,erm7u5fn_1190,2
6,46,2,erm7u5fn_1190,4
6,47,2,erm7u5fn_1190,3
6,48,1,erm7u5fn_1190,2
6,49,1,erm7u5fn_1190,2
6,50,2,erm7u5fn_1190,5
6,51,2,erm7u5fn_1190,5
6,52,2,erm7u5fn_1190,4
6,60,0,erm7u5fn_1190,2
6,61,0,erm7u5fn_1190,2
6,62,0,erm7u5fn_1190,2
6,63,2,erm7u5fn_1190,4
6,64,2,erm7u5fn_1190,5
6,65,2,erm7u5fn_1190,5
6,66,2,erm7u5fn_1190,3
6,67,2,erm7u5fn_1190,2
6,68,2,erm7u5fn_1190,4
6,69,0,erm7u5fn_1190,2
6,70,0,erm7u5fn_1190,2
6,71,2,erm7u5fn_1190,1
6,72,2,erm7u5fn_1190,6
6,80,1,erm7u5fn_1190,3
6,81,1,erm7u5fn_1190,2
6,82,1,erm7u5fn_1190,3
6,83,1,erm7u5fn_1190,3
6,84,1,erm7u5fn_1190,2
6,85,1,erm7u5fn_1190,2
6,86,1,erm7u5fn_1190,3
6,87,1,erm7u5fn_1190,3
6,88,1,erm7u5fn_1190,2
6,89,1,erm7u5fn_1190,2
6,90,1,erm7u5fn_1190,3
6,91,1,erm7u5fn_1190,2
6,92,1,erm7u5fn_1190,2
6,93,1,erm7u5fn_1190,3
6,94,1,erm7u5fn_1190,2
7,0,0,mm2g9f0v_5058,3
7,1,0,mm2g9f0v_5058,2
7,2,1,mm2g9f0v_5058,4
7,3,1,mm2g9f0v_5058,4
7,4,1,mm2g9f0v_5058,4
7,5,2,mm2g9f0v_5058,9
7,6,2,mm2g9f0v_5058,7
7,7,2,mm2g9f0v_5058,7
7,8,0,mm2g9f0v_5058,2
7,9,0,mm2g9f0v_5058,2
7,10,0,mm2g9f0v_5058,2
7,11,0,mm2g9f0v_5058,2
7,20,0,mm2g9f0v_5058,2
7,21,0,mm2g9f0v_5058,2
7,22,0,mm2g9f0v_5058,3
7,23,2,mm2g9f0v_5058,8
7,24,2,mm2g9f0v_5058,7
7,25,2,mm2g9f0v_5058,7
7,26,2,mm2g9f0v_5058,6
7,27,2,mm2g9f0v_5058,6
7,28,1,mm2g9f0v_5058,3
7,29,2,mm2g9f0v_5058,7
7,40,1,mm2g9f0v_5058,3
7,41,2,mm2g9f0v_5058,7
7,42,1,mm2g9f0v_5058,4
7,43,1,mm2g9f0v_5058,4
7,44,1,mm2g9f0v_5058,3
7,45,1,mm2g9f0v_5058,3
7,46,2,mm2g9f0v_5058,8
7,47,2,mm2g9f0v_5058,8
7,48,1,mm2g9f0v_5058,3
7,49,1,mm2g9f0v_5058,3
7,50,2,mm2g9f0v_5058,9
7,60,0,mm2g9f0v_5058,2
7,61,0,mm2g9f0v_5058,2
7,62,0,mm2g9f0v_5058,2
7,63,2,mm2g9f0v_5058,8
7,64,2,mm2g9f0v_5058,8
7,65,2,mm2g9f0v_5058,8
7,66,2,mm2g9f0v_5058,7
7,67,2,mm2g9f0v_5058,8
7,68,2,mm2g9f0v_5058,8
7,69,0,mm2g9f0v_5058,2
7,80,1,mm2g9f0v_5058,4
7,81,1,mm2g9f0v_5058,4
7,82,1,mm2g9f0v_5058,3
7,83,1,mm2g9f0v_5058,3
7,84,1,mm2g9f0v_5058,3
7,85,1,mm2g9f0v_5058,3
7,86,1,mm2g9f0v_5058,4
7,87,1,mm2g9f0v_5058,3
7,88,1,mm2g9f0v_5058,3
7,89,1,mm2g9f0v_5058,4
7,90,1,mm2g9f0v_5058,3
7,91,1,mm2g9f0v_5058,3
7,92,1,mm2g9f0v_5058,3
8,0,0,3ek4up2l_1231,3
8,1,0,3ek4up2l_1231,4
8,2,1,3ek4up2l_1231,6
8,3,1,3ek4up2l_1231,2
8,4,1,3ek4up2l_1231,4
8,5,2,3ek4up2l_1231,11
8,6,2,3ek4up2l_1231,11
8,7,2,3ek4up2l_1231,13
8,8,0,3ek4up2l_1231,2
8,9,0,3ek4up2l_1231,3
8,20,0,3ek4up2l_1231,2
8,21,0,3ek4up2l_1231,3
8,22,0,3ek4up2l_1231,3
8,23,2,3ek4up2l_1231,11
8,24,2,3ek4up2l_1231,12
8,25,2,3ek4up2l_1231,10
8,26,2,3ek4up2l_1231,10
8,27,2,3ek4up2l_1231,11
8,40,1,3ek4up2l_1231,5
8,41,2,3ek4up2l_1231,10
8,42,1,3ek4up2l_1231,4
8,43,1,3ek4up2l_1231,4
8,44,1,3ek4up2l_1231,4
8,45,1,3ek4up2l_1231,4
8,46,2,3ek4up2l_1231,11
8,47,2,3ek4up2l_1231,9
8,48,1,3ek4up2l_1231,4
8,49,1,3ek4up2l_1231,4
8,60,0,3ek4up2l_1231,3
8,61,0,3ek4up2l_1231,3
8,62,0,3ek4up2l_1231,3
8,63,2,3ek4up2l_1231,11
8,64,2,3ek4up2l_1231,9
8,65,2,3ek4up2l_1231,10
8,66,2,3ek4up2l_1231,10
8,67,2,3ek4up2l_1231,10
8,80,1,3ek4up2l_1231,4
8,81,1,3ek4up2l_1231,5
8,82,1,3ek4up2l_1231,4
8,83,1,3ek4up2l_1231,4
8,84,1,3ek4up2l_1231,5
8,85,1,3ek4up2l_1231,4
8,86,1,3ek4up2l_1231,5
8,87,1,3ek4up2l_1231,4
8,88,1,3ek4up2l_1231,4
8,89,1,3ek4up2l_1231,4
8,90,1,3ek4up2l_1231,4
8,91,1,3ek4up2l_1231,4
9,0,0,pa21z1eo_5081,4
9,1,0,pa21z1eo_5081,5
9,2,1,pa21z1eo_5081,6
9,3,1,pa21z1eo_5081,5
9,4,1,pa21z1eo_5081,5
9,5,2,pa21z1eo_5081,12
9,6,2,pa21z1eo_5081,13
9,7,2,pa21z1eo_5081,15
9,20,0,pa21z1eo_5081,3
9,21,0,pa21z1eo_5081,3
9,22,0,pa21z1eo_5081,3
9,23,2,pa21z1eo_5081,10
9,24,2,pa21z1eo_5081,12
9,25,2,pa21z1eo_5081,10
9,26,2,pa21z1eo_5081,11
9,27,2,pa21z1eo_5081,12
9,40,1,pa21z1eo_5081,4
9,41,2,pa21z1eo_5081,9
9,42,1,pa21z1eo_5081,4
9,43,1,pa21z1eo_5081,5
9,44,1,pa21z1eo_5081,4
9,45,1,pa21z1eo_5081,4
9,46,2,pa21z1eo_5081,9
9,47,2,pa21z1eo_5081,10
9,48,1,pa21z1eo_5081,4
9,49,1,pa21z1eo_5081,4
9,60,0,pa21z1eo_5081,3
9,61,0,pa21z1eo_5081,2
9,62,0,pa21z1eo_5081,2
9,63,2,pa21z1eo_5081,11
9,64,2,pa21z1eo_5081,11
9,65,2,pa21z1eo_5081,10
9,66,2,pa21z1eo_5081,11
9,67,2,pa21z1eo_5081,10
9,80,1,pa21z1eo_5081,4
9,81,1,pa21z1eo_5081,3
9,82,1,pa21z1eo_5081,4
9,83,1,pa21z1eo_5081,4
9,84,1,pa21z1eo_5081,4
9,85,1,pa21z1eo_5081,4
9,86,1,pa21z1eo_5081,4
9,87,1,pa21z1eo_5081,4
9,88,1,pa21z1eo_5081,4
9,89,1,pa21z1eo_5081,4
9,90,1,pa21z1eo_5081,4
9,91,1,pa21z1eo_5081,4
11,0,0,ytfzzg43_5047,4
11,1,0,ytfzzg43_5047,3
11,2,1,ytfzzg43_5047,5
11,3,1,ytfzzg43_5047,7
11,4,1,ytfzzg43_5047,6
11,5,2,ytfzzg43_5047,20
11,6,2,ytfzzg43_5047,21
11,20,0,ytfzzg43_5047,2
11,21,0,ytfzzg43_5047,2
11,22,0,ytfzzg43_5047,3
11,23,2,ytfzzg43_5047,14
11,24,2,ytfzzg43_5047,14
11,25,2,ytfzzg43_5047,13
11,26,2,ytfzzg43_5047,11
11,40,1,ytfzzg43_5047,4
11,41,2,ytfzzg43_5047,10
11,42,1,ytfzzg43_5047,5
11,43,1,ytfzzg43_5047,5
11,44,1,ytfzzg43_5047,5
11,45,1,ytfzzg43_5047,5
11,46,2,ytfzzg43_5047,12
11,47,2,ytfzzg43_5047,12
11,48,1,ytfzzg43_5047,4
11,60,0,ytfzzg43_5047,2
11,61,0,ytfzzg43_5047,2
11,62,0,ytfzzg43_5047,3
11,63,2,ytfzzg43_5047,13
11,64,2,ytfzzg43_5047,11
11,65,2,ytfzzg43_5047,14
11,66,2,ytfzzg43_5047,14
11,80,1,ytfzzg43_5047,3
11,81,1,ytfzzg43_5047,4
11,82,1,ytfzzg43_5047,4
11,83,1,ytfzzg43_5047,4
11,84,1,ytfzzg43_5047,3
11,85,1,ytfzzg43_5047,4
11,86,1,ytfzzg43_5047,4
11,87,1,ytfzzg43_5047,4
11,88,1,ytfzzg43_5047,4
11,89,1,ytfzzg43_5047,3
11,90,1,ytfzzg43_5047,4
11,91,1,ytfzzg43_5047,4
12,0,0,z50krxyl_1157,2
12,1,0,z50krxyl_1157,2
12,2,1,z50krxyl_1157,3
12,3,1,z50krxyl_1157,3
12,4,1,z50krxyl_1157,3
12,5,2,z50krxyl_1157,7
12,6,2,z50krxyl_1157,5
12,7,2,z50krxyl_1157,4
12,8,0,z50krxyl_1157,2
12,9,0,z50krxyl_1157,2
12,10,0,z50krxyl_1157,2
12,11,0,z50krxyl_1157,2
12,12,0,z50krxyl_1157,2
12,20,0,z50krxyl_1157,2
12,21,0,z50krxyl_1157,2
12,22,0,z50krxyl_1157,2
12,23,2,z50krxyl_1157,1
12,24,2,z50krxyl_1157,1
12,25,2,z50krxyl_1157,3
12,26,2,z50krxyl_1157,4
12,27,2,z50krxyl_1157,4
12,28,1,z50krxyl_1157,2
12,29,2,z50krxyl_1157,5
12,30,2,z50krxyl_1157,4
12,31,0,z50krxyl_1157,2
12,32,0,z50krxyl_1157,2
12,33,0,z50krxyl_1157,2
12,34,0,z50krxyl_1157,1
12,40,1,z50krxyl_1157,2
12,41,2,z50krxyl_1157,4
12,42,1,z50krxyl_1157,2
12,43,1,z50krxyl_1157,1
12,44,1,z50krxyl_1157,1
12,45,1,z50krxyl_1157,2
12,46,2,z50krxyl_1157,1
12,47,2,z50krxyl_1157,5
12,48,1,z50krxyl_1157,2
12,49,1,z50krxyl_1157,2
12,50,2,z50krxyl_1157,3
12,51,2,z50krxyl_1157,1
12,52,2,z50krxyl_1157,4
12,53,2,z50krxyl_1157,4
12,54,1,z50krxyl_1157,1
12,60,0,z50krxyl_1157,1
12,61,0,z50krxyl_1157,2
12,62,0,z50krxyl_1157,1
12,63,2,z50krxyl_1157,4
12,64,2,z50krxyl_1157,1
12,65,2,z50krxyl_1157,5
12,66,2,z50krxyl_1157,1
12,67,2,z50krxyl_1157,1
12,68,2,z50krxyl_1157,1
12,69,0,z50krxyl_1157,1
12,70,0,z50krxyl_1157,2
12,71,2,z50krxyl_1157,1
12,72,2,z50krxyl_1157,5
12,73,2,z50krxyl_1157,1
12,74,2,z50krxyl_1157,4
12,80,1,z50krxyl_1157,1
12,81,1,z50krxyl_1157,2
12,82,1,z50krxyl_1157,2
12,83,1,z50krxyl_1157,2
12,84,1,z50krxyl_1157,1
12,85,1,z50krxyl_1157,1
12,86,1,z50krxyl_1157,1
12,87,1,z50krxyl_1157,2
12,88,1,z50krxyl_1157,2
12,89,1,z50krxyl_1157,1
12,90,1,z50krxyl_1157,1
12,91,1,z50krxyl_1157,2
12,92,1,z50krxyl_1157,1
12,93,1,z50krxyl_1157,2
12,94,1,z50krxyl_1157,2
12,95,2,z50krxyl_1157,4
13,0,0,de8kfcuc_1136,3
13,1,0,de8kfcuc_1136,2
13,2,1,de8kfcuc_1136,1
13,3,1,de8kfcuc_1136,1
13,4,1,de8kfcuc_1136,4
13,5,2,de8kfcuc_1136,4
13,6,2,de8kfcuc_1136,9
13,7,2,de8kfcuc_1136,9
13,8,0,de8kfcuc_1136,3
13,9,0,de8kfcuc_1136,3
13,10,0,de8kfcuc_1136,3
13,20,0,de8kfcuc_1136,3
13,21,0,de8kfcuc_1136,2
13,22,0,de8kfcuc_1136,2
13,23,2,de8kfcuc_1136,6
13,24,2,de8kfcuc_1136,13
13,25,2,de8kfcuc_1136,10
13,26,2,de8kfcuc_1136,16
13,40,1,de8kfcuc_1136,6
13,41,2,de8kfcuc_1136,15
13,42,1,de8kfcuc_1136,5
13,43,1,de8kfcuc_1136,8
13,44,1,de8kfcuc_1136,7
13,45,1,de8kfcuc_1136,5
13,46,2,de8kfcuc_1136,17
13,60,0,de8kfcuc_1136,3
13,61,0,de8kfcuc_1136,3
13,62,0,de8kfcuc_1136,3
13,63,2,de8kfcuc_1136,22
13,64,2,de8kfcuc_1136,17
13,65,2,de8kfcuc_1136,25
13,80,1,de8kfcuc_1136,6
13,81,1,de8kfcuc_1136,7
13,82,1,de8kfcuc_1136,8
13,83,1,de8kfcuc_1136,7
13,84,1,de8kfcuc_1136,9
13,85,1,de8kfcuc_1136,6
13,86,1,de8kfcuc_1136,10
13,87,1,de8kfcuc_1136,7
14,0,0,pljyfbjg_5105,3
14,1,0,pljyfbjg_5105,3
14,2,1,pljyfbjg_5105,8
14,3,1,pljyfbjg_5105,4
14,4,1,pljyfbjg_5105,1
14,5,2,pljyfbjg_5105,11
14,6,2,pljyfbjg_5105,8
14,7,2,pljyfbjg_5105,8
14,8,0,pljyfbjg_5105,3
14,9,0,pljyfbjg_5105,2
14,10,0,pljyfbjg_5105,2
14,20,0,pljyfbjg_5105,2
14,21,0,pljyfbjg_5105,2
14,22,0,pljyfbjg_5105,3
14,23,2,pljyfbjg_5105,12
14,24,2,pljyfbjg_5105,14
14,25,2,pljyfbjg_5105,13
14,26,2,pljyfbjg_5105,12
14,40,1,pljyfbjg_5105,6
14,41,2,pljyfbjg_5105,13
14,42,1,pljyfbjg_5105,5
14,43,1,pljyfbjg_5105,6
14,44,1,pljyfbjg_5105,7
14,45,1,pljyfbjg_5105,5
14,46,2,pljyfbjg_5105,11
14,47,2,pljyfbjg_5105,11
14,60,0,pljyfbjg_5105,3
14,61,0,pljyfbjg_5105,3
14,62,0,pljyfbjg_5105,3
14,63,2,pljyfbjg_5105,15
14,64,2,pljyfbjg_5105,11
14,65,2,pljyfbjg_5105,12
14,66,2,pljyfbjg_5105,12
14,80,1,pljyfbjg_5105,5
14,81,1,pljyfbjg_5105,6
14,82,1,pljyfbjg_5105,6
14,83,1,pljyfbjg_5105,5
14,84,1,pljyfbjg_5105,5
14,85,1,pljyfbjg_5105,6
14,86,1,pljyfbjg_5105,6
14,87,1,pljyfbjg_5105,5
14,88,1,pljyfbjg_5105,5
14,89,1,pljyfbjg_5105,5
15,0,0,d858rhob_5042,2
15,1,0,d858rhob_5042,2
15,2,1,d858rhob_5042,3
15,3,1,d858rhob_5042,4
15,4,1,d858rhob_5042,5
15,5,2,d858rhob_5042,11
15,6,2,d858rhob_5042,12
15,7,2,d858rhob_5042,11
15,8,0,d858rhob_5042,2
15,9,0,d858rhob_5042,2
15,20,0,d858rhob_5042,2
15,21,0,d858rhob_5042,2
15,22,0,d858rhob_5042,2
15,23,2,d858rhob_5042,10
15,24,2,d858rhob_5042,10
15,25,2,d858rhob_5042,8
15,26,2,d858rhob_5042,9
15,27,2,d858rhob_5042,8
15,28,1,d858rhob_5042,3
15,40,1,d858rhob_5042,3
15,41,2,d858rhob_5042,8
15,42,1,d858rhob_5042,3
15,43,1,d858rhob_5042,5
15,44,1,d858rhob_5042,3
15,45,1,d858rhob_5042,3
15,46,2,d858rhob_5042,7
15,47,2,d858rhob_5042,7
15,48,1,d858rhob_5042,3
15,49,1,d858rhob_5042,4
15,50,2,d858rhob_5042,1
15,60,0,d858rhob_5042,2
15,61,0,d858rhob_5042,2
15,62,0,d858rhob_5042,2
15,63,2,d858rhob_5042,6
15,64,2,d858rhob_5042,6
15,65,2,d858rhob_5042,8
15,66,2,d858rhob_5042,7
15,67,2,d858rhob_5042,6
15,68,2,d858rhob_5042,7
15,69,0,d858rhob_5042,2
15,70,0,d858rhob_5042,2
15,80,1,d858rhob_5042,3
15,81,1,d858rhob_5042,3
15,82,1,d858rhob_5042,3
15,83,1,d858rhob_5042,3
15,84,1,d858rhob_5042,3
15,85,1,d858rhob_5042,2
15,86,1,d858rhob_5042,3
15,87,1,d858rhob_5042,2
15,88,1,d858rhob_5042,2
15,89,1,d858rhob_5042,2
15,90,1,d858rhob_5042,2
15,91,1,d858rhob_5042,2
15,92,1,d858rhob_5042,2
15,93,1,d858rhob_5042,2
15,94,1,d858rhob_5042,2
16,0,0,7coyfel3_5089,3
16,1,0,7coyfel3_5089,2
16,2,1,7coyfel3_5089,1
16,3,1,7coyfel3_5089,3
16,4,1,7coyfel3_5089,3
16,5,2,7coyfel3_5089,8
16,6,2,7coyfel3_5089,12
16,7,2,7coyfel3_5089,10
16,8,0,7coyfel3_5089,3
16,9,0,7coyfel3_5089,3
16,10,0,7coyfel3_5089,3
16,20,0,7coyfel3_5089,3
16,21,0,7coyfel3_5089,2
16,22,0,7coyfel3_5089,3
16,23,2,7coyfel3_5089,9
16,24,2,7coyfel3_5089,11
16,25,2,7coyfel3_5089,12
16,26,2,7coyfel3_5089,12
16,27,2,7coyfel3_5089,11
16,40,1,7coyfel3_5089,4
16,41,2,7coyfel3_5089,12
16,42,1,7coyfel3_5089,4
16,43,1,7coyfel3_5089,4
16,44,1,7coyfel3_5089,5
16,45,1,7coyfel3_5089,4
16,46,2,7coyfel3_5089,10
16,47,2,7coyfel3_5089,10
16,48,1,7coyfel3_5089,5
16,60,0,7coyfel3_5089,4
16,61,0,7coyfel3_5089,3
16,62,0,7coyfel3_5089,2
16,63,2,7coyfel3_5089,10
16,64,2,7coyfel3_5089,13
16,65,2,7coyfel3_5089,12
16,66,2,7coyfel3_5089,12
16,67,2,7coyfel3_5089,10
16,80,1,7coyfel3_5089,4
16,81,1,7coyfel3_5089,3
16,82,1,7coyfel3_5089,4
16,83,1,7coyfel3_5089,3
16,84,1,7coyfel3_5089,4
16,85,1,7coyfel3_5089,4
16,86,1,7coyfel3_5089,3
16,87,1,7coyfel3_5089,3
16,88,1,7coyfel3_5089,4
16,89,1,7coyfel3_5089,4
16,90,1,7coyfel3_5089,4
16,91,1,7coyfel3_5089,4
17,0,0,gm3qg527_5093,4
17,1,0,gm3qg527_5093,3
17,2,1,gm3qg527_5093,4
17,3,1,gm3qg527_5093,4
17,4,1,gm3qg527_5093,4
17,5,2,gm3qg527_5093,8
17,6,2,gm3qg527_5093,7
17,7,2,gm3qg527_5093,8
17,8,0,gm3qg527_5093,2
17,9,0,gm3qg527_5093,2
17,10,0,gm3qg527_5093,2
17,11,0,gm3qg527_5093,2
17,20,0,gm3qg527_5093,2
17,21,0,gm3qg527_5093,2
17,22,0,gm3qg527_5093,2
17,23,2,gm3qg527_5093,7
17,24,2,gm3qg527_5093,6
17,25,2,gm3qg527_5093,6
17,26,2,gm3qg527_5093,9
17,27,2,gm3qg527_5093,6
17,28,1,gm3qg527_5093,3
17,29,2,gm3qg527_5093,6
17,30,2,gm3qg527_5093,7
17,40,1,gm3qg527_5093,3
17,41,2,gm3qg527_5093,7
17,42,1,gm3qg527_5093,3
17,43,1,gm3qg527_5093,3
17,44,1,gm3qg527_5093,3
17,45,1,gm3qg527_5093,3
17,46,2,gm3qg527_5093,6
17,47,2,gm3qg527_5093,6
17,48,1,gm3qg527_5093,3
17,49,1,gm3qg527_5093,3
17,50,2,gm3qg527_5093,6
17,51,2,gm3qg527_5093,6
17,60,0,gm3qg527_5093,2
17,61,0,gm3qg527_5093,2
17,62,0,gm3qg527_5093,2
17,63,2,gm3qg527_5093,5
17,64,2,gm3qg527_5093,7
17,65,2,gm3qg527_5093,6
17,66,2,gm3qg527_5093,6
17,67,2,gm3qg527_5093,6
17,68,2,gm3qg527_5093,8
17,69,0,gm3qg527_5093,2
17,70,0,gm3qg527_5093,2
17,80,1,gm3qg527_5093,3
17,81,1,gm3qg527_5093,3
17,82,1,gm3qg527_5093,3
17,83,1,gm3qg527_5093,3
17,84,1,gm3qg527_5093,3
17,85,1,gm3qg527_5093,3
17,86,1,gm3qg527_5093,3
17,87,1,gm3qg527_5093,3
17,88,1,gm3qg527_5093,3
17,89,1,gm3qg527_5093,3
17,90,1,gm3qg527_5093,3
17,91,1,gm3qg527_5093,3
17,92,1,gm3qg527_5093,3
17,93,1,gm3qg527_5093,3
18,0,0,6q9soobx_1195,3
18,1,0,6q9soobx_1195,4
18,2,1,6q9soobx_1195,4
18,3,1,6q9soobx_1195,3
18,4,1,6q9soobx_1195,3
18,5,2,6q9soobx_1195,8
18,6,2,6q9soobx_1195,8
18,7,2,6q9soobx_1195,6
18,8,0,6q9soobx_1195,3
18,9,0,6q9soobx_1195,2
18,10,0,6q9soobx_1195,3
18,20,0,6q9soobx_1195,2
18,21,0,6q9soobx_1195,2
18,22,0,6q9soobx_1195,3
18,23,2,6q9soobx_1195,8
18,24,2,6q9soobx_1195,9
18,25,2,6q9soobx_1195,8
18,26,2,6q9soobx_1195,10
18,27,2,6q9soobx_1195,6
18,28,1,6q9soobx_1195,3
18,29,2,6q9soobx_1195,7
18,40,1,6q9soobx_1195,3
18,41,2,6q9soobx_1195,7
18,42,1,6q9soobx_1195,3
18,43,1,6q9soobx_1195,3
18,44,1,6q9soobx_1195,3
18,45,1,6q9soobx_1195,3
18,46,2,6q9soobx_1195,7
18,47,2,6q9soobx_1195,8
18,48,1,6q9soobx_1195,2
18,49,1,6q9soobx_1195,4
18,50,2,6q9soobx_1195,10
18,60,0,6q9soobx_1195,3
18,61,0,6q9soobx_1195,2
18,62,0,6q9soobx_1195,2
18,63,2,6q9soobx_1195,8
18,64,2,6q9soobx_1195,7
18,65,2,6q9soobx_1195,7
18,66,2,6q9soobx_1195,10
18,67,2,6q9soobx_1195,7
18,68,2,6q9soobx_1195,8
18,69,0,6q9soobx_1195,2
18,80,1,6q9soobx_1195,3
18,81,1,6q9soobx_1195,3
18,82,1,6q9soobx_1195,3
18,83,1,6q9soobx_1195,3
18,84,1,6q9soobx_1195,3
18,85,1,6q9soobx_1195,3
18,86,1,6q9soobx_1195,3
18,87,1,6q9soobx_1195,4
18,88,1,6q9soobx_1195,3
18,89,1,6q9soobx_1195,4
18,90,1,6q9soobx_1195,3
18,91,1,6q9soobx_1195,3
18,92,1,6q9soobx_1195,4
19,0,0,atroebfh_5107,7
19,1,0,atroebfh_5107,3
19,2,1,atroebfh_5107,4
19,3,1,atroebfh_5107,2
19,4,1,atroebfh_5107,3
19,5,2,atroebfh_5107,5
19,6,2,atroebfh_5107,4
19,7,2,atroebfh_5107,4
19,8,0,atroebfh_5107,2
19,9,0,atroebfh_5107,2
19,10,0,atroebfh_5107,2
19,11,0,atroebfh_5107,2
19,12,0,atroebfh_5107,3
19,20,0,atroebfh_5107,2
19,21,0,atroebfh_5107,2
19,22,0,atroebfh_5107,2
19,23,2,atroebfh_5107,3
19,24,2,atroebfh_5107,3
19,25,2,atroebfh_5107,3
19,26,2,atroebfh_5107,4
19,27,2,atroebfh_5107,4
19,28,1,atroebfh_5107,2
19,29,2,atroebfh_5107,4
19,30,2,atroebfh_5107,4
19,31,0,atroebfh_5107,2
19,32,0,atroebfh_5107,2
19,33,0,atroebfh_5107,2
19,40,1,atroebfh_5107,2
19,41,2,atroebfh_5107,3
19,42,1,atroebfh_5107,2
19,43,1,atroebfh_5107,2
19,44,1,atroebfh_5107,2
19,45,1,atroebfh_5107,3
19,46,2,atroebfh_5107,4
19,47,2,atroebfh_5107,4
19,48,1,atroebfh_5107,2
19,49,1,atroebfh_5107,2
19,50,2,atroebfh_5107,3
19,51,2,atroebfh_5107,3
19,52,2,atroebfh_5107,4
19,53,2,atroebfh_5107,4
19,60,0,atroebfh_5107,2
19,61,0,atroebfh_5107,2
19,62,0,atroebfh_5107,2
19,63,2,atroebfh_5107,3
19,64,2,atroebfh_5107,3
19,65,2,atroebfh_5107,4
19,66,2,atroebfh_5107,3
19,67,2,atroebfh_5107,4
19,68,2,atroebfh_5107,2
19,69,0,atroebfh_5107,2
19,70,0,atroebfh_5107,2
19,71,2,atroebfh_5107,3
19,72,2,atroebfh_5107,3
19,73,2,atroebfh_5107,3
19,80,1,atroebfh_5107,2
19,81,1,atroebfh_5107,2
19,82,1,atroebfh_5107,2
19,83,1,atroebfh_5107,2
19,84,1,atroebfh_5107,2
19,85,1,atroebfh_5107,2
19,86,1,atroebfh_5107,2
19,87,1,atroebfh_5107,2
19,88,1,atroebfh_5107,2
19,89,1,atroebfh_5107,2
19,90,1,atroebfh_5107,2
19,91,1,atroebfh_5107,2
19,92,1,atroebfh_5107,2
19,93,1,atroebfh_5107,2
19,94,1,atroebfh_5107,2
19,95,2,atroebfh_5107,3
20,0,0,q4m4j40k_1133,3
20,1,0,q4m4j40k_1133,3
20,2,1,q4m4j40k_1133,4
20,3,1,q4m4j40k_1133,4
20,4,1,q4m4j40k_1133,3
20,5,2,q4m4j40k_1133,9
20,6,2,q4m4j40k_1133,8
20,7,2,q4m4j40k_1133,8
20,8,0,q4m4j40k_1133,2
20,9,0,q4m4j40k_1133,2
20,10,0,q4m4j40k_1133,2
20,11,0,q4m4j40k_1133,2
20,20,0,q4m4j40k_1133,2
20,21,0,q4m4j40k_1133,2
20,22,0,q4m4j40k_1133,2
20,23,2,q4m4j40k_1133,4
20,24,2,q4m4j40k_1133,6
20,25,2,q4m4j40k_1133,4
20,26,2,q4m4j40k_1133,3
20,27,2,q4m4j40k_1133,3
20,28,1,q4m4j40k_1133,2
20,29,2,q4m4j40k_1133,2
20,30,2,q4m4j40k_1133,3
20,31,0,q4m4j40k_1133,2
20,32,0,q4m4j40k_1133,2
20,33,0,q4m4j40k_1133,2
20,40,1,q4m4j40k_1133,2
20,41,2,q4m4j40k_1133,3
20,42,1,q4m4j40k_1133,2
20,43,1,q4m4j40k_1133,2
20,44,1,q4m4j40k_1133,2
20,45,1,q4m4j40k_1133,2
20,46,2,q4m4j40k_1133,3
20,47,2,q4m4j40k_1133,3
20,48,1,q4m4j40k_1133,2
20,49,1,q4m4j40k_1133,2
20,50,2,q4m4j40k_1133,3
20,51,2,q4m4j40k_1133,3
20,52,2,q4m4j40k_1133,3
20,53,2,q4m4j40k_1133,3
20,54,1,q4m4j40k_1133,2
20,60,0,q4m4j40k_1133,2
20,61,0,q4m4j40k_1133,2
20,62,0,q4m4j40k_1133,2
20,63,2,q4m4j40k_1133,3
20,64,2,q4m4j40k_1133,2
20,65,2,q4m4j40k_1133,2
20,66,2,q4m4j40k_1133,2
20,67,2,q4m4j40k_1133,3
20,68,2,q4m4j40k_1133,2
20,69,0,q4m4j40k_1133,2
20,70,0,q4m4j40k_1133,2
20,71,2,q4m4j40k_1133,3
20,72,2,q4m4j40k_1133,2
20,73,2,q4m4j40k_1133,2
20,74,2,q4m4j40k_1133,3
20,80,1,q4m4j40k_1133,2
20,81,1,q4m4j40k_1133,2
20,82,1,q4m4j40k_1133,2
20,83,1,q4m4j40k_1133,2
20,84,1,q4m4j40k_1133,2
20,85,1,q4m4j40k_1133,2
20,86,1,q4m4j40k_1133,2
20,87,1,q4m4j40k_1133,2
20,88,1,q4m4j40k_1133,2
20,89,1,q4m4j40k_1133,2
20,90,1,q4m4j40k_1133,2
20,91,1,q4m4j40k_1133,2
20,92,1,q4m4j40k_1133,2
20,93,1,q4m4j40k_1133,2
20,94,1,q4m4j40k_1133,2
20,95,2,q4m4j40k_1133,3
21,0,0,l4818lwb_1172,3
21,1,0,l4818lwb_1172,3
21,2,1,l4818lwb_1172,5
21,3,1,l4818lwb_1172,5
21,4,1,l4818lwb_1172,5
21,5,2,l4818lwb_1172,12
21,6,2,l4818lwb_1172,12
21,7,2,l4818lwb_1172,12
21,8,0,l4818lwb_1172,3
21,20,0,l4818lwb_1172,3
21,21,0,l4818lwb_1172,3
21,22,0,l4818lwb_1172,5
21,23,2,l4818lwb_1172,11
21,24,2,l4818lwb_1172,12
21,25,2,l4818lwb_1172,13
21,26,2,l4818lwb_1172,10
21,27,2,l4818lwb_1172,9
21,40,1,l4818lwb_1172,5
21,41,2,l4818lwb_1172,11
21,42,1,l4818lwb_1172,5
21,43,1,l4818lwb_1172,4
21,44,1,l4818lwb_1172,4
21,45,1,l4818lwb_1172,5
21,46,2,l4818lwb_1172,8
21,47,2,l4818lwb_1172,11
21,48,1,l4818lwb_1172,4
21,60,0,l4818lwb_1172,3
21,61,0,l4818lwb_1172,3
21,62,0,l4818lwb_1172,3
21,63,2,l4818lwb_1172,10
21,64,2,l4818lwb_1172,11
21,65,2,l4818lwb_1172,9
21,66,2,l4818lwb_1172,10
21,67,2,l4818lwb_1172,12
21,80,1,l4818lwb_1172,5
21,81,1,l4818lwb_1172,4
21,82,1,l4818lwb_1172,4
21,83,1,l4818lwb_1172,4
21,84,1,l4818lwb_1172,4
21,85,1,l4818lwb_1172,3
21,86,1,l4818lwb_1172,4
21,87,1,l4818lwb_1172,4
21,88,1,l4818lwb_1172,4
21,89,1,l4818lwb_1172,4
21,90,1,l4818lwb_1172,4
21,91,1,l4818lwb_1172,4
22,0,0,wgls41ob_5039,2
22,1,0,wgls41ob_5039,3
22,2,1,wgls41ob_5039,2
22,3,1,wgls41ob_5039,2
22,4,1,wgls41ob_5039,3
22,5,2,wgls41ob_5039,6
22,6,2,wgls41ob_5039,5
22,7,2,wgls41ob_5039,2
22,8,0,wgls41ob_5039,2
22,9,0,wgls41ob_5039,1
22,10,0,wgls41ob_5039,2
22,11,0,wgls41ob_5039,2
22,12,0,wgls41ob_5039,1
22,13,2,wgls41ob_5039,2
22,14,2,wgls41ob_5039,1
22,20,0,wgls41ob_5039,2
22,21,0,wgls41ob_5039,2
22,22,0,wgls41ob_5039,1
22,23,2,wgls41ob_5039,1
22,24,2,wgls41ob_5039,2
22,25,2,wgls41ob_5039,3
22,26,2,wgls41ob_5039,3
22,27,2,wgls41ob_5039,1
22,28,1,wgls41ob_5039,2
22,29,2,wgls41ob_5039,1
22,30,2,wgls41ob_5039,1
22,31,0,wgls41ob_5039,2
22,32,0,wgls41ob_5039,2
22,33,0,wgls41ob_5039,2
22,34,0,wgls41ob_5039,1
22,35,2,wgls41ob_5039,1
22,36,2,wgls41ob_5039,1
22,40,1,wgls41ob_5039,2
22,41,2,wgls41ob_5039,2
22,42,1,wgls41ob_5039,2
22,43,1,wgls41ob_5039,1
22,44,1,wgls41ob_5039,1
22,45,1,wgls41ob_5039,2
22,46,2,wgls41ob_5039,1
22,47,2,wgls41ob_5039,1
22,48,1,wgls41ob_5039,1
22,49,1,wgls41ob_5039,1
22,50,2,wgls41ob_5039,1
22,51,2,wgls41ob_5039,2
22,52,2,wgls41ob_5039,2
22,53,2,wgls41ob_5039,2
22,54,1,wgls41ob_5039,2
22,55,1,wgls41ob_5039,2
22,56,2,wgls41ob_5039,1
22,60,0,wgls41ob_5039,1
22,61,0,wgls41ob_5039,2
22,62,0,wgls41ob_5039,1
22,63,2,wgls41ob_5039,1
22,64,2,wgls41ob_5039,1
22,65,2,wgls41ob_5039,1
22,66,2,wgls41ob_5039,1
22,67,2,wgls41ob_5039,2
22,68,2,wgls41ob_5039,2
22,69,0,wgls41ob_5039,2
22,70,0,wgls41ob_5039,1
22,71,2,wgls41ob_5039,2
22,72,2,wgls41ob_5039,2
22,73,2,wgls41ob_5039,1
22,74,2,wgls41ob_5039,1
22,75,2,wgls41ob_5039,1
22,76,2,wgls41ob_5039,2
22,77,2,wgls41ob_5039,1
22,80,1,wgls41ob_5039,2
22,81,1,wgls41ob_5039,1
22,82,1,wgls41ob_5039,1
22,83,1,wgls41ob_5039,2
22,84,1,wgls41ob_5039,1
22,85,1,wgls41ob_5039,1
22,86,1,wgls41ob_5039,2
22,87,1,wgls41ob_5039,1
22,88,1,wgls41ob_5039,2
22,89,1,wgls41ob_5039,1
22,90,1,wgls41ob_5039,1
22,91,1,wgls41ob_5039,2
22,92,1,wgls41ob_5039,1
22,93,1,wgls41ob_5039,1
22,94,1,wgls41ob_5039,1
22,95,2,wgls41ob_5039,2
22,96,2,wgls41ob_5039,2
25,0,0,46q190jx_1240,1
25,1,0,46q190jx_1240,1
25,2,1,46q190jx_1240,1
25,3,1,46q190jx_1240,1
25,4,1,46q190jx_1240,1
25,5,2,46q190jx_1240,1
25,6,2,46q190jx_1240,1
25,7,2,46q190jx_1240,1
25,8,0,46q190jx_1240,1
25,9,0,46q190jx_1240,1
25,10,0,46q190jx_1240,1
25,11,0,46q190jx_1240,1
25,12,0,46q190jx_1240,1
25,13,2,46q190jx_1240,1
25,14,2,46q190jx_1240,1
25,15,1,46q190jx_1240,1
25,16,2,46q190jx_1240,5
25,17,2,46q190jx_1240,1
25,20,0,46q190jx_1240,4
25,21,0,46q190jx_1240,1
25,22,0,46q190jx_1240,1
25,23,2,46q190jx_1240,1
25,24,2,46q190jx_1240,6
25,25,2,46q190jx_1240,1
25,26,2,46q190jx_1240,5
25,27,2,46q190jx_1240,1
25,28,1,46q190jx_1240,1
25,29,2,46q190jx_1240,5
25,30,2,46q190jx_1240,1
25,31,0,46q190jx_1240,2
25,32,0,46q190jx_1240,1
25,33,0,46q190jx_1240,3
25,34,0,46q190jx_1240,1
25,40,1,46q190jx_1240,2
25,41,2,46q190jx_1240,1
25,42,1,46q190jx_1240,2
25,43,1,46q190jx_1240,1
25,44,1,46q190jx_1240,3
25,45,1,46q190jx_1240,3
25,46,2,46q190jx_1240,1
25,47,2,46q190jx_1240,9
25,48,1,46q190jx_1240,3
25,49,1,46q190jx_1240,3
25,50,2,46q190jx_1240,8
25,51,2,46q190jx_1240,5
25,60,0,46q190jx_1240,2
25,61,0,46q190jx_1240,3
25,62,0,46q190jx_1240,2
25,63,2,46q190jx_1240,9
25,64,2,46q190jx_1240,7
25,65,2,46q190jx_1240,12
25,66,2,46q190jx_1240,7
25,67,2,46q190jx_1240,9
25,68,2,46q190jx_1240,9
25,80,1,46q190jx_1240,4
25,81,1,46q190jx_1240,3
25,82,1,46q190jx_1240,4
25,83,1,46q190jx_1240,3
25,84,1,46q190jx_1240,6
25,85,1,46q190jx_1240,5
25,86,1,46q190jx_1240,4
25,87,1,46q190jx_1240,5
25,88,1,46q190jx_1240,6
25,89,1,46q190jx_1240,4
25,90,1,46q190jx_1240,5
26,0,0,5hcf1hr0_5007,3
26,1,0,5hcf1hr0_5007,2
26,2,1,5hcf1hr0_5007,4
26,3,1,5hcf1hr0_5007,3
26,4,1,5hcf1hr0_5007,4
26,5,2,5hcf1hr0_5007,8
26,6,2,5hcf1hr0_5007,8
26,7,2,5hcf1hr0_5007,7
26,8,0,5hcf1hr0_5007,2
26,9,0,5hcf1hr0_5007,2
26,10,0,5hcf1hr0_5007,2
26,11,0,5hcf1hr0_5007,2
26,20,0,5hcf1hr0_5007,2
26,21,0,5hcf1hr0_5007,2
26,22,0,5hcf1hr0_5007,2
26,23,2,5hcf1hr0_5007,6
26,24,2,5hcf1hr0_5007,7
26,25,2,5hcf1hr0_5007,7
26,26,2,5hcf1hr0_5007,8
26,27,2,5hcf1hr0_5007,7
26,28,1,5hcf1hr0_5007,4
26,29,2,5hcf1hr0_5007,9
26,40,1,5hcf1hr0_5007,3
26,41,2,5hcf1hr0_5007,6
26,42,1,5hcf1hr0_5007,3
26,43,1,5hcf1hr0_5007,4
26,44,1,5hcf1hr0_5007,3
26,45,1,5hcf1hr0_5007,4
26,46,2,5hcf1hr0_5007,7
26,47,2,5hcf1hr0_5007,7
26,48,1,5hcf1hr0_5007,3
26,49,1,5hcf1hr0_5007,3
26,50,2,5hcf1hr0_5007,7
26,60,0,5hcf1hr0_5007,2
26,61,0,5hcf1hr0_5007,2
26,62,0,5hcf1hr0_5007,2
26,63,2,5hcf1hr0_5007,6
26,64,2,5hcf1hr0_5007,8
26,65,2,5hcf1hr0_5007,8
26,66,2,5hcf1hr0_5007,7
26,67,2,5hcf1hr0_5007,7
26,68,2,5hcf1hr0_5007,7
26,69,0,5hcf1hr0_5007,2
26,70,0,5hcf1hr0_5007,2
26,80,1,5hcf1hr0_5007,3
26,81,1,5hcf1hr0_5007,4
26,82,1,5hcf1hr0_5007,3
26,83,1,5hcf1hr0_5007,3
26,84,1,5hcf1hr0_5007,3
26,85,1,5hcf1hr0_5007,3
26,86,1,5hcf1hr0_5007,3
26,87,1,5hcf1hr0_5007,3
26,88,1,5hcf1hr0_5007,3
26,89,1,5hcf1hr0_5007,3
26,90,1,5hcf1hr0_5007,3
26,91,1,5hcf1hr0_5007,3
26,92,1,5hcf1hr0_5007,3
27,0,0,qvthtn1f_1241,4
27,1,0,qvthtn1f_1241,3
27,2,1,qvthtn1f_1241,3
27,3,1,qvthtn1f_1241,4
27,4,1,qvthtn1f_1241,4
27,5,2,qvthtn1f_1241,11
27,6,2,qvthtn1f_1241,7
27,7,2,qvthtn1f_1241,11
27,8,0,qvthtn1f_1241,2
27,9,0,qvthtn1f_1241,2
27,20,0,qvthtn1f_1241,2
27,21,0,qvthtn1f_1241,3
27,22,0,qvthtn1f_1241,3
27,23,2,qvthtn1f_1241,13
27,24,2,qvthtn1f_1241,10
27,25,2,qvthtn1f_1241,10
27,26,2,qvthtn1f_1241,12
27,27,2,qvthtn1f_1241,10
27,40,1,qvthtn1f_1241,4
27,41,2,qvthtn1f_1241,11
27,42,1,qvthtn1f_1241,4
27,43,1,qvthtn1f_1241,4
27,44,1,qvthtn1f_1241,4
27,45,1,qvthtn1f_1241,4
27,46,2,qvthtn1f_1241,8
27,47,2,qvthtn1f_1241,11
27,48,1,qvthtn1f_1241,3
27,49,1,qvthtn1f_1241,4
27,60,0,qvthtn1f_1241,2
27,61,0,qvthtn1f_1241,2
27,62,0,qvthtn1f_1241,2
27,63,2,qvthtn1f_1241,9
27,64,2,qvthtn1f_1241,10
27,65,2,qvthtn1f_1241,9
27,66,2,qvthtn1f_1241,9
27,67,2,qvthtn1f_1241,11
27,68,2,qvthtn1f_1241,8
27,80,1,qvthtn1f_1241,3
27,81,1,qvthtn1f_1241,4
27,82,1,qvthtn1f_1241,3
27,83,1,qvthtn1f_1241,4
27,84,1,qvthtn1f_1241,3
28,0,0,wwhuecuv_5076,4
28,1,0,wwhuecuv_5076,3
28,2,1,wwhuecuv_5076,2
28,3,1,wwhuecuv_5076,2
28,4,1,wwhuecuv_5076,2
28,5,2,wwhuecuv_5076,2
28,6,2,wwhuecuv_5076,2
28,7,2,wwhuecuv_5076,2
28,8,0,wwhuecuv_5076,2
28,9,0,wwhuecuv_5076,2
28,10,0,wwhuecuv_5076,3
28,11,0,wwhuecuv_5076,2
28,12,0,wwhuecuv_5076,2
28,13,2,wwhuecuv_5076,2
28,14,2,wwhuecuv_5076,2
28,20,0,wwhuecuv_5076,2
28,21,0,wwhuecuv_5076,2
28,22,0,wwhuecuv_5076,2
28,23,2,wwhuecuv_5076,2
28,24,2,wwhuecuv_5076,2
28,25,2,wwhuecuv_5076,2
28,26,2,wwhuecuv_5076,2
28,27,2,wwhuecuv_5076,2
28,28,1,wwhuecuv_5076,2
28,29,2,wwhuecuv_5076,2
28,30,2,wwhuecuv_5076,2
28,31,0,wwhuecuv_5076,2
28,32,0,wwhuecuv_5076,2
28,33,0,wwhuecuv_5076,2
28,34,0,wwhuecuv_5076,2
28,35,2,wwhuecuv_5076,2
28,40,1,wwhuecuv_5076,2
28,41,2,wwhuecuv_5076,2
28,42,1,wwhuecuv_5076,2
28,43,1,wwhuecuv_5076,2
28,44,1,wwhuecuv_5076,2
28,45,1,wwhuecuv_5076,2
28,46,2,wwhuecuv_5076,2
28,47,2,wwhuecuv_5076,2
28,48,1,wwhuecuv_5076,2
28,49,1,wwhuecuv_5076,2
28,50,2,wwhuecuv_5076,2
28,51,2,wwhuecuv_5076,2
28,52,2,wwhuecuv_5076,2
28,53,2,wwhuecuv_5076,2
28,54,1,wwhuecuv_5076,2
28,55,1,wwhuecuv_5076,2
28,60,0,wwhuecuv_5076,2
28,61,0,wwhuecuv_5076,2
28,62,0,wwhuecuv_5076,2
28,63,2,wwhuecuv_5076,2
28,64,2,wwhuecuv_5076,2
28,65,2,wwhuecuv_5076,2
28,66,2,wwhuecuv_5076,2
28,67,2,wwhuecuv_5076,2
28,68,2,wwhuecuv_5076,2
28,69,0,wwhuecuv_5076,2
28,70,0,wwhuecuv_5076,2
28,71,2,wwhuecuv_5076,2
28,72,2,wwhuecuv_5076,2
28,73,2,wwhuecuv_5076,2
28,74,2,wwhuecuv_5076,2
28,75,2,wwhuecuv_5076,2
28,80,1,wwhuecuv_5076,2
28,81,1,wwhuecuv_5076,2
28,82,1,wwhuecuv_5076,2
28,83,1,wwhuecuv_5076,2
28,84,1,wwhuecuv_5076,2
28,85,1,wwhuecuv_5076,2
28,86,1,wwhuecuv_5076,2
28,87,1,wwhuecuv_5076,2
28,88,1,wwhuecuv_5076,2
28,89,1,wwhuecuv_5076,2
28,90,1,wwhuecuv_5076,2
28,91,1,wwhuecuv_5076,2
28,92,1,wwhuecuv_5076,2
28,93,1,wwhuecuv_5076,2
28,94,1,wwhuecuv_5076,2
28,95,2,wwhuecuv_5076,2
29,0,0,n665my03_1227,1
29,1,0,n665my03_1227,2
29,2,1,n665my03_1227,3
29,3,1,n665my03_1227,3
29,4,1,n665my03_1227,3
29,5,2,n665my03_1227,10
29,6,2,n665my03_1227,8
29,7,2,n665my03_1227,8
29,8,0,n665my03_1227,2
29,9,0,n665my03_1227,3
29,10,0,n665my03_1227,3
29,11,0,n665my03_1227,4
29,20,0,n665my03_1227,3
29,21,0,n665my03_1227,4
29,22,0,n665my03_1227,4
29,23,2,n665my03_1227,17
29,24,2,n665my03_1227,14
29,25,2,n665my03_1227,10
29,26,2,n665my03_1227,10
29,40,1,n665my03_1227,3
29,41,2,n665my03_1227,7
29,42,1,n665my03_1227,4
29,43,1,n665my03_1227,4
29,44,1,n665my03_1227,3
29,45,1,n665my03_1227,4
29,46,2,n665my03_1227,6
29,47,2,n665my03_1227,9
29,48,1,n665my03_1227,2
29,49,1,n665my03_1227,2
29,50,2,n665my03_1227,7
29,60,0,n665my03_1227,2
29,61,0,n665my03_1227,3
29,62,0,n665my03_1227,2
29,63,2,n665my03_1227,8
29,64,2,n665my03_1227,7
29,65,2,n665my03_1227,9
29,66,2,n665my03_1227,7
29,67,2,n665my03_1227,8
29,68,2,n665my03_1227,7
29,69,0,n665my03_1227,2
29,80,1,n665my03_1227,3
29,81,1,n665my03_1227,4
29,82,1,n665my03_1227,3
29,83,1,n665my03_1227,4
29,84,1,n665my03_1227,4
29,85,1,n665my03_1227,4
29,86,1,n665my03_1227,4
29,87,1,n665my03_1227,4
29,88,1,n665my03_1227,4
29,89,1,n665my03_1227,4
29,90,1,n665my03_1227,5
29,91,1,n665my03_1227,4
30,0,0,3oqqo4k8_1149,1
30,1,0,3oqqo4k8_1149,2
30,2,1,3oqqo4k8_1149,2
30,3,1,3oqqo4k8_1149,2
30,4,1,3oqqo4k8_1149,5
30,5,2,3oqqo4k8_1149,20
30,6,2,3oqqo4k8_1149,4
30,7,2,3oqqo4k8_1149,4
30,8,0,3oqqo4k8_1149,3
30,9,0,3oqqo4k8_1149,2
30,10,0,3oqqo4k8_1149,2
30,20,0,3oqqo4k8_1149,2
30,21,0,3oqqo4k8_1149,3
30,22,0,3oqqo4k8_1149,3
30,23,2,3oqqo4k8_1149,6
30,24,2,3oqqo4k8_1149,5
30,25,2,3oqqo4k8_1149,4
30,26,2,3oqqo4k8_1149,7
30,27,2,3oqqo4k8_1149,5
30,28,1,3oqqo4k8_1149,3
30,29,2,3oqqo4k8_1149,5
30,30,2,3oqqo4k8_1149,7
30,40,1,3oqqo4k8_1149,3
30,41,2,3oqqo4k8_1149,7
30,42,1,3oqqo4k8_1149,4
30,43,1,3oqqo4k8_1149,3
30,44,1,3oqqo4k8_1149,3
30,45,1,3oqqo4k8_1149,3
30,46,2,3oqqo4k8_1149,6
30,47,2,3oqqo4k8_1149,8
30,48,1,3oqqo4k8_1149,3
30,49,1,3oqqo4k8_1149,3
30,50,2,3oqqo4k8_1149,5
30,60,0,3oqqo4k8_1149,2
30,61,0,3oqqo4k8_1149,2
30,62,0,3oqqo4k8_1149,2
30,63,2,3oqqo4k8_1149,7
30,64,2,3oqqo4k8_1149,8
30,65,2,3oqqo4k8_1149,6
30,66,2,3oqqo4k8_1149,6
30,67,2,3oqqo4k8_1149,6
30,68,2,3oqqo4k8_1149,6
30,69,0,3oqqo4k8_1149,2
30,70,0,3oqqo4k8_1149,2
30,80,1,3oqqo4k8_1149,3
30,81,1,3oqqo4k8_1149,3
30,82,1,3oqqo4k8_1149,4
30,83,1,3oqqo4k8_1149,4
30,84,1,3oqqo4k8_1149,4
30,85,1,3oqqo4k8_1149,3
30,86,1,3oqqo4k8_1149,3
30,87,1,3oqqo4k8_1149,3
30,88,1,3oqqo4k8_1149,4
30,89,1,3oqqo4k8_1149,3
30,90,1,3oqqo4k8_1149,3
30,91,1,3oqqo4k8_1149,3
30,92,1,3oqqo4k8_1149,3
31,0,0,rrnvde2l_1226,3
31,1,0,rrnvde2l_1226,3
31,2,1,rrnvde2l_1226,4
31,3,1,rrnvde2l_1226,4
31,4,1,rrnvde2l_1226,2
31,5,2,rrnvde2l_1226,1
31,6,2,rrnvde2l_1226,3
31,7,2,rrnvde2l_1226,5
31,8,0,rrnvde2l_1226,2
31,9,0,rrnvde2l_1226,2
31,10,0,rrnvde2l_1226,2
31,11,0,rrnvde2l_1226,2
31,12,0,rrnvde2l_1226,2
31,13,2,rrnvde2l_1226,5
31,20,0,rrnvde2l_1226,2
31,21,0,rrnvde2l_1226,2
31,22,0,rrnvde2l_1226,2
31,23,2,rrnvde2l_1226,5
31,24,2,rrnvde2l_1226,5
31,25,2,rrnvde2l_1226,5
31,26,2,rrnvde2l_1226,4
31,27,2,rrnvde2l_1226,5
31,28,1,rrnvde2l_1226,2
31,29,2,rrnvde2l_1226,3
31,30,2,rrnvde2l_1226,5
31,31,0,rrnvde2l_1226,2
31,32,0,rrnvde2l_1226,2
31,40,1,rrnvde2l_1226,2
31,41,2,rrnvde2l_1226,4
31,42,1,rrnvde2l_1226,2
31,43,1,rrnvde2l_1226,2
31,44,1,rrnvde2l_1226,1
31,45,1,rrnvde2l_1226,2
31,46,2,rrnvde2l_1226,1
31,47,2,rrnvde2l_1226,4
31,48,1,rrnvde2l_1226,2
31,49,1,rrnvde2l_1226,2
31,50,2,rrnvde2l_1226,5
31,51,2,rrnvde2l_1226,5
31,52,2,rrnvde2l_1226,1
31,53,2,rrnvde2l_1226,4
31,60,0,rrnvde2l_1226,2
31,61,0,rrnvde2l_1226,2
31,62,0,rrnvde2l_1226,2
31,63,2,rrnvde2l_1226,3
31,64,2,rrnvde2l_1226,5
31,65,2,rrnvde2l_1226,4
31,66,2,rrnvde2l_1226,3
31,67,2,rrnvde2l_1226,3
31,68,2,rrnvde2l_1226,3
31,69,0,rrnvde2l_1226,2
31,70,0,rrnvde2l_1226,1
31,71,2,rrnvde2l_1226,1
31,72,2,rrnvde2l_1226,4
31,73,2,rrnvde2l_1226,3
31,80,1,rrnvde2l_1226,2
31,81,1,rrnvde2l_1226,2
31,82,1,rrnvde2l_1226,1
31,83,1,rrnvde2l_1226,2
31,84,1,rrnvde2l_1226,2
31,85,1,rrnvde2l_1226,2
31,86,1,rrnvde2l_1226,1
31,87,1,rrnvde2l_1226,2
31,88,1,rrnvde2l_1226,2
31,89,1,rrnvde2l_1226,2
31,90,1,rrnvde2l_1226,1
31,91,1,rrnvde2l_1226,2
31,92,1,rrnvde2l_1226,2
31,93,1,rrnvde2l_1226,2
31,94,1,rrnvde2l_1226,2
31,95,2,rrnvde2l_1226,1
32,0,0,807cb10z_5096,2
32,1,0,807cb10z_5096,2
32,2,1,807cb10z_5096,3
32,3,1,807cb10z_5096,4
32,4,1,807cb10z_5096,3
32,5,2,807cb10z_5096,4
32,6,2,807cb10z_5096,3
32,7,2,807cb10z_5096,4
32,8,0,807cb10z_5096,2
32,9,0,807cb10z_5096,2
32,10,0,807cb10z_5096,2
32,11,0,807cb10z_5096,1
32,12,0,807cb10z_5096,2
32,13,2,807cb10z_5096,1
32,14,2,807cb10z_5096,1
32,20,0,807cb10z_5096,2
32,21,0,807cb10z_5096,1
32,22,0,807cb10z_5096,1
32,23,2,807cb10z_5096,4
32,24,2,807cb10z_5096,6
32,25,2,807cb10z_5096,4
32,26,2,807cb10z_5096,6
32,27,2,807cb10z_5096,5
32,28,1,807cb10z_5096,3
32,29,2,807cb10z_5096,6
32,30,2,807cb10z_5096,5
32,31,0,807cb10z_5096,2
32,32,0,807cb10z_5096,2
32,40,1,807cb10z_5096,3
32,41,2,807cb10z_5096,4
32,42,1,807cb10z_5096,2
32,43,1,807cb10z_5096,4
32,44,1,807cb10z_5096,3
32,45,1,807cb10z_5096,4
32,46,2,807cb10z_5096,7
32,47,2,807cb10z_5096,9
32,48,1,807cb10z_5096,3
32,49,1,807cb10z_5096,4
32,50,2,807cb10z_5096,8
32,60,0,807cb10z_5096,2
32,61,0,807cb10z_5096,2
32,62,0,807cb10z_5096,2
32,63,2,807cb10z_5096,5
32,64,2,807cb10z_5096,6
32,65,2,807cb10z_5096,5
32,66,2,807cb10z_5096,7
32,67,2,807cb10z_5096,7
32,68,2,807cb10z_5096,6
32,69,0,807cb10z_5096,2
32,70,0,807cb10z_5096,2
32,71,2,807cb10z_5096,5
32,80,1,807cb10z_5096,3
32,81,1,807cb10z_5096,3
32,82,1,807cb10z_5096,3
32,83,1,807cb10z_5096,2
32,84,1,807cb10z_5096,3
32,85,1,807cb10z_5096,3
32,86,1,807cb10z_5096,3
32,87,1,807cb10z_5096,3
32,88,1,807cb10z_5096,4
32,89,1,807cb10z_5096,3
32,90,1,807cb10z_5096,3
32,91,1,807cb10z_5096,3
32,92,1,807cb10z_5096,3
32,93,1,807cb10z_5096,3
33,0,0,kn6ykq1q_1224,2
33,1,0,kn6ykq1q_1224,2
33,2,1,kn6ykq1q_1224,4
33,3,1,kn6ykq1q_1224,4
33,4,1,kn6ykq1q_1224,4
33,5,2,kn6ykq1q_1224,9
33,6,2,kn6ykq1q_1224,9
33,7,2,kn6ykq1q_1224,7
33,8,0,kn6ykq1q_1224,2
33,9,0,kn6ykq1q_1224,3
33,10,0,kn6ykq1q_1224,2
33,20,0,kn6ykq1q_1224,2
33,21,0,kn6ykq1q_1224,3
33,22,0,kn6ykq1q_1224,2
33,23,2,kn6ykq1q_1224,8
33,24,2,kn6ykq1q_1224,7
33,25,2,kn6ykq1q_1224,8
33,26,2,kn6ykq1q_1224,7
33,27,2,kn6ykq1q_1224,8
33,28,1,kn6ykq1q_1224,3
33,29,2,kn6ykq1q_1224,7
33,40,1,kn6ykq1q_1224,4
33,41,2,kn6ykq1q_1224,9
33,42,1,kn6ykq1q_1224,4
33,43,1,kn6ykq1q_1224,3
33,44,1,kn6ykq1q_1224,3
33,45,1,kn6ykq1q_1224,4
33,46,2,kn6ykq1q_1224,6
33,47,2,kn6ykq1q_1224,8
33,48,1,kn6ykq1q_1224,3
33,49,1,kn6ykq1q_1224,3
33,50,2,kn6ykq1q_1224,6
33,60,0,kn6ykq1q_1224,2
33,61,0,kn6ykq1q_1224,2
33,62,0,kn6ykq1q_1224,2
33,63,2,kn6ykq1q_1224,7
33,64,2,kn6ykq1q_1224,7
33,65,2,kn6ykq1q_1224,7
33,66,2,kn6ykq1q_1224,7
33,67,2,kn6ykq1q_1224,8
33,68,2,kn6ykq1q_1224,8
33,69,0,kn6ykq1q_1224,2
33,70,0,kn6ykq1q_1224,2
33,80,1,kn6ykq1q_1224,4
33,81,1,kn6ykq1q_1224,4
33,82,1,kn6ykq1q_1224,3
33,83,1,kn6ykq1q_1224,3
33,84,1,kn6ykq1q_1224,3
33,85,1,kn6ykq1q_1224,3
33,86,1,kn6ykq1q_1224,3
33,87,1,kn6ykq1q_1224,3
33,88,1,kn6ykq1q_1224,4
33,89,1,kn6ykq1q_1224,4
33,90,1,kn6ykq1q_1224,3
33,91,1,kn6ykq1q_1224,4
33,92,1,kn6ykq1q_1224,3
34,0,0,9pya1ffv_1184,4
34,1,0,9pya1ffv_1184,3
34,2,1,9pya1ffv_1184,9
34,3,1,9pya1ffv_1184,2
34,4,1,9pya1ffv_1184,9
34,5,2,9pya1ffv_1184,21
34,6,2,9pya1ffv_1184,6
34,7,2,9pya1ffv_1184,2
34,8,0,9pya1ffv_1184,2
34,9,0,9pya1ffv_1184,2
34,20,0,9pya1ffv_1184,2
34,21,0,9pya1ffv_1184,2
34,22,0,9pya1ffv_1184,2
34,23,2,9pya1ffv_1184,8
34,24,2,9pya1ffv_1184,8
34,25,2,9pya1ffv_1184,6
34,26,2,9pya1ffv_1184,8
34,27,2,9pya1ffv_1184,6
34,28,1,9pya1ffv_1184,3
34,29,2,9pya1ffv_1184,8
34,40,1,9pya1ffv_1184,12
34,41,2,9pya1ffv_1184,7
34,42,1,9pya1ffv_1184,1
34,43,1,9pya1ffv_1184,2
34,44,1,9pya1ffv_1184,2
34,45,1,9pya1ffv_1184,1
34,46,2,9pya1ffv_1184,2
34,47,2,9pya1ffv_1184,2
34,48,1,9pya1ffv_1184,1
34,49,1,9pya1ffv_1184,1
34,50,2,9pya1ffv_1184,3
34,51,2,9pya1ffv_1184,2
34,52,2,9pya1ffv_1184,2
34,60,0,9pya1ffv_1184,3
34,61,0,9pya1ffv_1184,2
34,62,0,9pya1ffv_1184,2
34,63,2,9pya1ffv_1184,2
34,64,2,9pya1ffv_1184,2
34,65,2,9pya1ffv_1184,2
34,66,2,9pya1ffv_1184,2
34,67,2,9pya1ffv_1184,2
34,68,2,9pya1ffv_1184,4
34,69,0,9pya1ffv_1184,2
34,70,0,9pya1ffv_1184,2
34,71,2,9pya1ffv_1184,2
34,80,1,9pya1ffv_1184,2
34,81,1,9pya1ffv_1184,1
34,82,1,9pya1ffv_1184,1
34,83,1,9pya1ffv_1184,1
34,84,1,9pya1ffv_1184,1
34,85,1,9pya1ffv_1184,1
34,86,1,9pya1ffv_1184,1
34,87,1,9pya1ffv_1184,1
34,88,1,9pya1ffv_1184,1
34,89,1,9pya1ffv_1184,1
34,90,1,9pya1ffv_1184,1
34,91,1,9pya1ffv_1184,1
34,92,1,9pya1ffv_1184,1
34,93,1,9pya1ffv_1184,1
34,94,1,9pya1ffv_1184,1
34,95,2,9pya1ffv_1184,1
34,96,2,9pya1ffv_1184,1
34,97,2,9pya1ffv_1184,1
34,98,1,9pya1ffv_1184,1
35,0,0,rmo553kl_5082,3
35,1,0,rmo553kl_5082,2
35,2,1,rmo553kl_5082,1
35,3,1,rmo553kl_5082,2
35,4,1,rmo553kl_5082,2
35,5,2,rmo553kl_5082,3
35,6,2,rmo553kl_5082,2
35,7,2,rmo553kl_5082,3
35,8,0,rmo553kl_5082,1
35,9,0,rmo553kl_5082,2
35,10,0,rmo553kl_5082,2
35,11,0,rmo553kl_5082,1
35,12,0,rmo553kl_5082,2
35,13,2,rmo553kl_5082,1
35,14,2,rmo553kl_5082,1
35,15,1,rmo553kl_5082,2
35,20,0,rmo553kl_5082,2
35,21,0,rmo553kl_5082,2
35,22,0,rmo553kl_5082,2
35,23,2,rmo553kl_5082,2
35,24,2,rmo553kl_5082,2
35,25,2,rmo553kl_5082,3
35,26,2,rmo553kl_5082,4
35,27,2,rmo553kl_5082,4
35,28,1,rmo553kl_5082,2
35,29,2,rmo553kl_5082,3
35,30,2,rmo553kl_5082,2
35,31,0,rmo553kl_5082,2
35,32,0,rmo553kl_5082,2
35,33,0,rmo553kl_5082,2
35,34,0,rmo553kl_5082,2
35,40,1,rmo553kl_5082,3
35,41,2,rmo553kl_5082,3
35,42,1,rmo553kl_5082,3
35,43,1,rmo553kl_5082,3
35,44,1,rmo553kl_5082,2
35,45,1,rmo553kl_5082,2
35,46,2,rmo553kl_5082,2
35,47,2,rmo553kl_5082,2
35,48,1,rmo553kl_5082,2
35,49,1,rmo553kl_5082,2
35,50,2,rmo553kl_5082,3
35,51,2,rmo553kl_5082,5
35,52,2,rmo553kl_5082,3
35,53,2,rmo553kl_5082,3
35,60,0,rmo553kl_5082,2
35,61,0,rmo553kl_5082,3
35,62,0,rmo553kl_5082,2
35,63,2,rmo553kl_5082,3
35,64,2,rmo553kl_5082,3
35,65,2,rmo553kl_5082,3
35,66,2,rmo553kl_5082,6
35,67,2,rmo553kl_5082,4
35,68,2,rmo553kl_5082,3
35,69,0,rmo553kl_5082,2
35,70,0,rmo553kl_5082,2
35,71,2,rmo553kl_5082,2
35,72,2,rmo553kl_5082,3
35,73,2,rmo553kl_5082,4
35,80,1,rmo553kl_5082,4
35,81,1,rmo553kl_5082,2
35,82,1,rmo553kl_5082,3
35,83,1,rmo553kl_5082,3
35,84,1,rmo553kl_5082,3
35,85,1,rmo553kl_5082,3
35,86,1,rmo553kl_5082,2
35,87,1,rmo553kl_5082,2
35,88,1,rmo553kl_5082,3
35,89,1,rmo553kl_5082,2
35,90,1,rmo553kl_5082,2
35,91,1,rmo553kl_5082,2
35,92,1,rmo553kl_5082,2
35,93,1,rmo553kl_5082,2
35,94,1,rmo553kl_5082,2
37,0,0,5xf2khcw_5060,3
37,1,0,5xf2khcw_5060,3
37,2,1,5xf2khcw_5060,6
37,3,1,5xf2khcw_5060,5
37,4,1,5xf2khcw_5060,6
37,5,2,5xf2khcw_5060,14
37,6,2,5xf2khcw_5060,12
37,7,2,5xf2khcw_5060,12
37,8,0,5xf2khcw_5060,3
37,20,0,5xf2khcw_5060,3
37,21,0,5xf2khcw_5060,3
37,22,0,5xf2khcw_5060,2
37,23,2,5xf2khcw_5060,10
37,24,2,5xf2khcw_5060,7
37,25,2,5xf2khcw_5060,8
37,26,2,5xf2khcw_5060,9
37,27,2,5xf2khcw_5060,9
37,28,1,5xf2khcw_5060,3
37,40,1,5xf2khcw_5060,4
37,41,2,5xf2khcw_5060,9
37,42,1,5xf2khcw_5060,3
37,43,1,5xf2khcw_5060,4
37,44,1,5xf2khcw_5060,4
37,45,1,5xf2khcw_5060,4
37,46,2,5xf2khcw_5060,6
37,47,2,5xf2khcw_5060,7
37,48,1,5xf2khcw_5060,3
37,49,1,5xf2khcw_5060,4
37,50,2,5xf2khcw_5060,8
37,60,0,5xf2khcw_5060,2
37,61,0,5xf2khcw_5060,2
37,62,0,5xf2khcw_5060,3
37,63,2,5xf2khcw_5060,8
37,64,2,5xf2khcw_5060,8
37,65,2,5xf2khcw_5060,6
37,66,2,5xf2khcw_5060,8
37,67,2,5xf2khcw_5060,8
37,68,2,5xf2khcw_5060,7
37,69,0,5xf2khcw_5060,2
37,70,0,5xf2khcw_5060,2
37,80,1,5xf2khcw_5060,5
37,81,1,5xf2khcw_5060,4
37,82,1,5xf2khcw_5060,4
37,83,1,5xf2khcw_5060,3
37,84,1,5xf2khcw_5060,3
37,85,1,5xf2khcw_5060,3
37,86,1,5xf2khcw_5060,4
37,87,1,5xf2khcw_5060,4
37,88,1,5xf2khcw_5060,3
37,89,1,5xf2khcw_5060,3
37,90,1,5xf2khcw_5060,4
37,91,1,5xf2khcw_5060,4
37,92,1,5xf2khcw_5060,3
38,0,0,0bpnzohg_5006,5
38,1,0,0bpnzohg_5006,3
38,2,1,0bpnzohg_5006,8
38,3,1,0bpnzohg_5006,5
38,4,1,0bpnzohg_5006,5
38,5,2,0bpnzohg_5006,14
38,6,2,0bpnzohg_5006,13
38,7,2,0bpnzohg_5006,12
38,20,0,0bpnzohg_5006,3
38,21,0,0bpnzohg_5006,2
38,22,0,0bpnzohg_5006,3
38,23,2,0bpnzohg_5006,12
38,24,2,0bpnzohg_5006,10
38,25,2,0bpnzohg_5006,8
38,26,2,0bpnzohg_5006,10
38,27,2,0bpnzohg_5006,8
38,28,1,0bpnzohg_5006,4
38,40,1,0bpnzohg_5006,4
38,41,2,0bpnzohg_5006,9
38,42,1,0bpnzohg_5006,4
38,43,1,0bpnzohg_5006,3
38,44,1,0bpnzohg_5006,5
38,45,1,0bpnzohg_5006,4
38,46,2,0bpnzohg_5006,9
38,47,2,0bpnzohg_5006,10
38,48,1,0bpnzohg_5006,4
38,49,1,0bpnzohg_5006,4
38,60,0,0bpnzohg_5006,3
38,61,0,0bpnzohg_5006,2
38,62,0,0bpnzohg_5006,2
38,63,2,0bpnzohg_5006,10
38,64,2,0bpnzohg_5006,9
38,65,2,0bpnzohg_5006,12
38,66,2,0bpnzohg_5006,9
38,67,2,0bpnzohg_5006,9
38,68,2,0bpnzohg_5006,7
38,80,1,0bpnzohg_5006,3
38,81,1,0bpnzohg_5006,3
38,82,1,0bpnzohg_5006,4
38,83,1,0bpnzohg_5006,4
38,84,1,0bpnzohg_5006,3
38,85,1,0bpnzohg_5006,4
38,86,1,0bpnzohg_5006,4
38,87,1,0bpnzohg_5006,3
38,88,1,0bpnzohg_5006,3
38,89,1,0bpnzohg_5006,5
38,90,1,0bpnzohg_5006,5
38,91,1,0bpnzohg_5006,4
39,0,0,8z5fp0xs_5012,3
39,1,0,8z5fp0xs_5012,3
39,2,1,8z5fp0xs_5012,4
39,3,1,8z5fp0xs_5012,3
39,4,1,8z5fp0xs_5012,2
39,5,2,8z5fp0xs_5012,10
39,6,2,8z5fp0xs_5012,6
39,7,2,8z5fp0xs_5012,5
39,8,0,8z5fp0xs_5012,2
39,9,0,8z5fp0xs_5012,2
39,10,0,8z5fp0xs_5012,2
39,11,0,8z5fp0xs_5012,2
39,12,0,8z5fp0xs_5012,2
39,20,0,8z5fp0xs_5012,2
39,21,0,8z5fp0xs_5012,2
39,22,0,8z5fp0xs_5012,2
39,23,2,8z5fp0xs_5012,7
39,24,2,8z5fp0xs_5012,6
39,25,2,8z5fp0xs_5012,8
39,26,2,8z5fp0xs_5012,6
39,27,2,8z5fp0xs_5012,7
39,28,1,8z5fp0xs_5012,3
39,29,2,8z5fp0xs_5012,5
39,30,2,8z5fp0xs_5012,6
39,40,1,8z5fp0xs_5012,3
39,41,2,8z5fp0xs_5012,6
39,42,1,8z5fp0xs_5012,2
39,43,1,8z5fp0xs_5012,3
39,44,1,8z5fp0xs_5012,3
39,45,1,8z5fp0xs_5012,3
39,46,2,8z5fp0xs_5012,6
39,47,2,8z5fp0xs_5012,5
39,48,1,8z5fp0xs_5012,3
39,49,1,8z5fp0xs_5012,3
39,50,2,8z5fp0xs_5012,5
39,51,2,8z5fp0xs_5012,6
39,60,0,8z5fp0xs_5012,2
39,61,0,8z5fp0xs_5012,2
39,62,0,8z5fp0xs_5012,2
39,63,2,8z5fp0xs_5012,5
39,64,2,8z5fp0xs_5012,5
39,65,2,8z5fp0xs_5012,6
39,66,2,8z5fp0xs_5012,6
39,67,2,8z5fp0xs_5012,6
39,68,2,8z5fp0xs_5012,6
39,69,0,8z5fp0xs_5012,2
39,70,0,8z5fp0xs_5012,2
39,71,2,8z5fp0xs_5012,5
39,80,1,8z5fp0xs_5012,3
39,81,1,8z5fp0xs_5012,3
39,82,1,8z5fp0xs_5012,3
39,83,1,8z5fp0xs_5012,3
39,84,1,8z5fp0xs_5012,3
39,85,1,8z5fp0xs_5012,2
39,86,1,8z5fp0xs_5012,3
39,87,1,8z5fp0xs_5012,3
39,88,1,8z5fp0xs_5012,4
39,89,1,8z5fp0xs_5012,3
39,90,1,8z5fp0xs_5012,3
39,91,1,8z5fp0xs_5012,2
39,92,1,8z5fp0xs_5012,2
39,93,1,8z5fp0xs_5012,3
40,0,0,h9m4w2kp_5018,3
40,1,0,h9m4w2kp_5018,3
40,2,1,h9m4w2kp_5018,5
40,3,1,h9m4w2kp_5018,9
40,4,1,h9m4w2kp_5018,5
40,5,2,h9m4w2kp_5018,12
40,6,2,h9m4w2kp_5018,13
40,7,2,h9m4w2kp_5018,11
40,8,0,h9m4w2kp_5018,2
40,20,0,h9m4w2kp_5018,2
40,21,0,h9m4w2kp_5018,2
40,22,0,h9m4w2kp_5018,2
40,23,2,h9m4w2kp_5018,10
40,24,2,h9m4w2kp_5018,8
40,25,2,h9m4w2kp_5018,8
40,26,2,h9m4w2kp_5018,7
40,27,2,h9m4w2kp_5018,10
40,28,1,h9m4w2kp_5018,2
40,40,1,h9m4w2kp_5018,3
40,41,2,h9m4w2kp_5018,8
40,42,1,h9m4w2kp_5018,3
40,43,1,h9m4w2kp_5018,3
40,44,1,h9m4w2kp_5018,3
40,45,1,h9m4w2kp_5018,3
40,46,2,h9m4w2kp_5018,9
40,47,2,h9m4w2kp_5018,10
40,48,1,h9m4w2kp_5018,3
40,49,1,h9m4w2kp_5018,3
40,50,2,h9m4w2kp_5018,8
40,60,0,h9m4w2kp_5018,2
40,61,0,h9m4w2kp_5018,2
40,62,0,h9m4w2kp_5018,2
40,63,2,h9m4w2kp_5018,7
40,64,2,h9m4w2kp_5018,8
40,65,2,h9m4w2kp_5018,7
40,66,2,h9m4w2kp_5018,6
40,67,2,h9m4w2kp_5018,6
40,68,2,h9m4w2kp_5018,7
40,69,0,h9m4w2kp_5018,2
40,70,0,h9m4w2kp_5018,2
40,80,1,h9m4w2kp_5018,3
40,81,1,h9m4w2kp_5018,3
40,82,1,h9m4w2kp_5018,3
40,83,1,h9m4w2kp_5018,3
40,84,1,h9m4w2kp_5018,2
40,85,1,h9m4w2kp_5018,2
40,86,1,h9m4w2kp_5018,2
40,87,1,h9m4w2kp_5018,2
40,88,1,h9m4w2kp_5018,2
40,89,1,h9m4w2kp_5018,2
40,90,1,h9m4w2kp_5018,2
40,91,1,h9m4w2kp_5018,2
40,92,1,h9m4w2kp_5018,2
40,93,1,h9m4w2kp_5018,2
40,94,1,h9m4w2kp_5018,2
41,0,0,9lsfztgv_5092,4
41,1,0,9lsfztgv_5092,3
41,2,1,9lsfztgv_5092,5
41,3,1,9lsfztgv_5092,4
41,4,1,9lsfztgv_5092,5
41,5,2,9lsfztgv_5092,13
41,6,2,9lsfztgv_5092,11
41,7,2,9lsfztgv_5092,10
41,8,0,9lsfztgv_5092,3
41,20,0,9lsfztgv_5092,2
41,21,0,9lsfztgv_5092,3
41,22,0,9lsfztgv_5092,3
41,23,2,9lsfztgv_5092,11
41,24,2,9lsfztgv_5092,9
41,25,2,9lsfztgv_5092,11
41,26,2,9lsfztgv_5092,9
41,27,2,9lsfztgv_5092,9
41,28,1,9lsfztgv_5092,4
41,40,1,9lsfztgv_5092,4
41,41,2,9lsfztgv_5092,9
41,42,1,9lsfztgv_5092,10
41,43,1,9lsfztgv_5092,5
41,44,1,9lsfztgv_5092,4
41,45,1,9lsfztgv_5092,7
41,46,2,9lsfztgv_5092,8
41,47,2,9lsfztgv_5092,9
41,48,1,9lsfztgv_5092,4
41,60,0,9lsfztgv_5092,3
41,61,0,9lsfztgv_5092,3
41,62,0,9lsfztgv_5092,2
41,63,2,9lsfztgv_5092,7
41,64,2,9lsfztgv_5092,7
41,65,2,9lsfztgv_5092,7
41,66,2,9lsfztgv_5092,7
41,67,2,9lsfztgv_5092,6
41,68,2,9lsfztgv_5092,7
41,69,0,9lsfztgv_5092,3
41,80,1,9lsfztgv_5092,3
41,81,1,9lsfztgv_5092,5
41,82,1,9lsfztgv_5092,4
41,83,1,9lsfztgv_5092,3
41,84,1,9lsfztgv_5092,3
41,85,1,9lsfztgv_5092,3
41,86,1,9lsfztgv_5092,3
41,87,1,9lsfztgv_5092,5
41,88,1,9lsfztgv_5092,3
41,89,1,9lsfztgv_5092,3
41,90,1,9lsfztgv_5092,3
41,91,1,9lsfztgv_5092,3
41,92,1,9lsfztgv_5092,3
42,0,0,bmczfdcx_1160,3
42,1,0,bmczfdcx_1160,2
42,2,1,bmczfdcx_1160,3
42,3,1,bmczfdcx_1160,1
42,4,1,bmczfdcx_1160,1
42,5,2,bmczfdcx_1160,7
42,6,2,bmczfdcx_1160,7
42,7,2,bmczfdcx_1160,13
42,8,0,bmczfdcx_1160,2
42,9,0,bmczfdcx_1160,2
42,10,0,bmczfdcx_1160,2
42,20,0,bmczfdcx_1160,2
42,21,0,bmczfdcx_1160,3
42,22,0,bmczfdcx_1160,2
42,23,2,bmczfdcx_1160,8
42,24,2,bmczfdcx_1160,6
42,25,2,bmczfdcx_1160,10
42,26,2,bmczfdcx_1160,6
42,27,2,bmczfdcx_1160,8
42,28,1,bmczfdcx_1160,3
42,29,2,bmczfdcx_1160,6
42,40,1,bmczfdcx_1160,3
42,41,2,bmczfdcx_1160,7
42,42,1,bmczfdcx_1160,2
42,43,1,bmczfdcx_1160,2
42,44,1,bmczfdcx_1160,3
42,45,1,bmczfdcx_1160,3
42,46,2,bmczfdcx_1160,7
42,47,2,bmczfdcx_1160,7
42,48,1,bmczfdcx_1160,3
42,49,1,bmczfdcx_1160,2
42,50,2,bmczfdcx_1160,8
42,60,0,bmczfdcx_1160,2
42,61,0,bmczfdcx_1160,2
42,62,0,bmczfdcx_1160,2
42,63,2,bmczfdcx_1160,6
42,64,2,bmczfdcx_1160,6
42,65,2,bmczfdcx_1160,6
42,66,2,bmczfdcx_1160,10
42,67,2,bmczfdcx_1160,9
42,68,2,bmczfdcx_1160,8
42,69,0,bmczfdcx_1160,2
42,70,0,bmczfdcx_1160,2
42,80,1,bmczfdcx_1160,3
42,81,1,bmczfdcx_1160,3
42,82,1,bmczfdcx_1160,3
42,83,1,bmczfdcx_1160,3
42,84,1,bmczfdcx_1160,3
42,85,1,bmczfdcx_1160,3
42,86,1,bmczfdcx_1160,3
42,87,1,bmczfdcx_1160,3
42,88,1,bmczfdcx_1160,3
42,89,1,bmczfdcx_1160,3
42,90,1,bmczfdcx_1160,4
42,91,1,bmczfdcx_1160,5
42,92,1,bmczfdcx_1160,3
45,0,0,de0abd17_5002,3
45,1,0,de0abd17_5002,3
45,2,1,de0abd17_5002,5
45,3,1,de0abd17_5002,5
45,4,1,de0abd17_5002,5
45,5,2,de0abd17_5002,16
45,6,2,de0abd17_5002,15
45,7,2,de0abd17_5002,14
45,20,0,de0abd17_5002,3
45,21,0,de0abd17_5002,3
45,22,0,de0abd17_5002,3
45,23,2,de0abd17_5002,12
45,24,2,de0abd17_5002,12
45,25,2,de0abd17_5002,12
45,26,2,de0abd17_5002,12
45,27,2,de0abd17_5002,11
45,40,1,de0abd17_5002,4
45,41,2,de0abd17_5002,13
45,42,1,de0abd17_5002,5
45,43,1,de0abd17_5002,5
45,44,1,de0abd17_5002,5
45,45,1,de0abd17_5002,5
45,46,2,de0abd17_5002,14
45,47,2,de0abd17_5002,11
45,60,0,de0abd17_5002,3
45,61,0,de0abd17_5002,2
45,62,0,de0abd17_5002,3
45,63,2,de0abd17_5002,14
45,64,2,de0abd17_5002,12
45,65,2,de0abd17_5002,11
45,66,2,de0abd17_5002,12
45,80,1,de0abd17_5002,4
45,81,1,de0abd17_5002,4
45,82,1,de0abd17_5002,4
45,83,1,de0abd17_5002,4
45,84,1,de0abd17_5002,4
45,85,1,de0abd17_5002,4
45,86,1,de0abd17_5002,4
45,87,1,de0abd17_5002,3
45,88,1,de0abd17_5002,4
45,89,1,de0abd17_5002,4
45,90,1,de0abd17_5002,5
45,91,1,de0abd17_5002,4
46,0,0,k8cxmmzv_1223,3
46,1,0,k8cxmmzv_1223,2
46,2,1,k8cxmmzv_1223,3
46,3,1,k8cxmmzv_1223,2
46,4,1,k8cxmmzv_1223,2
46,5,2,k8cxmmzv_1223,5
46,6,2,k8cxmmzv_1223,8
46,7,2,k8cxmmzv_1223,7
46,8,0,k8cxmmzv_1223,3
46,9,0,k8cxmmzv_1223,3
46,10,0,k8cxmmzv_1223,2
46,11,0,k8cxmmzv_1223,3
46,12,0,k8cxmmzv_1223,2
46,20,0,k8cxmmzv_1223,2
46,21,0,k8cxmmzv_1223,2
46,22,0,k8cxmmzv_1223,3
46,23,2,k8cxmmzv_1223,7
46,24,2,k8cxmmzv_1223,9
46,25,2,k8cxmmzv_1223,6
46,26,2,k8cxmmzv_1223,6
46,27,2,k8cxmmzv_1223,7
46,28,1,k8cxmmzv_1223,4
46,29,2,k8cxmmzv_1223,7
46,40,1,k8cxmmzv_1223,3
46,41,2,k8cxmmzv_1223,6
46,42,1,k8cxmmzv_1223,3
46,43,1,k8cxmmzv_1223,3
46,44,1,k8cxmmzv_1223,3
46,45,1,k8cxmmzv_1223,3
46,46,2,k8cxmmzv_1223,6
46,47,2,k8cxmmzv_1223,9
46,48,1,k8cxmmzv_1223,4
46,49,1,k8cxmmzv_1223,3
46,50,2,k8cxmmzv_1223,8
46,60,0,k8cxmmzv_1223,2
46,61,0,k8cxmmzv_1223,3
46,62,0,k8cxmmzv_1223,2
46,63,2,k8cxmmzv_1223,7
46,64,2,k8cxmmzv_1223,8
46,65,2,k8cxmmzv_1223,5
46,66,2,k8cxmmzv_1223,6
46,67,2,k8cxmmzv_1223,8
46,68,2,k8cxmmzv_1223,7
46,69,0,k8cxmmzv_1223,2
46,70,0,k8cxmmzv_1223,2
46,80,1,k8cxmmzv_1223,3
46,81,1,k8cxmmzv_1223,4
46,82,1,k8cxmmzv_1223,3
46,83,1,k8cxmmzv_1223,4
46,84,1,k8cxmmzv_1223,4
46,85,1,k8cxmmzv_1223,3
46,86,1,k8cxmmzv_1223,3
46,87,1,k8cxmmzv_1223,4
46,88,1,k8cxmmzv_1223,3
46,89,1,k8cxmmzv_1223,3
46,90,1,k8cxmmzv_1223,3
47,0,0,8vbz53be_5016,3
47,1,0,8vbz53be_5016,5
47,2,1,8vbz53be_5016,6
47,3,1,8vbz53be_5016,4
47,4,1,8vbz53be_5016,3
47,5,2,8vbz53be_5016,10
47,6,2,8vbz53be_5016,10
47,7,2,8vbz53be_5016,8
47,8,0,8vbz53be_5016,2
47,9,0,8vbz53be_5016,2
47,10,0,8vbz53be_5016,3
47,20,0,8vbz53be_5016,2
47,21,0,8vbz53be_5016,2
47,22,0,8vbz53be_5016,2
47,23,2,8vbz53be_5016,9
47,24,2,8vbz53be_5016,8
47,25,2,8vbz53be_5016,10
47,26,2,8vbz53be_5016,8
47,27,2,8vbz53be_5016,8
47,28,1,8vbz53be_5016,4
47,40,1,8vbz53be_5016,3
47,41,2,8vbz53be_5016,7
47,42,1,8vbz53be_5016,3
47,43,1,8vbz53be_5016,3
47,44,1,8vbz53be_5016,3
47,45,1,8vbz53be_5016,3
47,46,2,8vbz53be_5016,7
47,47,2,8vbz53be_5016,8
47,48,1,8vbz53be_5016,3
47,49,1,8vbz53be_5016,3
47,50,2,8vbz53be_5016,8
47,60,0,8vbz53be_5016,2
47,61,0,8vbz53be_5016,2
47,62,0,8vbz53be_5016,2
47,63,2,8vbz53be_5016,7
47,64,2,8vbz53be_5016,7
47,65,2,8vbz53be_5016,7
47,66,2,8vbz53be_5016,7
47,67,2,8vbz53be_5016,7
47,68,2,8vbz53be_5016,7
47,69,0,8vbz53be_5016,2
47,70,0,8vbz53be_5016,2
47,80,1,8vbz53be_5016,3
47,81,1,8vbz53be_5016,3
47,82,1,8vbz53be_5016,3
47,83,1,8vbz53be_5016,3
47,84,1,8vbz53be_5016,3
47,85,1,8vbz53be_5016,3
47,86,1,8vbz53be_5016,3
47,87,1,8vbz53be_5016,3
47,88,1,8vbz53be_5016,3
47,89,1,8vbz53be_5016,3
47,90,1,8vbz53be_5016,3
47,91,1,8vbz53be_5016,3
47,92,1,8vbz53be_5016,3
47,93,1,8vbz53be_5016,3
48,0,0,nbts1s1v_5095,1
48,1,0,nbts1s1v_5095,2
48,2,1,nbts1s1v_5095,1
48,3,1,nbts1s1v_5095,1
48,4,1,nbts1s1v_5095,2
48,5,2,nbts1s1v_5095,4
48,6,2,nbts1s1v_5095,6
48,7,2,nbts1s1v_5095,7
48,8,0,nbts1s1v_5095,3
48,9,0,nbts1s1v_5095,2
48,10,0,nbts1s1v_5095,3
48,11,0,nbts1s1v_5095,4
48,12,0,nbts1s1v_5095,3
48,20,0,nbts1s1v_5095,3
48,21,0,nbts1s1v_5095,2
48,22,0,nbts1s1v_5095,3
48,23,2,nbts1s1v_5095,13
48,24,2,nbts1s1v_5095,12
48,25,2,nbts1s1v_5095,11
48,26,2,nbts1s1v_5095,12
48,27,2,nbts1s1v_5095,13
48,40,1,nbts1s1v_5095,4
48,41,2,nbts1s1v_5095,6
48,42,1,nbts1s1v_5095,4
48,43,1,nbts1s1v_5095,4
48,44,1,nbts1s1v_5095,3
48,45,1,nbts1s1v_5095,5
48,46,2,nbts1s1v_5095,7
48,47,2,nbts1s1v_5095,9
48,48,1,nbts1s1v_5095,5
48,49,1,nbts1s1v_5095,5
48,60,0,nbts1s1v_5095,3
48,61,0,nbts1s1v_5095,4
48,62,0,nbts1s1v_5095,4
48,63,2,nbts1s1v_5095,12
48,64,2,nbts1s1v_5095,14
48,65,2,nbts1s1v_5095,11
48,66,2,nbts1s1v_5095,8
48,67,2,nbts1s1v_5095,12
48,80,1,nbts1s1v_5095,5
48,81,1,nbts1s1v_5095,6
48,82,1,nbts1s1v_5095,5
48,83,1,nbts1s1v_5095,5
48,84,1,nbts1s1v_5095,6
48,85,1,nbts1s1v_5095,5
48,86,1,nbts1s1v_5095,6
48,87,1,nbts1s1v_5095,6
48,88,1,nbts1s1v_5095,5
48,89,1,nbts1s1v_5095,5
49,0,0,cgnof08p_1212,1
49,1,0,cgnof08p_1212,1
49,2,1,cgnof08p_1212,2
49,3,1,cgnof08p_1212,2
49,4,1,cgnof08p_1212,1
49,5,2,cgnof08p_1212,1
49,6,2,cgnof08p_1212,1
49,7,2,cgnof08p_1212,1
49,8,0,cgnof08p_1212,1
49,9,0,cgnof08p_1212,1
49,10,0,cgnof08p_1212,1
49,11,0,cgnof08p_1212,1
49,12,0,cgnof08p_1212,1
49,13,2,cgnof08p_1212,1
49,14,2,cgnof08p_1212,1
49,15,1,cgnof08p_1212,1
49,16,2,cgnof08p_1212,1
49,17,2,cgnof08p_1212,1
49,20,0,cgnof08p_1212,1
49,21,0,cgnof08p_1212,1
49,22,0,cgnof08p_1212,1
49,23,2,cgnof08p_1212,1
49,24,2,cgnof08p_1212,1
49,25,2,cgnof08p_1212,3
49,26,2,cgnof08p_1212,1
49,27,2,cgnof08p_1212,1
49,28,1,cgnof08p_1212,1
49,29,2,cgnof08p_1212,1
49,30,2,cgnof08p_1212,4
49,31,0,cgnof08p_1212,2
49,32,0,cgnof08p_1212,1
49,33,0,cgnof08p_1212,2
49,34,0,cgnof08p_1212,1
49,35,2,cgnof08p_1212,1
49,36,2,cgnof08p_1212,1
49,40,1,cgnof08p_1212,2
49,41,2,cgnof08p_1212,1
49,42,1,cgnof08p_1212,2
49,43,1,cgnof08p_1212,2
49,44,1,cgnof08p_1212,1
49,45,1,cgnof08p_1212,2
49,46,2,cgnof08p_1212,3
49,47,2,cgnof08p_1212,1
49,48,1,cgnof08p_1212,2
49,49,1,cgnof08p_1212,2
49,50,2,cgnof08p_1212,4
49,51,2,cgnof08p_1212,1
49,52,2,cgnof08p_1212,1
49,53,2,cgnof08p_1212,3
49,54,1,cgnof08p_1212,2
49,55,1,cgnof08p_1212,2
49,60,0,cgnof08p_1212,2
49,61,0,cgnof08p_1212,2
49,62,0,cgnof08p_1212,2
49,63,2,cgnof08p_1212,1
49,64,2,cgnof08p_1212,3
49,65,2,cgnof08p_1212,2
49,66,2,cgnof08p_1212,3
49,67,2,cgnof08p_1212,3
49,68,2,cgnof08p_1212,4
49,69,0,cgnof08p_1212,2
49,70,0,cgnof08p_1212,2
49,71,2,cgnof08p_1212,3
49,72,2,cgnof08p_1212,2
49,73,2,cgnof08p_1212,3
49,74,2,cgnof08p_1212,3
49,80,1,cgnof08p_1212,2
49,81,1,cgnof08p_1212,2
49,82,1,cgnof08p_1212,2
49,83,1,cgnof08p_1212,2
49,84,1,cgnof08p_1212,2
49,85,1,cgnof08p_1212,2
49,86,1,cgnof08p_1212,2
49,87,1,cgnof08p_1212,2
49,88,1,cgnof08p_1212,2
49,89,1,cgnof08p_1212,2
49,90,1,cgnof08p_1212,2
49,91,1,cgnof08p_1212,2
49,92,1,cgnof08p_1212,2
49,93,1,cgnof08p_1212,2
49,94,1,cgnof08p_1212,2
49,95,2,cgnof08p_1212,1
50,0,0,3hkmnth8_1166,4
50,1,0,3hkmnth8_1166,2
50,2,1,3hkmnth8_1166,4
50,3,1,3hkmnth8_1166,4
50,4,1,3hkmnth8_1166,4
50,5,2,3hkmnth8_1166,10
50,6,2,3hkmnth8_1166,9
50,7,2,3hkmnth8_1166,6
50,8,0,3hkmnth8_1166,2
50,9,0,3hkmnth8_1166,2
50,10,0,3hkmnth8_1166,3
50,20,0,3hkmnth8_1166,3
50,21,0,3hkmnth8_1166,3
50,22,0,3hkmnth8_1166,3
50,23,2,3hkmnth8_1166,14
50,24,2,3hkmnth8_1166,10
50,25,2,3hkmnth8_1166,10
50,26,2,3hkmnth8_1166,10
50,27,2,3hkmnth8_1166,9
50,40,1,3hkmnth8_1166,3
50,41,2,3hkmnth8_1166,8
50,42,1,3hkmnth8_1166,3
50,43,1,3hkmnth8_1166,3
50,44,1,3hkmnth8_1166,3
50,45,1,3hkmnth8_1166,3
50,46,2,3hkmnth8_1166,8
50,47,2,3hkmnth8_1166,9
50,48,1,3hkmnth8_1166,3
50,49,1,3hkmnth8_1166,3
50,50,2,3hkmnth8_1166,9
50,60,0,3hkmnth8_1166,2
50,61,0,3hkmnth8_1166,2
50,62,0,3hkmnth8_1166,2
50,63,2,3hkmnth8_1166,7
50,64,2,3hkmnth8_1166,7
50,65,2,3hkmnth8_1166,7
50,66,2,3hkmnth8_1166,8
50,67,2,3hkmnth8_1166,8
50,68,2,3hkmnth8_1166,8
50,69,0,3hkmnth8_1166,2
50,70,0,3hkmnth8_1166,2
50,80,1,3hkmnth8_1166,3
50,81,1,3hkmnth8_1166,3
50,82,1,3hkmnth8_1166,3
50,83,1,3hkmnth8_1166,3
50,84,1,3hkmnth8_1166,3
50,85,1,3hkmnth8_1166,3
50,86,1,3hkmnth8_1166,3
50,87,1,3hkmnth8_1166,3
50,88,1,3hkmnth8_1166,3
50,89,1,3hkmnth8_1166,4
50,90,1,3hkmnth8_1166,3
50,91,1,3hkmnth8_1166,4
50,92,1,3hkmnth8_1166,3
51,0,0,lkzt96wc_1239,3
51,1,0,lkzt96wc_1239,2
51,2,1,lkzt96wc_1239,5
51,3,1,lkzt96wc_1239,5
51,4,1,lkzt96wc_1239,6
51,5,2,lkzt96wc_1239,15
51,6,2,lkzt96wc_1239,17
51,7,2,lkzt96wc_1239,6
51,20,0,lkzt96wc_1239,2
51,21,0,lkzt96wc_1239,2
51,22,0,lkzt96wc_1239,2
51,23,2,lkzt96wc_1239,5
51,24,2,lkzt96wc_1239,5
51,25,2,lkzt96wc_1239,6
51,26,2,lkzt96wc_1239,6
51,27,2,lkzt96wc_1239,6
51,28,1,lkzt96wc_1239,3
51,29,2,lkzt96wc_1239,5
51,30,2,lkzt96wc_1239,7
51,40,1,lkzt96wc_1239,3
51,41,2,lkzt96wc_1239,6
51,42,1,lkzt96wc_1239,3
51,43,1,lkzt96wc_1239,3
51,44,1,lkzt96wc_1239,3
51,45,1,lkzt96wc_1239,3
51,46,2,lkzt96wc_1239,7
51,47,2,lkzt96wc_1239,6
51,48,1,lkzt96wc_1239,3
51,49,1,lkzt96wc_1239,3
51,50,2,lkzt96wc_1239,6
51,60,0,lkzt96wc_1239,2
51,61,0,lkzt96wc_1239,2
51,62,0,lkzt96wc_1239,2
51,63,2,lkzt96wc_1239,7
51,64,2,lkzt96wc_1239,7
51,65,2,lkzt96wc_1239,8
51,66,2,lkzt96wc_1239,6
51,67,2,lkzt96wc_1239,6
51,68,2,lkzt96wc_1239,7
51,69,0,lkzt96wc_1239,3
51,80,1,lkzt96wc_1239,3
51,81,1,lkzt96wc_1239,3
51,82,1,lkzt96wc_1239,3
51,83,1,lkzt96wc_1239,3
51,84,1,lkzt96wc_1239,3
51,85,1,lkzt96wc_1239,3
51,86,1,lkzt96wc_1239,3
51,87,1,lkzt96wc_1239,3
51,88,1,lkzt96wc_1239,3
51,89,1,lkzt96wc_1239,3
51,90,1,lkzt96wc_1239,3
51,91,1,lkzt96wc_1239,2
51,92,1,lkzt96wc_1239,3
51,93,1,lkzt96wc_1239,3
52,0,0,hj5kjg6x_1217,2
52,1,0,hj5kjg6x_1217,2
52,2,1,hj5kjg6x_1217,4
52,3,1,hj5kjg6x_1217,4
52,4,1,hj5kjg6x_1217,5
52,5,2,hj5kjg6x_1217,10
52,6,2,hj5kjg6x_1217,11
52,7,2,hj5kjg6x_1217,9
52,8,0,hj5kjg6x_1217,2
52,9,0,hj5kjg6x_1217,2
52,10,0,hj5kjg6x_1217,2
52,20,0,hj5kjg6x_1217,2
52,21,0,hj5kjg6x_1217,2
52,22,0,hj5kjg6x_1217,3
52,23,2,hj5kjg6x_1217,8
52,24,2,hj5kjg6x_1217,9
52,25,2,hj5kjg6x_1217,8
52,26,2,hj5kjg6x_1217,7
52,27,2,hj5kjg6x_1217,5
52,28,1,hj5kjg6x_1217,3
52,29,2,hj5kjg6x_1217,6
52,40,1,hj5kjg6x_1217,3
52,41,2,hj5kjg6x_1217,4
52,42,1,hj5kjg6x_1217,3
52,43,1,hj5kjg6x_1217,2
52,44,1,hj5kjg6x_1217,2
52,45,1,hj5kjg6x_1217,2
52,46,2,hj5kjg6x_1217,5
52,47,2,hj5kjg6x_1217,5
52,48,1,hj5kjg6x_1217,2
52,49,1,hj5kjg6x_1217,2
52,50,2,hj5kjg6x_1217,4
52,51,2,hj5kjg6x_1217,3
52,52,2,hj5kjg6x_1217,4
52,60,0,hj5kjg6x_1217,2
52,61,0,hj5kjg6x_1217,2
52,62,0,hj5kjg6x_1217,2
52,63,2,hj5kjg6x_1217,4
52,64,2,hj5kjg6x_1217,3
52,65,2,hj5kjg6x_1217,3
52,66,2,hj5kjg6x_1217,5
52,67,2,hj5kjg6x_1217,5
52,68,2,hj5kjg6x_1217,5
52,69,0,hj5kjg6x_1217,2
52,70,0,hj5kjg6x_1217,2
52,71,2,hj5kjg6x_1217,4
52,72,2,hj5kjg6x_1217,4
52,80,1,hj5kjg6x_1217,2
52,81,1,hj5kjg6x_1217,2
52,82,1,hj5kjg6x_1217,2
52,83,1,hj5kjg6x_1217,2
52,84,1,hj5kjg6x_1217,2
52,85,1,hj5kjg6x_1217,2
52,86,1,hj5kjg6x_1217,3
52,87,1,hj5kjg6x_1217,2
52,88,1,hj5kjg6x_1217,2
52,89,1,hj5kjg6x_1217,2
52,90,1,hj5kjg6x_1217,2
52,91,1,hj5kjg6x_1217,2
52,92,1,hj5kjg6x_1217,2
52,93,1,hj5kjg6x_1217,2
52,94,1,hj5kjg6x_1217,2
52,95,2,hj5kjg6x_1217,3
53,0,0,sce71jad_5090,4
53,1,0,sce71jad_5090,3
53,2,1,sce71jad_5090,6
53,3,1,sce71jad_5090,3
53,4,1,sce71jad_5090,2
53,5,2,sce71jad_5090,5
53,6,2,sce71jad_5090,4
53,7,2,sce71jad_5090,5
53,8,0,sce71jad_5090,2
53,9,0,sce71jad_5090,2
53,10,0,sce71jad_5090,3
53,11,0,sce71jad_5090,2
53,12,0,sce71jad_5090,2
53,20,0,sce71jad_5090,2
53,21,0,sce71jad_5090,2
53,22,0,sce71jad_5090,2
53,23,2,sce71jad_5090,4
53,24,2,sce71jad_5090,5
53,25,2,sce71jad_5090,4
53,26,2,sce71jad_5090,4
53,27,2,sce71jad_5090,4
53,28,1,sce71jad_5090,2
53,29,2,sce71jad_5090,3
53,30,2,sce71jad_5090,3
53,31,0,sce71jad_5090,2
53,32,0,sce71jad_5090,2
53,33,0,sce71jad_5090,2
53,40,1,sce71jad_5090,3
53,41,2,sce71jad_5090,6
53,42,1,sce71jad_5090,3
53,43,1,sce71jad_5090,3
53,44,1,sce71jad_5090,2
53,45,1,sce71jad_5090,3
53,46,2,sce71jad_5090,6
53,47,2,sce71jad_5090,4
53,48,1,sce71jad_5090,3
53,49,1,sce71jad_5090,3
53,50,2,sce71jad_5090,5
53,51,2,sce71jad_5090,5
53,60,0,sce71jad_5090,2
53,61,0,sce71jad_5090,2
53,62,0,sce71jad_5090,2
53,63,2,sce71jad_5090,5
53,64,2,sce71jad_5090,7
53,65,2,sce71jad_5090,6
53,66,2,sce71jad_5090,6
53,67,2,sce71jad_5090,5
53,68,2,sce71jad_5090,5
53,69,0,sce71jad_5090,2
53,70,0,sce71jad_5090,3
53,80,1,sce71jad_5090,3
53,81,1,sce71jad_5090,4
53,82,1,sce71jad_5090,3
53,83,1,sce71jad_5090,3
53,84,1,sce71jad_5090,3
53,85,1,sce71jad_5090,4
53,86,1,sce71jad_5090,3
53,87,1,sce71jad_5090,3
53,88,1,sce71jad_5090,5
53,89,1,sce71jad_5090,2
53,90,1,sce71jad_5090,2
53,91,1,sce71jad_5090,3
53,92,1,sce71jad_5090,2
53,93,1,sce71jad_5090,3
54,0,0,8ysp1udc_1159,2
54,1,0,8ysp1udc_1159,2
54,2,1,8ysp1udc_1159,3
54,3,1,8ysp1udc_1159,3
54,4,1,8ysp1udc_1159,2
54,5,2,8ysp1udc_1159,6
54,6,2,8ysp1udc_1159,7
54,7,2,8ysp1udc_1159,6
54,8,0,8ysp1udc_1159,2
54,9,0,8ysp1udc_1159,2
54,10,0,8ysp1udc_1159,2
54,11,0,8ysp1udc_1159,2
54,12,0,8ysp1udc_1159,2
54,20,0,8ysp1udc_1159,2
54,21,0,8ysp1udc_1159,2
54,22,0,8ysp1udc_1159,2
54,23,2,8ysp1udc_1159,6
54,24,2,8ysp1udc_1159,4
54,25,2,8ysp1udc_1159,5
54,26,2,8ysp1udc_1159,7
54,27,2,8ysp1udc_1159,6
54,28,1,8ysp1udc_1159,3
54,29,2,8ysp1udc_1159,8
54,30,2,8ysp1udc_1159,7
54,40,1,8ysp1udc_1159,3
54,41,2,8ysp1udc_1159,6
54,42,1,8ysp1udc_1159,3
54,43,1,8ysp1udc_1159,3
54,44,1,8ysp1udc_1159,3
54,45,1,8ysp1udc_1159,3
54,46,2,8ysp1udc_1159,8
54,47,2,8ysp1udc_1159,8
54,48,1,8ysp1udc_1159,3
54,49,1,8ysp1udc_1159,3
54,50,2,8ysp1udc_1159,7
54,60,0,8ysp1udc_1159,2
54,61,0,8ysp1udc_1159,2
54,62,0,8ysp1udc_1159,2
54,63,2,8ysp1udc_1159,8
54,64,2,8ysp1udc_1159,8
54,65,2,8ysp1udc_1159,9
54,66,2,8ysp1udc_1159,9
54,67,2,8ysp1udc_1159,8
54,68,2,8ysp1udc_1159,9
54,69,0,8ysp1udc_1159,2
54,80,1,8ysp1udc_1159,4
54,81,1,8ysp1udc_1159,4
54,82,1,8ysp1udc_1159,3
54,83,1,8ysp1udc_1159,2
54,84,1,8ysp1udc_1159,2
54,85,1,8ysp1udc_1159,4
54,86,1,8ysp1udc_1159,3
54,87,1,8ysp1udc_1159,2
54,88,1,8ysp1udc_1159,3
54,89,1,8ysp1udc_1159,2
54,90,1,8ysp1udc_1159,2
54,91,1,8ysp1udc_1159,3
54,92,1,8ysp1udc_1159,3
54,93,1,8ysp1udc_1159,2
56,0,0,fzxp2pu8_1141,2
56,1,0,fzxp2pu8_1141,2
56,2,1,fzxp2pu8_1141,3
56,3,1,fzxp2pu8_1141,3
56,4,1,fzxp2pu8_1141,2
56,5,2,fzxp2pu8_1141,2
56,6,2,fzxp2pu8_1141,2
56,7,2,fzxp2pu8_1141,3
56,8,0,fzxp2pu8_1141,2
56,9,0,fzxp2pu8_1141,2
56,10,0,fzxp2pu8_1141,2
56,11,0,fzxp2pu8_1141,2
56,12,0,fzxp2pu8_1141,2
56,13,2,fzxp2pu8_1141,3
56,20,0,fzxp2pu8_1141,2
56,21,0,fzxp2pu8_1141,2
56,22,0,fzxp2pu8_1141,2
56,23,2,fzxp2pu8_1141,2
56,24,2,fzxp2pu8_1141,1
56,25,2,fzxp2pu8_1141,2
56,26,2,fzxp2pu8_1141,2
56,27,2,fzxp2pu8_1141,2
56,28,1,fzxp2pu8_1141,2
56,29,2,fzxp2pu8_1141,3
56,30,2,fzxp2pu8_1141,2
56,31,0,fzxp2pu8_1141,2
56,32,0,fzxp2pu8_1141,1
56,33,0,fzxp2pu8_1141,2
56,34,0,fzxp2pu8_1141,2
56,35,2,fzxp2pu8_1141,3
56,40,1,fzxp2pu8_1141,3
56,41,2,fzxp2pu8_1141,6
56,42,1,fzxp2pu8_1141,3
56,43,1,fzxp2pu8_1141,2
56,44,1,fzxp2pu8_1141,2
56,45,1,fzxp2pu8_1141,3
56,46,2,fzxp2pu8_1141,5
56,47,2,fzxp2pu8_1141,5
56,48,1,fzxp2pu8_1141,2
56,49,1,fzxp2pu8_1141,2
56,50,2,fzxp2pu8_1141,4
56,51,2,fzxp2pu8_1141,4
56,60,0,fzxp2pu8_1141,2
56,61,0,fzxp2pu8_1141,2
56,62,0,fzxp2pu8_1141,2
56,63,2,fzxp2pu8_1141,5
56,64,2,fzxp2pu8_1141,5
56,65,2,fzxp2pu8_1141,5
56,66,2,fzxp2pu8_1141,3
56,67,2,fzxp2pu8_1141,4
56,68,2,fzxp2pu8_1141,3
56,69,0,fzxp2pu8_1141,2
56,70,0,fzxp2pu8_1141,2
56,71,2,fzxp2pu8_1141,4
56,72,2,fzxp2pu8_1141,4
56,80,1,fzxp2pu8_1141,2
56,81,1,fzxp2pu8_1141,2
56,82,1,fzxp2pu8_1141,2
56,83,1,fzxp2pu8_1141,2
56,84,1,fzxp2pu8_1141,2
56,85,1,fzxp2pu8_1141,2
56,86,1,fzxp2pu8_1141,2
56,87,1,fzxp2pu8_1141,3
56,88,1,fzxp2pu8_1141,2
56,89,1,fzxp2pu8_1141,2
56,90,1,fzxp2pu8_1141,2
56,91,1,fzxp2pu8_1141,2
56,92,1,fzxp2pu8_1141,2
56,93,1,fzxp2pu8_1141,2
56,94,1,fzxp2pu8_1141,2
56,95,2,fzxp2pu8_1141,3
57,0,0,jxng73pa_1185,1
57,1,0,jxng73pa_1185,1
57,2,1,jxng73pa_1185,1
57,3,1,jxng73pa_1185,2
57,4,1,jxng73pa_1185,1
57,5,2,jxng73pa_1185,9
57,6,2,jxng73pa_1185,23
57,7,2,jxng73pa_1185,11
57,20,0,jxng73pa_1185,1
57,21,0,jxng73pa_1185,3
57,22,0,jxng73pa_1185,4
57,23,2,jxng73pa_1185,8
57,24,2,jxng73pa_1185,8
57,25,2,jxng73pa_1185,9
57,26,2,jxng73pa_1185,7
57,27,2,jxng73pa_1185,8
57,28,1,jxng73pa_1185,4
57,40,1,jxng73pa_1185,4
57,41,2,jxng73pa_1185,8
57,42,1,jxng73pa_1185,4
57,43,1,jxng73pa_1185,4
57,44,1,jxng73pa_1185,3
57,45,1,jxng73pa_1185,4
57,46,2,jxng73pa_1185,4
57,47,2,jxng73pa_1185,5
57,48,1,jxng73pa_1185,3
57,49,1,jxng73pa_1185,3
57,50,2,jxng73pa_1185,5
57,60,0,jxng73pa_1185,3
57,61,0,jxng73pa_1185,2
57,62,0,jxng73pa_1185,2
57,63,2,jxng73pa_1185,3
57,64,2,jxng73pa_1185,4
57,65,2,jxng73pa_1185,5
57,66,2,jxng73pa_1185,5
57,67,2,jxng73pa_1185,3
57,68,2,jxng73pa_1185,3
57,69,0,jxng73pa_1185,2
57,70,0,jxng73pa_1185,2
57,71,2,jxng73pa_1185,4
57,80,1,jxng73pa_1185,3
57,81,1,jxng73pa_1185,2
57,82,1,jxng73pa_1185,2
57,83,1,jxng73pa_1185,2
57,84,1,jxng73pa_1185,3
57,85,1,jxng73pa_1185,2
57,86,1,jxng73pa_1185,2
57,87,1,jxng73pa_1185,3
57,88,1,jxng73pa_1185,2
57,89,1,jxng73pa_1185,3
57,90,1,jxng73pa_1185,3
57,91,1,jxng73pa_1185,2
57,92,1,jxng73pa_1185,2
57,93,1,jxng73pa_1185,2
58,0,0,jgukvqwn_1203,3
58,1,0,jgukvqwn_1203,3
58,2,1,jgukvqwn_1203,5
58,3,1,jgukvqwn_1203,5
58,4,1,jgukvqwn_1203,6
58,5,2,jgukvqwn_1203,12
58,6,2,jgukvqwn_1203,12
58,7,2,jgukvqwn_1203,10
58,8,0,jgukvqwn_1203,2
58,20,0,jgukvqwn_1203,3
58,21,0,jgukvqwn_1203,2
58,22,0,jgukvqwn_1203,3
58,23,2,jgukvqwn_1203,8
58,24,2,jgukvqwn_1203,10
58,25,2,jgukvqwn_1203,8
58,26,2,jgukvqwn_1203,9
58,27,2,jgukvqwn_1203,8
58,28,1,jgukvqwn_1203,4
58,40,1,jgukvqwn_1203,4
58,41,2,jgukvqwn_1203,6
58,42,1,jgukvqwn_1203,3
58,43,1,jgukvqwn_1203,3
58,44,1,jgukvqwn_1203,3
58,45,1,jgukvqwn_1203,3
58,46,2,jgukvqwn_1203,7
58,47,2,jgukvqwn_1203,6
58,48,1,jgukvqwn_1203,3
58,49,1,jgukvqwn_1203,3
58,50,2,jgukvqwn_1203,6
58,60,0,jgukvqwn_1203,2
58,61,0,jgukvqwn_1203,2
58,62,0,jgukvqwn_1203,2
58,63,2,jgukvqwn_1203,5
58,64,2,jgukvqwn_1203,6
58,65,2,jgukvqwn_1203,7
58,66,2,jgukvqwn_1203,6
58,67,2,jgukvqwn_1203,6
58,68,2,jgukvqwn_1203,5
58,69,0,jgukvqwn_1203,2
58,70,0,jgukvqwn_1203,2
58,71,2,jgukvqwn_1203,5
58,80,1,jgukvqwn_1203,3
58,81,1,jgukvqwn_1203,3
58,82,1,jgukvqwn_1203,3
58,83,1,jgukvqwn_1203,3
58,84,1,jgukvqwn_1203,2
58,85,1,jgukvqwn_1203,3
58,86,1,jgukvqwn_1203,2
58,87,1,jgukvqwn_1203,2
58,88,1,jgukvqwn_1203,2
58,89,1,jgukvqwn_1203,2
58,90,1,jgukvqwn_1203,3
58,91,1,jgukvqwn_1203,2
58,92,1,jgukvqwn_1203,2
58,93,1,jgukvqwn_1203,2
58,94,1,jgukvqwn_1203,3
60,0,0,4jbuuuks_5101,3
60,1,0,4jbuuuks_5101,3
60,2,1,4jbuuuks_5101,3
60,3,1,4jbuuuks_5101,3
60,4,1,4jbuuuks_5101,3
60,5,2,4jbuuuks_5101,7
60,6,2,4jbuuuks_5101,7
60,7,2,4jbuuuks_5101,5
60,8,0,4jbuuuks_5101,2
60,9,0,4jbuuuks_5101,2
60,10,0,4jbuuuks_5101,3
60,11,0,4jbuuuks_5101,2
60,12,0,4jbuuuks_5101,1
60,20,0,4jbuuuks_5101,2
60,21,0,4jbuuuks_5101,2
60,22,0,4jbuuuks_5101,1
60,23,2,4jbuuuks_5101,6
60,24,2,4jbuuuks_5101,5
60,25,2,4jbuuuks_5101,5
60,26,2,4jbuuuks_5101,6
60,27,2,4jbuuuks_5101,4
60,28,1,4jbuuuks_5101,3
60,29,2,4jbuuuks_5101,5
60,30,2,4jbuuuks_5101,6
60,31,0,4jbuuuks_5101,2
60,40,1,4jbuuuks_5101,3
60,41,2,4jbuuuks_5101,6
60,42,1,4jbuuuks_5101,2
60,43,1,4jbuuuks_5101,3
60,44,1,4jbuuuks_5101,3
60,45,1,4jbuuuks_5101,3
60,46,2,4jbuuuks_5101,6
60,47,2,4jbuuuks_5101,5
60,48,1,4jbuuuks_5101,3
60,49,1,4jbuuuks_5101,3
60,50,2,4jbuuuks_5101,7
60,51,2,4jbuuuks_5101,5
60,60,0,4jbuuuks_5101,2
60,61,0,4jbuuuks_5101,2
60,62,0,4jbuuuks_5101,2
60,63,2,4jbuuuks_5101,1
60,64,2,4jbuuuks_5101,5
60,65,2,4jbuuuks_5101,5
60,66,2,4jbuuuks_5101,7
60,67,2,4jbuuuks_5101,6
60,68,2,4jbuuuks_5101,7
60,69,0,4jbuuuks_5101,2
60,70,0,4jbuuuks_5101,2
60,71,2,4jbuuuks_5101,5
60,80,1,4jbuuuks_5101,3
60,81,1,4jbuuuks_5101,3
60,82,1,4jbuuuks_5101,3
60,83,1,4jbuuuks_5101,3
60,84,1,4jbuuuks_5101,2
60,85,1,4jbuuuks_5101,3
60,86,1,4jbuuuks_5101,3
60,87,1,4jbuuuks_5101,3
60,88,1,4jbuuuks_5101,3
60,89,1,4jbuuuks_5101,3
60,90,1,4jbuuuks_5101,3
60,91,1,4jbuuuks_5101,2
60,92,1,4jbuuuks_5101,3
60,93,1,4jbuuuks_5101,3
61,0,0,h9dvy1j8_1221,2
61,1,0,h9dvy1j8_1221,2
61,2,1,h9dvy1j8_1221,3
61,3,1,h9dvy1j8_1221,3
61,4,1,h9dvy1j8_1221,2
61,5,2,h9dvy1j8_1221,5
61,6,2,h9dvy1j8_1221,5
61,7,2,h9dvy1j8_1221,7
61,8,0,h9dvy1j8_1221,2
61,9,0,h9dvy1j8_1221,2
61,10,0,h9dvy1j8_1221,2
61,11,0,h9dvy1j8_1221,2
61,20,0,h9dvy1j8_1221,2
61,21,0,h9dvy1j8_1221,2
61,22,0,h9dvy1j8_1221,2
61,23,2,h9dvy1j8_1221,7
61,24,2,h9dvy1j8_1221,6
61,25,2,h9dvy1j8_1221,5
61,26,2,h9dvy1j8_1221,5
61,27,2,h9dvy1j8_1221,5
61,28,1,h9dvy1j8_1221,2
61,29,2,h9dvy1j8_1221,2
61,30,2,h9dvy1j8_1221,4
61,31,0,h9dvy1j8_1221,2
61,40,1,h9dvy1j8_1221,2
61,41,2,h9dvy1j8_1221,3
61,42,1,h9dvy1j8_1221,2
61,43,1,h9dvy1j8_1221,2
61,44,1,h9dvy1j8_1221,3
61,45,1,h9dvy1j8_1221,3
61,46,2,h9dvy1j8_1221,5
61,47,2,h9dvy1j8_1221,5
61,48,1,h9dvy1j8_1221,2
61,49,1,h9dvy1j8_1221,3
61,50,2,h9dvy1j8_1221,4
61,51,2,h9dvy1j8_1221,4
61,52,2,h9dvy1j8_1221,3
61,60,0,h9dvy1j8_1221,2
61,61,0,h9dvy1j8_1221,2
61,62,0,h9dvy1j8_1221,1
61,63,2,h9dvy1j8_1221,1
61,64,2,h9dvy1j8_1221,2
61,65,2,h9dvy1j8_1221,1
61,66,2,h9dvy1j8_1221,1
61,67,2,h9dvy1j8_1221,1
61,68,2,h9dvy1j8_1221,1
61,69,0,h9dvy1j8_1221,2
61,70,0,h9dvy1j8_1221,1
61,71,2,h9dvy1j8_1221,1
61,72,2,h9dvy1j8_1221,1
61,73,2,h9dvy1j8_1221,3
61,74,2,h9dvy1j8_1221,2
61,75,2,h9dvy1j8_1221,1
61,76,2,h9dvy1j8_1221,3
61,80,1,h9dvy1j8_1221,1
61,81,1,h9dvy1j8_1221,1
61,82,1,h9dvy1j8_1221,1
61,83,1,h9dvy1j8_1221,2
61,84,1,h9dvy1j8_1221,2
61,85,1,h9dvy1j8_1221,1
61,86,1,h9dvy1j8_1221,1
61,87,1,h9dvy1j8_1221,1
61,88,1,h9dvy1j8_1221,1
61,89,1,h9dvy1j8_1221,1
61,90,1,h9dvy1j8_1221,2
61,91,1,h9dvy1j8_1221,2
61,92,1,h9dvy1j8_1221,1
61,93,1,h9dvy1j8_1221,1
61,94,1,h9dvy1j8_1221,1
61,95,2,h9dvy1j8_1221,1
61,96,2,h9dvy1j8_1221,3
62,0,0,aexar0g1_5045,2
62,1,0,aexar0g1_5045,2
62,2,1,aexar0g1_5045,3
62,3,1,aexar0g1_5045,3
62,4,1,aexar0g1_5045,3
62,5,2,aexar0g1_5045,7
62,6,2,aexar0g1_5045,7
62,7,2,aexar0g1_5045,6
62,8,0,aexar0g1_5045,2
62,9,0,aexar0g1_5045,2
62,10,0,aexar0g1_5045,2
62,11,0,aexar0g1_5045,2
62,12,0,aexar0g1_5045,2
62,20,0,aexar0g1_5045,2
62,21,0,aexar0g1_5045,2
62,22,0,aexar0g1_5045,2
62,23,2,aexar0g1_5045,9
62,24,2,aexar0g1_5045,6
62,25,2,aexar0g1_5045,6
62,26,2,aexar0g1_5045,5
62,27,2,aexar0g1_5045,9
62,28,1,aexar0g1_5045,2
62,29,2,aexar0g1_5045,5
62,30,2,aexar0g1_5045,5
62,40,1,aexar0g1_5045,2
62,41,2,aexar0g1_5045,4
62,42,1,aexar0g1_5045,2
62,43,1,aexar0g1_5045,3
62,44,1,aexar0g1_5045,3
62,45,1,aexar0g1_5045,2
62,46,2,aexar0g1_5045,2
62,47,2,aexar0g1_5045,5
62,48,1,aexar0g1_5045,2
62,49,1,aexar0g1_5045,2
62,50,2,aexar0g1_5045,6
62,51,2,aexar0g1_5045,4
62,52,2,aexar0g1_5045,5
62,60,0,aexar0g1_5045,2
62,61,0,aexar0g1_5045,2
62,62,0,aexar0g1_5045,2
62,63,2,aexar0g1_5045,6
62,64,2,aexar0g1_5045,6
62,65,2,aexar0g1_5045,6
62,66,2,aexar0g1_5045,7
62,67,2,aexar0g1_5045,8
62,68,2,aexar0g1_5045,5
62,69,0,aexar0g1_5045,2
62,70,0,aexar0g1_5045,2
62,80,1,aexar0g1_5045,3
62,81,1,aexar0g1_5045,3
62,82,1,aexar0g1_5045,3
62,83,1,aexar0g1_5045,3
62,84,1,aexar0g1_5045,2
62,85,1,aexar0g1_5045,3
62,86,1,aexar0g1_5045,2
62,87,1,aexar0g1_5045,2
62,88,1,aexar0g1_5045,2
62,89,1,aexar0g1_5045,2
62,90,1,aexar0g1_5045,2
62,91,1,aexar0g1_5045,2
62,92,1,aexar0g1_5045,3
62,93,1,aexar0g1_5045,2
62,94,1,aexar0g1_5045,2
63,0,0,kwqqx5au_1189,2
63,1,0,kwqqx5au_1189,2
63,2,1,kwqqx5au_1189,3
63,3,1,kwqqx5au_1189,3
63,4,1,kwqqx5au_1189,3
63,5,2,kwqqx5au_1189,2
63,6,2,kwqqx5au_1189,5
63,7,2,kwqqx5au_1189,4
63,8,0,kwqqx5au_1189,2
63,9,0,kwqqx5au_1189,2
63,10,0,kwqqx5au_1189,2
63,11,0,kwqqx5au_1189,3
63,12,0,kwqqx5au_1189,2
63,20,0,kwqqx5au_1189,3
63,21,0,kwqqx5au_1189,3
63,22,0,kwqqx5au_1189,2
63,23,2,kwqqx5au_1189,6
63,24,2,kwqqx5au_1189,9
63,25,2,kwqqx5au_1189,8
63,26,2,kwqqx5au_1189,4
63,27,2,kwqqx5au_1189,7
63,28,1,kwqqx5au_1189,2
63,29,2,kwqqx5au_1189,5
63,30,2,kwqqx5au_1189,5
63,40,1,kwqqx5au_1189,3
63,41,2,kwqqx5au_1189,5
63,42,1,kwqqx5au_1189,2
63,43,1,kwqqx5au_1189,2
63,44,1,kwqqx5au_1189,2
63,45,1,kwqqx5au_1189,2
63,46,2,kwqqx5au_1189,6
63,47,2,kwqqx5au_1189,5
63,48,1,kwqqx5au_1189,2
63,49,1,kwqqx5au_1189,2
63,50,2,kwqqx5au_1189,5
63,51,2,kwqqx5au_1189,5
63,52,2,kwqqx5au_1189,5
63,60,0,kwqqx5au_1189,2
63,61,0,kwqqx5au_1189,1
63,62,0,kwqqx5au_1189,2
63,63,2,kwqqx5au_1189,3
63,64,2,kwqqx5au_1189,5
63,65,2,kwqqx5au_1189,3
63,66,2,kwqqx5au_1189,4
63,67,2,kwqqx5au_1189,4
63,68,2,kwqqx5au_1189,4
63,69,0,kwqqx5au_1189,2
63,70,0,kwqqx5au_1189,2
63,71,2,kwqqx5au_1189,1
63,72,2,kwqqx5au_1189,1
63,73,2,kwqqx5au_1189,1
63,80,1,kwqqx5au_1189,2
63,81,1,kwqqx5au_1189,2
63,82,1,kwqqx5au_1189,2
63,83,1,kwqqx5au_1189,2
63,84,1,kwqqx5au_1189,2
63,85,1,kwqqx5au_1189,2
63,86,1,kwqqx5au_1189,3
63,87,1,kwqqx5au_1189,2
63,88,1,kwqqx5au_1189,2
63,89,1,kwqqx5au_1189,1
63,90,1,kwqqx5au_1189,2
63,91,1,kwqqx5au_1189,2
63,92,1,kwqqx5au_1189,3
63,93,1,kwqqx5au_1189,3
63,94,1,kwqqx5au_1189,2
64,0,0,h4epcfng_5097,3
64,1,0,h4epcfng_5097,2
64,2,1,h4epcfng_5097,5
64,3,1,h4epcfng_5097,4
64,4,1,h4epcfng_5097,3
64,5,2,h4epcfng_5097,12
64,6,2,h4epcfng_5097,8
64,7,2,h4epcfng_5097,8
64,8,0,h4epcfng_5097,3
64,9,0,h4epcfng_5097,2
64,10,0,h4epcfng_5097,2
64,20,0,h4epcfng_5097,2
64,21,0,h4epcfng_5097,2
64,22,0,h4epcfng_5097,3
64,23,2,h4epcfng_5097,11
64,24,2,h4epcfng_5097,9
64,25,2,h4epcfng_5097,7
64,26,2,h4epcfng_5097,7
64,27,2,h4epcfng_5097,6
64,28,1,h4epcfng_5097,3
64,29,2,h4epcfng_5097,9
64,40,1,h4epcfng_5097,4
64,41,2,h4epcfng_5097,6
64,42,1,h4epcfng_5097,3
64,43,1,h4epcfng_5097,3
64,44,1,h4epcfng_5097,3
64,45,1,h4epcfng_5097,3
64,46,2,h4epcfng_5097,8
64,47,2,h4epcfng_5097,8
64,48,1,h4epcfng_5097,3
64,49,1,h4epcfng_5097,3
64,50,2,h4epcfng_5097,8
64,60,0,h4epcfng_5097,2
64,61,0,h4epcfng_5097,2
64,62,0,h4epcfng_5097,2
64,63,2,h4epcfng_5097,7
64,64,2,h4epcfng_5097,7
64,65,2,h4epcfng_5097,7
64,66,2,h4epcfng_5097,8
64,67,2,h4epcfng_5097,8
64,68,2,h4epcfng_5097,5
64,69,0,h4epcfng_5097,2
64,70,0,h4epcfng_5097,2
64,80,1,h4epcfng_5097,3
64,81,1,h4epcfng_5097,3
64,82,1,h4epcfng_5097,3
64,83,1,h4epcfng_5097,3
64,84,1,h4epcfng_5097,3
64,85,1,h4epcfng_5097,2
64,86,1,h4epcfng_5097,2
64,87,1,h4epcfng_5097,2
64,88,1,h4epcfng_5097,3
64,89,1,h4epcfng_5097,3
64,90,1,h4epcfng_5097,2
64,91,1,h4epcfng_5097,3
64,92,1,h4epcfng_5097,3
64,93,1,h4epcfng_5097,3
65,0,0,2oj8nk67_5062,2
65,1,0,2oj8nk67_5062,2
65,2,1,2oj8nk67_5062,4
65,3,1,2oj8nk67_5062,2
65,4,1,2oj8nk67_5062,3
65,5,2,2oj8nk67_5062,15
65,6,2,2oj8nk67_5062,17
65,7,2,2oj8nk67_5062,17
65,8,0,2oj8nk67_5062,2
65,20,0,2oj8nk67_5062,3
65,21,0,2oj8nk67_5062,3
65,22,0,2oj8nk67_5062,3
65,23,2,2oj8nk67_5062,14
65,24,2,2oj8nk67_5062,14
65,25,2,2oj8nk67_5062,13
65,26,2,2oj8nk67_5062,14
65,40,1,2oj8nk67_5062,6
65,41,2,2oj8nk67_5062,14
65,42,1,2oj8nk67_5062,6
65,43,1,2oj8nk67_5062,6
65,44,1,2oj8nk67_5062,5
65,45,1,2oj8nk67_5062,6
65,46,2,2oj8nk67_5062,14
65,60,0,2oj8nk67_5062,3
65,61,0,2oj8nk67_5062,3
65,62,0,2oj8nk67_5062,3
65,63,2,2oj8nk67_5062,15
65,64,2,2oj8nk67_5062,15
65,65,2,2oj8nk67_5062,17
65,66,2,2oj8nk67_5062,15
65,80,1,2oj8nk67_5062,6
65,81,1,2oj8nk67_5062,6
65,82,1,2oj8nk67_5062,5
65,83,1,2oj8nk67_5062,5
65,84,1,2oj8nk67_5062,6
65,85,1,2oj8nk67_5062,5
65,86,1,2oj8nk67_5062,6
65,87,1,2oj8nk67_5062,6
65,88,1,2oj8nk67_5062,4
65,89,1,2oj8nk67_5062,6
66,0,0,d2p17qny_5077,2
66,1,0,d2p17qny_5077,3
66,2,1,d2p17qny_5077,3
66,3,1,d2p17qny_5077,3
66,4,1,d2p17qny_5077,3
66,5,2,d2p17qny_5077,6
66,6,2,d2p17qny_5077,7
66,7,2,d2p17qny_5077,7
66,8,0,d2p17qny_5077,2
66,9,0,d2p17qny_5077,2
66,10,0,d2p17qny_5077,2
66,11,0,d2p17qny_5077,3
66,12,0,d2p17qny_5077,2
66,20,0,d2p17qny_5077,2
66,21,0,d2p17qny_5077,2
66,22,0,d2p17qny_5077,2
66,23,2,d2p17qny_5077,6
66,24,2,d2p17qny_5077,6
66,25,2,d2p17qny_5077,6
66,26,2,d2p17qny_5077,5
66,27,2,d2p17qny_5077,7
66,28,1,d2p17qny_5077,3
66,29,2,d2p17qny_5077,5
66,30,2,d2p17qny_5077,6
66,31,0,d2p17qny_5077,2
66,40,1,d2p17qny_5077,3
66,41,2,d2p17qny_5077,7
66,42,1,d2p17qny_5077,2
66,43,1,d2p17qny_5077,3
66,44,1,d2p17qny_5077,3
66,45,1,d2p17qny_5077,2
66,46,2,d2p17qny_5077,6
66,47,2,d2p17qny_5077,5
66,48,1,d2p17qny_5077,3
66,49,1,d2p17qny_5077,3
66,50,2,d2p17qny_5077,6
66,51,2,d2p17qny_5077,5
66,60,0,d2p17qny_5077,2
66,61,0,d2p17qny_5077,2
66,62,0,d2p17qny_5077,2
66,63,2,d2p17qny_5077,5
66,64,2,d2p17qny_5077,5
66,65,2,d2p17qny_5077,5
66,66,2,d2p17qny_5077,6
66,67,2,d2p17qny_5077,6
66,68,2,d2p17qny_5077,4
66,69,0,d2p17qny_5077,2
66,70,0,d2p17qny_5077,2
66,71,2,d2p17qny_5077,4
66,80,1,d2p17qny_5077,3
66,81,1,d2p17qny_5077,2
66,82,1,d2p17qny_5077,3
66,83,1,d2p17qny_5077,3
66,84,1,d2p17qny_5077,2
66,85,1,d2p17qny_5077,3
66,86,1,d2p17qny_5077,2
66,87,1,d2p17qny_5077,3
66,88,1,d2p17qny_5077,3
66,89,1,d2p17qny_5077,3
66,90,1,d2p17qny_5077,2
66,91,1,d2p17qny_5077,3
66,92,1,d2p17qny_5077,3
66,93,1,d2p17qny_5077,3
67,0,0,zxzamavn_5073,4
67,1,0,zxzamavn_5073,7
67,2,1,zxzamavn_5073,8
67,3,1,zxzamavn_5073,8
67,4,1,zxzamavn_5073,7
67,5,2,zxzamavn_5073,12
67,6,2,zxzamavn_5073,16
67,20,0,zxzamavn_5073,3
67,21,0,zxzamavn_5073,4
67,22,0,zxzamavn_5073,4
67,23,2,zxzamavn_5073,10
67,24,2,zxzamavn_5073,12
67,25,2,zxzamavn_5073,15
67,26,2,zxzamavn_5073,12
67,27,2,zxzamavn_5073,8
67,40,1,zxzamavn_5073,5
67,41,2,zxzamavn_5073,11
67,42,1,zxzamavn_5073,4
67,43,1,zxzamavn_5073,6
67,44,1,zxzamavn_5073,6
67,45,1,zxzamavn_5073,4
67,46,2,zxzamavn_5073,11
67,47,2,zxzamavn_5073,10
67,48,1,zxzamavn_5073,4
67,60,0,zxzamavn_5073,3
67,61,0,zxzamavn_5073,2
67,62,0,zxzamavn_5073,3
67,63,2,zxzamavn_5073,11
67,64,2,zxzamavn_5073,11
67,65,2,zxzamavn_5073,14
67,66,2,zxzamavn_5073,12
67,67,2,zxzamavn_5073,10
67,80,1,zxzamavn_5073,4
67,81,1,zxzamavn_5073,4
67,82,1,zxzamavn_5073,3
67,83,1,zxzamavn_5073,5
67,84,1,zxzamavn_5073,5
67,85,1,zxzamavn_5073,4
67,86,1,zxzamavn_5073,5
67,87,1,zxzamavn_5073,6
67,88,1,zxzamavn_5073,4
67,89,1,zxzamavn_5073,4
67,90,1,zxzamavn_5073,4
68,0,0,mloalx1d_5108,2
68,1,0,mloalx1d_5108,3
68,2,1,mloalx1d_5108,3
68,3,1,mloalx1d_5108,1
68,4,1,mloalx1d_5108,1
68,5,2,mloalx1d_5108,2
68,6,2,mloalx1d_5108,3
68,7,2,mloalx1d_5108,5
68,8,0,mloalx1d_5108,2
68,9,0,mloalx1d_5108,2
68,10,0,mloalx1d_5108,2
68,11,0,mloalx1d_5108,2
68,12,0,mloalx1d_5108,2
68,13,2,mloalx1d_5108,4
68,20,0,mloalx1d_5108,2
68,21,0,mloalx1d_5108,2
68,22,0,mloalx1d_5108,2
68,23,2,mloalx1d_5108,3
68,24,2,mloalx1d_5108,5
68,25,2,mloalx1d_5108,4
68,26,2,mloalx1d_5108,4
68,27,2,mloalx1d_5108,4
68,28,1,mloalx1d_5108,2
68,29,2,mloalx1d_5108,4
68,30,2,mloalx1d_5108,3
68,31,0,mloalx1d_5108,2
68,32,0,mloalx1d_5108,2
68,33,0,mloalx1d_5108,2
68,40,1,mloalx1d_5108,2
68,41,2,mloalx1d_5108,4
68,42,1,mloalx1d_5108,2
68,43,1,mloalx1d_5108,2
68,44,1,mloalx1d_5108,2
68,45,1,mloalx1d_5108,2
68,46,2,mloalx1d_5108,3
68,47,2,mloalx1d_5108,4
68,48,1,mloalx1d_5108,2
68,49,1,mloalx1d_5108,2
68,50,2,mloalx1d_5108,4
68,51,2,mloalx1d_5108,6
68,60,0,mloalx1d_5108,4
68,61,0,mloalx1d_5108,2
68,62,0,mloalx1d_5108,2
68,63,2,mloalx1d_5108,3
68,64,2,mloalx1d_5108,4
68,65,2,mloalx1d_5108,4
68,66,2,mloalx1d_5108,3
68,67,2,mloalx1d_5108,4
68,68,2,mloalx1d_5108,4
68,69,0,mloalx1d_5108,2
68,70,0,mloalx1d_5108,2
68,71,2,mloalx1d_5108,4
68,72,2,mloalx1d_5108,4
68,80,1,mloalx1d_5108,2
68,81,1,mloalx1d_5108,2
68,82,1,mloalx1d_5108,2
68,83,1,mloalx1d_5108,2
68,84,1,mloalx1d_5108,2
68,85,1,mloalx1d_5108,2
68,86,1,mloalx1d_5108,2
68,87,1,mloalx1d_5108,2
68,88,1,mloalx1d_5108,2
68,89,1,mloalx1d_5108,2
68,90,1,mloalx1d_5108,2
68,91,1,mloalx1d_5108,3
68,92,1,mloalx1d_5108,2
68,93,1,mloalx1d_5108,2
68,94,1,mloalx1d_5108,2
68,95,2,mloalx1d_5108,3
69,0,0,3gzzzh2x_1158,3
69,1,0,3gzzzh2x_1158,3
69,2,1,3gzzzh2x_1158,5
69,3,1,3gzzzh2x_1158,3
69,4,1,3gzzzh2x_1158,2
69,5,2,3gzzzh2x_1158,8
69,6,2,3gzzzh2x_1158,8
69,7,2,3gzzzh2x_1158,9
69,8,0,3gzzzh2x_1158,2
69,9,0,3gzzzh2x_1158,2
69,10,0,3gzzzh2x_1158,2
69,11,0,3gzzzh2x_1158,2
69,20,0,3gzzzh2x_1158,2
69,21,0,3gzzzh2x_1158,3
69,22,0,3gzzzh2x_1158,2
69,23,2,3gzzzh2x_1158,7
69,24,2,3gzzzh2x_1158,7
69,25,2,3gzzzh2x_1158,8
69,26,2,3gzzzh2x_1158,7
69,27,2,3gzzzh2x_1158,7
69,28,1,3gzzzh2x_1158,4
69,29,2,3gzzzh2x_1158,7
69,40,1,3gzzzh2x_1158,3
69,41,2,3gzzzh2x_1158,6
69,42,1,3gzzzh2x_1158,3
69,43,1,3gzzzh2x_1158,3
69,44,1,3gzzzh2x_1158,2
69,45,1,3gzzzh2x_1158,3
69,46,2,3gzzzh2x_1158,5
69,47,2,3gzzzh2x_1158,7
69,48,1,3gzzzh2x_1158,3
69,49,1,3gzzzh2x_1158,3
69,50,2,3gzzzh2x_1158,6
69,51,2,3gzzzh2x_1158,5
69,60,0,3gzzzh2x_1158,2
69,61,0,3gzzzh2x_1158,2
69,62,0,3gzzzh2x_1158,2
69,63,2,3gzzzh2x_1158,7
69,64,2,3gzzzh2x_1158,5
69,65,2,3gzzzh2x_1158,5
69,66,2,3gzzzh2x_1158,5
69,67,2,3gzzzh2x_1158,4
69,68,2,3gzzzh2x_1158,5
69,69,0,3gzzzh2x_1158,2
69,70,0,3gzzzh2x_1158,2
69,71,2,3gzzzh2x_1158,4
69,80,1,3gzzzh2x_1158,2
69,81,1,3gzzzh2x_1158,3
69,82,1,3gzzzh2x_1158,2
69,83,1,3gzzzh2x_1158,2
69,84,1,3gzzzh2x_1158,3
69,85,1,3gzzzh2x_1158,3
69,86,1,3gzzzh2x_1158,2
69,87,1,3gzzzh2x_1158,2
69,88,1,3gzzzh2x_1158,3
69,89,1,3gzzzh2x_1158,2
69,90,1,3gzzzh2x_1158,3
69,91,1,3gzzzh2x_1158,3
69,92,1,3gzzzh2x_1158,3
69,93,1,3gzzzh2x_1158,2
70,0,0,3taj657u_1130,2
70,1,0,3taj657u_1130,2
70,2,1,3taj657u_1130,1
70,3,1,3taj657u_1130,1
70,4,1,3taj657u_1130,1
70,5,2,3taj657u_1130,1
70,6,2,3taj657u_1130,1
70,7,2,3taj657u_1130,1
70,8,0,3taj657u_1130,1
70,9,0,3taj657u_1130,1
70,10,0,3taj657u_1130,2
70,11,0,3taj657u_1130,1
70,12,0,3taj657u_1130,1
70,13,2,3taj657u_1130,6
70,14,2,3taj657u_1130,9
70,20,0,3taj657u_1130,2
70,21,0,3taj657u_1130,2
70,22,0,3taj657u_1130,2
70,23,2,3taj657u_1130,9
70,24,2,3taj657u_1130,9
70,25,2,3taj657u_1130,8
70,26,2,3taj657u_1130,9
70,27,2,3taj657u_1130,10
70,28,1,3taj657u_1130,3
70,40,1,3taj657u_1130,3
70,41,2,3taj657u_1130,8
70,42,1,3taj657u_1130,4
70,43,1,3taj657u_1130,4
70,44,1,3taj657u_1130,3
70,45,1,3taj657u_1130,4
70,46,2,3taj657u_1130,9
70,47,2,3taj657u_1130,8
70,48,1,3taj657u_1130,4
70,49,1,3taj657u_1130,3
70,60,0,3taj657u_1130,2
70,61,0,3taj657u_1130,2
70,62,0,3taj657u_1130,3
70,63,2,3taj657u_1130,9
70,64,2,3taj657u_1130,8
70,65,2,3taj657u_1130,11
70,66,2,3taj657u_1130,9
70,67,2,3taj657u_1130,11
70,68,2,3taj657u_1130,9
70,80,1,3taj657u_1130,4
70,81,1,3taj657u_1130,4
70,82,1,3taj657u_1130,4
70,83,1,3taj657u_1130,3
70,84,1,3taj657u_1130,3
70,85,1,3taj657u_1130,3
70,86,1,3taj657u_1130,3
70,87,1,3taj657u_1130,3
70,88,1,3taj657u_1130,3
70,89,1,3taj657u_1130,3
70,90,1,3taj657u_1130,3
70,91,1,3taj657u_1130,3
70,92,1,3taj657u_1130,3
71,0,0,yuyeag2e_1131,3
71,1,0,yuyeag2e_1131,3
71,2,1,yuyeag2e_1131,2
71,3,1,yuyeag2e_1131,3
71,4,1,yuyeag2e_1131,3
71,5,2,yuyeag2e_1131,8
71,6,2,yuyeag2e_1131,9
71,7,2,yuyeag2e_1131,8
71,8,0,yuyeag2e_1131,2
71,9,0,yuyeag2e_1131,2
71,10,0,yuyeag2e_1131,2
71,11,0,yuyeag2e_1131,2
71,20,0,yuyeag2e_1131,2
71,21,0,yuyeag2e_1131,3
71,22,0,yuyeag2e_1131,2
71,23,2,yuyeag2e_1131,8
71,24,2,yuyeag2e_1131,7
71,25,2,yuyeag2e_1131,7
71,26,2,yuyeag2e_1131,6
71,27,2,yuyeag2e_1131,7
71,28,1,yuyeag2e_1131,3
71,29,2,yuyeag2e_1131,6
71,40,1,yuyeag2e_1131,3
71,41,2,yuyeag2e_1131,7
71,42,1,yuyeag2e_1131,3
71,43,1,yuyeag2e_1131,3
71,44,1,yuyeag2e_1131,3
71,45,1,yuyeag2e_1131,3
71,46,2,yuyeag2e_1131,7
71,47,2,yuyeag2e_1131,6
71,48,1,yuyeag2e_1131,3
71,49,1,yuyeag2e_1131,3
71,50,2,yuyeag2e_1131,8
71,60,0,yuyeag2e_1131,2
71,61,0,yuyeag2e_1131,2
71,62,0,yuyeag2e_1131,2
71,63,2,yuyeag2e_1131,8
71,64,2,yuyeag2e_1131,7
71,65,2,yuyeag2e_1131,7
71,66,2,yuyeag2e_1131,8
71,67,2,yuyeag2e_1131,8
71,68,2,yuyeag2e_1131,7
71,69,0,yuyeag2e_1131,2
71,70,0,yuyeag2e_1131,2
71,80,1,yuyeag2e_1131,3
71,81,1,yuyeag2e_1131,3
71,82,1,yuyeag2e_1131,3
71,83,1,yuyeag2e_1131,4
71,84,1,yuyeag2e_1131,3
71,85,1,yuyeag2e_1131,4
71,86,1,yuyeag2e_1131,3
71,87,1,yuyeag2e_1131,3
71,88,1,yuyeag2e_1131,3
71,89,1,yuyeag2e_1131,3
71,90,1,yuyeag2e_1131,3
71,91,1,yuyeag2e_1131,3
71,92,1,yuyeag2e_1131,3
72,0,0,97dd2ut1_1161,3
72,1,0,97dd2ut1_1161,3
72,2,1,97dd2ut1_1161,4
72,3,1,97dd2ut1_1161,3
72,4,1,97dd2ut1_1161,3
72,5,2,97dd2ut1_1161,6
72,6,2,97dd2ut1_1161,4
72,7,2,97dd2ut1_1161,5
72,8,0,97dd2ut1_1161,2
72,9,0,97dd2ut1_1161,2
72,10,0,97dd2ut1_1161,2
72,11,0,97dd2ut1_1161,2
72,12,0,97dd2ut1_1161,2
72,20,0,97dd2ut1_1161,3
72,21,0,97dd2ut1_1161,2
72,22,0,97dd2ut1_1161,2
72,23,2,97dd2ut1_1161,5
72,24,2,97dd2ut1_1161,5
72,25,2,97dd2ut1_1161,4
72,26,2,97dd2ut1_1161,4
72,27,2,97dd2ut1_1161,6
72,28,1,97dd2ut1_1161,3
72,29,2,97dd2ut1_1161,6
72,30,2,97dd2ut1_1161,5
72,31,0,97dd2ut1_1161,2
72,40,1,97dd2ut1_1161,2
72,41,2,97dd2ut1_1161,3
72,42,1,97dd2ut1_1161,2
72,43,1,97dd2ut1_1161,2
72,44,1,97dd2ut1_1161,2
72,45,1,97dd2ut1_1161,2
72,46,2,97dd2ut1_1161,4
72,47,2,97dd2ut1_1161,3
72,48,1,97dd2ut1_1161,2
72,49,1,97dd2ut1_1161,2
72,50,2,97dd2ut1_1161,4
72,51,2,97dd2ut1_1161,4
72,52,2,97dd2ut1_1161,4
72,53,2,97dd2ut1_1161,4
72,60,0,97dd2ut1_1161,2
72,61,0,97dd2ut1_1161,2
72,62,0,97dd2ut1_1161,2
72,63,2,97dd2ut1_1161,1
72,64,2,97dd2ut1_1161,1
72,65,2,97dd2ut1_1161,4
72,66,2,97dd2ut1_1161,4
72,67,2,97dd2ut1_1161,4
72,68,2,97dd2ut1_1161,4
72,69,0,97dd2ut1_1161,2
72,70,0,97dd2ut1_1161,2
72,71,2,97dd2ut1_1161,1
72,72,2,97dd2ut1_1161,4
72,73,2,97dd2ut1_1161,4
72,80,1,97dd2ut1_1161,2
72,81,1,97dd2ut1_1161,2
72,82,1,97dd2ut1_1161,2
72,83,1,97dd2ut1_1161,2
72,84,1,97dd2ut1_1161,2
72,85,1,97dd2ut1_1161,2
72,86,1,97dd2ut1_1161,1
72,87,1,97dd2ut1_1161,2
72,88,1,97dd2ut1_1161,2
72,89,1,97dd2ut1_1161,2
72,90,1,97dd2ut1_1161,2
72,91,1,97dd2ut1_1161,2
72,92,1,97dd2ut1_1161,2
72,93,1,97dd2ut1_1161,1
72,94,1,97dd2ut1_1161,1
72,95,2,97dd2ut1_1161,3
74,0,0,vnee87wr_5009,2
74,1,0,vnee87wr_5009,3
74,2,1,vnee87wr_5009,2
74,3,1,vnee87wr_5009,2
74,4,1,vnee87wr_5009,3
74,5,2,vnee87wr_5009,6
74,6,2,vnee87wr_5009,7
74,7,2,vnee87wr_5009,7
74,8,0,vnee87wr_5009,2
74,9,0,vnee87wr_5009,3
74,10,0,vnee87wr_5009,2
74,11,0,vnee87wr_5009,2
74,12,0,vnee87wr_5009,2
74,20,0,vnee87wr_5009,2
74,21,0,vnee87wr_5009,2
74,22,0,vnee87wr_5009,2
74,23,2,vnee87wr_5009,1
74,24,2,vnee87wr_5009,7
74,25,2,vnee87wr_5009,7
74,26,2,vnee87wr_5009,6
74,27,2,vnee87wr_5009,7
74,28,1,vnee87wr_5009,2
74,29,2,vnee87wr_5009,6
74,30,2,vnee87wr_5009,6
74,31,0,vnee87wr_5009,2
74,40,1,vnee87wr_5009,2
74,41,2,vnee87wr_5009,5
74,42,1,vnee87wr_5009,2
74,43,1,vnee87wr_5009,2
74,44,1,vnee87wr_5009,2
74,45,1,vnee87wr_5009,2
74,46,2,vnee87wr_5009,4
74,47,2,vnee87wr_5009,5
74,48,1,vnee87wr_5009,2
74,49,1,vnee87wr_5009,2
74,50,2,vnee87wr_5009,5
74,51,2,vnee87wr_5009,5
74,52,2,vnee87wr_5009,4
74,60,0,vnee87wr_5009,2
74,61,0,vnee87wr_5009,2
74,62,0,vnee87wr_5009,2
74,63,2,vnee87wr_5009,4
74,64,2,vnee87wr_5009,4
74,65,2,vnee87wr_5009,4
74,66,2,vnee87wr_5009,4
74,67,2,vnee87wr_5009,4
74,68,2,vnee87wr_5009,2
74,69,0,vnee87wr_5009,2
74,70,0,vnee87wr_5009,2
74,71,2,vnee87wr_5009,5
74,72,2,vnee87wr_5009,6
74,80,1,vnee87wr_5009,3
74,81,1,vnee87wr_5009,2
74,82,1,vnee87wr_5009,2
74,83,1,vnee87wr_5009,3
74,84,1,vnee87wr_5009,2
74,85,1,vnee87wr_5009,2
74,86,1,vnee87wr_5009,3
74,87,1,vnee87wr_5009,2
74,88,1,vnee87wr_5009,3
74,89,1,vnee87wr_5009,2
74,90,1,vnee87wr_5009,2
74,91,1,vnee87wr_5009,2
74,92,1,vnee87wr_5009,2
74,93,1,vnee87wr_5009,2
74,94,1,vnee87wr_5009,2
