,Factor1,Factor2,Factor3,Factor4,Factor5,Factor6
Parental_monitoring_and_involvement,1.0134545470560061,0.06469115732886438,0.15854632937209914,0.04897039146438756,0.023665150127527894,0.06701056500684459
Parental_predictability,0.3154488065199139,0.42165096397378665,0.8480362921661394,0.10262570174895737,0.08636978207158853,0.12302103402271515
Parental_environment,0.12158405102425374,0.49334901544405146,0.23742611722812704,0.8374449413295356,0.21463285384549236,0.003050196472352939
Physical_environment,0.09297624871470499,0.43968995239643877,0.20358470982976412,0.12720232662026,0.6714146905104522,0.5781838321425808
Safety_and_security,0.2555491886813482,0.7125397623128937,0.342588401211176,0.19343447435349737,0.09820931126831652,0.3101980944905445
Q1,0.4811429641127194,0.10206918182549074,-0.024200693384492593,0.04828173497605303,0.08327916759942448,0.037601760169423806
Q2,0.23014123403132522,0.5358990556714126,0.12905157611796383,-0.03760147158649399,0.12316463867078857,0.1359504107662695
Q3,0.5767634076898221,0.007244314836592894,0.05295029455219159,0.027796437017105182,-0.03680235830782156,0.013654073795390746
Q4,0.5682432520816001,0.09255771386119703,0.11940598196542784,0.12598044459959,-0.05229668405946301,0.14076527760583918
Q5,0.7380843598040552,0.13897054562686983,0.00712276953800191,0.07695648684977002,-0.0001561176923465668,0.04287759818333743
Q6,0.585984125239851,0.024557433999174948,0.1412465539624151,-0.0645788314035661,-0.06944328587315247,-0.016302677878326836
Q7,0.5441194410516228,0.1248548205735733,0.04098763607181846,0.06418108254590481,0.051572309130078105,0.03172675749531167
Q8,0.36788411695618584,0.2430445766112155,0.20800805844114084,0.012982492633099935,-0.05867203752682858,0.13240412926310982
Q9,0.6678461444137843,-0.07537926262166286,0.241212424257229,0.0108815445732376,0.06051171067532352,0.061279750467111066
Q10,0.6612160133719904,0.10222366955259987,0.09756236037359807,0.07780447740656218,0.055614129784582855,0.15602916381677098
Q11,0.14326092199477972,0.1810517943623226,0.5837809912189073,-0.009188145502945241,0.12020750826274455,0.17777310595102405
Q12,0.011264779968705632,0.7055932329736208,0.10358984245511789,-0.007756867096471927,0.156581100471836,0.01451208821855297
Q13,0.01372715402802076,0.49636929200678687,0.16377808730859011,0.11794860163877807,0.2194983541648555,0.25180833077023895
Q14,0.5986465186108199,-0.023303589666913316,0.3603632209296708,0.048060289886897006,-0.003919693383438195,0.07501586290870546
Q15,0.49936325653300373,0.04403584831174826,0.2985494620823312,0.030573988682628873,-0.02962075899863453,-0.014541570062002303
Q16,0.10252999715682654,0.43576397785666676,0.40581719886015244,0.10371196894510186,0.13574326711730034,0.17060559542988565
Q17,0.21534125884598557,0.11681397520088083,0.2679321595672537,0.1256626133855188,-0.07875501208833095,0.04106853155287274
Q18,-0.0047467238935429605,0.2872580848743207,0.2566537960724036,0.4660300648133049,0.219274507208974,-0.034661200166182064
Q19,-0.06967496827104254,0.38403835272334846,0.07185082712310216,0.43626134438081426,0.1811964719528382,0.04069012729056202
Q20,-0.006996902764705631,0.3046739812105181,0.0976875483765769,0.17444617037509633,0.7592023953724024,0.036545070822964223
Q21,0.07994087088310828,0.5976384871017767,0.15733989052092232,0.29376845404558327,0.28000120245794174,-0.05813283654864572
Q22,0.057463763881625905,0.5049256896580457,0.16403452662726356,0.2670664000028122,0.14969717885036568,-0.05077791618677945
Q23,0.12898275951276128,0.6525072420395495,0.12844318792092044,0.08144293864427297,0.18526782212735676,0.33757133088144703
Q24,0.1833789331046419,0.573804467866656,0.28336602489771867,0.17660703913255377,0.1079427865037151,0.18177907170896412
Q25,0.29614088818451184,0.4235214901097761,0.40305328116357075,0.20883943884972644,0.014554319282428172,0.2372168175459582
Q26,-0.032639713138014365,0.26702069270511775,0.10969296970627337,0.11611192878298514,0.8040358207879507,-0.015081817812951879
Q27,-0.006752317552409962,0.1942561274255017,0.04773292630278625,0.12203754348791312,0.6407745513175812,0.08691659671912585
Q28,0.3738105235606535,-0.052758277716119864,0.33381546448912525,0.6313267669663175,0.012078665186062442,-0.018143255999979145
Q29,0.11669880620900461,0.0532876800567239,0.0798605687652833,0.7119551335310969,0.07995101717010465,0.07865839094261041
Q30,0.008798267112473857,0.4899789541529265,0.12775740485566417,0.45093089937681186,0.1762093883644632,0.1659306542117839
Q31,0.278705543098992,0.18166667350163893,0.49335988709229706,0.23142708483748675,0.013246803059505511,0.19022353676335524
Q32,0.2223286115336353,0.026490697184287166,0.7610554263932942,0.19181998786001686,0.08645990064371992,0.08344852614785087
Q33,0.10567054842107394,0.10503461385606812,0.764502806205414,0.10148479762738118,0.12618152637440824,0.1171781019106858
Q34,0.1034251996937359,0.2780659504753556,0.6733298293023537,0.13963141950282554,0.04170450531402271,0.0070977410658294455
Q35,0.128547328311502,0.2031558921176332,0.6529196755370938,0.09530987012335852,0.06361817031916558,0.05710090859684484
Q36,0.3633400210384102,-0.0010509146840344977,0.19762517974668356,0.05099529358874914,-0.00044368552981592803,0.6827309877153618
Q37,0.12123967637502296,0.37594297635945934,0.1800614850888975,0.037628808885860725,0.08111872470013354,0.7639022952452127
Q38,0.04503749016511487,0.44614110375930016,0.21107173547782757,-0.010180013839942176,0.09877923508553313,0.6919620591355035
