sub_num,fileID,FA_factor_1,gamma_coef,gamma_base,prt_avg_rel_mvt,overharvesting_avg
1,f0t6xrl6,14,2.4,-2.0,5.9,5.9
2,0b2172zv,18,1.5,1.4,3.7,3.7
3,41ns7le1,14,2.1,-1.9,9.2,9.2
5,pl98g51f,7,0.14,-1.9,5.1,5.1
7,6bgt15aq,0,1.5,-1.4,2.7,2.7
10,8ea2p6af,0,1.6,10.0,-1.4,-1.4
11,0tp4oufe,13,2.7,-1.8,3.6,3.6
12,1uxm9jvz,10,1.2,0.2,4.9,4.9
13,j92r06a0,5,0.11,-0.84,2.3,2.3
14,e953ctkq,11,0.11,-0.84,2.9,2.9
16,c27ckyvv,3,0.14,-1.9,4.8,4.8
18,tpzzsuzc,12,2.3,-1.3,5.6,5.6
20,wcb34l6a,6,1.5,-1.0,1.9,1.9
21,udvn2mzu,0,-0.61,-0.41,0.8,0.8
23,grc7mgg8,0,-1.8,7.0,-1.2,-1.2
27,55253j9w,0,1.1,1.9,1.2,1.2
28,20rw80gs,6,1.6,10.0,-0.99,-0.99
29,qde73vyx,2,-0.041,6.9,-0.63,-0.63
32,l6hfl3pa,3,0.48,0.086,2.4,2.4
33,loectuv1,2,0.13,0.6,1.1,1.1
35,k562tcql,0,-2.9,9.7,-0.54,-0.54
36,8joyts9v,6,0.11,2.3,0.12,0.12
37,7hbe1lca,0,0.3,-0.92,2.4,2.4
38,e32zsqzw,14,2.1,-1.9,6.3,6.3
39,2xzb7k9w,1,1.6,10.0,-1.1,-1.1
40,q5xojehv,4,0.93,1.3,1.7,1.7
41,w0w10kdy,0,-2.6,7.6,-0.35,-0.35
42,u83t6f5u,6,0.17,0.12,2.1,2.1
44,vam1u9yp,2,0.15,1.3,0.52,0.52
45,x93jpz3v,3,1.6,10.0,-0.23,-0.23
46,z8dh4een,2,0.14,-1.9,4.1,4.1
47,vv64za29,1,0.018,1.6,-0.045,-0.045
48,3qkg7ela,0,-2.1,-0.21,2.4,2.4
50,pjn9bgwv,3,0.4,5.3,0.016,0.016
51,4yb1180k,2,0.053,-1.1,2.9,2.9
53,yez058ut,9,-2.1,-0.21,0.62,0.62
54,ehwu4hc8,0,0.15,1.3,0.33,0.33
56,b1a7x55v,10,0.29,0.64,0.67,0.67
57,bbwjy2wp,0,0.15,1.3,0.37,0.37
58,wsvq80ww,1,-0.44,3.4,-0.61,-0.61
60,k5d1rofk,3,-0.9,0.99,0.53,0.53
61,kxnt9kp0,0,-0.012,-0.8,2.0,2.0
62,2tw2wyja,0,0.14,-1.9,4.3,4.3
64,q4rt0asa,1,0.14,-1.9,4.0,4.0
65,sj1x8777,1,0.59,0.39,0.89,0.89
66,vfv0b4w7,0,0.053,-1.1,3.2,3.2
67,mp7nqt0t,7,1.6,10.0,-2.8,-2.8
68,bjq7snhy,5,0.65,-0.043,1.8,1.8
69,lrg6mws3,4,-0.029,0.57,0.17,0.17
70,clajdzcg,7,-0.07,1.3,0.048,0.048
71,5h2re9me,5,-1.8,7.0,-1.9,-1.9
72,d95juvoy,1,0.11,-0.84,2.3,2.3
73,xtydya8r,0,0.11,2.3,0.062,0.062
74,33ytsm3v,3,0.053,-1.1,2.5,2.5
75,09jvwdof,8,0.34,-0.38,2.7,2.7
76,ko56de96,8,-1.8,7.0,0.22,0.22
77,ndmfhf6j,0,-0.55,4.0,-0.39,-0.39
78,qvlb9w34,0,0.59,0.39,0.85,0.85
82,2fpbuc4c,0,0.07,0.86,0.95,0.95
83,ea0n755o,19,0.19,-0.12,1.2,1.2
85,2fv2a5k6,8,0.15,1.3,0.38,0.38
86,x58agx78,10,2.1,5.0,-1.7,-1.7
87,1v9ckxf2,0,0.07,0.86,0.55,0.55
89,74v188d1,0,0.25,0.38,1.7,1.7
91,z62ncncy,0,0.053,-1.1,2.9,2.9
92,dpzr2el1,14,0.14,-1.9,4.3,4.3
93,l7yvo06m,5,0.21,1.1,1.2,1.2
94,a9tst8ou,0,0.053,-1.1,2.8,2.8
95,2mlawqw1,6,0.97,0.039,3.1,3.1
96,vm07y4lv,4,2.4,4.4,-0.18,-0.18
97,q1om387j,8,0.07,0.86,0.42,0.42
98,0n59grzn,7,0.36,1.4,1.1,1.1
99,mb40veev,4,2.1,5.0,-0.33,-0.33
100,2qnf1lj5,3,0.19,-0.12,1.6,1.6
110,m1cb655u,11,-0.55,4.0,-0.036,-0.036
120,k79pujk9,2,0.3,-0.92,3.1,3.1
130,59vyc8rb,0,0.053,-1.1,3.1,3.1
140,uuzly5g6,15,2.1,-1.9,5.0,5.0
150,x47xv88l,7,0.13,0.6,1.0,1.0
160,9uspc078,10,0.15,1.3,0.14,0.14
170,kngumvtr,2,0.59,0.39,1.2,1.2
180,rcze7dce,5,1.6,10.0,-1.6,-1.6
190,54619mzy,1,0.17,0.12,1.7,1.7
200,jzycrhj5,11,1.7,-1.9,5.5,5.5
210,mq1g9lgf,12,2.4,-2.0,5.3,5.3
220,11rd0kl8,0,0.55,4.8,-0.26,-0.26
230,f7m5xxh0,3,1.6,10.0,-1.1,-1.1
240,pgwrpay6,1,0.29,0.64,0.64,0.64
250,mzayotw7,1,0.15,1.3,0.23,0.23
260,4sxadlyw,2,0.52,0.54,2.7,2.7
270,81h8f83e,18,2.7,6.4,-2.2,-2.2
280,thy0koej,1,0.17,0.12,1.8,1.8
290,0fr2wjk6,1,0.15,1.3,0.031,0.031
300,r8pfb1j1,1,0.11,-0.84,2.2,2.2
310,ckz5c2mv,0,0.59,0.39,1.0,1.0
320,o4ryh2cf,5,0.11,2.3,0.079,0.079
330,qdhw1my2,2,0.041,-0.14,1.3,1.3
340,6qn992vo,13,0.33,6.0,0.031,0.031
350,q2aqjfxd,0,0.17,0.12,1.4,1.4
360,gz6ge8t0,1,0.13,0.6,1.1,1.1
370,zp7v02fv,5,0.041,-0.14,1.7,1.7
380,r0xxu91o,13,0.29,0.64,0.78,0.78
390,9qtcjvmc,8,-0.9,0.99,0.48,0.48
400,v3pumabp,4,1.6,10.0,-1.6,-1.6
410,76zpbryk,0,-1.8,7.0,-1.7,-1.7
420,65iaws9c,0,0.041,-0.14,1.2,1.2
430,cwlecwuu,0,2.4,-2.0,5.4,5.4
440,qc5zq6d6,0,0.84,-1.2,3.5,3.5
450,qtof6r00,0,0.72,-0.93,3.1,3.1
460,gvwtc90w,0,0.29,0.64,0.78,0.78
470,4v8k9usj,0,1.6,10.0,-1.2,-1.2
490,wcw4ohsc,0,2.7,-1.8,6.0,6.0
500,ce011nvu,0,0.25,0.38,1.8,1.8
510,d3xn52ne,0,1.5,-0.97,7.0,7.0
