fileID,galaxy,rho_U_RT,p_value,n_trials
01yo7fr5,0,-0.11635150166852058,0.5403461755338033,30
01yo7fr5,1,-0.11635150166852058,0.5403461755338033,30
01yo7fr5,2,-0.10049330514446793,0.5163040225972533,44
02z1xetw,0,-0.21692745376955902,0.19717227145714286,37
02z1xetw,1,-0.034046435698545714,0.8144233267850893,50
02z1xetw,2,0.07386054388986346,0.5991593309645675,53
09jvwdof,0,-0.07450980392156864,0.6705529481228938,35
09jvwdof,1,0.17896758703481394,0.213664140543336,50
09jvwdof,2,0.17896758703481394,0.213664140543336,50
0b2172zv,0,0.01128962223187147,0.9392938781304914,48
0b2172zv,1,0.01128962223187147,0.9392938781304914,48
0b2172zv,2,0.01128962223187147,0.9392938781304914,48
0b9569cb,0,-0.1314229249011858,0.5500163417360643,23
0b9569cb,1,-0.14297497997909206,0.43501813546106494,32
0b9569cb,2,0.18477288855187898,0.21895169931388658,46
0fr2wjk6,0,-0.1881773399014778,0.32829155893395356,29
0fr2wjk6,1,-0.2320381231671554,0.20128163220628076,32
0fr2wjk6,2,-0.08362369337979096,0.6031989279036312,41
0n59grzn,0,-0.22625482625482626,0.1845409921991475,36
0n59grzn,1,-0.22625482625482626,0.1845409921991475,36
0n59grzn,2,-0.21230342275670677,0.1519501921694016,47
0pqcv9ak,0,0.1590733590733591,0.35409497118626276,36
0pqcv9ak,1,0.06072874493927126,0.7134317594358012,39
0pqcv9ak,2,0.07108013937282232,0.6587648633788299,41
0tp4oufe,0,-0.5244928895401991,0.010190161254924822,23
0tp4oufe,1,-0.5244928895401991,0.010190161254924822,23
0tp4oufe,2,-0.5244928895401991,0.010190161254924822,23
0zborma6,0,0.1,0.6662641376986583,21
0zborma6,1,0.1,0.6662641376986583,21
0zborma6,2,-0.023735810113519093,0.9255178937138382,18
11rd0kl8,0,-0.08027859237536657,0.6622834743373871,32
11rd0kl8,1,-0.08027859237536657,0.6622834743373871,32
11rd0kl8,2,-0.009756097560975611,0.9523565555040719,40
174wa5mc,0,0.5527093596059112,0.0018753673185968349,29
174wa5mc,1,0.5527093596059112,0.0018753673185968349,29
174wa5mc,2,0.6098039215686275,0.0001007254485264586,35
1e1vkoev,0,0.19538461538461538,0.34928733392328004,25
1e1vkoev,1,0.09331983805668018,0.5720353014798405,39
1e1vkoev,2,0.01815448658649399,0.9035965019478163,47
1m57p0or,0,0.10591133004926105,0.5845135970990107,29
1m57p0or,1,0.10591133004926105,0.5845135970990107,29
1m57p0or,2,0.24210526315789477,0.13755767859590792,39
1uxm9jvz,0,0.14325089765298854,0.359447993221541,43
1uxm9jvz,1,0.12601755012805277,0.41501599039540116,44
1uxm9jvz,2,0.12601755012805277,0.41501599039540116,44
1v9ckxf2,0,0.22069471268567545,0.22482299146282106,32
1v9ckxf2,1,0.22069471268567545,0.22482299146282106,32
1v9ckxf2,2,0.17978880587177568,0.2800971019072895,38
20rw80gs,0,-0.09803921568627451,0.6987424830235279,18
20rw80gs,1,-0.09803921568627451,0.6987424830235279,18
20rw80gs,2,-0.09803921568627451,0.6987424830235279,18
26z6amjz,0,0.19119670769419742,0.2787241798753173,34
26z6amjz,1,0.1938450024747132,0.23071615475012183,40
26z6amjz,2,0.10986469369177328,0.46225277020769084,47
29brbqyh,0,-0.2442002442002442,0.2196166448252131,27
29brbqyh,1,-0.0768716577540107,0.6706930244559344,33
29brbqyh,2,-0.09245947850599014,0.5505530151951689,44
2bruqcsd,0,-0.09708968068741707,0.5675544856796697,37
2bruqcsd,1,-0.09708968068741707,0.5675544856796697,37
2bruqcsd,2,-0.06919733969196668,0.633008713005131,50
2f0f3u4y,0,-0.21624649859943978,0.21214244591325354,35
2f0f3u4y,1,-0.21624649859943978,0.21214244591325354,35
2f0f3u4y,2,-0.21624649859943978,0.21214244591325354,35
2fpbuc4c,0,0.17995075918826942,0.3595054740964859,28
2fpbuc4c,1,0.13614687149716115,0.45748686064116617,32
2fpbuc4c,2,0.11821633310915748,0.49881498843286876,35
2fv2a5k6,0,0.24615384615384614,0.23557603103467756,25
2fv2a5k6,1,0.13993325917686317,0.46080677886565224,30
2fv2a5k6,2,0.3027874564459931,0.05432087159661871,41
2h4kx6ry,0,0.10160427807486631,0.5736895349853548,33
2h4kx6ry,1,-0.0068537332688276085,0.9611530425397832,53
2h4kx6ry,2,-0.01216678058783322,0.9290838416719611,56
2mlawqw1,0,0.018041509578134083,0.9074639289562435,44
2mlawqw1,1,-0.10936799643907684,0.4402259830280081,52
2mlawqw1,2,-0.13428881818368363,0.3329838453646118,54
2pv0hxxz,0,-0.12179209503612883,0.570766739477381,24
2pv0hxxz,1,-0.15971273163839242,0.43577423585663266,26
2pv0hxxz,2,-0.16385085326392212,0.3325313483535788,37
2qnf1lj5,0,-0.2692307692307693,0.1744642257936707,27
2qnf1lj5,1,0.15164690382081686,0.3200192818883285,45
2qnf1lj5,2,0.2140959029259409,0.09755541652034577,61
2r2gte8v,0,0.21466768525592053,0.22277894270498425,34
2r2gte8v,1,0.21431958274063534,0.20274414221915898,37
2r2gte8v,2,0.2961240310077519,0.05096928707584825,44
2tw2wyja,0,-0.4229059829059829,0.03135701293445765,26
2tw2wyja,1,-0.09453441295546558,0.5670213272179905,39
2tw2wyja,2,-0.10425004764627405,0.45313391305266737,54
2xzb7k9w,0,-0.046153846153846156,0.8265946777375633,25
2xzb7k9w,1,-0.046153846153846156,0.8265946777375633,25
2xzb7k9w,2,-0.04151404151404151,0.8371078121597078,27
33ytsm3v,0,-0.05565217391304347,0.7961874995255513,24
33ytsm3v,1,0.05676040941028287,0.7423003245750076,36
33ytsm3v,2,0.20617232666845509,0.10790321606267633,62
3bnik4c8,0,0.08029556650246304,0.678834388107278,29
3bnik4c8,1,0.16913674560733383,0.3389446869092686,34
3bnik4c8,2,0.04619179771816219,0.7604964661719155,46
3c06amyh,0,0.04927457069378538,0.8033607640649544,28
3c06amyh,1,0.04927457069378538,0.8033607640649544,28
3c06amyh,2,-0.0362774157854665,0.8311997611715807,37
3clyrmth,0,0.19430942638032547,0.24915852798528215,37
3clyrmth,1,0.19430942638032547,0.24915852798528215,37
3clyrmth,2,-0.02730282802697706,0.8538505962785198,48
3j1mu8px,0,0.27030812324929976,0.11630270479548628,35
3j1mu8px,1,0.582966035779103,1.9524422086425723e-06,57
3j1mu8px,2,0.5878371232152299,6.325961947516481e-07,61
3kne19g0,0,-0.39652173913043476,0.05506841408516782,24
3kne19g0,1,-0.31414853946478044,0.05828387892158672,37
3kne19g0,2,-0.2765886885769537,0.0543726463113606,49
3ogc63zz,0,0.219421205966113,0.2356215118356155,31
3ogc63zz,1,0.219421205966113,0.2356215118356155,31
3ogc63zz,2,0.1418331072462219,0.39564906154181967,38
3qkg7ela,0,0.17984452736868956,0.3012328029670916,35
3qkg7ela,1,0.17984452736868956,0.3012328029670916,35
3qkg7ela,2,0.17984452736868956,0.3012328029670916,35
418ok4hl,0,-0.10613107822410148,0.49292279127776206,44
418ok4hl,1,-0.10511100832562442,0.48196096044205916,47
418ok4hl,2,-0.10511100832562442,0.48196096044205916,47
41ns7le1,0,0.04961459154198513,0.737711511512293,48
41ns7le1,1,0.08007752449042056,0.5501486610791315,58
41ns7le1,2,0.07161540572108793,0.6033542916488231,55
4e6y4g0w,0,-0.2711484593837535,0.11512790726808568,35
4e6y4g0w,1,-0.26600284495021337,0.10648216196780476,38
4e6y4g0w,2,-0.15473310756329622,0.2686001931922998,53
4elzkl6j,0,0.16603030055730997,0.38936557683320727,29
4elzkl6j,1,0.002005515173710501,0.9911623530187231,33
4elzkl6j,2,-0.11487367426702563,0.4577767620059151,44
4gb06j9k,0,-0.09542631281761718,0.6727121332011151,22
4gb06j9k,1,-0.26928547981179557,0.10207112722729737,38
4gb06j9k,2,-0.07305280652715873,0.5725724946983133,62
4s4cvlj4,0,0.15070028011204484,0.38751849488190704,35
4s4cvlj4,1,0.23930481283422458,0.1798296835405918,33
4s4cvlj4,2,0.15070028011204484,0.38751849488190704,35
4sxadlyw,0,0.038355106585633326,0.8242434297705623,36
4sxadlyw,1,-0.0501600421788488,0.7524104485616145,42
4sxadlyw,2,-0.0949899951596309,0.544575262631783,43
4udk03h3,0,0.1501057082452431,0.3366716640484799,43
4udk03h3,1,-0.3115835777126099,0.08256938300987104,32
4udk03h3,2,0.1826086956521739,0.22989390966791606,45
4v8k9usj,0,-0.10441154143934209,0.6042584514631975,27
4v8k9usj,1,-0.05985958907333283,0.757739208221367,29
4v8k9usj,2,-0.04380900027564487,0.811822559257498,32
4w5e7j9x,0,-0.09410456062291435,0.6208609916262413,30
4w5e7j9x,1,-0.05347593582887701,0.767564295546312,33
4w5e7j9x,2,-0.1556665219279201,0.29073170665237485,48
4yb1180k,0,-0.13064713064713065,0.5159941686613065,27
4yb1180k,1,-0.011325611325611325,0.9477301493929596,36
4yb1180k,2,0.026725905673274094,0.8449840107394354,56
5188nuaq,0,-0.20344827586206893,0.28981355192476804,29
5188nuaq,1,-0.18585043988269795,0.30848406530889927,32
5188nuaq,2,0.1330206378986867,0.41320615038552255,40
51p4l0zd,0,0.05645161290322581,0.762931426686061,31
51p4l0zd,1,0.11839546230123363,0.45520421519155096,42
51p4l0zd,2,-0.023138575145331675,0.8655838970425673,56
54619mzy,0,-0.023152709359605905,0.905107008990093,29
54619mzy,1,0.1778093883357041,0.2924011572069889,37
54619mzy,2,0.2217046818727491,0.12177536258444999,50
55253j9w,0,-0.11529245947850598,0.4561279707841014,44
55253j9w,1,-0.14950166112956811,0.34467561514977674,42
55253j9w,2,0.05857182550708532,0.6566569521831374,60
587ndadx,0,0.2765567765567765,0.1625809119125107,27
587ndadx,1,0.32111436950146627,0.07312909907419889,32
587ndadx,2,0.17384615384615384,0.2224469457595896,51
59txawh2,0,0.22128830718198045,0.20849304264959356,34
59txawh2,1,0.23141967640134134,0.21852295099987695,30
59txawh2,2,0.24200057259891153,0.13245885765729448,40
59vyc8rb,0,0.3347826086956522,0.10980353592186973,24
59vyc8rb,1,0.3748987854251013,0.018695014283686976,39
59vyc8rb,2,0.5818614489687994,8.735745315756411e-07,61
5h2re9me,0,0.5678827028149745,0.00900226017644768,20
5h2re9me,1,0.3984124607553842,0.03955570448630259,27
5h2re9me,2,0.21796552182551396,0.23882135551911238,31
5k89dpxy,0,-0.046524356869184456,0.8141413986141794,28
5k89dpxy,1,0.04411557434813248,0.776146984337265,44
5k89dpxy,2,-0.07443609022556393,0.5856004413814955,56
5tmkmsdq,0,-0.06555384490721985,0.6800018288590816,42
5tmkmsdq,1,-0.06555384490721985,0.6800018288590816,42
5tmkmsdq,2,-0.09608643457382952,0.506826423331874,50
65iaws9c,0,0.1954022988505747,0.31901726517932166,28
65iaws9c,1,0.26534631797789693,0.10738147167710964,38
65iaws9c,2,0.18406708595387838,0.18273586212513468,54
67r47g9y,0,0.31261625998468107,0.05601429068872122,38
67r47g9y,1,0.28972125435540075,0.06615386513583799,41
67r47g9y,2,0.36783071230342274,0.010968941360356133,47
6ak2g2k4,0,-0.10674695597433025,0.588750350120947,28
6ak2g2k4,1,-0.05242463984702463,0.7794117781930517,31
6ak2g2k4,2,0.07306868819269416,0.6333585787200811,45
6bgt15aq,0,0.005473453749315818,0.9779473255739854,28
6bgt15aq,1,0.0521574205784732,0.7591625205473088,37
6bgt15aq,2,0.0020561267018616284,0.9875601561518694,60
6jx5x2u5,0,-0.6254032258064517,0.0001685598486234186,31
6jx5x2u5,1,-0.5746799431009957,0.00019928159713914913,37
6jx5x2u5,2,-0.348349978289188,0.015251273429498441,48
6qn992vo,0,0.3875,0.0312560523096286,31
6qn992vo,1,0.43585434173669474,0.008864885321191082,35
6qn992vo,2,0.3764972345572255,0.01525669667161932,41
6urwbvqu,0,-0.20952380952380953,0.22704484206879247,35
6urwbvqu,1,-0.15242914979757086,0.354249734911675,39
6urwbvqu,2,-0.15242914979757086,0.354249734911675,39
6vj7g28c,0,-0.14162639522585593,0.41705191188613466,35
6vj7g28c,1,-0.15595075449526713,0.3498042976390726,38
6vj7g28c,2,-0.15573415103116364,0.28528017925484955,49
6y9drd89,0,0.07203907203907202,0.7210335182048953,27
6y9drd89,1,0.12922639238428713,0.4393774426221184,38
6y9drd89,2,0.10728744939271255,0.5156332343028956,39
72vf3ab7,0,0.1502932551319648,0.4116232468252985,32
72vf3ab7,1,0.06758508936292187,0.6706398503084677,42
72vf3ab7,2,0.04631803632822392,0.7443790623476502,52
74v188d1,0,0.09959077841325553,0.530326838063722,42
74v188d1,1,0.10703720795322427,0.46899695037017575,48
74v188d1,2,0.16113486734593166,0.2586424099519683,51
76zpbryk,0,0.03754940711462451,0.8649333446053347,23
76zpbryk,1,-0.0536420101637493,0.8125892965812408,22
76zpbryk,2,0.03754940711462451,0.8649333446053347,23
7dl4gl3e,0,0.03230769230769231,0.8781554683498889,25
7dl4gl3e,1,-0.009931245225362872,0.9555458565363762,34
7dl4gl3e,2,-0.0525328330206379,0.7475029499440256,40
7hbe1lca,0,-0.39999999999999997,0.13959512937214466,15
7hbe1lca,1,-0.3851373925267222,0.03557998869250684,30
7hbe1lca,2,-0.1790696414731557,0.2232997448179519,48
7nvhfpa1,0,-0.17585943468296408,0.31980744440129605,34
7nvhfpa1,1,-0.17585943468296408,0.31980744440129605,34
7nvhfpa1,2,0.07423103212576898,0.5866366292905316,56
81h8f83e,0,-0.0019486847406455592,0.9933112956163449,21
81h8f83e,1,-0.0019486847406455592,0.9933112956163449,21
81h8f83e,2,0.013037760061158895,0.9254509661366312,54
88j45vwu,0,-0.33240627639221426,0.07269704332099926,30
88j45vwu,1,-0.24417147239925352,0.17087247077913378,33
88j45vwu,2,0.07570016122865084,0.6380668005225925,41
8bgom9ed,0,-0.3446153846153846,0.09160561662683199,25
8bgom9ed,1,-0.17684729064039403,0.3587639890576343,29
8bgom9ed,2,-0.0645748987854251,0.6961242683866835,39
8bvw5l6m,0,-0.05172656800563776,0.7387864216484235,44
8bvw5l6m,1,-0.12353140713264807,0.4134069637335759,46
8bvw5l6m,2,0.0699201747318041,0.6019882517948318,58
8ea2p6af,0,0.4812030075187969,0.03171104462446243,20
8ea2p6af,1,0.40372670807453415,0.06241567418643731,22
8ea2p6af,2,0.40372670807453415,0.06241567418643731,22
8f8zt3st,0,-0.024630541871921176,0.8990796615242092,29
8f8zt3st,1,-0.004344919786096257,0.9808547396196755,33
8f8zt3st,2,0.04458834412580943,0.7685770791825829,46
8h4arbll,0,0.05309250136836344,0.7884533244332053,28
8h4arbll,1,0.10741023682200151,0.5454243123537525,34
8h4arbll,2,0.22368308716810384,0.11092202274908944,52
8joyts9v,0,-0.5321739130434783,0.007432234862799776,24
8joyts9v,1,-0.466768525592055,0.005388433938381615,34
8joyts9v,2,-0.34397536666396566,0.025714758560777855,42
97d81y5h,0,-0.02353585112205802,0.9053718891323466,28
97d81y5h,1,0.09233870967741936,0.6212704759638374,31
97d81y5h,2,0.15744267077222268,0.31935672025744644,42
9j7ueegp,0,-0.24505928853754944,0.25973639878298493,23
9j7ueegp,1,-0.27472527472527475,0.16549648175108944,27
9j7ueegp,2,-0.1536437246963563,0.3503823558964151,39
9nrzcss3,0,0.04828123291640595,0.7999915593878816,30
9nrzcss3,1,-0.06272163806984678,0.6788010262256705,46
9nrzcss3,2,0.06109292371617322,0.6371427853376216,62
9oel3e6n,0,0.1282051282051282,0.5239363999281759,27
9oel3e6n,1,0.12207792207792205,0.4915886154564765,34
9oel3e6n,2,0.06578376031263569,0.6568754317286918,48
9qtcjvmc,0,0.08877005347593582,0.6176100033183464,34
9qtcjvmc,1,0.08877005347593582,0.6176100033183464,34
9qtcjvmc,2,0.08877005347593582,0.6176100033183464,34
9uspc078,0,-0.4657909140667761,0.01248755052115743,28
9uspc078,1,-0.375366568914956,0.03425824881982932,32
9uspc078,2,-0.2811759127548601,0.09182926299731053,37
a5p5y4sc,0,0.1208695652173913,0.5737097351958667,24
a5p5y4sc,1,0.1208695652173913,0.5737097351958667,24
a5p5y4sc,2,0.11970443349753691,0.5362437826663684,29
a85uwjnl,0,0.08254533369579083,0.6645429578842899,30
a85uwjnl,1,0.051928333093250144,0.7535565631732064,39
a85uwjnl,2,0.17935046101972793,0.21754930279994572,49
a8rfzx5s,0,0.038375350140056025,0.8267537200517314,35
a8rfzx5s,1,-0.04628515154830944,0.7825960600836088,38
a8rfzx5s,2,-0.14501617785199877,0.24533276091028994,66
a8we3g2n,0,0.04827586206896552,0.8000133620903566,30
a8we3g2n,1,0.04451896392229418,0.7663630717633483,47
a8we3g2n,2,0.040074181583615545,0.7757190924860908,53
a9tst8ou,0,-0.29556650246305416,0.12675241271223336,28
a9tst8ou,1,-0.4539884013568224,0.004196908739470867,38
a9tst8ou,2,-0.26051020408163267,0.07062938474577253,49
afp5gyjq,0,-0.27586206896551724,0.15534071227054985,28
afp5gyjq,1,-0.27586206896551724,0.15534071227054985,28
afp5gyjq,2,-0.3165007112375533,0.05632552266967336,37
ak7p70cr,0,-0.3016862170087976,0.0933370574108893,32
ak7p70cr,1,-0.20020242914979758,0.22170626179229955,39
ak7p70cr,2,-0.27865827181936603,0.05512489489554317,48
amy89uxd,0,-0.281524926686217,0.11853642933685528,32
amy89uxd,1,-0.0014112027789839339,0.9924047522009785,48
amy89uxd,2,0.11529581529581533,0.4019085977914947,55
aoak6kjd,0,-0.10201612903225808,0.585005244249445,31
aoak6kjd,1,-0.009014514896867836,0.9596458127682785,34
aoak6kjd,2,0.03956508607671399,0.8011190667969612,43
b1a7x55v,0,0.3484615384615385,0.08780609400675049,25
b1a7x55v,1,0.3016806722689076,0.07819721071964211,35
b1a7x55v,2,0.28873728029602225,0.04903050727846804,47
bbwjy2wp,0,0.0083743842364532,0.965610361799865,29
bbwjy2wp,1,-0.004838709677419356,0.9793899192479512,31
bbwjy2wp,2,-0.06085043988269794,0.7407701394054165,32
bdzrp4hw,0,-0.4284706141343359,0.016178228672756024,31
bdzrp4hw,1,-0.4638729188398815,0.0038301856690299172,37
bdzrp4hw,2,-0.31459882326871313,0.03753718270554178,44
bgnmge8z,0,-0.2901477832512315,0.12680477692907416,29
bgnmge8z,1,-0.10923753665689148,0.5517492584533819,32
bgnmge8z,2,0.19127225358228397,0.1928125834418292,48
bjq7snhy,0,-0.0651967757230915,0.7014429732589038,37
bjq7snhy,1,0.08815889992360579,0.6200427154922392,34
bjq7snhy,2,-0.03815001598056388,0.7722769910414137,60
bov8714s,0,0.2679802955665024,0.159872727464912,29
bov8714s,1,0.2679802955665024,0.159872727464912,29
bov8714s,2,0.44381223328591746,0.0059321527534863415,37
by8g3u0l,0,0.33015780245470494,0.01065608220104361,59
by8g3u0l,1,0.33015780245470494,0.01065608220104361,59
by8g3u0l,2,0.33015780245470494,0.01065608220104361,59
bzqpqxz8,0,-0.18374384236453198,0.3400214118638063,29
bzqpqxz8,1,0.21683257918552037,0.12642500028213807,51
bzqpqxz8,2,0.09741594887468744,0.4590141603554092,60
c27ckyvv,0,0.26494606445765523,0.14974719605239636,31
c27ckyvv,1,0.11366972027311116,0.49081721878240436,39
c27ckyvv,2,-0.05103437673663515,0.7036087773009168,58
ca329wgb,0,-0.4613560929350402,0.0040520678065842945,37
ca329wgb,1,-0.4613560929350402,0.0040520678065842945,37
ca329wgb,2,-0.11831357048748352,0.43889405972807705,45
ca3ay7lb,0,0.2603129445234708,0.11969893167193259,37
ca3ay7lb,1,0.23189493433395875,0.1499135480322057,40
ca3ay7lb,2,0.21831637372802962,0.14041479031576015,47
cakl0wtj,0,0.043842364532019694,0.8213403537063924,29
cakl0wtj,1,0.2536437246963563,0.11921636650276606,39
cakl0wtj,2,0.39599771297884506,0.0030357212917923077,54
ccyabdqe,0,-0.23382173382173382,0.24045828997136087,27
ccyabdqe,1,-0.20821114369501464,0.25281168126116255,32
ccyabdqe,2,-0.10604890604890606,0.538173493852648,36
ce011nvu,0,0.14173669467787117,0.4166854920608609,35
ce011nvu,1,0.1034412955465587,0.5308836419629508,39
ce011nvu,2,0.1034412955465587,0.5308836419629508,39
ceglkt0l,0,0.05148980736817502,0.7491867784751857,41
ceglkt0l,1,-0.0688678117582205,0.6346323009183896,50
ceglkt0l,2,-0.00855070900127187,0.950596030612836,55
cf408j6o,0,0.19037458511142719,0.2590593001847728,37
cf408j6o,1,0.19037458511142719,0.2590593001847728,37
cf408j6o,2,0.11862348178137654,0.4719890031872671,39
ckz5c2mv,0,0.23116883116883116,0.18837003168238942,34
ckz5c2mv,1,0.2701608491082175,0.10091871065307478,38
ckz5c2mv,2,0.16887755102040813,0.24605695666306282,49
clajdzcg,0,0.1752136752136752,0.38203833879079985,27
clajdzcg,1,0.15766129032258067,0.3969596036225368,31
clajdzcg,2,0.0924880590534086,0.5318215877043582,48
cwlecwuu,0,-0.25670594223494414,0.14927491162311438,33
cwlecwuu,1,-0.21929440816151352,0.10121858332752065,57
cwlecwuu,2,-0.21929440816151352,0.10121858332752065,57
cy5bg4v8,0,0.2551820728291317,0.13901487139129026,35
cy5bg4v8,1,0.2551820728291317,0.13901487139129026,35
cy5bg4v8,2,0.20916138125440448,0.17300709675203949,44
d3xn52ne,0,-0.16911764705882354,0.5164176230839818,17
d3xn52ne,1,0.1105513702546724,0.351798344023737,73
d3xn52ne,2,0.37220391208075193,0.03592527849463579,32
d91x9dzs,0,0.1528205128205128,0.4560869461523138,26
d91x9dzs,1,0.07616639431294077,0.6148934327842,46
d91x9dzs,2,0.15502922186845952,0.25391979160208356,56
d95juvoy,0,-0.4241379310344827,0.021845319476522247,29
d95juvoy,1,-0.38240872451398766,0.01950015824665332,37
d95juvoy,2,-0.25837104072398187,0.06715798194937903,51
dhsfhn93,0,-0.08494208494208495,0.6223250812519652,36
dhsfhn93,1,-0.07820855614973263,0.6652949317765311,33
dhsfhn93,2,-0.06235182550972024,0.7139093055701555,37
dle1luaz,0,-0.22608695652173913,0.2880995376657835,24
dle1luaz,1,0.044451871657754015,0.805967340002315,33
dle1luaz,2,0.017618040873854827,0.9096268435222103,44
dpzr2el1,0,0.09604105571847506,0.601053362727715,32
dpzr2el1,1,0.19062596361393772,0.20444779267633464,46
dpzr2el1,2,-0.07807724367879969,0.5532026895641451,60
e04lrby9,0,0.15826086956521737,0.460148912728106,24
e04lrby9,1,0.18281335522714834,0.3517845273933381,28
e04lrby9,2,0.23093841642228732,0.2034860319641593,32
e0zfbfzq,0,-0.2093409198672356,0.21368390222964062,37
e0zfbfzq,1,-0.07140974967061922,0.6411102619525647,45
e0zfbfzq,2,-0.008575770733825445,0.953868470918281,48
e2rj2qry,0,-0.10455192034139402,0.5380079750057547,37
e2rj2qry,1,-0.04477351916376308,0.7810401634357148,41
e2rj2qry,2,0.16917293233082706,0.20838393384851364,57
e32zsqzw,0,-0.2385026737967914,0.17434409646656998,34
e32zsqzw,1,-0.20645586297760213,0.17361268058947435,45
e32zsqzw,2,-0.02067669172932331,0.8786637229024812,57
e7rg5tg3,0,0.11408156501736,0.5556911521530308,29
e7rg5tg3,1,-0.03771641957416825,0.8271255651870861,36
e7rg5tg3,2,-0.0630369365538764,0.7069322639876816,38
e953ctkq,0,-0.1955645161290323,0.29172978314345427,31
e953ctkq,1,-0.16936936936936942,0.32339243485823377,36
e953ctkq,2,0.17255574614065178,0.21212822907210463,54
ea0n755o,0,-0.409035409035409,0.03413106235164483,27
ea0n755o,1,-0.38024193548387103,0.034850855329608986,31
ea0n755o,2,-0.3476418318523582,0.008657880290168755,56
ed8fmmat,0,-0.15826086956521737,0.460148912728106,24
ed8fmmat,1,0.012987012987012986,0.9418880016128985,34
ed8fmmat,2,-0.025713973082394134,0.8782077003748251,38
ehwu4hc8,0,-0.20009483167377903,0.2350663731640521,37
ehwu4hc8,1,-0.1618466898954704,0.31203523330512156,41
ehwu4hc8,2,-0.14524533217542338,0.32462420289234706,48
ejs0rb6b,0,-0.3893716577540107,0.02510742370859357,33
ejs0rb6b,1,-0.18238866396761136,0.2664342180613777,39
ejs0rb6b,2,0.10809123649459784,0.4549537948391501,50
en94evz4,0,-0.3121367521367521,0.12056796044738735,26
en94evz4,1,-0.21895174526753475,0.18659682906605723,38
en94evz4,2,0.022739291380222102,0.8619064603694584,61
enkucd6x,0,-0.32620320855614976,0.06392764497524987,33
enkucd6x,1,-0.37451737451737455,0.024423032957120464,36
enkucd6x,2,-0.4439024390243903,0.0041145382236983845,40
ewp8gcnb,0,0.47401137508560964,0.025837805197679406,22
ewp8gcnb,1,0.47401137508560964,0.025837805197679406,22
ewp8gcnb,2,0.47401137508560964,0.025837805197679406,22
f0t6xrl6,0,-0.11461538461538462,0.5853816553920668,25
f0t6xrl6,1,0.16588330686558883,0.29376458460198274,42
f0t6xrl6,2,0.15857434161346373,0.3097985341639969,43
f10kqb0y,0,0.18110544901537987,0.2571387880126075,41
f10kqb0y,1,0.3613078547952523,0.012587561718384778,47
f10kqb0y,2,0.31086190900570415,0.01045498287409376,67
f1j8h343,0,-0.10098522167487682,0.6022020102530081,29
f1j8h343,1,0.04574898785425101,0.7821243987346914,39
f1j8h343,2,-0.010702324293017049,0.9342033693632072,62
f3vodboo,0,-0.2818828680897646,0.14615754774628542,28
f3vodboo,1,-0.307258064516129,0.09268723812758556,31
f3vodboo,2,-0.23965569314406523,0.12165271540160026,43
f64vuk5j,0,0.0147008547008547,0.9431773328098857,26
f64vuk5j,1,-0.11795543965580543,0.5274052950492513,31
f64vuk5j,2,0.005361120553524479,0.9727818527962856,43
f7m5xxh0,0,-0.23106900584195747,0.18856625523057452,34
f7m5xxh0,1,-0.23106900584195747,0.18856625523057452,34
f7m5xxh0,2,-0.19934160277585855,0.25094424487358635,35
ffgf7a36,0,-0.09,0.6687736167185602,25
ffgf7a36,1,-0.04173961772263979,0.8118264037515159,35
ffgf7a36,2,0.01550442229370898,0.9204317406899098,44
fjjcuagj,0,-0.22660098522167485,0.24623106829725866,28
fjjcuagj,1,-0.28042521994134895,0.1200435384566156,32
fjjcuagj,2,-0.25343764817449027,0.1301470709878202,37
fjp1wa37,0,-0.6409686382976505,0.000982353592308147,23
fjp1wa37,1,-0.6409686382976505,0.000982353592308147,23
fjp1wa37,2,-0.46990766783156396,0.008789550896687804,30
fjsj7hj6,0,-0.23517551193996808,0.19508364425303878,32
fjsj7hj6,1,-0.23517551193996808,0.19508364425303878,32
fjsj7hj6,2,-0.15516979624103241,0.34555968282449057,39
fl2eg6m8,0,-0.44088669950738907,0.01666997716029615,29
fl2eg6m8,1,-0.4367009290754616,0.011055458449096209,33
fl2eg6m8,2,-0.23373641542746915,0.106008830657197,49
fl6ok426,0,0.06718146718146718,0.6970516949153747,36
fl6ok426,1,0.14407665505226483,0.36880587035133106,41
fl6ok426,2,0.15990697356557124,0.2998021918802389,44
frlcmqro,0,0.031333456739053266,0.8105487435784438,61
frlcmqro,1,0.005180548277155485,0.9727420512263394,46
frlcmqro,2,0.06321049711925004,0.6343474648594734,59
ft7rclmy,0,0.006863225732917281,0.9687873945635503,35
ft7rclmy,1,-0.25159512231469805,0.1036300986938642,43
ft7rclmy,2,-0.2535778974778564,0.07873334938554957,49
ftsvvwkz,0,0.14285714285714285,0.46833125719180735,28
ftsvvwkz,1,0.09372469635627532,0.5703617336169822,39
ftsvvwkz,2,0.18252100840336133,0.2045611630819302,50
g7crlu4q,0,-0.3074339831269517,0.11877457760613311,27
g7crlu4q,1,-0.2986035143579507,0.07689393450018532,36
g7crlu4q,2,-0.2986035143579507,0.07689393450018532,36
gb46vvx8,0,0.3002955113768427,0.05973783289909611,40
gb46vvx8,1,0.14009281629172002,0.3422639622208281,48
gb46vvx8,2,-0.03249541396027836,0.8173225240855426,53
gefno93q,0,-0.10593841642228738,0.5638967760642057,32
gefno93q,1,-0.09884169884169886,0.5662873571823532,36
gefno93q,2,0.06893182805036908,0.6415452068053229,48
gg27mu5e,0,-0.035923753665689145,0.8452417765442577,32
gg27mu5e,1,-0.035923753665689145,0.8452417765442577,32
gg27mu5e,2,-0.035923753665689145,0.8452417765442577,32
gncr33l5,0,-0.09944382647385984,0.6010917668848579,30
gncr33l5,1,-0.19510939510939512,0.2541434563340792,36
gncr33l5,2,-0.250651324359531,0.0857350019937278,48
grc7mgg8,0,0.4307957093740375,0.02801661428626986,26
grc7mgg8,1,0.32454095175335146,0.08015859554774638,30
grc7mgg8,2,0.32454095175335146,0.08015859554774638,30
gvwtc90w,0,-0.019799777530589546,0.9172886297292692,30
gvwtc90w,1,-0.13642213642213644,0.42756523123030576,36
gvwtc90w,2,-0.03465809468147282,0.7944039180964363,59
gx4q813x,0,0.08485958485958486,0.6738726398760038,27
gx4q813x,1,0.11794019933554818,0.4513111892057641,43
gx4q813x,2,-0.011835925268761092,0.9248537129234708,66
gz6ge8t0,0,0.13416422287390029,0.4641248149990146,32
gz6ge8t0,1,0.11960784313725492,0.49373890377186136,35
gz6ge8t0,2,0.2672244514641851,0.055476287909482766,52
h12hcnfu,0,-0.10564516129032257,0.5716506341346818,31
h12hcnfu,1,-0.04385026737967914,0.8054939300276039,34
h12hcnfu,2,-0.17874564459930317,0.2634944576330897,41
h7ewlj4c,0,-0.42154316271963327,0.013028090319898157,34
h7ewlj4c,1,-0.42154316271963327,0.013028090319898157,34
h7ewlj4c,2,-0.42600422832980966,0.0043956345680475515,43
hbfgm4en,0,-0.2177339901477832,0.2565281594462969,29
hbfgm4en,1,-0.14571746384872078,0.4422920541768921,30
hbfgm4en,2,-0.30931174089068825,0.05535396177514148,39
hfsbr68j,0,0.09496925141518693,0.611321302216433,31
hfsbr68j,1,0.1408160650099999,0.41268827213220993,36
hfsbr68j,2,-0.05376025325194204,0.7257832407392764,45
ht3a4k7n,0,0.17155425219941348,0.3478167389929627,32
ht3a4k7n,1,0.09369369369369371,0.5867714738199759,36
ht3a4k7n,2,0.04582176996608079,0.762359019735498,46
i6zcowcn,1,0.13049853372434017,0.47653042810790036,32
i6zcowcn,2,-0.06612673389845401,0.6314617488381216,55
j38ge75j,0,-0.1415608014263198,0.4474786118827093,31
j38ge75j,1,-0.24036778879102674,0.14604636509626373,38
j38ge75j,2,-0.27920852616041025,0.0698023990790566,43
j5fdfa52,0,0.0856309073507063,0.594498664806216,41
j5fdfa52,1,0.0712998712998713,0.6794395180228429,36
j5fdfa52,2,0.031789179620194445,0.8396321299266045,43
j92r06a0,0,-0.08472183336994678,0.7077647087028738,22
j92r06a0,1,-0.02857510642798901,0.868602823631213,36
j92r06a0,2,-0.06438732887527408,0.6220198935510323,61
j9sizmqm,0,-0.4953475643130815,0.007357274107861587,28
j9sizmqm,1,-0.41034482758620683,0.02703715615568301,29
j9sizmqm,2,-0.4953475643130815,0.007357274107861587,28
jed0nmnt,0,0.09683562262314105,0.5418194534156879,42
jed0nmnt,1,0.008325881159714173,0.9562056045140727,46
jed0nmnt,2,0.008325881159714173,0.9562056045140727,46
jrdascjr,0,-0.314176245210728,0.10348250815306453,28
jrdascjr,1,-0.325,0.07443228656617935,31
jrdascjr,2,-0.42787456445993044,0.005261059207455838,41
jzycrhj5,0,-0.14304783092324808,0.45078685432665355,30
jzycrhj5,1,-0.13817577771066145,0.3768965798025625,43
jzycrhj5,2,-0.04743677375256323,0.7284610522203061,56
k562tcql,0,0.25549853372434017,0.15813677027672762,32
k562tcql,1,0.35040303461356087,0.03348729719836064,37
k562tcql,2,0.48610691633947445,0.0009503654901850373,43
k5d1rofk,0,-0.28998778998779,0.1423048027933364,27
k5d1rofk,1,-0.18175750834260287,0.33641930521880103,30
k5d1rofk,2,-0.2584677419354839,0.1603374230892852,31
k79pujk9,0,-0.10980392156862746,0.5300563874467288,35
k79pujk9,1,-0.10980392156862746,0.5300563874467288,35
k79pujk9,2,-0.02377333912288319,0.8725758465618952,48
kngumvtr,0,-0.10672268907563026,0.541731525776,35
kngumvtr,1,-0.1348973607038123,0.4616643429191939,32
kngumvtr,2,-0.09923722547171644,0.49751476725697874,49
ko56de96,0,0.10040392568880183,0.6329862797725252,25
ko56de96,1,0.10040392568880183,0.6329862797725252,25
ko56de96,2,0.10040392568880183,0.6329862797725252,25
kxh94be7,0,0.07970571700467087,0.761061659836389,17
kxh94be7,1,0.07970571700467087,0.761061659836389,17
kxh94be7,2,0.07970571700467087,0.761061659836389,17
kxnt9kp0,0,0.1111111111111111,0.5811237318667098,27
kxnt9kp0,1,0.08027859237536657,0.6622834743373871,32
kxnt9kp0,2,0.02299651567944251,0.8865156223446046,41
l100teaa,0,-0.1288436340855721,0.48970447383244575,31
l100teaa,1,-0.1288436340855721,0.48970447383244575,31
l100teaa,2,-0.2189990855337494,0.16892121143488206,41
l3nbrm7f,0,-0.048387096774193554,0.7960302182567857,31
l3nbrm7f,1,-0.1294452347083926,0.4385964240613278,38
l3nbrm7f,2,-0.054819800260529745,0.711330544793003,48
l6hfl3pa,0,0.06027667984189724,0.7846962247332138,23
l6hfl3pa,1,0.07334428024083196,0.7107066108811115,28
l6hfl3pa,2,0.42754182754182757,0.009297261772820706,36
l7yvo06m,0,-0.23772557838323863,0.19782878811071253,31
l7yvo06m,1,-0.08108588716751317,0.6333020597469181,37
l7yvo06m,2,-0.03749730181560161,0.804593237370152,46
lj76ouon,0,0.4597643535731324,0.007104719750968333,33
lj76ouon,1,0.4597643535731324,0.007104719750968333,33
lj76ouon,2,0.4597643535731324,0.007104719750968333,33
loectuv1,0,-0.04137931034482758,0.8312306026358672,29
loectuv1,1,-0.043621700879765385,0.8126128523247662,32
loectuv1,2,0.03491436100131751,0.8198863064535202,45
lqu0kteg,0,-0.033846153846153845,0.8696201004656646,26
lqu0kteg,1,0.2606757961267321,0.09544361326972366,42
lqu0kteg,2,0.24507436519502124,0.06371230577347746,58
lrg6mws3,0,-0.4666666666666667,0.01624832620822752,26
lrg6mws3,1,-0.41778074866310166,0.015553292642919174,33
lrg6mws3,2,-0.3719887955182073,0.027776066106187526,35
lscmkkca,0,0.3567193675889328,0.09475100941564729,23
lscmkkca,1,0.21423804226918797,0.25560931823822175,30
lscmkkca,2,0.09678249678249677,0.5744416072488272,36
luv5vgd0,0,-0.11363636363636363,0.5357449997635357,32
luv5vgd0,1,-0.11363636363636363,0.5357449997635357,32
luv5vgd0,2,0.0993388163199484,0.479127782384851,53
m1cb655u,0,-0.1172413793103448,0.5447226506761997,29
m1cb655u,1,-0.13185483870967743,0.479526526029906,31
m1cb655u,2,-0.1450534759358289,0.42058180274483625,33
m276c4ep,0,0.40474598930481287,0.019469599581745205,33
m276c4ep,1,0.40474598930481287,0.019469599581745205,33
m276c4ep,2,0.37692895339954163,0.027991074740628064,34
mb40veev,0,0.3925518925518926,0.042829798707248345,27
mb40veev,1,0.1948790896159317,0.2477464115053591,37
mb40veev,2,0.08479638009049774,0.5541039312503034,51
mcwfgp6h,0,0.25615763546798026,0.17982993883089854,29
mcwfgp6h,1,0.1611295681063123,0.30196600922741224,43
mcwfgp6h,2,0.17545557168198678,0.20887951743888603,53
mdbmfcjy,0,-0.22003284072249588,0.26055596644562684,28
mdbmfcjy,1,-0.2136422136422137,0.2108908826288139,36
mdbmfcjy,2,-0.09589247961340985,0.5407414759688883,43
megl143b,0,-0.4729064039408866,0.009576321866384426,29
megl143b,1,-0.19646632437330114,0.20669636223937785,43
megl143b,2,-0.1901338971106413,0.21637988327730653,44
meqqpvcw,0,0.33896103896103896,0.1328105963995839,21
meqqpvcw,1,0.32615384615384607,0.11157727271491934,25
meqqpvcw,2,0.32615384615384607,0.11157727271491934,25
moadtx0m,0,0.01200750469043152,0.9413791424205267,40
moadtx0m,1,0.01200750469043152,0.9413791424205267,40
moadtx0m,2,0.0224706904038211,0.8795049239011834,48
mp7nqt0t,0,-0.044377588696799336,0.8526215721252116,20
mp7nqt0t,1,-0.1319487112412905,0.5117850694496628,27
mp7nqt0t,2,-0.06894655069642475,0.7076976742880887,32
mq1g9lgf,0,0.014037433155080216,0.9381993063202716,33
mq1g9lgf,1,0.014037433155080216,0.9381993063202716,33
mq1g9lgf,2,0.04271493212669683,0.765993937944675,51
mw4zog21,0,-0.3881964809384164,0.02812655722797877,32
mw4zog21,1,-0.41209781209781216,0.012510126471447065,36
mw4zog21,2,-0.41655052264808373,0.006746761837609436,41
mzayotw7,0,0.08743469929490628,0.6341883042898959,32
mzayotw7,1,0.06126520380792437,0.7226255459409239,36
mzayotw7,2,0.23071348623754917,0.12731522119307664,45
n01dwj5x,0,0.09798387096774194,0.6000025529794724,31
n01dwj5x,1,0.09798387096774194,0.6000025529794724,31
n01dwj5x,2,0.06315789473684211,0.7024836231951175,39
ndmfhf6j,0,0.1620142309797482,0.41012416488083236,28
ndmfhf6j,1,0.1620142309797482,0.41012416488083236,28
ndmfhf6j,2,0.1620142309797482,0.41012416488083236,28
nhywpv6t,0,-0.07787433155080214,0.6666429225381993,33
nhywpv6t,1,-0.07787433155080214,0.6666429225381993,33
nhywpv6t,2,-0.10115830115830116,0.557177762581669,36
o4bcr0ez,0,0.48229548229548225,0.010843088971580242,27
o4bcr0ez,1,0.44976587121863293,0.005223853998357511,37
o4bcr0ez,2,0.3202554748218198,0.023368672574181015,50
o4kb5ubn,0,0.43621084797555376,0.009908402847696984,34
o4kb5ubn,1,0.31652661064425774,0.06394787981966876,35
o4kb5ubn,2,0.157280609350944,0.31986141819107855,42
o4ryh2cf,0,-0.10246305418719209,0.5968716261640158,29
o4ryh2cf,1,-0.14739304812834225,0.4130456332620812,33
o4ryh2cf,2,-0.1020242914979757,0.5365569793329477,39
o8j8ee01,0,0.22358175750834258,0.23495949078364686,30
o8j8ee01,1,0.2153846153846154,0.1878951275373875,39
o8j8ee01,2,0.11194968553459118,0.42027304559192746,54
ogvxml4v,0,-0.10427350427350426,0.6122046666360923,26
ogvxml4v,1,-0.10427350427350426,0.6122046666360923,26
ogvxml4v,2,0.04257703081232493,0.8081206890692815,35
ol27oalx,0,0.3382352941176471,0.05419569589158515,33
ol27oalx,1,0.3382352941176471,0.05419569589158515,33
ol27oalx,2,0.34091986723565665,0.03893487663897336,37
omq8gn7t,0,0.39285714285714285,0.005234454963835457,49
omq8gn7t,1,0.23882684479699406,0.05345660711129388,66
omq8gn7t,2,0.23882684479699406,0.05345660711129388,66
os6ns8xs,0,0.525250278086763,0.002878308555871507,30
os6ns8xs,1,0.49816715542521983,0.0037125028515206065,32
os6ns8xs,2,0.4886363636363637,0.003910238561205851,33
osclo57c,0,-0.21923076923076923,0.29238141281731655,25
osclo57c,1,-0.21245760098674066,0.1563240652607496,46
osclo57c,2,-0.23052477884756664,0.05858809693711058,68
osewai66,0,-0.19958371877890843,0.17862200699563485,47
osewai66,1,-0.3125,0.07662686279823412,33
osewai66,2,-0.19958371877890843,0.17862200699563485,47
owm8vgrf,0,-0.26246498599439777,0.1277042247039941,35
owm8vgrf,1,-0.09412955465587046,0.5686904065856566,39
owm8vgrf,2,0.0033919210607462227,0.9821511684471795,46
oylo9kjt,0,-0.437593984962406,0.05366144000429185,20
oylo9kjt,1,0.1976833976833977,0.24780814478772065,36
oylo9kjt,2,0.44035065787325306,0.00043002331812030974,60
ozckhtpn,0,0.31253420908593316,0.10539680055946204,28
ozckhtpn,1,0.4046558704453442,0.010612990692177466,39
ozckhtpn,2,0.33906362545018,0.01600813289296645,50
p0200pxz,0,0.07188970346865084,0.6679888095565566,38
p0200pxz,1,-0.02491289198606272,0.8771280045482728,41
p0200pxz,2,0.020859760394644114,0.8930869675294112,44
pgwrpay6,0,0.18555008210180626,0.34449626553114066,28
pgwrpay6,1,0.1524193548387097,0.41303751110924614,31
pgwrpay6,2,0.04033771106941839,0.8048085483321273,40
pjn9bgwv,0,0.03826086956521739,0.8591175903218993,24
pjn9bgwv,1,-0.013136288998357963,0.9471037547724636,28
pjn9bgwv,2,0.054054054054054064,0.7541991066246706,36
pl98g51f,0,0.08655462184873951,0.6210259577674413,35
pl98g51f,1,0.0923913043478261,0.536792745820696,47
pl98g51f,2,0.11207869698435735,0.4242840721069826,53
plbsupae,0,-0.314144572621786,0.08523582250855959,31
plbsupae,1,-0.29049653408307025,0.09047199848318177,35
plbsupae,2,-0.044389791593551074,0.7522968091939612,53
plglskmq,0,-0.1125943757522705,0.500923279454069,38
plglskmq,1,-0.041734693877551014,0.7758547126670023,49
plglskmq,2,-0.041734693877551014,0.7758547126670023,49
pn9toa0c,0,0.06307692307692309,0.7645308004755562,25
pn9toa0c,1,-0.12575445066879226,0.4785344185000677,34
pn9toa0c,2,-0.17737003070745072,0.2551745896694385,43
pw1vbhew,0,0.231990231990232,0.2442674509373843,27
pw1vbhew,1,0.15542521994134895,0.39564949881602385,32
pw1vbhew,2,0.1173469387755102,0.4270074918093445,48
q0dwebbw,0,0.011857707509881424,0.9582317578505689,22
q0dwebbw,1,-0.09,0.6687736167185602,25
q0dwebbw,2,-0.03739002932551319,0.8390055585680635,32
q1om387j,0,-0.0967741935483871,0.6109428677788464,30
q1om387j,1,-0.0744079449961803,0.6757854046415257,34
q1om387j,2,-0.028212422949265053,0.8683519403461609,37
q2aqjfxd,0,0.2776923076923077,0.17895216877264736,25
q2aqjfxd,1,0.26585094549499444,0.15562114684291348,30
q2aqjfxd,2,0.3382208119050224,0.037807412853352235,38
q4rt0asa,0,0.26700854700854704,0.1872983539786441,26
q4rt0asa,1,0.3005799321588795,0.06670380069475518,38
q4rt0asa,2,0.5200933367902515,3.375501289087631e-05,57
q5n56cf6,0,-0.1862026862026862,0.35241080833560523,27
q5n56cf6,1,-0.2855571847507331,0.11313066648929762,32
q5n56cf6,2,-0.2409585821848144,0.14502774182782247,38
q5xojehv,0,-0.4268519531677426,0.00752619993379541,38
q5xojehv,1,-0.2916742081447964,0.03782695257312549,51
q5xojehv,2,-0.1546422905492181,0.2300968879027575,62
q6c3okxt,0,0.14745205941115982,0.40530217998102824,34
q6c3okxt,1,0.14745205941115982,0.40530217998102824,34
q6c3okxt,2,0.20086690037189617,0.19107196063121742,44
q853r5zb,0,0.10629514963880288,0.6746395315456968,18
q853r5zb,1,0.05911330049261084,0.7650939106501369,28
q853r5zb,2,0.07511795001875454,0.619784578213374,46
qc5zq6d6,0,-0.4195369847543761,0.051931713056619436,22
qc5zq6d6,1,-0.4195369847543761,0.051931713056619436,22
qc5zq6d6,2,-0.4195369847543761,0.051931713056619436,22
qde73vyx,0,-0.525030525030525,0.00492444204066404,27
qde73vyx,1,-0.41463414634146345,0.007810648957324131,40
qde73vyx,2,-0.3870837047240904,0.011326326959780178,42
qdhw1my2,0,0.3507692307692308,0.08558401494752202,25
qdhw1my2,1,0.2076923076923077,0.2045386404836251,39
qdhw1my2,2,0.34184599429608503,0.0092513652909156,57
qkweurt7,0,-0.09089068825910933,0.5821233793307419,39
qkweurt7,1,-0.09089068825910933,0.5821233793307419,39
qkweurt7,2,-0.14850678733031675,0.2983217220297192,51
qtof6r00,0,0.059902201188398486,0.7364754283082684,34
qtof6r00,1,0.06347121946519231,0.7050036328951076,38
qtof6r00,2,0.0699123073549483,0.6188772689398466,53
qvlb9w34,0,-0.06453201970443348,0.7394542125298722,29
qvlb9w34,1,0.053810160427807494,0.7661517238575037,33
qvlb9w34,2,-0.029489795918367343,0.8405865808904409,49
r0xxu91o,0,0.2428571428571428,0.20429689292588718,29
r0xxu91o,1,0.2848240469208211,0.11409956286020782,32
r0xxu91o,2,0.5634828862164662,3.724884975847869e-05,47
r8pfb1j1,0,-0.039999999999999994,0.8494374038786923,25
r8pfb1j1,1,0.17494270435446904,0.3223766387300432,34
r8pfb1j1,2,0.2190816326530612,0.13042647069081542,49
r8wb21ed,0,-0.038044308632543926,0.8308479828883855,34
r8wb21ed,1,0.05428194993412384,0.7232273168907368,45
r8wb21ed,2,0.03356227106227106,0.792334433646137,64
rcze7dce,0,0.3976923076923076,0.04898445560620918,25
rcze7dce,1,0.24032258064516132,0.19282897307843058,31
rcze7dce,2,0.2553475935828877,0.1515146448659109,33
reld2apx,0,-0.0817733990147783,0.673243761027488,29
reld2apx,1,0.021543162719633305,0.9037445927076386,34
reld2apx,2,-0.09809954751131221,0.4934337756037461,51
rph1sr8p,0,-0.05520421607378129,0.7187161953409884,45
rph1sr8p,1,-0.07723300848631362,0.5507414337777676,62
rph1sr8p,2,-0.10239014716626658,0.41331070372152834,66
s0dpoaj2,0,-0.34551341350601295,0.017373454037480078,47
s0dpoaj2,1,-0.377307963354475,0.011575877137342028,44
s0dpoaj2,2,-0.3614285714285714,0.010723357450580385,49
sj1x8777,0,0.22434782608695653,0.2919232059452402,24
sj1x8777,1,0.12620967741935485,0.4986967323955437,31
sj1x8777,2,-0.08510869273359821,0.5651881691077232,48
sn05jcqr,0,0.18790322580645163,0.31141321776776876,31
sn05jcqr,1,0.2864915572232646,0.07309230471380032,40
sn05jcqr,2,0.2794466403162055,0.06301840319160257,45
thy0koej,0,-0.509059829059829,0.007908538928725959,26
thy0koej,1,-0.37477477477477483,0.024317311238745323,36
thy0koej,2,-0.3601232811759127,0.028567183369991103,37
tka97pqw,0,0.10372013125808384,0.5923534948771686,29
tka97pqw,1,0.19653091369891354,0.2652766645894995,34
tka97pqw,2,0.24277572519580784,0.10807540345766106,45
tlrpvr4u,0,-0.3359912029508663,0.06009346819629017,32
tlrpvr4u,1,-0.27065638773005546,0.0869776030111543,41
tlrpvr4u,2,-0.25815063695830953,0.0673998374482958,51
tokuqe0x,0,-0.04512195121951221,0.7793784414983166,41
tokuqe0x,1,-0.04512195121951221,0.7793784414983166,41
tokuqe0x,2,-0.055366146458583426,0.7025438216408655,50
tpzzsuzc,0,-0.09422460275767684,0.5429367132177703,44
tpzzsuzc,1,-0.02296035515004608,0.8755648705688845,49
tpzzsuzc,2,-0.02296035515004608,0.8755648705688845,49
tu5ios9u,0,-0.08135888501742163,0.6130812221395628,41
tu5ios9u,1,-0.08135888501742163,0.6130812221395628,41
tu5ios9u,2,0.09861239592969472,0.5143962988798567,46
u4lthrkj,0,0.38217636022514073,0.014948325615454248,40
u4lthrkj,1,0.15785878937932213,0.26369963798566737,52
u4lthrkj,2,0.05407057515976661,0.6815721162623203,60
u64ghk41,0,0.20146520146520144,0.3136035299726436,27
u64ghk41,1,0.26502932551319647,0.14266317129909895,32
u64ghk41,2,0.3432541853594485,0.034870929011391986,38
u79fcv4e,0,-0.588943623426382,0.0009765605897552657,28
u79fcv4e,1,-0.3866151866151866,0.01984760895970967,36
u79fcv4e,2,-0.0546938775510204,0.7059916582285432,50
u83t6f5u,0,-0.0869432350310362,0.624893470206853,34
u83t6f5u,1,-0.01138047539193167,0.9467004528142829,37
u83t6f5u,2,0.04749827071979566,0.7566850925937959,45
u8dyfsgq,0,0.04618768328445748,0.8018019929911264,32
u8dyfsgq,1,0.09915966386554623,0.5708968189866019,35
u8dyfsgq,2,0.08738548273431994,0.5727246102650054,44
udatcanb,0,-0.335706340378198,0.069731338234315,30
udatcanb,1,-0.32620320855614976,0.05972766935146055,34
udatcanb,2,-0.10557491289198609,0.5112174014072586,41
udvn2mzu,0,0.4092741935483872,0.0222380325739601,31
udvn2mzu,1,0.4874712769449612,0.0019080937969784045,38
udvn2mzu,2,0.4489878542510121,0.004142572037143361,39
uuzly5g6,0,-0.2495208262308854,0.11564844532250436,41
uuzly5g6,1,-0.22927826559909964,0.13436695940541823,44
uuzly5g6,2,-0.3001312423008098,0.03236835906284404,51
uxevk7ry,0,-0.12069154174417333,0.47042704059578666,38
uxevk7ry,1,-0.06263673932420388,0.693529843485581,42
uxevk7ry,2,-0.060376194881282756,0.6901984073139122,46
v3pumabp,0,0.3456140350877193,0.14724536947686556,19
v3pumabp,1,0.3456140350877193,0.14724536947686556,19
v3pumabp,2,0.3456140350877193,0.14724536947686556,19
v4lf8fmg,0,-0.08217636022514073,0.6141894515611516,40
v4lf8fmg,1,-0.12513368983957218,0.48072580738702,34
v4lf8fmg,2,-0.08217636022514073,0.6141894515611516,40
v8f7tv66,0,-0.3156408808582722,0.15244364055052634,22
v8f7tv66,1,-0.34980237154150196,0.10179594567782949,23
v8f7tv66,2,-0.34980237154150196,0.10179594567782949,23
vam1u9yp,0,0.13299145299145299,0.5172037613432983,26
vam1u9yp,1,-0.0020022246941045607,0.9916218614160739,30
vam1u9yp,2,-0.150281425891182,0.35465625185479943,40
vfv0b4w7,0,-0.03596059113300492,0.8530760771622107,29
vfv0b4w7,1,0.07960275019098549,0.6545071826743613,34
vfv0b4w7,2,0.3671895255379829,0.004959127586991471,57
vm07y4lv,0,0.28937728937728935,0.1431848593956771,27
vm07y4lv,1,0.24585111427216685,0.14244519116003915,37
vm07y4lv,2,0.18168922886309594,0.22687329508328902,46
vretuan7,0,-0.1431451612903226,0.4423592092878863,31
vretuan7,1,0.13216108905275098,0.40409929765778585,42
vretuan7,2,0.1361224489795918,0.351021531557555,49
vv64za29,0,0.1373517786561265,0.5320006487985598,23
vv64za29,1,0.2222222222222222,0.25572201711873627,28
vv64za29,2,0.1645329540066382,0.3304948463893339,37
w0w10kdy,0,-0.627932551319648,0.00011934842765554697,32
w0w10kdy,1,-0.4744348107932907,0.001501917090068946,42
w0w10kdy,2,-0.49833887043189373,0.0006717082937412039,43
wakev0b6,0,0.005173050907571973,0.9787528861211315,29
wakev0b6,1,0.06325922548831105,0.7222743656094786,34
wakev0b6,2,0.11013823844987297,0.44166180110185116,51
wcb34l6a,0,-0.04859360847358822,0.7951780240188142,31
wcb34l6a,1,0.03513739630160368,0.8387859180111132,36
wcb34l6a,2,0.10017601735741084,0.4625882279827874,56
wcw4ohsc,0,-0.12347052280311456,0.5156699825939659,30
wcw4ohsc,1,-0.24505928853754938,0.10469736745236169,45
wcw4ohsc,2,-0.17668030391583872,0.18069161709746367,59
wi7hac7j,0,-0.1398781109405678,0.3594347495569048,45
wi7hac7j,1,-0.1877563630649505,0.21147198999003358,46
wi7hac7j,2,-0.1877563630649505,0.21147198999003358,46
wsvq80ww,0,0.07396950875211745,0.7435587990333694,22
wsvq80ww,1,0.050434782608695654,0.8149558189775674,24
wsvq80ww,2,0.050434782608695654,0.8149558189775674,24
wx7vlt3z,0,0.11290322580645161,0.53839688472732,32
wx7vlt3z,1,0.23013937282229968,0.14774256749443415,41
wx7vlt3z,2,0.2020055984496601,0.1283442255027794,58
x38laa0m,0,-0.04077540106951872,0.8217470033220181,33
x38laa0m,1,-0.04077540106951872,0.8217470033220181,33
x38laa0m,2,-0.09764200632039544,0.5384434396406823,42
x47xv88l,0,-0.13400665208186444,0.48828416733370905,29
x47xv88l,1,-0.04837738921323767,0.7730213430367942,38
x47xv88l,2,0.16158233600259186,0.25730477652919204,51
x58agx78,0,-0.052090592334494784,0.7463565048814087,41
x58agx78,1,-0.0075630252100840345,0.9656066373763852,35
x58agx78,2,-0.020093662396700827,0.88206039790289,57
x7be10rc,0,0.16397959183673466,0.2602220871823733,49
x7be10rc,1,0.17640034737299176,0.2303900345374404,48
x7be10rc,2,0.16397959183673466,0.2602220871823733,49
x93jpz3v,0,0.49511599511599513,0.008645263604568265,27
x93jpz3v,1,0.43240284619594965,0.0215588499153467,28
x93jpz3v,2,0.38325123152709356,0.040150701713206775,29
xmjokwex,0,0.32943548387096777,0.070336060089776,31
xmjokwex,1,0.08543204515848893,0.5637059575988512,48
xmjokwex,2,0.07891705069124424,0.5386859019515248,63
xtydya8r,0,-0.19931623931623932,0.3289776750226714,26
xtydya8r,1,-0.22879036672140118,0.24157387722865645,28
xtydya8r,2,-0.014209320091673033,0.9364291974691858,34
y11ze55t,0,0.185761957730812,0.3256980819106049,30
y11ze55t,1,0.16760886172650877,0.34338961385897526,34
y11ze55t,2,0.32519272278754235,0.027441018481104223,46
y3ceflss,0,-0.1027120619115329,0.6251507650914251,25
y3ceflss,1,-0.1027120619115329,0.6251507650914251,25
y3ceflss,2,-0.1027120619115329,0.6251507650914251,25
yez058ut,0,0.05864661654135337,0.8059928433862233,20
yez058ut,1,0.05864661654135337,0.8059928433862233,20
yez058ut,2,0.05864661654135337,0.8059928433862233,20
yh9m6vp1,0,0.052822580645161286,0.7777788926510589,31
yh9m6vp1,1,0.23433395872420262,0.1455543559727335,40
yh9m6vp1,2,0.09829531812725088,0.4970615580848924,50
yp50tjlx,0,-0.18111184174981595,0.2765141708606878,38
yp50tjlx,1,-0.25901589544473325,0.13908832018327594,34
yp50tjlx,2,0.09723960756328458,0.5251311386284363,45
z4je4y60,0,0.01844532279314888,0.9042746526000423,45
z4je4y60,1,-0.18054298642533936,0.20486257424253476,51
z4je4y60,2,-0.18054298642533936,0.20486257424253476,51
z62ncncy,0,0.22714126807563956,0.22739538972145504,30
z62ncncy,1,0.06892177589852008,0.656649828845029,44
z62ncncy,2,0.06892177589852008,0.656649828845029,44
z8dh4een,0,-0.28205128205128205,0.16271867361342152,26
z8dh4een,1,0.07178871548619448,0.6203010909885868,50
z8dh4een,2,0.02394802447684521,0.8534205337390404,62
zj7qnjly,0,0.18346774193548387,0.3231789373788506,31
zj7qnjly,1,0.20666049953746532,0.16820522772542357,46
zj7qnjly,2,0.20666049953746532,0.16820522772542357,46
zp7v02fv,0,0.1282051282051282,0.5239363999281759,27
zp7v02fv,1,0.16555421818579713,0.32054933700848626,38
zp7v02fv,2,0.1969608416130918,0.13836289754930298,58
zqroplg9,0,0.4347902097902098,0.0002955360762151232,65
zqroplg9,1,0.3594389246054939,0.005586993448485443,58
zqroplg9,2,0.4347902097902098,0.0002955360762151232,65
