subject_num_fileID,neg_llh,gamma_base_fits,gamma_coef_fits,beta,epsilon,sub_num,Recognition,MST_Score,QUIC,Parental_monitoring_and_involvement,Parental_predictability,Parental_environment,Physical_environment,Safety_and_security,Q1,Q2,Q3,Q4,Q5,Q6,Q7,Q8,Q9,Q10,Q11,Q12,Q13,Q14,Q15,Q16,Q17,Q18,Q19,Q20,Q21,Q22,Q23,Q24,Q25,Q26,Q27,Q28,Q29,Q30,Q31,Q32,Q33,Q34,Q35,Q36,Q37,Q38,PCL_Total,PCL_reexp,PCL_avoid,PCL_neg_cog_mood,PCL_hypervi,Conservative,Stringent,Liberal,Age,Gender,Age_Group,alpha_free,gamma_base_free,gamma_coef_free,beta_free,epsilon_free
02z1xetw,146.3781907,-9.998525791,2.668394545,0.398020593,0.1,114,0.8125,0.4375,2,2,0,0,0,0,0,0,1,0,0,0,0,0,0,1,0,0,0,0,0,0,0,0,0,0,0,0,0,0,0,0,0,0,0,0,0,0,0,0,0,0,0,0,6,2,0,0,4,3,3,3,34,male,YA,2.03125,2.1875,1.03125,0.1765625,0.0296875
09jvwdof,106.4368244,-10,2.999469284,0.147720468,0.026419618,75,0.734375,0.265625,18,5,6,1,3,3,0,0,1,1,1,1,0,0,1,0,1,0,0,0,0,1,1,0,0,0,0,1,1,1,1,0,0,0,0,0,1,1,1,0,0,1,1,1,24,7,4,8,5,6,6,7,61,female,between,5.390625,2.65625,2.390625,4.27265625,0.00078125
0b2172zv,114.8009141,-9.999973994,2.980533641,1.902536197,0.1,2,0.015625,0,24,0,9,6,6,3,0,1,0,0,0,0,0,0,0,0,1,1,1,0,0,1,0,1,1,1,1,1,1,1,1,1,1,0,1,1,1,1,1,1,1,0,1,1,21,6,2,7,6,12,17,17,25,female,YA,9.4921875,-4.609375,2.8828125,0.119140625,0.071484375
0b9569cb,81.55549841,-0.334541363,-0.267900928,0.27810868,0.041746507,171,0.953125,0.09375,1,1,0,0,0,0,0,0,1,0,0,0,0,0,0,0,0,0,0,0,0,0,0,0,0,0,0,0,0,0,0,0,0,0,0,0,0,0,0,0,0,0,0,0,4,0,0,1,3,1,2,2,38,male,YA,2.03125,2.1875,1.03125,0.1765625,0.0296875
0n59grzn,93.71520011,-0.567545358,2.987910416,0.13435346,1.03E-11,98,0.609375,0.28125,19,8,3,7,1,0,1,0,1,0,1,1,1,0,1,1,0,0,0,1,0,0,0,1,1,1,1,1,0,0,0,0,0,1,1,1,0,1,1,1,0,0,0,0,23,5,5,8,5,7,12,12,67,female,OA,2.03125,2.1875,1.03125,0.1765625,0.0296875
0tp4oufe,114.9520595,-7.734096915,-2.253939506,5,0.1,11,0.109375,-0.140625,16,0,5,4,4,3,0,0,0,0,0,0,0,0,0,0,1,1,0,0,0,1,0,1,1,1,1,0,1,1,1,1,0,0,1,0,0,0,0,1,1,0,1,1,42,9,4,14,15,15,17,18,64,male,between,6.40625,8.4375,1.40625,4.1578125,0.0484375
1e1vkoev,85.75880566,-1.487176081,-1.499123348,0.379686941,0.029159284,137,0.890625,0.140625,1,0,0,0,1,0,0,0,0,0,0,0,0,0,0,0,0,0,0,0,0,0,0,0,0,0,0,0,0,0,0,0,1,0,0,0,0,0,0,0,0,0,0,0,0,0,0,0,0,5,21,21,37,male,YA,9.53125,7.1875,2.53125,1.4015625,0.0546875
1uxm9jvz,109.4341783,-9.99999997,-2.98699085,2.321733921,0.1,12,0.109375,0.140625,13,2,3,3,4,1,0,1,1,0,0,0,0,0,1,0,0,1,0,0,0,0,0,0,1,1,1,0,1,0,0,1,1,0,0,1,0,0,0,1,0,0,1,0,28,5,6,7,10,8,17,19,64,female,between,7.6953125,-1.015625,2.0859375,3.296484375,0.050390625
1v9ckxf2,97.28082056,-0.357775173,2.893978976,0.175916301,0.068673519,87,0.84375,0.671875,2,2,0,0,0,0,0,0,1,0,0,0,0,0,1,0,0,0,0,0,0,0,0,0,0,0,0,0,0,0,0,0,0,0,0,0,0,0,0,0,0,0,0,0,15,3,0,8,4,5,9,10,71,male,OA,2.03125,2.1875,1.03125,0.1765625,0.0296875
20rw80gs,99.2491964,1.991031005,-2.936774502,0.1,0.099999206,28,0.734375,0.234375,16,2,9,3,0,2,0,0,0,1,0,1,0,1,0,0,0,1,0,0,1,1,0,1,0,0,0,0,0,1,1,0,0,1,1,0,1,1,1,1,1,0,0,0,37,20,4,6,7,13,15,15,64,male,between,7.7734375,6.953125,-0.9609375,0.195703125,0.098046875
2f0f3u4y,114.5064482,-2.502078916,-2.134683374,0.1,0.1,105,0.484375,0.015625,19,4,7,4,2,2,0,0,0,0,1,1,0,0,1,0,1,0,0,1,0,1,0,0,0,1,0,1,1,1,0,1,0,1,1,1,1,1,1,1,1,0,0,0,18,5,3,5,5,10,15,17,31,female,YA,2.03125,2.1875,1.03125,0.1765625,0.0296875
2fpbuc4c,101.1015545,-0.767756051,2.241318624,0.268559133,0.1,82,0.625,0.375,1,0,1,0,0,0,0,0,0,0,0,0,0,0,0,0,0,0,0,0,0,0,0,0,0,0,0,0,0,0,0,0,0,0,0,0,0,0,0,0,1,0,0,0,20,5,3,6,6,5,6,7,63,female,between,7.109375,4.21875,0.796875,0.82734375,0.07109375
2fv2a5k6,82.86910356,0.181504779,-2.624317722,0.261681611,0.053202588,85,0.875,0.03125,21,8,3,3,4,3,0,0,1,1,1,1,1,0,1,1,0,0,0,1,1,0,0,0,0,1,0,0,1,1,1,0,0,1,1,1,1,0,0,0,1,1,1,1,20,3,4,6,7,11,24,25,59,male,between,1.015625,6.40625,2.765625,0.29140625,0.01953125
2h4kx6ry,74.61400911,-9.999998288,2.99984397,4.999999979,0.047307658,158,0.78125,0.375,11,0,5,4,2,0,0,1,0,0,0,0,0,0,0,0,1,1,0,0,0,1,0,1,0,0,1,1,0,0,0,0,0,0,0,1,0,0,0,1,0,0,1,1,35,14,6,10,5,0,0,0,26,female,YA,6.640625,-9.84375,0.140625,4.88515625,0.01328125
2mlawqw1,114.1945259,-9.999999998,0.887364303,0.221038016,0.07208433,95,0.453125,0,7,0,4,0,2,1,NaN,1,0,0,0,0,0,0,0,0,0,1,0,0,0,1,0,0,0,0,0,0,1,0,0,0,0,0,0,0,0,0,1,0,0,0,1,1,7,2,0,3,2,0,0,1,65,male,OA,7.34375,1.5625,1.59375,2.4734375,0.0203125
2pv0hxxz,82.92602165,-0.192832472,2.536238306,0.173765984,0.014219635,151,0.953125,0.546875,24,8,7,6,0,3,0,1,1,1,1,1,1,0,1,1,0,1,0,1,0,1,0,1,1,0,1,1,1,1,1,0,0,1,1,0,1,1,0,1,1,0,0,0,20,3,2,10,5,12,29,29,39,male,YA,1.015625,6.40625,2.765625,0.29140625,0.01953125
2qnf1lj5,114.643855,-2.22089247,0.79067438,0.104250278,0.022078677,100,0.6875,0.640625,3,0,0,0,3,0,0,0,0,0,0,0,0,0,0,0,0,0,0,0,0,0,0,0,0,1,0,0,0,0,0,1,1,0,0,0,0,0,0,0,0,0,0,0,5,3,0,0,2,2,6,6,75,female,OA,2.03125,2.1875,1.03125,0.1765625,0.0296875
2tw2wyja,72.44292124,-2.565758267,-0.585449523,1.505406619,0.054213681,62,0.78125,0.34375,1,1,0,0,0,0,0,0,1,0,0,0,0,0,0,0,0,0,0,0,0,0,0,0,0,0,0,0,0,0,0,0,0,0,0,0,0,0,0,0,0,0,0,0,5,1,1,2,1,5,6,6,69,female,OA,8.0859375,-3.671875,1.4765625,4.942578125,0.001171875
2xzb7k9w,99.13027305,9.999566544,-2.74195447,0.100000001,0.099999999,39,0.65625,0.171875,8,6,0,1,1,0,0,0,1,0,1,1,1,0,1,0,0,0,0,1,0,0,0,0,0,1,0,0,0,0,0,0,0,0,1,0,0,0,0,0,0,0,0,0,7,0,2,2,3,7,11,11,60,male,between,7.7734375,6.953125,-0.9609375,0.195703125,0.098046875
33ytsm3v,79.70544693,-1.417879132,2.984239703,0.505289067,0.031174528,74,0.71875,0.25,7,1,3,2,1,0,0,0,0,0,0,0,1,0,0,0,1,0,0,0,0,0,0,0,0,0,0,0,0,0,0,0,1,1,1,0,0,1,1,0,0,0,0,0,10,3,3,3,1,5,7,8,65,male,OA,9.53125,7.1875,2.53125,1.4015625,0.0546875
3clyrmth,113.4472163,-3.193315096,1.368539959,0.126162434,0.025122361,172,0.578125,0.421875,6,1,0,5,0,0,0,0,1,0,0,0,0,0,0,0,0,0,0,0,0,0,0,0,1,0,1,1,0,0,0,0,0,1,1,0,0,0,0,0,0,0,0,0,53,17,8,21,7,15,33,34,27,male,YA,2.03125,2.1875,1.03125,0.1765625,0.0296875
3j1mu8px,91.19936188,-2.941601712,-1.544524955,0.384551129,0.022400648,121,0.5,0.484375,4,0,4,0,0,0,0,0,0,0,0,0,0,0,0,0,0,0,0,0,0,0,0,0,0,0,0,0,0,0,0,0,0,0,0,0,0,1,1,1,1,0,0,0,0,0,0,0,0,1,8,8,28,female,YA,8.671875,-2.65625,2.484375,1.28671875,0.01796875
3qkg7ela,119.8024168,-4.217314668,0.17177943,1.169481205,0.1,48,0.875,0.4375,0,0,0,0,0,0,0,0,0,0,0,0,0,0,0,0,0,0,0,0,0,0,0,0,0,0,0,0,0,0,0,0,0,0,0,0,0,0,0,0,0,0,0,0,37,18,5,2,12,3,3,3,65,female,OA,7.8125,5.625,0.9375,3.621875,0.021875
41ns7le1,165.4681532,-9.999999998,-2.074057893,4.999999999,0.088586467,3,0,-0.03125,17,1,5,2,6,3,0,1,0,0,0,0,0,0,1,0,1,1,1,0,0,1,0,0,0,1,0,0,1,1,1,1,1,0,1,1,1,0,0,0,0,0,1,1,41,10,4,15,12,0,9,18,59,male,between,8.0859375,-3.671875,1.4765625,4.942578125,0.001171875
4udk03h3,102.6494466,-0.740673875,-1.095476439,0.111708517,1.03E-11,118,0.84375,0.15625,8,2,6,0,0,0,0,0,0,0,0,0,0,0,1,0,1,0,0,1,0,NaN,0,0,0,0,0,0,0,0,0,0,0,0,0,0,1,1,1,1,1,0,0,0,5,0,0,3,2,2,10,11,39,male,YA,2.03125,2.1875,1.03125,0.1765625,0.0296875
4yb1180k,83.43486514,-1.881693345,-1.66466708,0.5611878,0.035831091,51,0.8125,0.453125,9,5,1,0,3,0,0,0,1,0,1,1,1,0,0,0,0,0,0,1,1,0,0,0,0,0,0,0,0,0,0,0,0,0,0,0,0,0,0,0,0,1,1,1,16,1,2,7,6,5,5,6,64,female,between,9.0625,-1.875,1.6875,3.009375,0.009375
51p4l0zd,100.8930154,-4.018973105,0.25936057,0.250013598,0.028595293,181,0.765625,0.359375,21,7,9,3,0,2,0,1,1,1,1,1,1,0,1,0,1,0,0,1,1,0,1,0,0,0,1,1,0,1,1,0,0,1,0,0,1,1,1,1,1,0,0,0,14,3,2,6,3,5,14,16,63,female,between,6.3671875,-0.859375,1.0078125,2.875390625,0.027734375
54619mzy,104.0161547,-2.407225377,1.13926175,0.103258842,1.62E-12,186,0.65625,0.125,2,0,1,1,0,0,0,0,0,0,0,0,0,0,0,0,1,0,0,0,0,0,0,0,0,0,0,0,0,0,0,0,0,0,1,0,0,0,0,0,0,0,0,0,2,1,0,0,1,3,3,3,67,female,OA,1.015625,6.40625,2.765625,0.29140625,0.01953125
55253j9w,129.565677,-9.99328224,0.407019857,0.1,0.1,27,0.8125,0.375,0,0,0,0,0,0,0,0,0,0,0,0,0,0,0,0,0,0,0,0,0,0,0,0,0,0,0,0,0,0,0,0,0,0,0,0,0,0,0,0,0,0,0,0,2,0,1,1,0,1,1,1,52,female,between,9.4921875,-4.609375,2.8828125,0.119140625,0.071484375
59txawh2,93.7156575,0.585854967,-0.699027762,0.114891448,0.033609209,144,0.796875,0.34375,29,8,8,3,7,3,0,0,1,1,1,1,1,0,1,1,1,NaN,1,1,1,1,0,0,0,1,0,1,1,1,1,1,1,1,0,1,1,1,1,1,1,1,1,1,53,14,6,19,14,12,24,25,35,male,YA,7.7734375,6.953125,-0.9609375,0.195703125,0.098046875
59vyc8rb,75.35536992,-1.64512297,0.828276233,1.030965216,0.04565495,127,0.765625,0.40625,2,1,1,0,0,0,0,0,1,0,0,0,0,0,0,0,0,0,0,0,0,0,0,0,0,0,0,0,0,0,0,0,0,0,0,0,0,0,0,0,1,0,0,0,37,7,5,15,10,5,17,17,35,female,YA,3.4375,4.375,1.3125,2.090625,0.003125
5h2re9me,137.2885475,0.763343149,1.537065857,0.1,0.1,71,0.765625,0.09375,10,3,2,2,2,1,0,0,0,0,0,0,1,0,1,0,0,0,0,1,0,0,0,0,0,1,1,1,0,1,0,1,0,0,0,0,1,0,0,0,1,0,0,0,38,10,4,17,7,6,6,6,65,female,OA,0.15625,5.9375,-0.84375,2.3203125,0.0859375
5k89dpxy,86.47555127,-1.576856838,-0.556965835,0.222997629,7.53E-08,111,0.78125,0.34375,17,8,4,3,1,1,1,1,1,0,1,1,1,0,1,1,0,0,1,1,1,0,1,0,0,0,0,0,0,0,1,0,0,1,1,1,0,0,0,1,0,0,0,0,35,10,7,10,8,6,10,13,30,male,YA,9.3359375,8.828125,2.2265625,4.330078125,0.013671875
6ak2g2k4,85.29264599,-0.091310292,1.361743671,0.230466991,0.047960355,141,0.875,0.59375,20,7,8,3,1,1,1,0,1,0,1,1,0,1,1,1,0,1,0,1,1,0,0,0,0,0,1,1,0,0,1,0,0,1,0,0,1,1,1,1,1,1,0,0,0,0,0,0,0,4,9,11,33,male,YA,1.015625,6.40625,2.765625,0.29140625,0.01953125
6bgt15aq,102.024253,-2.092323469,-0.968586654,0.3269213,0.047569951,7,0.828125,0.53125,2,2,0,0,0,0,0,0,1,0,0,1,0,0,0,0,0,0,0,0,0,0,0,0,0,0,0,0,0,0,0,0,0,0,0,0,0,0,0,0,0,0,0,0,13,4,0,5,4,9,20,20,69,female,OA,8.515625,1.40625,1.265625,1.51640625,0.09453125
6jx5x2u5,90.69158786,-0.338909901,-2.984650752,0.217943933,0.048607048,200,0.734375,0.359375,1,1,0,0,0,0,0,0,0,0,0,1,0,0,0,0,0,0,0,0,0,0,0,0,0,0,0,0,0,0,0,0,0,0,0,0,0,0,0,0,0,0,0,0,0,0,0,0,0,2,2,2,67,female,OA,2.03125,2.1875,1.03125,0.1765625,0.0296875
6vj7g28c,96.13920422,-1.17469998,-0.609087098,0.177512595,0.027603911,138,0.890625,0.265625,27,7,7,4,6,3,0,0,1,1,1,1,0,0,1,1,1,0,0,1,0,1,0,0,0,1,1,1,1,1,1,1,1,1,1,0,1,1,1,1,1,1,1,1,0,0,0,0,0,5,14,14,37,female,YA,1.015625,6.40625,2.765625,0.29140625,0.01953125
6y9drd89,106.2912339,-0.237076127,2.999106262,0.1,0.047727795,110,0.90625,0.828125,19,3,7,5,3,1,0,0,1,1,0,1,0,0,0,0,1,0,0,0,0,1,0,1,0,1,1,0,0,1,0,1,1,1,1,1,1,1,1,1,1,0,0,0,52,8,6,22,16,8,10,10,37,male,YA,6.328125,0.78125,-0.421875,0.13828125,0.08515625
72vf3ab7,107.1476965,-2.414520691,-2.35480409,0.157533603,0.03393943,174,0.625,0.28125,5,1,1,3,0,0,0,0,0,0,0,1,0,0,0,0,0,0,0,0,0,0,0,0,0,0,0,0,0,0,0,0,0,1,1,1,1,0,0,0,0,0,0,0,0,0,0,0,0,4,7,7,39,male,YA,1.015625,6.40625,2.765625,0.29140625,0.01953125
74v188d1,98.59593263,-1.381562705,-1.270922067,0.186785471,0.036289556,89,0.830288462,0.078125,0,0,0,0,0,0,0,0,0,0,0,0,0,0,0,0,0,0,0,0,0,0,0,0,0,0,0,0,0,0,0,0,0,0,0,0,0,0,0,0,0,0,0,0,14,5,3,4,2,4,5,6,67,female,OA,4.609375,9.21875,2.296875,2.05234375,0.04609375
7dl4gl3e,79.99894747,0.19462482,0.721145939,0.149403026,1.50E-10,194,1,0.109375,0,0,0,0,0,0,0,0,0,0,0,0,0,0,0,0,0,0,0,0,0,0,0,0,0,0,0,0,0,0,0,0,0,0,0,0,0,0,0,0,0,0,0,0,4,2,1,1,0,4,5,5,76,male,OA,6.328125,0.78125,-0.421875,0.13828125,0.08515625
7hbe1lca,73.85402659,-1.356813389,1.039340399,0.497768535,0.033417419,37,0.9375,0.171875,0,0,0,0,0,0,0,0,0,0,0,0,0,0,0,0,0,0,0,0,0,0,0,0,0,0,0,0,0,0,0,0,0,0,0,0,0,0,0,0,0,0,0,0,0,0,0,0,0,1,1,1,60,female,between,6.3671875,-0.859375,1.0078125,2.875390625,0.027734375
8ea2p6af,97.88425566,9.957677523,0.438323125,0.1,0.099999999,10,0.640625,0.21875,1,0,0,1,0,0,0,0,0,0,0,0,0,0,0,0,0,0,0,0,0,0,0,0,0,0,0,0,0,0,0,0,0,0,1,0,0,0,0,0,0,0,0,0,20,7,4,1,8,5,11,11,63,male,between,7.7734375,6.953125,-0.9609375,0.195703125,0.098046875
8h4arbll,88.34039495,-0.020981184,-2.569706149,0.279621799,0.053259471,112,0.921875,0.390625,0,0,0,0,0,0,0,0,0,0,0,0,0,0,0,0,0,0,0,0,0,0,0,0,0,0,0,0,0,0,0,0,0,0,0,0,0,0,0,0,0,0,0,0,1,0,1,0,0,3,3,3,39,male,YA,1.015625,6.40625,2.765625,0.29140625,0.01953125
8joyts9v,87.92179775,0.179466763,-0.364530535,0.122644359,1.72E-13,36,0.96875,0.25,13,2,5,4,0,2,0,0,0,0,0,0,0,0,1,0,0,0,0,1,1,1,1,0,1,0,0,0,0,1,1,0,0,1,1,1,1,0,0,0,1,0,0,0,7,1,1,2,3,12,23,26,63,female,between,6.328125,0.78125,-0.421875,0.13828125,0.08515625
9j7ueegp,85.64178727,0.068843594,2.135382222,0.315966093,0.06983047,202,0.84375,0.25,4,2,2,0,0,0,0,0,1,0,0,0,0,0,0,0,1,0,0,1,0,0,0,0,0,0,0,0,0,0,0,0,0,0,0,0,0,0,1,0,0,0,0,0,6,2,0,2,2,3,3,4,67,male,OA,2.03125,2.1875,1.03125,0.1765625,0.0296875
9nrzcss3,113.1740596,-2.538132175,2.404826301,0.209812526,0.084467321,198,0.515625,0.359375,5,2,1,0,2,0,0,1,0,0,1,1,0,0,0,0,0,0,0,0,0,0,0,0,0,1,0,0,0,0,0,1,0,0,0,0,0,0,0,0,0,0,0,0,1,1,0,0,0,8,12,12,62,male,between,2.03125,2.1875,1.03125,0.1765625,0.0296875
9uspc078,93.01934541,0.031743006,-1.419385646,0.166671875,0.063323277,156,0.796875,0.234375,18,3,5,5,3,2,0,0,1,0,0,0,1,0,1,0,0,0,1,0,1,1,0,1,0,1,1,1,0,1,1,1,0,0,1,1,1,1,1,0,0,0,0,0,40,10,5,14,11,8,25,25,34,female,YA,6.328125,0.78125,-0.421875,0.13828125,0.08515625
a8we3g2n,105.2917751,-0.480358167,2.795262902,0.110241648,0.024808939,187,0.625,0.28125,8,3,2,3,0,0,0,0,0,0,0,0,0,0,1,1,0,0,0,1,0,1,1,1,0,0,0,0,0,0,0,0,0,1,1,0,0,0,0,0,0,0,0,0,4,0,0,0,4,3,4,4,66,female,OA,6.328125,0.78125,-0.421875,0.13828125,0.08515625
a9tst8ou,90.2698883,-1.819052534,-2.806480222,0.451753284,0.044758233,94,0.9375,0.0625,5,4,1,0,0,0,0,0,1,0,1,1,0,0,1,0,0,0,0,0,1,0,0,0,0,0,0,0,0,0,0,0,0,0,0,0,0,0,0,0,0,0,0,0,8,4,2,1,1,4,4,4,62,female,between,7.34375,1.5625,1.59375,2.4734375,0.0203125
b1a7x55v,105.3048914,-0.595625769,-0.762937572,0.1,6.98E-06,56,0.890625,0.125,27,8,11,4,1,3,0,0,1,1,1,1,1,1,1,1,1,1,0,1,1,1,1,0,0,1,1,0,1,1,1,0,0,1,1,1,1,1,1,1,1,0,0,0,15,4,1,8,2,4,4,4,61,female,between,2.03125,2.1875,1.03125,0.1765625,0.0296875
bbwjy2wp,85.29847118,0.057778712,-2.123687069,0.190826007,0.046014914,57,0.921875,0.28125,2,1,1,0,0,0,0,0,1,0,0,0,0,0,0,0,0,0,0,0,0,0,0,0,0,0,0,0,0,0,0,0,0,0,0,0,0,0,0,1,0,0,0,0,0,0,0,0,0,4,4,4,76,female,OA,7.7734375,6.953125,-0.9609375,0.195703125,0.098046875
bdzrp4hw,92.01559738,-0.530272632,2.999114645,0.226448995,0.055913268,131,0.8125,0.078125,26,8,10,2,3,3,1,1,1,1,1,1,0,1,1,1,1,0,0,1,1,1,0,0,0,0,1,0,1,1,1,0,0,1,0,0,1,1,1,1,1,1,1,1,43,10,7,14,12,13,16,16,36,male,YA,2.03125,2.1875,1.03125,0.1765625,0.0296875
bjq7snhy,96.78552665,-1.656407572,1.174789866,0.163458346,0.034000725,68,0.828125,0.515625,12,4,2,4,2,0,0,0,1,0,0,1,0,0,1,0,0,0,0,1,1,0,0,1,1,0,0,0,0,0,0,1,1,1,1,0,0,1,NaN,0,NaN,0,0,0,20,1,0,14,5,3,3,6,62,female,between,1.015625,6.40625,2.765625,0.29140625,0.01953125
bzqpqxz8,132.4020978,-1.491531605,-0.600055196,0.1,0.1,203,0.8125,0.4375,15,2,7,3,2,1,0,0,0,0,0,0,0,0,1,0,0,0,0,1,1,0,1,1,0,1,0,0,0,0,1,1,0,1,1,0,1,1,1,1,1,0,0,0,23,4,0,13,6,10,15,17,67,male,OA,2.03125,2.1875,1.03125,0.1765625,0.0296875
c27ckyvv,81.18426136,-3.289778995,0.162851169,0.937930624,0.032426438,16,0.703125,0.046875,4,0,3,0,0,1,0,0,0,0,0,0,0,0,0,0,1,1,0,0,0,0,0,0,0,0,0,0,1,0,0,0,0,0,0,0,0,0,0,0,1,0,0,0,46,13,5,18,10,11,17,20,64,female,between,8.0859375,-3.671875,1.4765625,4.942578125,0.001171875
ca329wgb,121.3462223,-1.645630508,-1.286895602,0.1,0.089255636,189,0.765625,0.125,10,3,4,0,3,0,0,0,1,0,0,0,0,0,1,0,0,0,0,1,0,0,0,0,0,0,0,0,0,0,0,0,0,0,0,0,1,1,1,0,1,1,1,1,15,2,2,8,3,4,7,7,68,female,OA,1.015625,6.40625,2.765625,0.29140625,0.01953125
ca3ay7lb,116.5343237,-0.385003643,2.999999991,0.1,0.099995932,113,0.953125,0.265625,27,9,5,3,7,3,1,0,1,1,1,1,1,1,1,1,0,0,1,1,1,1,1,1,0,1,0,NaN,1,1,1,1,1,1,0,1,1,NaN,0,0,0,1,1,1,51,14,2,26,9,18,20,20,34,male,YA,6.328125,0.78125,-0.421875,0.13828125,0.08515625
ccyabdqe,87.76260111,-1.073196734,-0.683932219,0.208613571,0.021145468,193,0.78125,-0.03125,4,0,0,2,2,0,0,0,0,0,0,0,0,0,0,0,0,0,0,0,0,0,0,0,1,0,0,0,0,0,0,0,0,0,1,0,0,0,0,0,0,1,1,0,7,2,1,4,0,6,21,21,61,female,between,1.015625,6.40625,2.765625,0.29140625,0.01953125
clajdzcg,98.88966813,0.181002316,-1.412991758,0.128827742,0.048274705,70,0.96875,0.71875,19,6,8,0,3,2,0,1,1,0,1,1,1,0,1,0,1,0,0,1,0,1,0,0,0,0,0,0,0,1,1,0,0,0,0,0,1,1,1,1,1,1,1,1,52,8,8,22,14,13,19,22,65,female,OA,7.7734375,6.953125,-0.9609375,0.195703125,0.098046875
cy5bg4v8,113.4725821,-0.309017564,0.423042923,0.1,0.007160563,104,0.859375,0.53125,2,2,0,0,0,0,0,0,1,0,0,1,0,0,0,0,0,0,0,0,0,0,0,0,0,0,0,0,0,0,0,0,0,0,0,0,0,0,0,0,0,0,0,0,1,0,0,0,1,2,13,13,36,male,YA,6.328125,0.78125,-0.421875,0.13828125,0.08515625
d95juvoy,95.28109362,-1.50433861,0.545315772,0.241447012,0.03084048,72,0.84375,0.234375,2,0,0,2,0,0,0,0,0,0,0,0,0,0,0,0,0,0,0,0,0,0,0,0,0,0,0,0,0,0,0,0,0,0,1,1,0,0,0,0,0,0,0,0,0,0,0,0,0,1,1,1,61,male,between,9.53125,7.1875,2.53125,1.4015625,0.0546875
dle1luaz,81.34851066,-0.845685076,-2.99606735,0.381406958,0.039716877,148,0.8125,0.515625,16,3,7,1,3,2,0,0,1,1,0,0,0,0,0,0,0,0,0,1,1,0,1,0,0,0,0,0,1,1,0,0,0,1,0,0,1,1,1,1,1,1,1,1,28,13,8,4,3,4,4,4,37,female,YA,2.03125,2.1875,1.03125,0.1765625,0.0296875
dpzr2el1,82.26206528,-2.601458285,2.959299389,0.59991944,0.023105874,92,0.8125,0.25,20,0,7,7,4,2,0,0,0,0,0,0,0,0,0,0,1,0,1,0,0,1,0,1,1,1,1,1,0,1,1,1,1,1,1,1,1,1,1,1,1,0,0,0,24,3,2,9,10,8,10,10,64,female,between,6.09375,-5.9375,0.84375,1.8609375,0.0078125
e04lrby9,107.4070395,9.965559672,-1.519629856,0.1,0.1,152,0.65625,0.484375,19,5,8,1,3,2,1,1,1,1,1,0,1,0,0,0,1,0,0,0,NaN,1,0,0,0,0,0,0,1,0,1,0,0,1,0,0,1,1,1,1,1,1,1,1,74,20,8,28,18,5,7,10,30,female,YA,7.7734375,6.953125,-0.9609375,0.195703125,0.098046875
e32zsqzw,61.8751886,-5.036340943,-2.791340654,4.999999999,0.028845372,38,0.8125,0.15625,28,7,8,7,3,3,1,1,1,0,1,0,1,1,1,1,0,1,0,1,1,0,0,1,1,1,1,1,1,1,1,1,1,1,1,1,1,1,0,1,1,0,0,0,12,0,0,2,10,7,11,13,60,female,between,8.0859375,-3.671875,1.4765625,4.942578125,0.001171875
e953ctkq,71.41389588,-1.485316964,-0.931773086,0.529810247,0.022678856,14,0.6875,0.28125,16,1,5,5,3,2,0,0,0,0,0,0,0,0,0,0,0,0,0,1,0,1,0,1,1,1,1,1,1,1,0,1,1,1,0,0,0,1,1,1,1,0,0,0,19,12,4,1,2,7,9,10,63,female,between,1.6796875,-0.234375,1.5703125,4.559765625,0.024609375
ea0n755o,92.8767804,-0.664340394,-2.787963242,0.251834777,0.0446157,83,0.890625,0.375,36,8,11,7,7,3,1,1,1,1,1,0,1,1,1,1,1,1,1,1,1,1,0,1,1,1,1,1,1,1,1,1,1,1,1,1,1,1,1,1,1,1,1,1,35,8,7,11,9,8,18,18,65,female,OA,9.4921875,-4.609375,2.8828125,0.119140625,0.071484375
ehwu4hc8,93.49021256,0.097839725,-0.526474053,0.163316494,0.051222002,54,0.796875,0.546875,0,0,0,0,0,0,0,0,0,0,0,0,0,0,0,0,0,0,0,0,0,0,0,0,0,0,0,0,0,0,0,0,0,0,0,0,0,0,0,0,0,0,0,0,1,0,0,0,1,8,10,10,61,female,between,6.328125,0.78125,-0.421875,0.13828125,0.08515625
en94evz4,145.3104337,-9.999378488,-2.993090701,0.100000108,0.099999983,192,0.859375,0.3125,9,3,6,0,0,0,0,0,0,0,0,1,0,0,1,0,1,0,0,1,0,0,0,0,0,0,0,0,0,0,0,0,0,0,0,0,1,1,1,1,1,0,0,0,23,10,3,10,0,7,7,7,66,female,OA,6.328125,0.78125,-0.421875,0.13828125,0.08515625
f0t6xrl6,67.73597887,-4.870053963,2.954754513,5,0.044532772,1,0.1875,-0.03125,18,0,7,5,3,3,0,1,0,0,0,0,0,0,0,0,1,1,1,0,0,1,0,1,0,0,1,1,1,1,1,0,0,0,1,1,0,0,1,1,1,0,1,1,41,10,2,17,12,5,6,6,NaN,female,between,3.046875,-6.40625,2.859375,4.65546875,0.01171875
f10kqb0y,82.06479102,-4.79592622,-1.152342499,2.399741288,0.035406931,143,0.640625,0.234375,16,3,2,5,3,3,0,0,1,1,0,1,0,0,0,0,0,0,0,0,1,0,0,1,1,1,1,0,1,1,1,1,1,1,1,NaN,0,1,0,0,0,0,0,0,22,3,7,7,5,8,19,19,28,male,YA,5.390625,2.65625,2.390625,4.27265625,0.00078125
ffgf7a36,82.96622317,-0.486543626,-2.846341637,0.233198593,0.044950857,147,0.78125,0.78125,2,0,1,0,1,0,0,0,0,0,0,0,0,0,0,0,0,0,0,0,1,0,0,0,0,0,0,0,0,0,0,0,1,0,0,0,0,0,0,0,0,0,0,0,5,4,0,1,0,2,16,16,38,female,YA,1.71875,7.8125,1.96875,3.3921875,0.0015625
fjsj7hj6,94.06426443,1.376043326,-2.979261269,0.1,0.06047005,122,0.890625,0.21875,23,8,8,1,4,2,1,1,1,1,1,1,1,0,1,1,1,0,1,0,0,1,0,0,0,0,0,1,0,1,1,0,0,0,0,0,1,1,1,1,1,1,1,1,27,4,0,9,14,13,18,18,27,male,YA,7.7734375,6.953125,-0.9609375,0.195703125,0.098046875
frlcmqro,96.93217128,-9.999999998,2.704410302,4.999999993,0.041032654,163,0.078125,0.046875,10,0,4,4,2,0,0,0,0,0,0,0,0,0,0,0,0,1,1,0,0,1,0,1,1,1,1,1,0,0,0,0,0,0,0,0,0,1,0,1,0,0,0,0,15,2,5,6,2,3,7,7,37,male,YA,8.0859375,-3.671875,1.4765625,4.942578125,0.001171875
grc7mgg8,103.371032,9.995988175,1.170941268,0.100000004,0.1,23,0.609375,-0.03125,0,0,0,0,0,0,0,0,0,0,0,0,0,0,0,0,0,0,0,0,0,0,0,0,0,0,0,0,0,0,0,0,0,0,0,0,0,0,0,0,0,0,0,0,0,0,0,0,0,1,3,3,70,male,OA,2.734375,2.96875,-2.578125,0.52109375,0.08984375
h12hcnfu,80.14533364,0.050432583,-0.469400654,0.268361228,0.053356,201,0.9375,0.625,16,5,9,0,0,2,0,1,1,0,0,1,0,1,1,1,1,1,0,1,1,0,0,0,0,0,0,0,1,0,1,0,0,0,0,0,1,1,1,0,1,0,0,0,1,0,0,0,1,6,6,6,62,female,between,7.7734375,6.953125,-0.9609375,0.195703125,0.098046875
j38ge75j,91.1535106,0.002035722,-2.880170636,0.214734068,0.1,197,0.875,0.578125,3,2,0,0,1,0,1,0,1,0,0,0,0,0,0,0,0,0,0,0,0,0,0,0,0,0,0,0,0,0,0,0,1,0,0,0,0,0,0,0,0,0,0,0,5,3,0,0,2,11,19,19,64,male,between,6.328125,0.78125,-0.421875,0.13828125,0.08515625
j5fdfa52,95.46431215,-0.04853743,-0.529856603,0.111389214,1.11E-16,101,0.75,0.109375,4,0,0,3,0,1,0,0,0,0,0,0,0,0,0,0,0,0,0,0,0,0,0,0,0,0,0,0,0,1,0,0,0,1,1,1,0,0,0,0,0,0,0,0,0,0,0,0,0,2,2,2,32,male,YA,7.7734375,6.953125,-0.9609375,0.195703125,0.098046875
j92r06a0,93.80721973,-1.879664027,-0.458300452,0.505897493,0.07127671,13,0.8125,0.1875,11,1,6,4,0,0,0,0,0,0,0,0,0,0,0,0,1,0,0,1,0,1,0,1,1,0,0,0,0,0,0,0,0,1,1,0,0,1,1,1,1,0,0,0,54,14,2,23,15,14,24,24,69,female,OA,8.515625,1.40625,1.265625,1.51640625,0.09453125
jrdascjr,81.64755754,0.072082334,2.484167106,0.192913387,0.024570938,142,0.71875,0.71875,19,5,2,7,4,1,0,0,1,0,0,1,0,0,1,1,0,0,1,1,0,0,0,1,1,1,1,1,0,0,1,0,0,1,1,1,1,0,0,0,1,1,1,0,21,3,2,7,9,13,20,20,33,other,YA,6.328125,0.78125,-0.421875,0.13828125,0.08515625
jzycrhj5,91.37954309,-5.463688225,-1.989852198,5,0.088306377,195,0.65625,0.40625,17,1,5,4,4,3,0,NaN,0,0,0,0,0,0,1,NaN,1,NaN,1,NaN,0,NaN,0,0,0,1,1,NaN,1,1,1,1,1,1,1,1,1,1,1,1,NaN,0,0,NaN,17,6,4,7,0,9,13,13,62,female,between,0.46875,-4.6875,1.21875,2.7796875,0.0140625
k562tcql,104.4156876,1.172969201,-0.445701273,0.1,0.041242184,35,0.71875,0.21875,2,2,0,0,0,0,0,0,0,0,0,1,0,0,0,0,0,0,0,1,0,0,0,0,0,0,0,0,0,0,0,0,0,0,0,0,0,0,0,0,0,0,0,0,0,0,0,0,0,2,2,2,67,male,OA,6.328125,0.78125,-0.421875,0.13828125,0.08515625
k5d1rofk,85.89351805,-0.010391065,-2.872965356,0.126267312,5.22E-10,60,0.921875,0.4375,7,1,4,0,1,1,0,1,1,0,0,0,0,0,0,0,0,0,0,0,0,0,0,0,0,0,0,0,0,1,0,0,0,0,0,0,1,0,0,1,1,0,1,0,2,2,0,0,0,5,5,6,65,female,OA,6.328125,0.78125,-0.421875,0.13828125,0.08515625
k79pujk9,92.36147623,-2.219720274,2.967072501,0.273960785,0.021764652,117,-0.078125,0.078125,4,1,1,0,2,0,0,0,0,0,0,1,0,0,0,0,0,0,1,0,0,0,0,0,0,0,0,0,0,0,0,0,1,0,0,0,0,0,0,0,1,0,0,0,1,1,0,0,0,0,0,0,29,male,YA,4.6875,-8.125,2.0625,1.478125,0.015625
kngumvtr,83.61492621,-0.459084585,2.231451743,0.230530518,0.014716124,167,0.609375,0.59375,3,0,0,0,3,0,0,0,0,0,0,0,0,0,0,0,0,0,0,0,0,0,0,0,0,0,0,0,0,0,0,0,0,0,0,0,0,0,0,0,0,1,1,1,1,0,0,1,0,4,4,4,34,male,YA,1.015625,6.40625,2.765625,0.29140625,0.01953125
ko56de96,132.4192127,-9.998066154,2.815425946,0.1,0.099999997,76,0.65625,0.28125,20,4,7,5,3,1,0,0,1,1,0,0,0,0,1,0,1,0,0,1,1,0,0,1,1,0,0,0,0,0,1,0,0,1,1,1,1,1,1,1,1,1,1,1,28,10,7,7,4,5,6,6,64,female,between,6.328125,0.78125,-0.421875,0.13828125,0.08515625
kxnt9kp0,86.78794548,-1.157391197,0.843482436,0.619256342,0.072036446,61,0.734375,0.515625,2,0,2,0,0,0,0,0,0,0,0,0,0,0,0,0,0,0,0,0,1,0,0,0,0,0,0,0,0,0,0,0,0,0,0,0,0,0,0,0,1,0,0,0,13,3,2,5,3,7,20,21,65,female,OA,2.421875,4.84375,1.734375,1.89921875,0.08046875
l3nbrm7f,91.22359226,-2.531003006,2.787723193,0.258239785,0.019050813,173,0.828125,0.46875,34,7,11,6,7,3,1,1,1,1,0,1,0,1,1,1,1,1,1,1,1,1,0,1,1,1,1,1,1,1,1,1,1,1,0,1,1,1,1,1,1,1,1,1,73,20,8,28,17,15,20,20,36,female,YA,1.9921875,-9.609375,1.3828125,1.344140625,0.046484375
l6hfl3pa,97.57259214,-2.673535082,1.340187459,0.457816985,0.1,32,0.8125,0.515625,12,4,6,1,0,1,0,0,0,0,0,1,0,0,1,1,1,0,0,1,1,0,0,0,0,0,0,0,0,0,1,0,0,1,0,0,0,1,1,1,1,0,0,0,32,13,2,11,6,4,4,5,73,female,OA,8.515625,1.40625,1.265625,1.51640625,0.09453125
l7yvo06m,90.63815623,-0.893808469,2.941000604,0.404068054,0.086766585,93,0.546875,-0.015625,13,3,7,1,0,2,0,0,1,0,0,0,0,0,1,0,1,1,0,1,1,0,1,1,0,0,0,0,0,1,1,0,0,0,0,0,0,1,1,1,0,0,0,0,26,4,3,10,9,4,4,4,71,male,OA,2.03125,2.1875,1.03125,0.1765625,0.0296875
loectuv1,85.61371779,-0.426183385,0.754140177,0.23455849,0.032965902,33,0.921875,0.671875,5,0,3,1,1,0,0,0,0,0,0,0,0,0,0,0,0,0,1,0,1,0,0,0,0,0,0,1,0,0,0,0,0,0,0,0,1,0,0,1,0,0,0,0,18,4,4,5,5,6,10,10,60,female,between,1.015625,6.40625,2.765625,0.29140625,0.01953125
lrg6mws3,87.62093415,0.15922396,-0.860013533,0.308742056,0.099999281,69,0.734375,0.140625,9,3,3,1,2,0,0,0,1,0,0,0,0,0,1,0,1,0,0,1,1,0,0,1,0,1,0,0,0,0,0,1,0,0,0,0,0,0,1,0,0,0,0,0,61,11,7,24,19,9,11,11,60,female,between,6.328125,0.78125,-0.421875,0.13828125,0.08515625
m1cb655u,95.08479851,-0.305971724,-2.988921901,0.102884857,0.1,108,0.125,-0.046875,19,1,8,7,1,2,0,0,1,0,0,0,0,0,0,0,1,0,0,0,0,1,1,1,1,1,1,1,1,0,1,0,0,1,1,1,1,1,1,1,1,0,0,0,62,19,7,16,20,12,15,16,33,male,YA,7.7734375,6.953125,-0.9609375,0.195703125,0.098046875
mb40veev,109.8495364,0.695056345,-0.494690117,0.1,0.09539315,99,0.78125,0.296875,9,0,5,3,0,1,0,0,0,0,0,0,0,0,0,0,0,0,0,0,0,1,0,0,0,0,0,0,0,1,0,0,0,1,1,1,1,1,1,1,0,0,0,0,0,0,0,0,0,7,8,8,63,male,between,6.328125,0.78125,-0.421875,0.13828125,0.08515625
mcwfgp6h,102.7915158,-1.020743267,-0.646494275,0.147021729,0.039031908,170,0.046875,0.09375,18,8,6,1,2,1,1,0,1,1,1,1,0,0,1,1,1,0,0,1,0,0,0,0,0,0,0,0,0,0,1,0,1,1,0,0,1,1,1,1,1,0,1,0,22,5,2,9,6,4,4,4,25,female,YA,1.015625,6.40625,2.765625,0.29140625,0.01953125
mp7nqt0t,145.0620072,9.995573705,2.999970503,0.1,0.1,67,0.4375,0.4375,16,2,7,5,1,1,0,0,0,0,0,1,0,0,0,0,0,0,1,1,1,0,1,1,0,0,1,1,0,1,0,0,0,1,0,1,1,1,1,1,1,0,0,0,10,3,3,1,3,4,5,5,63,male,between,7.7734375,6.953125,-0.9609375,0.195703125,0.098046875
ndmfhf6j,105.9252539,0.491977468,1.193318905,0.1,0.1,77,0.796875,0.1875,6,6,0,0,0,0,1,0,1,0,1,0,1,0,1,0,0,0,0,1,0,0,0,0,0,0,0,0,0,0,0,0,0,0,0,0,0,0,0,0,0,0,0,0,0,0,0,0,0,4,6,7,67,male,OA,6.328125,0.78125,-0.421875,0.13828125,0.08515625
nhywpv6t,112.8065024,-0.888360021,2.997929878,0.100000003,0.099999808,123,0.6875,0.265625,9,2,7,0,0,0,0,0,1,0,0,1,0,0,0,0,1,0,0,0,0,1,0,0,0,0,0,0,0,0,0,0,0,0,0,0,1,1,1,1,1,0,0,0,54,20,8,14,12,16,27,28,34,female,YA,8.2421875,7.890625,0.6328125,0.731640625,0.058984375
o8j8ee01,92.75461614,-0.263783721,2.501818166,0.226226713,0.050681862,145,0.8125,0.3125,5,1,4,0,0,0,0,0,0,0,0,1,0,1,0,0,0,1,0,0,0,0,0,0,0,0,0,0,0,0,0,0,0,0,0,0,1,0,1,0,0,0,0,0,30,6,4,15,5,2,4,4,28,male,YA,9.4921875,-4.609375,2.8828125,0.119140625,0.071484375
ogvxml4v,107.6451222,2.919517289,2.875878826,0.1,0.1,130,0.671875,0.296875,3,1,1,1,0,0,0,0,1,0,0,0,0,0,0,0,0,0,0,0,0,0,0,0,1,0,0,0,0,0,0,0,0,0,0,0,1,0,0,0,0,0,0,0,12,0,0,7,5,7,9,9,40,male,YA,7.7734375,6.953125,-0.9609375,0.195703125,0.098046875
ol27oalx,107.1007351,0.165497412,0.347052325,0.1,0.07614258,190,0.96875,0.21875,14,7,3,2,1,1,0,0,1,1,1,1,0,0,1,1,0,0,1,1,1,0,0,0,0,0,1,0,0,1,0,0,0,1,0,0,1,0,0,0,1,0,0,0,26,2,2,16,6,10,16,16,60,male,between,6.328125,0.78125,-0.421875,0.13828125,0.08515625
os6ns8xs,101.1834887,0.501079346,0.828707347,0.117645867,0.080536934,139,0.875,0.265625,10,0,5,1,1,3,0,0,0,0,0,0,0,0,0,0,1,0,0,0,0,0,0,0,1,0,0,0,1,1,1,0,1,NaN,NaN,0,0,1,1,1,1,0,0,0,51,14,7,14,16,15,31,31,37,female,YA,6.328125,0.78125,-0.421875,0.13828125,0.08515625
osclo57c,79.02706559,-3.087366888,-2.814149476,1.331389534,0.05705144,161,0.609375,0.25,8,3,1,4,0,0,1,0,0,1,0,1,0,0,0,0,0,0,0,0,0,0,0,1,0,0,0,0,0,0,0,0,0,1,1,1,1,0,0,0,0,0,0,0,0,0,0,0,0,0,0,0,30,female,YA,8.0859375,-3.671875,1.4765625,4.942578125,0.001171875
oylo9kjt,80.04935934,-2.366755605,-2.741265414,1.271593015,0.0388978,125,0.71875,0.71875,3,1,1,0,1,0,0,0,0,0,0,0,0,0,0,1,0,0,0,0,1,0,0,0,0,0,0,0,0,0,0,0,0,0,0,0,0,0,0,0,0,0,1,0,19,5,4,5,5,6,9,9,39,male,YA,8.984375,0.46875,2.671875,3.58359375,0.02734375
pjn9bgwv,92.33369238,0.161658587,2.993194341,0.110774357,0.031886095,50,0.9375,0.078125,11,2,7,0,2,0,0,0,1,0,0,1,0,0,0,0,1,0,1,0,1,0,0,0,0,0,0,0,0,0,0,0,0,0,0,0,1,1,1,1,1,0,1,0,21,10,4,1,6,6,6,6,60,female,between,7.7734375,6.953125,-0.9609375,0.195703125,0.098046875
pl98g51f,90.94450626,-10,1.645498011,0.559681379,0.010350132,5,0.734375,0.21875,18,5,7,2,3,1,0,0,0,0,0,1,1,0,1,1,1,0,0,1,0,1,0,0,0,0,1,0,0,1,0,0,0,1,0,0,1,1,1,1,1,1,1,1,20,0,0,12,8,6,8,8,59,female,between,0.78125,-5.3125,1.78125,0.7890625,0.0421875
plglskmq,100.1470944,-3.222323304,1.262880619,0.157342345,0.029951113,178,-0.046875,0.03125,14,3,3,3,4,1,0,0,0,1,0,1,1,0,0,0,0,1,1,0,1,0,0,1,0,1,1,0,1,0,0,0,1,0,1,0,0,0,1,0,0,0,1,0,41,11,3,14,13,3,7,7,26,female,YA,8.671875,-2.65625,2.484375,1.28671875,0.01796875
pn9toa0c,81.51804426,0.397329906,-2.959541279,0.133115472,1.03E-11,188,0.953125,0.359375,15,0,8,2,5,0,0,1,0,0,0,0,0,0,0,0,1,0,0,0,0,1,0,0,0,1,0,0,0,0,0,1,1,1,1,0,1,1,1,1,1,1,1,0,2,2,0,0,0,6,9,9,62,female,between,6.328125,0.78125,-0.421875,0.13828125,0.08515625
q1om387j,93.00315396,0.04156056,-2.353844743,0.195497645,0.072372292,97,0.78125,0.34375,24,7,9,4,2,2,0,0,1,1,1,1,0,1,1,1,1,0,1,1,1,0,1,1,0,0,0,1,0,1,1,0,0,1,1,0,1,1,1,1,1,0,1,0,8,4,3,1,0,8,14,14,62,female,between,7.7734375,6.953125,-0.9609375,0.195703125,0.098046875
q4rt0asa,69.61819002,-2.239117371,-0.418533583,2.261643628,0.045051354,64,0.578125,0.296875,6,2,4,0,0,0,0,0,1,0,0,1,0,0,0,0,1,0,0,0,1,0,0,0,0,0,0,0,0,0,0,0,0,0,0,0,0,1,0,1,0,0,0,0,3,1,1,1,0,1,1,1,60,male,between,6.3671875,-0.859375,1.0078125,2.875390625,0.027734375
q5n56cf6,94.67048218,1.365454795,-1.844459432,0.1,1.03E-11,182,0.859375,0.578125,4,1,0,0,3,0,0,0,1,0,0,0,0,0,0,0,0,0,0,0,0,0,0,0,0,1,0,0,0,0,0,1,1,0,0,0,0,0,0,0,0,0,0,0,1,0,0,0,1,8,15,15,64,female,between,6.328125,0.78125,-0.421875,0.13828125,0.08515625
q5xojehv,108.8152112,-2.05888015,0.05638791,0.100000001,2.01E-09,40,0.96875,0.15625,6,2,0,2,1,1,0,0,1,0,0,0,1,0,0,0,0,0,0,0,0,0,0,0,0,0,1,1,0,1,0,0,1,0,0,0,0,0,0,0,0,0,0,0,4,3,0,0,1,4,7,7,67,male,OA,1.015625,6.40625,2.765625,0.29140625,0.01953125
q6c3okxt,80.77575667,0.01253224,-1.119219802,0.215775941,0.037471155,120,0.71875,0.546875,10,7,2,1,0,0,0,1,1,1,1,1,0,0,1,1,0,0,0,1,0,0,0,0,0,0,0,1,0,0,0,0,0,0,0,0,1,0,0,0,0,0,0,0,15,5,3,7,0,3,8,8,35,male,YA,6.328125,0.78125,-0.421875,0.13828125,0.08515625
q853r5zb,106.5324401,-0.328541933,-2.992696226,0.120619854,0.036896908,119,0.875,0.703125,13,1,5,4,1,2,0,0,1,0,0,0,0,0,0,0,1,0,0,0,0,0,0,1,0,0,0,1,0,1,1,0,1,1,0,1,1,1,1,1,0,0,0,0,26,8,4,8,6,20,42,42,38,male,YA,1.015625,6.40625,2.765625,0.29140625,0.01953125
qde73vyx,103.1133493,1.677773307,2.924191439,0.1,0.081753446,29,0.796875,0.453125,7,0,4,3,0,0,0,0,0,0,0,0,0,0,0,0,0,0,0,0,0,0,0,1,0,0,0,0,0,0,0,0,0,1,1,0,1,0,1,1,1,0,0,0,10,3,1,4,2,1,1,2,57,male,between,6.328125,0.78125,-0.421875,0.13828125,0.08515625
qkweurt7,127.9854561,0.867996845,-2.992977178,0.1,0.1,150,0.703125,0.34375,16,5,7,3,0,1,0,1,1,1,0,1,0,0,1,0,0,0,0,1,1,1,1,0,0,0,0,1,0,1,0,0,0,1,0,1,1,0,0,1,1,0,0,0,33,10,8,10,5,6,12,12,30,female,YA,6.328125,0.78125,-0.421875,0.13828125,0.08515625
qvlb9w34,109.6953322,-0.703924318,0.284627356,0.168183263,0.095614617,78,0.953125,-0.03125,9,5,4,0,0,0,0,0,0,0,1,1,1,0,1,0,0,0,0,1,1,0,0,0,0,0,0,0,0,0,0,0,0,0,0,0,0,1,1,0,1,0,0,0,33,11,2,8,12,6,11,12,67,female,OA,6.328125,0.78125,-0.421875,0.13828125,0.08515625
rcze7dce,124.3455369,1.902839822,-2.863176732,0.1,0.1,176,0.5625,-0.09375,13,5,2,3,2,1,1,1,1,1,1,1,0,0,0,0,0,0,0,0,0,0,0,0,1,0,0,0,0,1,0,0,0,1,1,0,1,0,0,0,0,1,1,0,36,4,6,17,9,3,5,5,36,female,YA,8.359375,6.71875,-2.953125,3.88984375,0.08359375
sj1x8777,103.9186974,-0.749754945,2.317617329,0.259566893,0.083094465,65,0.65625,0.0625,6,0,6,0,0,0,0,0,0,0,0,0,0,0,0,0,1,0,0,0,0,0,1,0,0,0,0,0,0,0,0,0,0,0,0,0,0,1,1,1,1,0,0,0,13,2,3,4,4,3,5,6,61,male,between,1.015625,6.40625,2.765625,0.29140625,0.01953125
sn05jcqr,101.6042382,0.807987752,0.459084947,0.1,0.050633501,164,0.65625,0.265625,2,2,0,0,0,0,0,0,0,0,0,1,0,0,1,0,0,0,0,0,0,0,0,0,0,0,0,0,0,0,0,0,0,0,0,0,0,0,0,0,0,0,0,0,0,0,0,0,0,6,7,7,36,female,YA,7.7734375,6.953125,-0.9609375,0.195703125,0.098046875
tlrpvr4u,96.92317326,-1.659033274,0.949465567,0.204453347,0.034033614,184,0.890625,0.3125,20,0,7,4,6,3,0,1,0,0,0,0,0,0,0,0,0,0,1,0,0,1,0,1,0,1,0,0,1,1,1,0,1,1,1,1,1,1,1,1,1,1,1,1,4,1,0,1,2,20,30,30,62,female,between,9.4921875,-4.609375,2.8828125,0.119140625,0.071484375
tpzzsuzc,95.72111007,-10,-2.905916123,2.822962457,0.073458871,18,0.265625,0.234375,19,3,7,4,2,3,0,1,1,0,0,1,1,1,0,0,0,1,0,0,1,1,0,0,1,1,1,0,1,1,1,1,0,1,0,1,0,0,1,1,0,0,0,0,36,7,5,13,11,8,15,16,61,female,between,3.046875,-6.40625,2.859375,4.65546875,0.01171875
u64ghk41,89.23665645,2.975583516,-2.66890388,0.1,4.41E-09,149,0.8125,0.5,3,0,1,1,0,1,0,0,0,0,0,0,0,0,0,0,0,0,0,0,0,0,0,0,0,0,0,1,0,1,0,0,0,0,0,0,0,0,0,0,1,0,0,0,16,4,3,3,6,4,8,8,38,female,YA,0.15625,5.9375,-0.84375,2.3203125,0.0859375
u79fcv4e,93.49989072,-1.124214644,0.708759718,0.35134865,0.062874696,129,0.796875,0.484375,13,6,2,4,0,1,0,1,1,1,1,1,0,0,0,1,0,0,0,1,0,0,0,0,1,0,0,0,0,0,1,0,0,1,1,1,1,0,0,0,0,0,0,0,6,2,2,1,1,5,5,5,36,female,YA,9.3359375,8.828125,2.2265625,4.330078125,0.013671875
u83t6f5u,88.85826266,-1.716742121,1.251585012,0.235988843,0.037533402,42,0.796875,0.28125,14,3,7,1,2,1,0,0,1,0,0,1,0,0,1,0,1,0,0,0,1,1,0,0,0,1,0,0,0,0,1,0,1,1,0,0,0,1,1,1,1,0,0,0,12,3,2,4,3,9,21,21,70,male,OA,8.9453125,6.484375,1.3359375,2.683984375,0.062890625
udvn2mzu,102.9693803,-0.868638397,1.146944258,0.206209664,0.094967133,21,0.78125,0.15625,1,0,1,0,0,0,0,0,0,0,0,0,0,0,0,0,0,0,0,0,0,0,0,0,0,0,0,0,0,0,0,0,0,0,0,0,0,0,0,0,1,0,0,0,17,4,1,5,7,11,11,11,59,female,between,1.015625,6.40625,2.765625,0.29140625,0.01953125
uuzly5g6,99.38109272,-4.922736617,-2.166185395,1.720051869,0.089922462,136,0.765625,-0.109375,17,0,6,3,5,3,0,1,0,0,0,0,0,0,0,0,1,1,1,0,0,1,0,0,0,1,1,1,1,1,1,0,1,0,0,1,0,0,0,1,1,0,1,1,36,7,4,13,12,9,13,17,25,male,YA,8.3984375,-6.796875,1.6640625,1.726953125,0.029296875
v8f7tv66,87.85740968,-3.22447284,-1.301999798,0.217349872,0.064505701,191,0.734375,0.125,1,0,0,0,1,0,0,0,0,0,0,0,0,0,0,0,0,0,0,0,0,0,0,0,0,0,0,0,0,0,0,0,1,0,0,0,0,0,0,0,0,0,0,0,40,8,6,17,9,1,2,2,67,female,OA,1.015625,6.40625,2.765625,0.29140625,0.01953125
vam1u9yp,78.54475702,-0.030116867,-2.668433153,0.251100543,0.065626431,44,0.421875,0.421875,10,2,6,2,0,0,0,0,0,0,0,0,1,0,0,0,1,NaN,NaN,1,1,0,NaN,NaN,NaN,0,0,0,0,NaN,NaN,0,0,1,1,0,0,1,1,1,1,0,0,0,27,2,3,15,7,11,12,15,64,male,between,6.328125,0.78125,-0.421875,0.13828125,0.08515625
vfv0b4w7,67.88171993,-1.505801948,-2.760461871,0.602419294,0.020003271,66,0.859375,0.0625,3,1,2,0,0,0,0,0,0,0,0,0,0,0,1,0,0,0,0,0,0,0,0,0,0,0,0,0,0,0,0,0,0,0,0,0,0,0,0,1,1,0,0,0,1,0,0,0,1,3,3,4,63,female,between,5.390625,2.65625,2.390625,4.27265625,0.00078125
vm07y4lv,105.2317302,1.033351428,-2.11210825,0.1,0.032674402,96,0.71875,0.3125,13,4,4,4,0,1,0,0,1,0,1,1,0,0,1,0,0,0,0,0,0,0,0,1,0,0,0,0,0,1,0,0,0,1,1,1,0,1,1,1,1,0,0,0,39,6,6,12,15,6,6,8,75,female,OA,6.328125,0.78125,-0.421875,0.13828125,0.08515625
vv64za29,81.8360317,0.631708296,-0.476691817,0.226048396,0.058485649,47,0.75,0.359375,5,1,3,1,0,0,0,0,0,0,0,1,0,0,0,0,0,0,0,0,0,0,0,1,0,0,0,0,0,0,0,0,0,0,0,0,1,1,0,0,1,0,0,0,0,0,0,0,0,2,2,2,63,male,between,7.7734375,6.953125,-0.9609375,0.195703125,0.098046875
w0w10kdy,98.44123042,1.14536249,-2.969474261,0.101777691,0.030322648,41,0.90625,0.4375,1,1,0,0,0,0,0,0,0,0,0,1,0,0,0,0,0,0,0,0,0,0,0,0,0,0,0,0,0,0,0,0,0,0,0,0,0,0,0,0,0,0,0,0,3,1,1,1,0,3,3,3,65,female,OA,7.7734375,6.953125,-0.9609375,0.195703125,0.098046875
wcb34l6a,95.69198529,-1.255145694,0.181088692,0.370234306,0.076969616,20,0.84375,0.203125,15,3,6,3,2,1,0,0,1,0,0,0,0,0,1,1,1,0,0,0,0,0,0,0,0,0,0,0,0,0,1,0,1,1,1,1,1,1,1,1,1,0,1,0,39,9,1,14,15,5,7,7,62,female,between,1.015625,6.40625,2.765625,0.29140625,0.01953125
wsvq80ww,95.64830727,0.800682839,-0.636231875,0.101924339,0.080302611,58,0.75,0.328125,5,3,2,0,0,0,0,0,1,0,0,0,0,0,1,0,1,0,0,1,1,0,0,0,0,0,0,0,0,0,0,0,0,0,0,0,0,0,0,0,0,0,0,0,3,2,0,0,1,2,3,3,68,female,OA,6.328125,0.78125,-0.421875,0.13828125,0.08515625
x38laa0m,88.92643619,1.605493052,0.556464214,0.134896541,0.039255679,102,0.875,0.234375,12,2,6,3,0,1,0,0,0,1,0,0,0,0,0,0,0,0,0,1,1,0,1,1,0,0,0,0,0,1,0,0,0,1,1,0,0,1,1,1,1,0,0,0,11,0,0,7,4,10,10,10,34,female,YA,6.328125,0.78125,-0.421875,0.13828125,0.08515625
x47xv88l,86.34649922,-0.419251885,-2.867950306,0.180510585,0.0131591,146,0.828125,0.3125,11,0,5,2,3,1,0,0,0,0,0,0,0,0,0,0,0,0,0,0,0,1,0,0,0,1,1,1,0,1,0,1,1,0,0,0,1,1,1,0,1,0,0,0,0,0,0,0,0,9,17,18,38,female,YA,2.03125,2.1875,1.03125,0.1765625,0.0296875
x58agx78,179.6896303,1.008082722,-2.999857776,0.1,0.1,86,0.921875,0.203125,19,3,7,2,4,3,0,0,1,0,0,1,0,0,0,0,1,0,1,1,0,1,0,0,0,0,0,0,1,1,1,0,0,1,0,1,1,1,1,1,1,1,1,1,9,0,0,4,5,6,6,6,58,female,between,7.7734375,6.953125,-0.9609375,0.195703125,0.098046875
x93jpz3v,94.85942552,0.407944233,-2.978181727,0.1,0.033264825,45,0.71875,0.125,8,0,5,2,0,1,0,0,0,0,0,0,0,0,0,0,1,0,0,0,1,0,0,0,0,0,0,0,0,0,1,0,0,1,1,0,0,1,1,1,0,0,0,0,21,2,1,9,9,5,5,6,72,female,OA,6.328125,0.78125,-0.421875,0.13828125,0.08515625
xtydya8r,92.42105232,0.143493238,-2.908549936,0.105874552,1.11E-16,73,0.9375,0.171875,1,1,0,0,0,0,0,0,1,0,0,0,0,0,0,0,0,0,0,0,0,0,0,0,0,0,0,0,0,0,0,0,0,0,0,0,0,0,0,0,0,0,0,0,0,0,0,0,0,1,4,4,68,female,OA,6.328125,0.78125,-0.421875,0.13828125,0.08515625
y3ceflss,116.2143406,1.608762149,-2.623950085,0.1,0.1,180,0.6875,0.453125,1,0,1,0,0,0,0,0,0,0,0,0,0,0,0,0,0,0,0,0,0,0,0,0,0,0,0,0,0,0,0,0,0,0,0,0,1,0,0,0,0,0,0,0,0,0,0,0,0,2,2,2,34,female,YA,7.7734375,6.953125,-0.9609375,0.195703125,0.098046875
yez058ut,123.5009048,-2.06047317,2.948028942,0.100000024,0.099999995,53,0.75,0.515625,17,3,6,4,4,0,0,0,1,0,0,0,0,0,0,1,1,0,1,1,0,0,0,1,0,1,1,0,0,0,0,1,1,1,0,1,1,1,1,1,1,0,0,0,8,3,0,1,4,7,9,9,61,female,between,4.0234375,9.453125,1.2890625,3.258203125,0.035546875
yh9m6vp1,90.72161002,0.074814307,-2.838768589,0.192259593,0.059153087,177,0.8125,0.234375,19,3,6,5,3,2,0,1,1,0,0,1,1,0,0,0,1,0,1,0,0,1,0,1,0,0,1,1,0,1,1,0,0,1,1,0,1,1,0,NaN,1,0,1,1,58,16,6,20,16,12,21,22,32,male,YA,6.328125,0.78125,-0.421875,0.13828125,0.08515625
z4je4y60,100.099204,-0.642225427,-1.568904809,0.129342729,0.00954592,185,0.875,0.25,14,3,0,5,3,3,0,0,1,0,1,1,0,0,0,0,0,0,1,0,0,0,0,1,0,1,1,0,1,1,1,1,0,1,1,1,0,0,0,0,0,0,0,0,3,1,1,1,0,3,4,4,68,female,OA,1.015625,6.40625,2.765625,0.29140625,0.01953125
z62ncncy,92.30300934,-2.4046144,-2.928581566,0.356653279,0.058680277,91,0.9375,0.109375,2,2,0,0,0,0,0,0,0,0,0,0,0,0,1,0,0,0,0,1,0,0,0,0,0,0,0,0,0,0,0,0,0,0,0,0,0,0,0,0,0,0,0,0,24,11,6,4,3,2,5,5,64,female,between,6.3671875,-0.859375,1.0078125,2.875390625,0.027734375
z8dh4een,96.2166998,-3.894906336,-1.945660334,0.333409683,0.023401789,46,0.734375,0.515625,8,1,7,0,0,0,0,0,0,0,0,1,0,0,0,0,1,0,0,0,1,1,0,0,0,0,0,0,0,0,0,0,0,0,0,0,1,0,1,1,1,0,0,0,9,2,1,6,0,5,5,6,60,male,between,9.0625,-1.875,1.6875,3.009375,0.009375
01yo7fr5,86.13868153,-0.28730355,-2.942978023,0.169383264,3.56E-14,244,NaN,NaN,2,0,0,2,0,0,0,0,0,0,0,0,0,0,0,0,0,0,0,0,0,0,0,0,0,0,0,0,0,0,0,0,0,1,1,0,0,0,0,0,0,0,0,0,NaN,NaN,NaN,NaN,NaN,NaN,NaN,NaN,51,male,between,,,,,
0fr2wjk6,97.15256346,0.469445995,-0.638271576,0.106039642,1.72E-13,286,NaN,NaN,8,3,4,0,0,1,0,0,1,1,0,1,0,0,0,0,0,0,0,0,1,0,0,0,0,0,0,0,0,0,1,0,0,0,0,0,1,0,0,1,1,0,0,0,NaN,NaN,NaN,NaN,NaN,NaN,NaN,NaN,34,male,YA,,,,,
0pqcv9ak,107.535309,1.206460701,-0.08198131,0.100000013,0.099999999,368,NaN,NaN,7,1,6,0,0,0,0,0,1,0,0,0,0,0,0,0,1,0,0,0,0,0,0,0,0,0,0,0,0,0,0,0,0,0,0,NaN,1,1,1,1,1,0,0,0,NaN,NaN,NaN,NaN,NaN,NaN,NaN,NaN,28,male,YA,,,,,
0zborma6,189.1949124,9.953731529,1.539683659,0.100000005,0.099999981,252,NaN,NaN,24,0,9,6,6,3,0,1,0,0,0,0,0,0,0,0,1,1,1,0,0,1,0,1,1,1,1,1,1,1,1,1,1,0,1,1,1,1,1,1,1,0,1,1,NaN,NaN,NaN,NaN,NaN,NaN,NaN,NaN,35,male,YA,,,,,
11rd0kl8,93.28921171,0.935144353,2.987815653,0.125460508,0.061880113,217,NaN,NaN,0,0,0,0,0,0,0,0,0,0,0,0,0,0,0,0,0,0,0,0,0,0,0,0,0,0,0,0,0,0,0,0,0,0,0,0,0,0,0,0,0,0,0,0,NaN,NaN,NaN,NaN,NaN,NaN,NaN,NaN,37,male,YA,,,,,
174wa5mc,124.4108693,9.99484669,-2.957542246,0.1,0.1,381,NaN,NaN,2,1,0,0,1,0,0,0,0,1,0,0,0,0,0,0,0,0,0,0,0,0,0,0,0,NaN,0,0,0,0,0,NaN,1,0,0,0,0,0,0,0,0,0,0,0,NaN,NaN,NaN,NaN,NaN,NaN,NaN,NaN,27,male,YA,,,,,
1m57p0or,86.5660038,0.717501184,-2.858367884,0.143214931,0.0289075,263,NaN,NaN,1,1,0,0,0,0,0,0,1,0,0,0,0,0,0,0,0,0,0,0,0,0,0,0,0,0,0,0,0,0,0,0,0,0,0,0,0,0,0,0,0,0,0,0,NaN,NaN,NaN,NaN,NaN,NaN,NaN,NaN,40,female,YA,,,,,
26z6amjz,101.8558513,-0.792025244,0.023855888,0.165949574,0.067648654,320,NaN,NaN,17,4,7,3,2,1,0,0,1,0,0,1,0,0,1,1,1,0,1,0,1,1,1,1,0,0,1,1,1,0,0,0,0,0,0,0,1,1,0,0,1,0,1,0,NaN,NaN,NaN,NaN,NaN,NaN,NaN,NaN,37,female,YA,,,,,
29brbqyh,83.08150954,-0.152542178,-2.660781662,0.207234785,0.033719432,369,NaN,NaN,21,6,8,4,2,1,0,0,1,1,0,1,1,0,1,0,1,0,1,1,1,1,0,1,0,0,1,1,0,0,1,0,0,1,0,0,1,1,1,1,1,1,0,0,NaN,NaN,NaN,NaN,NaN,NaN,NaN,NaN,64,female,between,,,,,
2bruqcsd,90.44390511,-2.392991611,-2.289396729,0.376963156,0.024106041,250,NaN,NaN,9,2,2,2,3,0,0,1,0,0,0,1,0,0,0,0,1,NaN,0,1,NaN,0,NaN,NaN,NaN,0,0,NaN,NaN,0,0,1,1,0,1,1,0,NaN,NaN,0,NaN,0,1,0,NaN,NaN,NaN,NaN,NaN,NaN,NaN,NaN,39,male,YA,,,,,
2r2gte8v,105.2726369,0.962251997,-2.827807007,0.1,0.044139074,249,NaN,NaN,12,2,4,5,1,0,0,1,1,0,0,0,1,1,0,0,0,0,0,0,0,0,0,1,0,1,1,1,0,0,0,0,0,1,1,0,1,0,0,1,0,0,0,0,NaN,NaN,NaN,NaN,NaN,NaN,NaN,NaN,38,female,YA,,,,,
3bnik4c8,100.0311598,-3.105718493,1.72831959,0.179310534,0.028174962,468,0.265625,-0.03125,NaN,NaN,NaN,NaN,NaN,NaN,NaN,NaN,NaN,NaN,NaN,NaN,NaN,NaN,NaN,NaN,NaN,NaN,NaN,NaN,NaN,NaN,NaN,NaN,NaN,NaN,NaN,NaN,NaN,NaN,NaN,NaN,NaN,NaN,NaN,NaN,NaN,NaN,NaN,NaN,NaN,NaN,NaN,NaN,NaN,NaN,NaN,NaN,NaN,NaN,NaN,NaN,25,male,YA,,,,,
3c06amyh,83.32245327,0.451507922,-2.947771548,0.218566507,0.061654563,363,NaN,NaN,13,1,5,3,3,1,0,1,0,0,0,1,0,0,0,0,0,0,0,0,1,0,0,0,1,1,1,1,0,1,0,1,1,0,0,0,0,0,1,1,1,0,0,0,NaN,NaN,NaN,NaN,NaN,NaN,NaN,NaN,53,male,between,,,,,
3kne19g0,86.65134669,-3.858233908,2.607794174,0.842342527,0.034831661,281,NaN,NaN,23,1,7,6,6,3,0,1,1,0,0,0,0,0,0,0,1,1,1,0,0,0,0,1,1,1,1,1,1,1,1,1,1,1,0,1,1,0,1,1,1,0,1,1,NaN,NaN,NaN,NaN,NaN,NaN,NaN,NaN,38,male,YA,,,,,
3ogc63zz,81.8681041,0.217025422,-2.984143422,0.152467222,0.019805137,340,NaN,NaN,4,3,1,0,0,0,0,0,1,1,0,1,0,1,0,0,0,0,0,0,0,0,0,0,0,0,0,0,0,0,0,0,0,0,0,0,0,0,0,0,0,0,0,0,NaN,NaN,NaN,NaN,NaN,NaN,NaN,NaN,28,male,YA,,,,,
418ok4hl,116.9469426,-2.504613167,0.156028442,0.164260365,0.099973946,225,NaN,NaN,29,3,9,7,7,3,0,0,0,0,0,0,0,1,1,1,1,1,1,1,1,0,0,1,1,1,1,1,1,1,1,1,1,1,1,1,1,1,1,1,1,1,1,1,NaN,NaN,NaN,NaN,NaN,NaN,NaN,NaN,45,female,between,,,,,
4e6y4g0w,103.218582,-0.542472394,2.990976672,0.154263637,0.036685306,207,NaN,NaN,18,7,9,2,0,0,0,1,1,1,1,1,1,1,1,0,1,0,0,1,0,1,0,0,0,0,0,0,0,0,0,0,0,1,1,0,1,1,1,1,1,0,0,0,NaN,NaN,NaN,NaN,NaN,NaN,NaN,NaN,41,male,between,,,,,
4elzkl6j,90.92035626,-0.140552689,-1.668977302,0.129856763,1.03E-11,222,NaN,NaN,6,1,0,4,0,1,0,0,1,0,0,0,0,0,0,0,0,0,0,0,0,0,0,0,1,0,0,1,0,1,0,0,0,1,1,0,0,0,0,0,0,0,0,0,NaN,NaN,NaN,NaN,NaN,NaN,NaN,NaN,29,male,YA,,,,,
4gb06j9k,111.2689146,-0.827946907,2.19467591,0.113781904,0.023153859,319,NaN,NaN,25,9,9,1,3,3,1,1,1,1,1,1,1,1,1,1,1,0,1,1,1,1,1,0,0,0,0,0,1,1,1,0,0,1,0,0,0,1,1,1,0,1,1,0,NaN,NaN,NaN,NaN,NaN,NaN,NaN,NaN,62,female,between,,,,,
4s4cvlj4,117.2764405,9.99745232,2.995019733,0.1,0.1,233,NaN,NaN,10,3,3,1,3,0,1,1,0,0,0,1,0,0,1,0,0,0,0,0,0,0,0,0,0,1,0,0,0,0,0,0,1,0,1,0,0,0,1,1,0,0,0,1,NaN,NaN,NaN,NaN,NaN,NaN,NaN,NaN,23,male,YA,,,,,
4sxadlyw,114.7083092,-9.999964296,2.999362686,0.124266828,0.018853505,257,NaN,NaN,4,0,4,0,0,0,0,1,0,0,0,0,0,0,0,0,0,1,NaN,0,0,0,0,0,0,NaN,0,0,0,0,0,0,0,0,0,NaN,0,0,0,1,1,0,0,0,NaN,NaN,NaN,NaN,NaN,NaN,NaN,NaN,58,male,between,,,,,
4v8k9usj,104.5344863,9.995663631,-2.407263615,0.1,0.1,466,0.5625,0.21875,NaN,NaN,NaN,NaN,NaN,NaN,NaN,NaN,NaN,NaN,NaN,NaN,NaN,NaN,NaN,NaN,NaN,NaN,NaN,NaN,NaN,NaN,NaN,NaN,NaN,NaN,NaN,NaN,NaN,NaN,NaN,NaN,NaN,NaN,NaN,NaN,NaN,NaN,NaN,NaN,NaN,NaN,NaN,NaN,NaN,NaN,NaN,NaN,NaN,NaN,NaN,NaN,63,female,between,,,,,
4w5e7j9x,99.49924934,-1.233505776,1.23930153,0.124303713,1.72E-13,325,NaN,NaN,13,0,9,4,0,0,0,1,0,0,0,0,0,0,0,0,1,1,0,0,0,1,0,1,1,0,1,1,0,0,0,0,0,0,0,0,1,1,1,1,1,0,0,0,NaN,NaN,NaN,NaN,NaN,NaN,NaN,NaN,30,male,YA,,,,,
5188nuaq,97.79968224,-0.700207149,-2.739472486,0.138303968,1.72E-13,505,0.625,0.3125,NaN,NaN,NaN,NaN,NaN,NaN,NaN,NaN,NaN,NaN,NaN,NaN,NaN,NaN,NaN,NaN,NaN,NaN,NaN,NaN,NaN,NaN,NaN,NaN,NaN,NaN,NaN,NaN,NaN,NaN,NaN,NaN,NaN,NaN,NaN,NaN,NaN,NaN,NaN,NaN,NaN,NaN,NaN,NaN,NaN,NaN,NaN,NaN,NaN,NaN,NaN,NaN,62,male,between,,,,,
587ndadx,84.58568909,0.216229946,2.633396139,0.433458612,0.090999319,464,0.625,0.34375,NaN,NaN,NaN,NaN,NaN,NaN,NaN,NaN,NaN,NaN,NaN,NaN,NaN,NaN,NaN,NaN,NaN,NaN,NaN,NaN,NaN,NaN,NaN,NaN,NaN,NaN,NaN,NaN,NaN,NaN,NaN,NaN,NaN,NaN,NaN,NaN,NaN,NaN,NaN,NaN,NaN,NaN,NaN,NaN,NaN,NaN,NaN,NaN,NaN,NaN,NaN,NaN,38,male,YA,,,,,
5tmkmsdq,119.2108134,-2.12904808,0.745410873,0.1,0.0398559,513,0.546875,0.1875,NaN,NaN,NaN,NaN,NaN,NaN,NaN,NaN,NaN,NaN,NaN,NaN,NaN,NaN,NaN,NaN,NaN,NaN,NaN,NaN,NaN,NaN,NaN,NaN,NaN,NaN,NaN,NaN,NaN,NaN,NaN,NaN,NaN,NaN,NaN,NaN,NaN,NaN,NaN,NaN,NaN,NaN,NaN,NaN,NaN,NaN,NaN,NaN,NaN,NaN,NaN,NaN,28,female,YA,,,,,
65iaws9c,90.22323122,-0.507447844,2.517784181,0.266457538,0.055379669,415,0.65625,0.40625,NaN,NaN,NaN,NaN,NaN,NaN,NaN,NaN,NaN,NaN,NaN,NaN,NaN,NaN,NaN,NaN,NaN,NaN,NaN,NaN,NaN,NaN,NaN,NaN,NaN,NaN,NaN,NaN,NaN,NaN,NaN,NaN,NaN,NaN,NaN,NaN,NaN,NaN,NaN,NaN,NaN,NaN,NaN,NaN,NaN,NaN,NaN,NaN,NaN,NaN,NaN,NaN,29,male,YA,,,,,
67r47g9y,91.33735203,-0.698076509,1.069411018,0.232359406,0.052494141,342,NaN,NaN,1,1,0,0,0,0,0,0,0,0,0,1,0,0,0,0,0,0,0,0,0,0,0,0,0,0,0,0,0,0,0,0,0,0,0,0,0,0,0,0,0,0,0,0,NaN,NaN,NaN,NaN,NaN,NaN,NaN,NaN,43,male,between,,,,,
6qn992vo,114.4914942,-0.209891874,2.965301976,0.100000037,0.099999993,336,NaN,NaN,15,0,5,4,4,2,0,1,0,0,0,NaN,0,0,0,0,NaN,1,1,0,0,1,0,1,1,1,1,NaN,NaN,1,1,0,0,0,NaN,1,NaN,NaN,1,1,NaN,0,1,1,NaN,NaN,NaN,NaN,NaN,NaN,NaN,NaN,54,male,between,,,,,
6urwbvqu,115.0640773,-10,-0.329969789,0.121034204,0.021477424,311,NaN,NaN,21,8,7,2,3,1,1,1,1,1,1,1,0,0,1,1,1,0,0,1,1,1,1,0,0,1,0,0,0,1,0,1,1,1,1,0,1,0,0,0,1,0,0,0,NaN,NaN,NaN,NaN,NaN,NaN,NaN,NaN,29,male,YA,,,,,
76zpbryk,150.7689876,9.992636303,2.969242839,0.1,0.1,409,-0.046875,0.078125,NaN,NaN,NaN,NaN,NaN,NaN,NaN,NaN,NaN,NaN,NaN,NaN,NaN,NaN,NaN,NaN,NaN,NaN,NaN,NaN,NaN,NaN,NaN,NaN,NaN,NaN,NaN,NaN,NaN,NaN,NaN,NaN,NaN,NaN,NaN,NaN,NaN,NaN,NaN,NaN,NaN,NaN,NaN,NaN,NaN,NaN,NaN,NaN,NaN,NaN,NaN,NaN,37,female,YA,,,,,
7nvhfpa1,98.03890457,-0.379876453,0.232428611,0.178762961,0.046794581,338,NaN,NaN,6,1,1,4,0,0,0,0,0,1,0,0,0,0,0,0,0,0,0,0,1,0,0,1,1,0,0,0,0,0,0,0,0,1,1,0,0,0,0,0,0,0,0,0,NaN,NaN,NaN,NaN,NaN,NaN,NaN,NaN,58,female,between,,,,,
81h8f83e,208.7577576,-1.348466306,-2.502058048,0.1,0.1,268,NaN,NaN,23,0,9,5,6,3,0,1,0,0,0,0,0,0,0,0,1,1,1,0,0,1,0,1,1,1,1,1,1,1,1,1,1,0,0,1,1,1,1,1,1,0,1,1,NaN,NaN,NaN,NaN,NaN,NaN,NaN,NaN,44,male,between,,,,,
88j45vwu,86.577754,-0.00410785,0.390734402,0.184780087,0.035515004,330,NaN,NaN,0,0,0,0,0,0,0,0,0,0,0,0,0,0,0,0,0,0,0,0,0,0,0,0,0,0,0,0,0,0,0,0,0,NaN,0,0,NaN,0,0,0,NaN,0,0,0,NaN,NaN,NaN,NaN,NaN,NaN,NaN,NaN,27,male,YA,,,,,
8bgom9ed,90.88717304,-0.187953555,-2.951415379,0.13065127,1.62E-12,259,NaN,NaN,13,0,5,2,3,3,0,0,0,0,0,0,0,1,0,0,0,0,1,0,0,1,0,0,0,0,0,1,1,1,1,0,0,0,0,1,0,0,1,1,1,0,1,1,NaN,NaN,NaN,NaN,NaN,NaN,NaN,NaN,33,male,YA,,,,,
8bvw5l6m,79.51871909,-10,-0.992576249,3.223853425,0.039555143,498,0.04454291,0.125,NaN,NaN,NaN,NaN,NaN,NaN,NaN,NaN,NaN,NaN,NaN,NaN,NaN,NaN,NaN,NaN,NaN,NaN,NaN,NaN,NaN,NaN,NaN,NaN,NaN,NaN,NaN,NaN,NaN,NaN,NaN,NaN,NaN,NaN,NaN,NaN,NaN,NaN,NaN,NaN,NaN,NaN,NaN,NaN,NaN,NaN,NaN,NaN,NaN,NaN,NaN,NaN,66,male,OA,,,,,
8f8zt3st,96.59387865,-0.147652387,0.866750773,0.121114891,0.032052857,232,NaN,NaN,12,3,6,2,0,1,0,1,0,0,1,0,0,0,1,0,1,1,0,1,1,0,0,1,0,0,1,0,0,1,0,0,0,0,0,0,0,0,0,1,1,0,0,0,NaN,NaN,NaN,NaN,NaN,NaN,NaN,NaN,61,male,between,,,,,
97d81y5h,81.25745826,0.01536764,0.368941033,0.266568614,0.050726842,328,NaN,NaN,1,0,1,0,0,0,0,0,0,0,0,0,0,0,0,0,0,0,0,0,0,0,0,0,0,0,0,0,0,0,0,0,0,0,0,0,1,0,0,0,0,0,0,0,NaN,NaN,NaN,NaN,NaN,NaN,NaN,NaN,31,female,YA,,,,,
9oel3e6n,92.83787375,-0.784256169,0.697625487,0.272806444,0.036746207,285,NaN,NaN,8,1,6,0,0,1,0,0,0,0,0,0,0,0,0,0,1,0,0,1,0,0,0,0,0,0,0,0,0,1,0,0,0,0,0,0,1,1,1,1,1,0,0,0,NaN,NaN,NaN,NaN,NaN,NaN,NaN,NaN,34,male,YA,,,,,
9qtcjvmc,103.2104229,-0.314573823,-0.699897271,0.100000003,0.028293619,386,NaN,NaN,12,1,4,3,3,1,0,1,0,0,0,1,0,0,0,0,0,0,0,0,0,0,0,0,1,1,1,1,0,1,0,1,1,0,0,0,0,0,1,1,1,0,0,0,NaN,NaN,NaN,NaN,NaN,NaN,NaN,NaN,37,male,YA,,,,,
a5p5y4sc,129.8706768,9.999974832,2.346255349,0.1,0.099999864,362,NaN,NaN,14,5,4,2,3,0,0,NaN,0,1,1,NaN,1,1,1,NaN,0,NaN,NaN,1,1,NaN,1,0,NaN,1,0,NaN,0,NaN,0,0,NaN,1,1,0,NaN,0,NaN,0,1,1,1,NaN,NaN,NaN,NaN,NaN,NaN,NaN,NaN,NaN,24,female,YA,,,,,
a85uwjnl,83.46787369,-0.435177513,0.893409013,0.252164033,0.036380901,350,NaN,NaN,1,1,0,0,0,0,0,0,1,0,0,0,0,0,0,0,0,0,0,0,0,0,0,0,0,0,0,0,0,0,0,0,0,0,0,0,0,0,0,0,0,0,0,0,NaN,NaN,NaN,NaN,NaN,NaN,NaN,NaN,42,male,between,,,,,
a8rfzx5s,82.75994081,-2.055445201,-1.347871452,0.754942513,0.035718591,379,NaN,NaN,3,1,2,0,0,0,0,0,0,0,0,1,0,0,0,0,0,0,0,0,0,0,0,0,0,0,0,0,0,0,0,0,0,0,0,0,0,0,0,1,1,0,0,0,NaN,NaN,NaN,NaN,NaN,NaN,NaN,NaN,33,male,YA,,,,,
afp5gyjq,85.00572175,0.408852565,2.624322911,0.218952424,0.04337075,332,NaN,NaN,33,8,12,5,5,3,1,1,1,1,1,1,1,1,1,1,1,1,1,0,1,1,1,1,1,0,0,0,1,1,1,0,1,1,1,1,1,1,1,1,1,1,1,1,NaN,NaN,NaN,NaN,NaN,NaN,NaN,NaN,34,male,YA,,,,,
ak7p70cr,86.22099715,-1.542332112,-0.468204605,0.308261466,0.025376113,365,NaN,NaN,14,0,5,4,3,2,0,1,0,0,0,0,0,0,0,0,0,1,1,0,0,0,0,0,1,1,1,1,1,1,0,0,0,0,0,1,0,0,1,1,1,0,0,1,NaN,NaN,NaN,NaN,NaN,NaN,NaN,NaN,40,male,YA,,,,,
amy89uxd,82.07174624,-5.51586166,1.46666371,5,0.072355062,305,NaN,NaN,2,0,2,0,0,0,0,1,0,0,0,0,0,0,0,0,1,NaN,NaN,0,NaN,NaN,NaN,NaN,NaN,NaN,NaN,NaN,NaN,0,0,NaN,NaN,NaN,NaN,NaN,NaN,NaN,NaN,NaN,NaN,NaN,NaN,0,NaN,NaN,NaN,NaN,NaN,NaN,NaN,NaN,25,male,YA,,,,,
aoak6kjd,81.5039274,-0.244831971,-0.091760015,0.244662482,0.032726502,280,NaN,NaN,3,0,0,3,0,0,0,0,0,0,0,0,0,0,0,0,0,0,0,0,0,0,0,0,0,0,0,1,0,0,0,0,0,1,1,0,0,0,0,0,0,0,0,0,NaN,NaN,NaN,NaN,NaN,NaN,NaN,NaN,39,male,YA,,,,,
bgnmge8z,87.05748243,-0.728014864,2.071581108,0.282609501,0.03875433,214,NaN,NaN,5,0,1,1,3,0,0,0,0,0,0,0,0,0,0,0,0,0,0,0,0,0,0,1,0,1,0,0,0,0,0,1,1,0,0,0,0,0,1,0,0,0,0,0,NaN,NaN,NaN,NaN,NaN,NaN,NaN,NaN,60,male,between,,,,,
bov8714s,88.98330653,1.003468226,1.424216949,0.112011002,1.72E-13,236,NaN,NaN,11,5,6,0,0,0,0,0,1,0,0,1,1,0,1,1,1,0,0,0,1,0,0,0,0,0,0,0,0,0,NaN,0,0,0,0,0,1,1,1,1,0,0,0,0,NaN,NaN,NaN,NaN,NaN,NaN,NaN,NaN,49,male,between,,,,,
by8g3u0l,147.2567402,-10,-0.452908244,3.94570276,0.035665098,467,0.203125,0.078125,NaN,NaN,NaN,NaN,NaN,NaN,NaN,NaN,NaN,NaN,NaN,NaN,NaN,NaN,NaN,NaN,NaN,NaN,NaN,NaN,NaN,NaN,NaN,NaN,NaN,NaN,NaN,NaN,NaN,NaN,NaN,NaN,NaN,NaN,NaN,NaN,NaN,NaN,NaN,NaN,NaN,NaN,NaN,NaN,NaN,NaN,NaN,NaN,NaN,NaN,NaN,NaN,27,male,YA,,,,,
cakl0wtj,91.35167432,-0.106046798,-0.550095911,0.197189623,0.039814728,387,NaN,NaN,21,8,8,1,3,1,0,1,1,1,1,1,1,0,1,1,1,1,0,1,1,0,0,0,0,1,0,0,0,0,1,1,1,1,0,0,0,1,1,1,1,0,0,0,NaN,NaN,NaN,NaN,NaN,NaN,NaN,NaN,53,female,between,,,,,
ce011nvu,113.2233934,-3.39811229,1.029139216,0.105825831,0.035531936,497,0.078125,-0.03125,NaN,NaN,NaN,NaN,NaN,NaN,NaN,NaN,NaN,NaN,NaN,NaN,NaN,NaN,NaN,NaN,NaN,NaN,NaN,NaN,NaN,NaN,NaN,NaN,NaN,NaN,NaN,NaN,NaN,NaN,NaN,NaN,NaN,NaN,NaN,NaN,NaN,NaN,NaN,NaN,NaN,NaN,NaN,NaN,NaN,NaN,NaN,NaN,NaN,NaN,NaN,NaN,25,female,YA,,,,,
ceglkt0l,77.95929097,-9.999999998,-0.240973928,4.999999993,0.021384043,511,0.109375,0.046875,NaN,NaN,NaN,NaN,NaN,NaN,NaN,NaN,NaN,NaN,NaN,NaN,NaN,NaN,NaN,NaN,NaN,NaN,NaN,NaN,NaN,NaN,NaN,NaN,NaN,NaN,NaN,NaN,NaN,NaN,NaN,NaN,NaN,NaN,NaN,NaN,NaN,NaN,NaN,NaN,NaN,NaN,NaN,NaN,NaN,NaN,NaN,NaN,NaN,NaN,NaN,NaN,59,female,between,,,,,
cf408j6o,147.6708946,-0.36859585,-2.986016936,0.100000001,0.099999999,204,NaN,NaN,7,2,3,2,0,0,0,0,1,0,0,1,0,0,0,0,0,0,0,0,0,1,0,1,1,0,0,0,0,0,0,0,0,0,0,0,1,1,0,0,0,0,0,0,NaN,NaN,NaN,NaN,NaN,NaN,NaN,NaN,39,female,YA,,,,,
ckz5c2mv,89.28211391,-0.273575229,1.440058604,0.224834752,0.038019591,308,NaN,NaN,2,2,0,0,0,0,0,0,1,0,0,0,0,0,1,0,0,0,0,0,0,0,0,0,0,0,0,0,0,0,0,0,0,0,0,0,0,0,0,0,0,0,0,0,NaN,NaN,NaN,NaN,NaN,NaN,NaN,NaN,34,male,YA,,,,,
cwlecwuu,110.0593547,-9.999917373,-2.570997678,4.999957285,0.1,427,0.03125,-0.03125,NaN,NaN,NaN,NaN,NaN,NaN,NaN,NaN,NaN,NaN,NaN,NaN,NaN,NaN,NaN,NaN,NaN,NaN,NaN,NaN,NaN,NaN,NaN,NaN,NaN,NaN,NaN,NaN,NaN,NaN,NaN,NaN,NaN,NaN,NaN,NaN,NaN,NaN,NaN,NaN,NaN,NaN,NaN,NaN,NaN,NaN,NaN,NaN,NaN,NaN,NaN,NaN,32,male,YA,,,,,
d3xn52ne,124.9201394,-10,-2.58276674,0.64425813,0.023688014,506,0.0625,0,NaN,NaN,NaN,NaN,NaN,NaN,NaN,NaN,NaN,NaN,NaN,NaN,NaN,NaN,NaN,NaN,NaN,NaN,NaN,NaN,NaN,NaN,NaN,NaN,NaN,NaN,NaN,NaN,NaN,NaN,NaN,NaN,NaN,NaN,NaN,NaN,NaN,NaN,NaN,NaN,NaN,NaN,NaN,NaN,NaN,NaN,NaN,NaN,NaN,NaN,NaN,NaN,60,female,between,,,,,
d91x9dzs,84.74701944,-1.757648022,-0.389303828,0.47191281,0.025672357,373,NaN,NaN,1,1,0,0,0,0,0,0,0,0,1,0,0,0,0,0,0,0,0,0,0,0,0,0,0,0,0,0,0,0,0,0,0,0,0,0,0,0,0,0,0,0,0,0,NaN,NaN,NaN,NaN,NaN,NaN,NaN,NaN,34,male,YA,,,,,
dhsfhn93,97.40231215,1.066015931,-2.99090866,0.1,1.03E-11,451,0.8125,0.375,NaN,NaN,NaN,NaN,NaN,NaN,NaN,NaN,NaN,NaN,NaN,NaN,NaN,NaN,NaN,NaN,NaN,NaN,NaN,NaN,NaN,NaN,NaN,NaN,NaN,NaN,NaN,NaN,NaN,NaN,NaN,NaN,NaN,NaN,NaN,NaN,NaN,NaN,NaN,NaN,NaN,NaN,NaN,NaN,NaN,NaN,NaN,NaN,NaN,NaN,NaN,NaN,60,male,between,,,,,
e0zfbfzq,100.9141309,-0.231971447,-2.395583155,0.107088939,0.003673714,289,NaN,NaN,1,0,1,0,0,0,0,0,0,0,0,0,0,0,0,0,0,0,0,0,0,0,0,0,0,0,0,0,0,0,0,0,0,0,0,0,0,0,0,0,1,0,0,0,NaN,NaN,NaN,NaN,NaN,NaN,NaN,NaN,31,male,YA,,,,,
e2rj2qry,83.65685795,-1.066131213,-2.94751156,0.60207972,0.056715402,254,NaN,NaN,15,0,6,5,4,0,0,0,0,0,0,0,0,0,0,0,1,0,1,0,0,1,0,1,1,1,0,0,0,0,0,1,1,1,1,1,0,1,1,1,1,0,0,0,NaN,NaN,NaN,NaN,NaN,NaN,NaN,NaN,42,female,between,,,,,
e7rg5tg3,78.63515509,3.199651445,-1.535461931,0.120679653,5.09E-09,301,NaN,NaN,8,4,4,0,0,0,0,0,1,0,0,1,0,0,1,0,0,0,0,1,0,0,0,0,0,0,0,0,0,0,0,0,0,0,0,0,1,0,1,1,1,0,0,0,NaN,NaN,NaN,NaN,NaN,NaN,NaN,NaN,26,male,YA,,,,,
ed8fmmat,82.36615271,1.704299011,1.171600453,0.168609571,0.035967153,358,NaN,NaN,0,0,0,0,0,0,0,0,0,0,0,0,0,0,0,0,0,0,0,0,0,0,0,0,0,0,0,0,0,0,0,0,0,0,0,0,0,0,0,0,0,0,0,0,NaN,NaN,NaN,NaN,NaN,NaN,NaN,NaN,35,male,YA,,,,,
ejs0rb6b,94.47387571,-1.385383819,-2.981937558,0.11858854,5.22E-10,508,0.830528846,0.03125,NaN,NaN,NaN,NaN,NaN,NaN,NaN,NaN,NaN,NaN,NaN,NaN,NaN,NaN,NaN,NaN,NaN,NaN,NaN,NaN,NaN,NaN,NaN,NaN,NaN,NaN,NaN,NaN,NaN,NaN,NaN,NaN,NaN,NaN,NaN,NaN,NaN,NaN,NaN,NaN,NaN,NaN,NaN,NaN,NaN,NaN,NaN,NaN,NaN,NaN,NaN,NaN,36,female,YA,,,,,
enkucd6x,111.2453173,-0.435833401,0.753547957,0.1,0.053503389,251,NaN,NaN,4,1,0,0,3,0,1,0,0,0,0,0,0,0,0,0,0,0,0,0,0,0,0,0,0,1,0,0,0,0,0,1,1,0,0,0,0,0,0,0,0,0,0,0,NaN,NaN,NaN,NaN,NaN,NaN,NaN,NaN,60,male,between,,,,,
ewp8gcnb,161.0216982,9.999762875,-0.128909483,0.1,0.099999999,345,NaN,NaN,24,0,9,6,6,3,0,1,0,0,0,0,0,0,0,0,1,1,1,0,0,1,0,1,1,1,1,1,1,1,1,1,1,0,1,1,1,1,1,1,1,0,1,1,NaN,NaN,NaN,NaN,NaN,NaN,NaN,NaN,42,female,between,,,,,
f1j8h343,107.5668867,-0.639117914,-2.78704967,0.160399301,0.054576611,245,NaN,NaN,1,0,0,1,0,0,0,0,0,0,0,0,0,0,0,0,0,0,0,0,0,0,0,0,0,0,0,0,0,0,0,0,0,1,0,0,0,0,0,0,0,0,0,0,NaN,NaN,NaN,NaN,NaN,NaN,NaN,NaN,39,female,YA,,,,,
f3vodboo,88.75031748,-0.152471598,-0.785538055,0.167428897,0.029694322,317,NaN,NaN,14,8,3,3,0,0,1,0,1,0,1,1,1,0,1,1,0,0,0,1,1,0,0,1,0,0,0,0,0,0,0,0,0,1,1,0,0,0,0,1,1,0,0,0,NaN,NaN,NaN,NaN,NaN,NaN,NaN,NaN,41,male,between,,,,,
f64vuk5j,179.2165183,-1.653985366,-2.93188282,0.1,0.1,303,NaN,NaN,15,2,8,1,3,1,0,1,0,0,0,1,0,0,0,0,1,0,1,1,0,1,1,0,1,1,0,0,0,1,0,0,0,0,0,0,1,0,1,1,1,0,0,1,NaN,NaN,NaN,NaN,NaN,NaN,NaN,NaN,26,male,YA,,,,,
f7m5xxh0,102.4341807,9.999988919,-2.679297242,0.1,0.1,226,NaN,NaN,7,3,0,3,1,0,0,0,1,1,0,0,0,0,1,0,0,0,0,0,0,0,0,1,1,0,0,0,0,0,0,0,1,0,1,0,0,0,0,0,0,0,0,0,NaN,NaN,NaN,NaN,NaN,NaN,NaN,NaN,47,female,between,,,,,
fjjcuagj,90.05114777,-0.068381347,-2.694618855,0.17393425,0.042940025,213,NaN,NaN,4,3,1,0,0,0,0,0,0,1,0,1,1,0,0,0,0,0,0,0,0,1,0,0,0,0,0,0,0,0,0,0,0,0,0,0,0,0,0,0,0,0,0,0,NaN,NaN,NaN,NaN,NaN,NaN,NaN,NaN,31,male,YA,,,,,
fjp1wa37,164.6688606,9.930961288,2.172616869,0.1,0.1,314,NaN,NaN,6,0,4,1,1,0,0,1,0,0,0,0,0,0,0,0,1,1,0,0,0,1,0,0,0,1,0,0,0,0,0,0,0,0,0,1,0,0,0,0,0,0,0,0,NaN,NaN,NaN,NaN,NaN,NaN,NaN,NaN,51,male,between,,,,,
fl2eg6m8,82.92153268,-0.254769396,1.726746024,0.279464199,0.053329352,229,NaN,NaN,4,0,3,0,0,1,0,0,0,0,0,0,0,0,0,0,0,0,0,0,0,0,0,0,0,0,0,0,0,0,1,0,0,0,0,0,0,0,1,1,1,0,0,0,NaN,NaN,NaN,NaN,NaN,NaN,NaN,NaN,30,male,YA,,,,,
fl6ok426,100.9824979,-0.364131829,2.566163747,0.151085573,0.052822202,374,NaN,NaN,16,3,7,3,3,0,0,0,1,0,0,0,0,0,1,0,1,0,0,1,1,1,0,1,0,1,0,0,0,0,0,1,1,1,1,0,1,1,1,0,1,0,0,0,NaN,NaN,NaN,NaN,NaN,NaN,NaN,NaN,54,female,between,,,,,
ft7rclmy,109.6913995,-0.076132185,-2.138580032,0.1,0.081421143,341,NaN,NaN,8,2,3,1,2,0,0,0,0,1,0,0,0,0,1,0,1,0,0,0,0,0,1,1,0,1,0,0,0,0,0,1,0,0,0,0,0,0,0,1,0,0,0,0,NaN,NaN,NaN,NaN,NaN,NaN,NaN,NaN,37,female,YA,,,,,
ftsvvwkz,96.61523392,-0.492631099,2.992002935,0.145536126,0.034578949,279,NaN,NaN,0,0,0,0,0,0,0,0,0,0,0,0,0,0,0,0,0,0,0,0,0,0,0,0,0,0,0,0,0,0,0,0,0,0,0,0,0,0,0,0,0,0,0,0,NaN,NaN,NaN,NaN,NaN,NaN,NaN,NaN,33,male,YA,,,,,
g7crlu4q,104.9156782,9.999310127,1.410074418,0.1,0.1,367,NaN,NaN,2,2,0,0,0,0,0,0,1,0,0,1,0,0,0,0,0,0,0,0,0,0,0,0,0,0,0,0,0,0,0,0,0,0,0,0,0,0,0,0,0,0,0,0,NaN,NaN,NaN,NaN,NaN,NaN,NaN,NaN,35,male,YA,,,,,
gb46vvx8,97.30436544,-0.751123853,1.604810576,0.178343715,0.039647165,323,NaN,NaN,9,6,1,1,1,0,0,1,1,0,1,1,1,0,1,1,0,0,1,0,0,0,0,0,0,0,0,0,0,0,0,0,0,0,1,NaN,0,0,0,0,0,0,0,0,NaN,NaN,NaN,NaN,NaN,NaN,NaN,NaN,44,male,between,,,,,
gefno93q,90.85783324,0.036802796,2.95347876,0.1140684,0.000497494,352,NaN,NaN,0,0,0,0,0,0,0,0,0,0,0,0,0,0,0,0,0,0,0,0,0,0,0,0,0,0,0,0,0,0,0,0,0,0,0,0,0,0,0,0,0,0,0,0,NaN,NaN,NaN,NaN,NaN,NaN,NaN,NaN,36,female,YA,,,,,
gg27mu5e,145.5674126,-0.006791294,-2.991136792,0.1,0.1,510,0.015625,-0.109375,NaN,NaN,NaN,NaN,NaN,NaN,NaN,NaN,NaN,NaN,NaN,NaN,NaN,NaN,NaN,NaN,NaN,NaN,NaN,NaN,NaN,NaN,NaN,NaN,NaN,NaN,NaN,NaN,NaN,NaN,NaN,NaN,NaN,NaN,NaN,NaN,NaN,NaN,NaN,NaN,NaN,NaN,NaN,NaN,NaN,NaN,NaN,NaN,NaN,NaN,NaN,NaN,62,male,between,,,,,
gncr33l5,89.2421158,-0.274075505,-1.533819055,0.284351575,0.072449755,284,NaN,NaN,29,6,11,6,4,2,0,1,1,1,1,0,0,1,1,1,1,0,0,1,1,1,1,1,0,1,1,1,1,1,0,0,0,1,1,1,1,1,1,1,1,1,1,1,NaN,NaN,NaN,NaN,NaN,NaN,NaN,NaN,31,female,YA,,,,,
gvwtc90w,107.6306395,-0.933276974,2.713438848,0.121017212,0.037790411,460,0.75,0.0625,NaN,NaN,NaN,NaN,NaN,NaN,NaN,NaN,NaN,NaN,NaN,NaN,NaN,NaN,NaN,NaN,NaN,NaN,NaN,NaN,NaN,NaN,NaN,NaN,NaN,NaN,NaN,NaN,NaN,NaN,NaN,NaN,NaN,NaN,NaN,NaN,NaN,NaN,NaN,NaN,NaN,NaN,NaN,NaN,NaN,NaN,NaN,NaN,NaN,NaN,NaN,NaN,71,female,OA,,,,,
gx4q813x,104.1311811,-1.7734442,2.9319264,0.149821467,1.03E-11,399,NaN,NaN,4,1,0,2,1,0,0,0,0,0,0,0,1,0,0,0,0,0,0,0,0,0,0,0,0,0,0,0,0,0,0,0,1,1,1,0,0,0,0,0,0,0,0,0,NaN,NaN,NaN,NaN,NaN,NaN,NaN,NaN,44,male,between,,,,,
gz6ge8t0,90.04892426,-0.587133882,2.999749347,0.150005526,1.72E-13,355,NaN,NaN,4,0,4,0,0,0,0,0,0,0,0,0,0,0,0,0,1,0,0,0,0,0,0,0,0,0,0,0,0,0,0,0,0,0,0,0,0,1,1,1,0,0,0,0,NaN,NaN,NaN,NaN,NaN,NaN,NaN,NaN,52,male,between,,,,,
h7ewlj4c,76.17143902,0.644593592,1.36501607,0.151990334,1.53E-15,413,0.59375,0.109375,NaN,NaN,NaN,NaN,NaN,NaN,NaN,NaN,NaN,NaN,NaN,NaN,NaN,NaN,NaN,NaN,NaN,NaN,NaN,NaN,NaN,NaN,NaN,NaN,NaN,NaN,NaN,NaN,NaN,NaN,NaN,NaN,NaN,NaN,NaN,NaN,NaN,NaN,NaN,NaN,NaN,NaN,NaN,NaN,NaN,NaN,NaN,NaN,NaN,NaN,NaN,NaN,73,male,OA,,,,,
hbfgm4en,85.35640987,-0.469260763,1.710019094,0.204616246,0.02636571,331,NaN,NaN,16,0,7,5,2,2,0,1,0,0,0,0,0,0,0,0,1,0,0,0,0,1,1,1,1,0,1,0,0,1,1,0,0,0,1,1,1,0,1,1,0,0,1,1,NaN,NaN,NaN,NaN,NaN,NaN,NaN,NaN,31,male,YA,,,,,
hfsbr68j,105.8414043,-1.971224155,1.213795317,0.116287206,0.023919926,274,NaN,NaN,18,3,6,3,4,2,0,0,0,0,0,1,0,0,0,1,1,1,1,1,0,0,1,1,0,1,1,0,1,1,0,0,0,0,0,1,1,1,0,0,1,0,1,1,NaN,NaN,NaN,NaN,NaN,NaN,NaN,NaN,33,male,YA,,,,,
ht3a4k7n,103.0001155,0.017422847,0.532885945,0.1,1.03E-11,321,NaN,NaN,15,6,6,1,2,0,0,0,1,0,0,1,1,0,1,1,1,0,0,1,1,0,0,0,0,0,0,0,0,0,0,0,0,1,0,NaN,1,1,1,1,0,1,1,0,NaN,NaN,NaN,NaN,NaN,NaN,NaN,NaN,28,male,YA,,,,,
i6zcowcn,209.6658821,-9.997150466,2.753933476,0.1,0.1,473,0.1875,0.140625,NaN,NaN,NaN,NaN,NaN,NaN,NaN,NaN,NaN,NaN,NaN,NaN,NaN,NaN,NaN,NaN,NaN,NaN,NaN,NaN,NaN,NaN,NaN,NaN,NaN,NaN,NaN,NaN,NaN,NaN,NaN,NaN,NaN,NaN,NaN,NaN,NaN,NaN,NaN,NaN,NaN,NaN,NaN,NaN,NaN,NaN,NaN,NaN,NaN,NaN,NaN,NaN,45,male,between,,,,,
j9sizmqm,176.1655032,-9.996006044,-2.638410373,0.100000001,0.099999999,490,-0.015625,0.039182692,NaN,NaN,NaN,NaN,NaN,NaN,NaN,NaN,NaN,NaN,NaN,NaN,NaN,NaN,NaN,NaN,NaN,NaN,NaN,NaN,NaN,NaN,NaN,NaN,NaN,NaN,NaN,NaN,NaN,NaN,NaN,NaN,NaN,NaN,NaN,NaN,NaN,NaN,NaN,NaN,NaN,NaN,NaN,NaN,NaN,NaN,NaN,NaN,NaN,NaN,NaN,NaN,45,female,between,,,,,
jed0nmnt,111.7681878,1.156232091,-2.943168438,0.1,0.1,324,NaN,NaN,18,4,9,3,0,2,0,0,1,0,0,1,0,0,1,0,1,0,0,1,1,1,1,0,0,0,1,0,0,1,1,0,0,1,1,0,1,1,1,1,1,0,0,0,NaN,NaN,NaN,NaN,NaN,NaN,NaN,NaN,25,female,YA,,,,,
kxh94be7,160.9516548,9.999530258,2.0794564,0.100000024,0.099999995,209,NaN,NaN,17,0,5,4,6,2,0,1,0,0,0,0,0,0,0,0,0,1,1,0,0,1,0,1,0,1,1,1,1,1,0,1,1,0,0,1,0,0,0,1,1,0,1,1,NaN,NaN,NaN,NaN,NaN,NaN,NaN,NaN,41,female,between,,,,,
l100teaa,81.88517286,1.280523682,-1.160823391,0.235865967,0.087989057,492,0.90625,0.671875,NaN,NaN,NaN,NaN,NaN,NaN,NaN,NaN,NaN,NaN,NaN,NaN,NaN,NaN,NaN,NaN,NaN,NaN,NaN,NaN,NaN,NaN,NaN,NaN,NaN,NaN,NaN,NaN,NaN,NaN,NaN,NaN,NaN,NaN,NaN,NaN,NaN,NaN,NaN,NaN,NaN,NaN,NaN,NaN,NaN,NaN,NaN,NaN,NaN,NaN,NaN,NaN,30,other,YA,,,,,
lj76ouon,125.7667355,0.930087058,-2.670513492,0.1,0.1,403,-0.203125,0,NaN,NaN,NaN,NaN,NaN,NaN,NaN,NaN,NaN,NaN,NaN,NaN,NaN,NaN,NaN,NaN,NaN,NaN,NaN,NaN,NaN,NaN,NaN,NaN,NaN,NaN,NaN,NaN,NaN,NaN,NaN,NaN,NaN,NaN,NaN,NaN,NaN,NaN,NaN,NaN,NaN,NaN,NaN,NaN,NaN,NaN,NaN,NaN,NaN,NaN,NaN,NaN,62,female,between,,,,,
lqu0kteg,92.02576715,-0.815106562,2.975772643,0.230946601,0.031077061,273,NaN,NaN,14,2,6,4,1,1,0,0,0,0,0,0,0,0,1,0,1,0,0,1,0,0,0,1,1,0,0,0,0,0,1,0,0,1,1,0,1,1,1,1,1,0,0,1,NaN,NaN,NaN,NaN,NaN,NaN,NaN,NaN,29,female,YA,,,,,
lscmkkca,90.0793752,0.401694719,-0.47506309,0.136807794,0.025225435,371,NaN,NaN,24,7,6,6,5,0,0,0,1,1,0,1,1,0,1,1,1,0,0,1,0,0,1,1,0,1,1,1,NaN,NaN,NaN,1,1,1,1,1,1,1,0,1,1,1,1,NaN,NaN,NaN,NaN,NaN,NaN,NaN,NaN,NaN,51,male,between,,,,,
luv5vgd0,112.9444694,-1.679706556,2.383803766,0.14554726,0.078231281,339,NaN,NaN,8,1,4,3,0,0,0,1,1,0,0,0,0,0,0,0,0,0,0,0,1,0,0,0,0,0,0,1,0,0,0,0,0,1,1,0,0,0,0,1,1,0,0,0,NaN,NaN,NaN,NaN,NaN,NaN,NaN,NaN,37,female,YA,,,,,
m276c4ep,134.787302,9.999033852,-2.971831263,0.1,0.1,509,0.732536765,0.25,NaN,NaN,NaN,NaN,NaN,NaN,NaN,NaN,NaN,NaN,NaN,NaN,NaN,NaN,NaN,NaN,NaN,NaN,NaN,NaN,NaN,NaN,NaN,NaN,NaN,NaN,NaN,NaN,NaN,NaN,NaN,NaN,NaN,NaN,NaN,NaN,NaN,NaN,NaN,NaN,NaN,NaN,NaN,NaN,NaN,NaN,NaN,NaN,NaN,NaN,NaN,NaN,61,female,between,,,,,
mdbmfcjy,84.25740765,-0.207958257,-1.799423924,0.148453164,5.22E-10,394,NaN,NaN,5,2,3,0,0,0,0,1,1,1,0,0,0,0,0,0,0,0,0,0,0,0,0,0,0,0,0,0,0,0,0,0,0,0,0,0,0,0,1,0,1,0,0,0,NaN,NaN,NaN,NaN,NaN,NaN,NaN,NaN,35,male,YA,,,,,
megl143b,93.0716167,0.71949443,2.06371077,0.197502076,0.08573733,261,NaN,NaN,8,0,6,1,0,1,0,0,0,0,0,0,0,0,0,0,1,0,0,0,0,0,0,0,0,0,0,0,0,0,1,0,0,1,0,0,1,1,1,1,1,0,0,0,NaN,NaN,NaN,NaN,NaN,NaN,NaN,NaN,33,male,YA,,,,,
meqqpvcw,137.3466489,10,0.006689925,0.100000001,0.1,298,NaN,NaN,12,2,6,2,0,2,0,0,0,0,1,0,0,0,0,0,0,0,0,1,1,0,0,0,0,0,0,1,0,1,1,0,0,1,0,0,1,1,1,1,1,0,0,0,NaN,NaN,NaN,NaN,NaN,NaN,NaN,NaN,58,female,between,,,,,
moadtx0m,95.73962761,-0.776110943,0.246748968,0.326561096,0.096244837,223,NaN,NaN,23,9,7,2,2,3,1,1,1,1,1,1,1,0,1,1,1,0,0,1,1,1,0,0,0,0,0,1,1,1,1,0,1,1,0,0,1,1,1,0,0,0,0,1,NaN,NaN,NaN,NaN,NaN,NaN,NaN,NaN,52,female,between,,,,,
mq1g9lgf,83.1341568,-5.577251953,2.846656293,0.860402579,0.021349473,206,NaN,NaN,23,3,10,4,4,2,0,1,1,0,0,0,1,1,0,0,0,1,1,1,1,1,1,0,1,0,1,0,0,1,1,1,0,0,1,1,1,0,1,1,1,0,1,1,NaN,NaN,NaN,NaN,NaN,NaN,NaN,NaN,32,male,YA,,,,,
mw4zog21,96.26385493,0.252288502,2.753973301,0.124585549,0.033704896,392,NaN,NaN,9,4,4,1,0,0,0,0,1,1,0,1,0,0,1,0,0,0,0,0,1,0,0,0,0,0,0,0,0,0,0,0,0,1,0,0,0,1,0,1,1,0,0,0,NaN,NaN,NaN,NaN,NaN,NaN,NaN,NaN,56,female,between,,,,,
mzayotw7,92.16391249,0.145853711,-2.88378788,0.178507924,0.078436656,248,NaN,NaN,2,0,0,2,0,0,0,0,0,0,0,0,0,0,0,0,0,0,0,0,0,0,0,0,1,0,0,0,0,0,0,0,0,0,1,0,0,0,0,0,0,0,0,0,NaN,NaN,NaN,NaN,NaN,NaN,NaN,NaN,50,female,between,,,,,
n01dwj5x,86.34341894,1.237943795,2.883339302,0.123652918,0.017711065,450,0.84375,0.46875,NaN,NaN,NaN,NaN,NaN,NaN,NaN,NaN,NaN,NaN,NaN,NaN,NaN,NaN,NaN,NaN,NaN,NaN,NaN,NaN,NaN,NaN,NaN,NaN,NaN,NaN,NaN,NaN,NaN,NaN,NaN,NaN,NaN,NaN,NaN,NaN,NaN,NaN,NaN,NaN,NaN,NaN,NaN,NaN,NaN,NaN,NaN,NaN,NaN,NaN,NaN,NaN,38,male,YA,,,,,
o4bcr0ez,88.43449198,0.003610724,-2.949015011,0.275752367,0.081113663,293,NaN,NaN,3,0,0,0,3,0,0,0,0,0,0,0,0,0,0,0,0,0,0,0,0,0,0,0,0,1,0,0,0,0,0,1,1,0,0,0,0,0,0,0,0,0,0,0,NaN,NaN,NaN,NaN,NaN,NaN,NaN,NaN,50,female,between,,,,,
o4kb5ubn,157.9187328,0.586494987,2.93319458,0.1,0.099999988,282,NaN,NaN,7,2,3,2,0,0,0,0,1,0,0,0,0,0,1,0,0,0,0,0,0,0,0,0,0,0,0,0,0,0,0,0,0,1,0,1,0,1,1,1,0,0,0,0,NaN,NaN,NaN,NaN,NaN,NaN,NaN,NaN,50,female,between,,,,,
o4ryh2cf,89.37036773,0.337118576,-1.764274821,0.108785107,1.03E-11,316,NaN,NaN,18,6,8,3,0,1,1,0,1,0,0,1,1,0,1,0,1,0,0,1,1,1,0,0,0,0,0,1,0,0,1,0,0,1,1,0,1,1,1,1,1,0,0,0,NaN,NaN,NaN,NaN,NaN,NaN,NaN,NaN,24,female,YA,,,,,
omq8gn7t,133.4529414,-9.999999998,-2.995630693,0.190799911,0.030533365,241,NaN,NaN,27,6,9,7,3,2,1,1,1,1,1,1,1,0,0,0,1,1,1,0,0,1,0,1,1,0,1,1,0,1,1,1,1,1,1,1,1,1,1,1,1,0,0,0,NaN,NaN,NaN,NaN,NaN,NaN,NaN,NaN,32,female,YA,,,,,
osewai66,84.8763389,-9.999999985,2.017717636,4.04922905,0.020210886,463,-0.033115672,0.078125,NaN,NaN,NaN,NaN,NaN,NaN,NaN,NaN,NaN,NaN,NaN,NaN,NaN,NaN,NaN,NaN,NaN,NaN,NaN,NaN,NaN,NaN,NaN,NaN,NaN,NaN,NaN,NaN,NaN,NaN,NaN,NaN,NaN,NaN,NaN,NaN,NaN,NaN,NaN,NaN,NaN,NaN,NaN,NaN,NaN,NaN,NaN,NaN,NaN,NaN,NaN,NaN,60,male,between,,,,,
owm8vgrf,88.85449715,-0.185604457,-2.999999999,0.215289972,0.050464712,234,NaN,NaN,2,0,1,1,0,0,0,0,0,0,0,0,0,0,0,0,0,0,0,0,0,0,0,0,0,0,0,0,0,0,0,0,0,0,1,0,0,0,1,0,0,0,0,0,NaN,NaN,NaN,NaN,NaN,NaN,NaN,NaN,54,female,between,,,,,
ozckhtpn,92.82466477,0.057556315,2.011527508,0.222969058,0.07681203,205,NaN,NaN,5,4,1,0,0,0,0,0,1,0,0,1,0,0,1,1,0,0,0,0,1,0,0,0,0,0,0,0,0,0,0,0,0,0,0,0,0,0,0,0,0,0,0,0,NaN,NaN,NaN,NaN,NaN,NaN,NaN,NaN,58,male,between,,,,,
p0200pxz,119.0579854,1.380123615,0.290179689,0.1,0.1,238,NaN,NaN,22,7,10,2,2,1,0,1,1,1,1,1,0,1,1,1,1,0,0,1,1,1,0,0,0,0,1,0,0,0,1,0,0,1,0,0,1,1,1,1,1,1,1,0,NaN,NaN,NaN,NaN,NaN,NaN,NaN,NaN,32,male,YA,,,,,
pgwrpay6,95.81691871,-0.501680668,-0.136884212,0.163431228,0.061930762,235,NaN,NaN,4,2,2,0,0,0,0,0,1,0,0,0,0,0,1,0,1,0,0,0,0,0,0,0,0,0,0,0,0,0,0,0,0,0,0,0,0,1,0,0,0,0,0,0,NaN,NaN,NaN,NaN,NaN,NaN,NaN,NaN,32,male,YA,,,,,
plbsupae,91.04828993,-4.369628365,2.517940895,0.809513288,0.049372667,258,NaN,NaN,18,3,5,6,2,2,0,1,0,1,1,1,0,0,0,0,0,1,0,0,0,0,0,0,1,0,1,1,1,0,1,0,1,1,1,1,1,1,0,0,1,0,1,0,NaN,NaN,NaN,NaN,NaN,NaN,NaN,NaN,32,male,YA,,,,,
pw1vbhew,99.1339471,-3.155453388,-0.390405249,0.722271502,0.074876874,431,0.65625,0.03125,NaN,NaN,NaN,NaN,NaN,NaN,NaN,NaN,NaN,NaN,NaN,NaN,NaN,NaN,NaN,NaN,NaN,NaN,NaN,NaN,NaN,NaN,NaN,NaN,NaN,NaN,NaN,NaN,NaN,NaN,NaN,NaN,NaN,NaN,NaN,NaN,NaN,NaN,NaN,NaN,NaN,NaN,NaN,NaN,NaN,NaN,NaN,NaN,NaN,NaN,NaN,NaN,37,female,YA,,,,,
q0dwebbw,93.77183863,2.15985717,2.17958111,0.1,0.006298538,212,NaN,NaN,0,0,0,0,0,0,0,0,0,0,0,0,0,0,0,0,0,0,0,0,0,0,0,0,0,0,0,0,0,0,0,0,0,0,0,0,0,0,0,0,0,0,0,0,NaN,NaN,NaN,NaN,NaN,NaN,NaN,NaN,28,male,YA,,,,,
q2aqjfxd,94.65947119,-0.963690611,0.880690084,0.202408993,0.04559783,346,NaN,NaN,1,0,1,0,0,0,0,0,0,0,0,0,0,0,0,0,0,0,0,0,0,0,0,0,0,0,0,0,0,0,0,0,0,0,0,0,1,0,0,0,0,0,0,0,NaN,NaN,NaN,NaN,NaN,NaN,NaN,NaN,33,male,YA,,,,,
qc5zq6d6,86.96327992,-2.573865928,-1.928128354,0.347074061,0.035967407,439,0.84375,0.296875,NaN,NaN,NaN,NaN,NaN,NaN,NaN,NaN,NaN,NaN,NaN,NaN,NaN,NaN,NaN,NaN,NaN,NaN,NaN,NaN,NaN,NaN,NaN,NaN,NaN,NaN,NaN,NaN,NaN,NaN,NaN,NaN,NaN,NaN,NaN,NaN,NaN,NaN,NaN,NaN,NaN,NaN,NaN,NaN,NaN,NaN,NaN,NaN,NaN,NaN,NaN,NaN,63,female,between,,,,,
qdhw1my2,92.61828645,-0.649228935,-1.779228994,0.236323488,0.04048457,327,NaN,NaN,2,0,2,0,0,0,0,1,0,0,0,0,0,0,0,0,1,0,0,0,0,0,0,0,0,0,0,0,0,0,0,0,0,0,0,0,0,0,0,0,0,0,0,0,NaN,NaN,NaN,NaN,NaN,NaN,NaN,NaN,54,male,between,,,,,
qtof6r00,94.90340215,-9.994687486,3,0.285881208,0.060876541,447,0.421875,-0.0625,NaN,NaN,NaN,NaN,NaN,NaN,NaN,NaN,NaN,NaN,NaN,NaN,NaN,NaN,NaN,NaN,NaN,NaN,NaN,NaN,NaN,NaN,NaN,NaN,NaN,NaN,NaN,NaN,NaN,NaN,NaN,NaN,NaN,NaN,NaN,NaN,NaN,NaN,NaN,NaN,NaN,NaN,NaN,NaN,NaN,NaN,NaN,NaN,NaN,NaN,NaN,NaN,64,male,between,,,,,
r0xxu91o,89.96236194,-0.453408472,2.653320017,0.284403152,0.077713606,377,NaN,NaN,29,8,8,3,7,3,0,0,1,1,1,1,1,0,1,1,1,0,1,1,1,1,1,0,1,1,0,0,1,1,1,1,1,0,1,1,1,1,1,1,0,1,1,1,NaN,NaN,NaN,NaN,NaN,NaN,NaN,NaN,54,male,between,,,,,
r8pfb1j1,91.81752024,-1.195975607,-2.957685907,0.351563324,0.043307187,296,NaN,NaN,1,0,0,0,1,0,0,0,0,0,0,0,0,0,0,0,0,0,0,0,0,0,0,0,0,0,0,0,0,0,0,0,1,0,0,0,0,0,0,0,0,0,0,0,NaN,NaN,NaN,NaN,NaN,NaN,NaN,NaN,29,male,YA,,,,,
r8wb21ed,102.9122573,-1.718771795,2.815009246,0.243201006,0.060659742,227,NaN,NaN,2,0,0,2,0,0,0,0,0,0,0,0,0,0,0,0,0,0,0,0,0,0,0,0,0,0,0,0,0,0,0,0,0,1,1,0,0,0,0,0,0,0,0,0,NaN,NaN,NaN,NaN,NaN,NaN,NaN,NaN,33,female,YA,,,,,
reld2apx,80.86078118,-0.452893453,0.182061377,0.334118637,0.048204637,304,NaN,NaN,0,0,0,0,0,0,0,0,0,0,0,0,0,0,0,0,0,0,0,0,0,0,0,0,0,0,0,0,0,0,0,0,0,0,0,0,0,0,0,0,0,0,0,0,NaN,NaN,NaN,NaN,NaN,NaN,NaN,NaN,32,male,YA,,,,,
rph1sr8p,116.9570712,-10,-0.362979738,0.324000599,0.043737317,372,NaN,NaN,9,3,4,1,1,0,0,0,1,0,0,1,0,0,1,0,1,0,0,0,0,0,0,0,0,0,0,0,0,0,0,0,1,1,0,0,0,1,0,1,1,0,0,0,NaN,NaN,NaN,NaN,NaN,NaN,NaN,NaN,63,female,between,,,,,
s0dpoaj2,79.76033174,-6.239773236,-0.076768,3.493975999,0.057297131,310,NaN,NaN,17,0,4,4,6,3,0,1,0,0,0,0,0,0,0,0,1,1,1,0,0,1,0,0,1,1,1,1,1,1,1,1,1,0,0,1,0,0,0,0,0,0,1,1,NaN,NaN,NaN,NaN,NaN,NaN,NaN,NaN,41,male,between,,,,,
thy0koej,91.95032052,-1.215553586,2.47249464,0.26201385,0.043010993,275,NaN,NaN,2,1,1,0,0,0,0,0,0,1,0,0,0,0,0,0,1,0,0,0,0,0,0,0,0,0,0,0,0,0,0,0,0,0,0,0,0,0,0,0,0,0,0,0,NaN,NaN,NaN,NaN,NaN,NaN,NaN,NaN,37,female,YA,,,,,
tka97pqw,89.00193085,0.371985915,-2.555708191,0.215410387,0.073256766,237,NaN,NaN,6,5,1,0,0,0,0,0,1,0,0,1,0,0,1,1,0,0,0,1,1,0,0,0,0,0,0,0,0,0,0,0,0,0,0,0,0,0,0,0,0,0,0,0,NaN,NaN,NaN,NaN,NaN,NaN,NaN,NaN,27,male,YA,,,,,
tokuqe0x,92.29987708,-1.329477741,1.264229094,0.31242197,0.039425644,300,NaN,NaN,1,0,1,0,0,0,0,0,0,0,0,0,0,0,0,0,0,0,0,0,0,0,0,0,0,0,0,0,0,0,0,0,0,0,0,0,1,0,0,0,0,0,0,0,NaN,NaN,NaN,NaN,NaN,NaN,NaN,NaN,42,male,between,,,,,
tu5ios9u,100.6936565,-0.107703457,1.232355747,0.1,3.37E-09,445,0.875,0.546875,NaN,NaN,NaN,NaN,NaN,NaN,NaN,NaN,NaN,NaN,NaN,NaN,NaN,NaN,NaN,NaN,NaN,NaN,NaN,NaN,NaN,NaN,NaN,NaN,NaN,NaN,NaN,NaN,NaN,NaN,NaN,NaN,NaN,NaN,NaN,NaN,NaN,NaN,NaN,NaN,NaN,NaN,NaN,NaN,NaN,NaN,NaN,NaN,NaN,NaN,NaN,NaN,30,female,YA,,,,,
u4lthrkj,89.60736541,-3.377290791,-0.622038573,0.556831538,0.038863282,347,NaN,NaN,2,2,0,0,0,0,0,0,1,0,0,0,0,0,1,0,0,0,0,0,0,0,0,0,0,0,0,0,0,0,0,0,0,0,0,0,0,0,0,0,0,0,0,0,NaN,NaN,NaN,NaN,NaN,NaN,NaN,NaN,32,female,YA,,,,,
u8dyfsgq,85.48122088,0.117471843,2.663752027,0.210618799,0.031070203,411,0.828125,0.28125,NaN,NaN,NaN,NaN,NaN,NaN,NaN,NaN,NaN,NaN,NaN,NaN,NaN,NaN,NaN,NaN,NaN,NaN,NaN,NaN,NaN,NaN,NaN,NaN,NaN,NaN,NaN,NaN,NaN,NaN,NaN,NaN,NaN,NaN,NaN,NaN,NaN,NaN,NaN,NaN,NaN,NaN,NaN,NaN,NaN,NaN,NaN,NaN,NaN,NaN,NaN,NaN,26,male,YA,,,,,
udatcanb,84.66185027,0.142214564,-0.683795974,0.147108011,1.62E-12,400,NaN,NaN,16,0,6,7,3,0,0,0,0,0,0,0,0,0,0,0,0,0,0,0,1,0,1,1,1,1,1,1,0,0,0,1,1,1,1,1,1,1,1,0,1,0,0,0,NaN,NaN,NaN,NaN,NaN,NaN,NaN,NaN,42,male,between,,,,,
uxevk7ry,102.2368181,0.330070108,-2.797463379,0.13848304,0.079221896,260,NaN,NaN,20,6,8,2,3,1,0,1,1,1,0,1,1,1,1,0,1,0,0,1,1,0,0,0,0,0,0,0,0,0,1,0,0,1,1,0,1,1,1,0,1,1,1,1,NaN,NaN,NaN,NaN,NaN,NaN,NaN,NaN,36,female,YA,,,,,
v3pumabp,104.3860947,9.999638699,2.849806908,0.1,0.1,396,NaN,NaN,9,1,4,3,1,0,0,0,0,0,0,0,0,0,1,0,1,0,0,0,0,0,0,0,1,1,0,0,0,0,0,0,0,1,1,0,1,1,0,0,1,0,0,0,NaN,NaN,NaN,NaN,NaN,NaN,NaN,NaN,44,male,between,,,,,
v4lf8fmg,99.48671925,0.103706371,-2.058916482,0.100868272,1.03E-11,401,NaN,NaN,10,0,5,4,0,1,0,0,0,0,0,0,0,0,0,0,1,0,0,0,0,0,0,0,1,0,0,0,0,0,1,0,0,1,1,1,0,1,1,1,1,0,0,0,NaN,NaN,NaN,NaN,NaN,NaN,NaN,NaN,53,female,between,,,,,
vretuan7,78.33962776,-4.740365758,-0.507577473,3.583332611,0.049881065,424,0.590909091,0.21875,NaN,NaN,NaN,NaN,NaN,NaN,NaN,NaN,NaN,NaN,NaN,NaN,NaN,NaN,NaN,NaN,NaN,NaN,NaN,NaN,NaN,NaN,NaN,NaN,NaN,NaN,NaN,NaN,NaN,NaN,NaN,NaN,NaN,NaN,NaN,NaN,NaN,NaN,NaN,NaN,NaN,NaN,NaN,NaN,NaN,NaN,NaN,NaN,NaN,NaN,NaN,NaN,27,female,YA,,,,,
wakev0b6,86.44525184,-0.404411445,2.884082434,0.467086729,0.082491793,388,NaN,NaN,16,4,9,0,3,0,0,1,0,0,0,0,1,1,1,1,1,0,0,1,1,0,0,0,0,0,0,0,0,0,0,0,0,0,0,0,1,1,1,1,1,1,1,1,NaN,NaN,NaN,NaN,NaN,NaN,NaN,NaN,57,female,between,,,,,
wcw4ohsc,56.64217765,-4.950670365,-2.997967766,5,0.022926665,488,0.8125,0.046875,NaN,NaN,NaN,NaN,NaN,NaN,NaN,NaN,NaN,NaN,NaN,NaN,NaN,NaN,NaN,NaN,NaN,NaN,NaN,NaN,NaN,NaN,NaN,NaN,NaN,NaN,NaN,NaN,NaN,NaN,NaN,NaN,NaN,NaN,NaN,NaN,NaN,NaN,NaN,NaN,NaN,NaN,NaN,NaN,NaN,NaN,NaN,NaN,NaN,NaN,NaN,NaN,25,female,YA,,,,,
wi7hac7j,107.236136,-10,-1.552159301,4.103250977,0.092494578,421,0.046875,0,NaN,NaN,NaN,NaN,NaN,NaN,NaN,NaN,NaN,NaN,NaN,NaN,NaN,NaN,NaN,NaN,NaN,NaN,NaN,NaN,NaN,NaN,NaN,NaN,NaN,NaN,NaN,NaN,NaN,NaN,NaN,NaN,NaN,NaN,NaN,NaN,NaN,NaN,NaN,NaN,NaN,NaN,NaN,NaN,NaN,NaN,NaN,NaN,NaN,NaN,NaN,NaN,25,female,YA,,,,,
wx7vlt3z,76.94428998,-1.414127721,-0.312132756,0.698885713,0.041901389,243,NaN,NaN,0,0,0,0,0,0,0,0,0,0,0,0,0,0,0,0,0,0,0,0,0,0,0,0,0,0,0,0,0,0,0,0,0,0,0,0,0,0,0,0,0,0,0,0,NaN,NaN,NaN,NaN,NaN,NaN,NaN,NaN,25,female,YA,,,,,
x7be10rc,119.8714624,-9.99999997,2.99813432,0.96809157,0.1,269,NaN,NaN,3,1,1,0,1,0,0,0,1,0,0,0,0,0,0,0,0,0,1,0,0,0,0,0,0,0,0,0,0,0,0,0,0,0,0,0,0,0,1,0,0,0,0,0,NaN,NaN,NaN,NaN,NaN,NaN,NaN,NaN,31,male,YA,,,,,
xmjokwex,119.6859,-1.699302889,1.147726342,0.117227851,0.035554628,312,NaN,NaN,7,1,1,5,0,0,0,0,1,0,0,0,0,0,0,0,0,0,0,0,0,0,0,0,1,0,1,1,0,0,0,0,0,1,1,0,0,0,0,1,0,0,0,0,NaN,NaN,NaN,NaN,NaN,NaN,NaN,NaN,41,male,between,,,,,
y11ze55t,90.81627472,0.127416362,-1.44771238,0.191195201,0.063555232,309,NaN,NaN,0,0,0,0,0,0,0,0,0,0,0,0,0,0,0,0,0,0,0,0,0,0,0,0,0,0,0,0,0,0,0,0,0,0,0,0,0,0,0,0,0,0,0,0,NaN,NaN,NaN,NaN,NaN,NaN,NaN,NaN,32,female,YA,,,,,
yp50tjlx,92.76001862,-0.184843947,1.256007972,0.181317712,0.044635058,423,0.46875,0.21875,NaN,NaN,NaN,NaN,NaN,NaN,NaN,NaN,NaN,NaN,NaN,NaN,NaN,NaN,NaN,NaN,NaN,NaN,NaN,NaN,NaN,NaN,NaN,NaN,NaN,NaN,NaN,NaN,NaN,NaN,NaN,NaN,NaN,NaN,NaN,NaN,NaN,NaN,NaN,NaN,NaN,NaN,NaN,NaN,NaN,NaN,NaN,NaN,NaN,NaN,NaN,NaN,29,female,YA,,,,,
zj7qnjly,126.3761694,-9.989504395,2.644268751,0.1,0.076917251,219,NaN,NaN,6,2,4,0,0,0,1,1,1,0,0,0,0,0,0,0,1,1,0,0,0,1,0,0,0,0,0,0,0,0,0,0,0,0,0,0,0,0,0,0,0,0,0,0,NaN,NaN,NaN,NaN,NaN,NaN,NaN,NaN,31,male,YA,,,,,
zp7v02fv,86.90787034,-0.66572151,0.217972676,0.433293822,0.060379295,366,NaN,NaN,6,0,0,3,3,0,0,0,0,0,0,0,0,0,0,0,0,0,0,0,0,0,0,0,0,1,1,0,0,0,0,1,1,1,1,0,0,0,0,0,0,0,0,0,NaN,NaN,NaN,NaN,NaN,NaN,NaN,NaN,47,male,between,,,,,
zqroplg9,131.8813085,-9.999999998,1.237218559,0.13374099,0.048149992,262,NaN,NaN,17,7,3,5,1,1,0,0,1,1,1,1,1,0,1,1,1,0,0,0,1,0,0,1,0,0,1,0,0,1,0,0,1,1,1,1,1,0,0,0,0,0,0,0,NaN,NaN,NaN,NaN,NaN,NaN,NaN,NaN,50,male,between,,,,,
