alpha,gamma_base,gamma_coef,sub_num,fileID,Recognition,MST_Score,QUIC,Parental_monitoring_and_involvement,Parental_predictability,Parental_environment,Physical_environment,Safety_and_security,Q1,Q2,Q3,Q4,Q5,Q6,Q7,Q8,Q9,Q10,Q11,Q12,Q13,Q14,Q15,Q16,Q17,Q18,Q19,Q20,Q21,Q22,Q23,Q24,Q25,Q26,Q27,Q28,Q29,Q30,Q31,Q32,Q33,Q34,Q35,Q36,Q37,Q38,PCL_Total,PCL_reexp,PCL_avoid,PCL_neg_cog_mood,PCL_hypervi,Conservative,Stringent,Liberal,Age,Gender,Age_Group
7.470703125,-1.91796875,-2.537109375,1,f0t6xrl6,0.1875,-0.03125,18.0,0.0,7.0,5.0,3.0,3.0,0.0,1.0,0.0,0.0,0.0,0.0,0.0,0.0,0.0,0.0,1.0,1.0,1.0,0.0,0.0,1.0,0.0,1.0,0.0,0.0,1.0,1.0,1.0,1.0,1.0,0.0,0.0,0.0,1.0,1.0,0.0,0.0,1.0,1.0,1.0,0.0,1.0,1.0,41.0,10.0,2.0,17.0,12.0,5.0,6.0,6.0,,female,between
6.396484375,0.49609375,-0.767578125,2,0b2172zv,0.015625,0.0,24.0,0.0,9.0,6.0,6.0,3.0,0.0,1.0,0.0,0.0,0.0,0.0,0.0,0.0,0.0,0.0,1.0,1.0,1.0,0.0,0.0,1.0,0.0,1.0,1.0,1.0,1.0,1.0,1.0,1.0,1.0,1.0,1.0,0.0,1.0,1.0,1.0,1.0,1.0,1.0,1.0,0.0,1.0,1.0,21.0,6.0,2.0,7.0,6.0,12.0,17.0,17.0,25.0,female,YA
9.9609375,-1.953125,-1.1484375,3,41ns7le1,0.0,-0.03125,17.0,1.0,5.0,2.0,6.0,3.0,0.0,1.0,0.0,0.0,0.0,0.0,0.0,0.0,1.0,0.0,1.0,1.0,1.0,0.0,0.0,1.0,0.0,0.0,0.0,1.0,0.0,0.0,1.0,1.0,1.0,1.0,1.0,0.0,1.0,1.0,1.0,0.0,0.0,0.0,0.0,0.0,1.0,1.0,41.0,10.0,4.0,15.0,12.0,0.0,9.0,18.0,59.0,male,between
1.66015625,-1.8828125,-0.41015625,5,pl98g51f,0.734375,0.21875,18.0,5.0,7.0,2.0,3.0,1.0,0.0,0.0,0.0,0.0,0.0,1.0,1.0,0.0,1.0,1.0,1.0,0.0,0.0,1.0,0.0,1.0,0.0,0.0,0.0,0.0,1.0,0.0,0.0,1.0,0.0,0.0,0.0,1.0,0.0,0.0,1.0,1.0,1.0,1.0,1.0,1.0,1.0,1.0,20.0,0.0,0.0,12.0,8.0,6.0,8.0,8.0,59.0,female,between
2.158203125,-1.54296875,-0.099609375,7,6bgt15aq,0.828125,0.53125,2.0,2.0,0.0,0.0,0.0,0.0,0.0,0.0,1.0,0.0,0.0,1.0,0.0,0.0,0.0,0.0,0.0,0.0,0.0,0.0,0.0,0.0,0.0,0.0,0.0,0.0,0.0,0.0,0.0,0.0,0.0,0.0,0.0,0.0,0.0,0.0,0.0,0.0,0.0,0.0,0.0,0.0,0.0,0.0,13.0,4.0,0.0,5.0,4.0,9.0,20.0,20.0,69.0,female,OA
0.0390625,9.953125,1.6171875,10,8ea2p6af,0.640625,0.21875,1.0,0.0,0.0,1.0,0.0,0.0,0.0,0.0,0.0,0.0,0.0,0.0,0.0,0.0,0.0,0.0,0.0,0.0,0.0,0.0,0.0,0.0,0.0,0.0,0.0,0.0,0.0,0.0,0.0,0.0,0.0,0.0,0.0,0.0,1.0,0.0,0.0,0.0,0.0,0.0,0.0,0.0,0.0,0.0,20.0,7.0,4.0,1.0,8.0,5.0,11.0,11.0,63.0,male,between
0.166015625,-1.40234375,1.517578125,11,0tp4oufe,0.109375,-0.140625,16.0,0.0,5.0,4.0,4.0,3.0,0.0,0.0,0.0,0.0,0.0,0.0,0.0,0.0,0.0,0.0,1.0,1.0,0.0,0.0,0.0,1.0,0.0,1.0,1.0,1.0,1.0,0.0,1.0,1.0,1.0,1.0,0.0,0.0,1.0,0.0,0.0,0.0,0.0,1.0,1.0,0.0,1.0,1.0,42.0,9.0,4.0,14.0,15.0,15.0,17.0,18.0,64.0,male,between
5.576171875,0.16796875,-1.166015625,12,1uxm9jvz,0.109375,0.140625,13.0,2.0,3.0,3.0,4.0,1.0,0.0,1.0,1.0,0.0,0.0,0.0,0.0,0.0,1.0,0.0,0.0,1.0,0.0,0.0,0.0,0.0,0.0,0.0,1.0,1.0,1.0,0.0,1.0,0.0,0.0,1.0,1.0,0.0,0.0,1.0,0.0,0.0,0.0,1.0,0.0,0.0,1.0,0.0,28.0,5.0,6.0,7.0,10.0,8.0,17.0,19.0,64.0,female,between
0.29296875,-0.8046875,-0.01171875,13,j92r06a0,0.8125,0.1875,11.0,1.0,6.0,4.0,0.0,0.0,0.0,0.0,0.0,0.0,0.0,0.0,0.0,0.0,0.0,0.0,1.0,0.0,0.0,1.0,0.0,1.0,0.0,1.0,1.0,0.0,0.0,0.0,0.0,0.0,0.0,0.0,0.0,1.0,1.0,0.0,0.0,1.0,1.0,1.0,1.0,0.0,0.0,0.0,54.0,14.0,2.0,23.0,15.0,14.0,24.0,24.0,69.0,female,OA
3.388671875,-0.95703125,-0.228515625,14,e953ctkq,0.6875,0.28125,16.0,1.0,5.0,5.0,3.0,2.0,0.0,0.0,0.0,0.0,0.0,0.0,0.0,0.0,0.0,0.0,0.0,0.0,0.0,1.0,0.0,1.0,0.0,1.0,1.0,1.0,1.0,1.0,1.0,1.0,0.0,1.0,1.0,1.0,0.0,0.0,0.0,1.0,1.0,1.0,1.0,0.0,0.0,0.0,19.0,12.0,4.0,1.0,2.0,7.0,9.0,10.0,63.0,female,between
1.66015625,-1.8828125,-0.41015625,16,c27ckyvv,0.703125,0.046875,4.0,0.0,3.0,0.0,0.0,1.0,0.0,0.0,0.0,0.0,0.0,0.0,0.0,0.0,0.0,0.0,1.0,1.0,0.0,0.0,0.0,0.0,0.0,0.0,0.0,0.0,0.0,0.0,1.0,0.0,0.0,0.0,0.0,0.0,0.0,0.0,0.0,0.0,0.0,0.0,1.0,0.0,0.0,0.0,46.0,13.0,5.0,18.0,10.0,11.0,17.0,20.0,64.0,female,between
4.39453125,-1.2265625,-0.92578125,18,tpzzsuzc,0.265625,0.234375,19.0,3.0,7.0,4.0,2.0,3.0,0.0,1.0,1.0,0.0,0.0,1.0,1.0,1.0,0.0,0.0,0.0,1.0,0.0,0.0,1.0,1.0,0.0,0.0,1.0,1.0,1.0,0.0,1.0,1.0,1.0,1.0,0.0,1.0,0.0,1.0,0.0,0.0,1.0,1.0,0.0,0.0,0.0,0.0,36.0,7.0,5.0,13.0,11.0,8.0,15.0,16.0,61.0,female,between
0.390625,-0.40625,-0.609375,20,wcb34l6a,0.84375,0.203125,15.0,3.0,6.0,3.0,2.0,1.0,0.0,0.0,1.0,0.0,0.0,0.0,0.0,0.0,1.0,1.0,1.0,0.0,0.0,0.0,0.0,0.0,0.0,0.0,0.0,0.0,0.0,0.0,0.0,0.0,1.0,0.0,1.0,1.0,1.0,1.0,1.0,1.0,1.0,1.0,1.0,0.0,1.0,0.0,39.0,9.0,1.0,14.0,15.0,5.0,7.0,7.0,62.0,female,between
0.09765625,-0.0078125,2.40234375,21,udvn2mzu,0.78125,0.15625,1.0,0.0,1.0,0.0,0.0,0.0,0.0,0.0,0.0,0.0,0.0,0.0,0.0,0.0,0.0,0.0,0.0,0.0,0.0,0.0,0.0,0.0,0.0,0.0,0.0,0.0,0.0,0.0,0.0,0.0,0.0,0.0,0.0,0.0,0.0,0.0,0.0,0.0,0.0,0.0,1.0,0.0,0.0,0.0,17.0,4.0,1.0,5.0,7.0,11.0,11.0,11.0,59.0,female,between
0.0390625,9.953125,1.6171875,23,grc7mgg8,0.609375,-0.03125,0.0,0.0,0.0,0.0,0.0,0.0,0.0,0.0,0.0,0.0,0.0,0.0,0.0,0.0,0.0,0.0,0.0,0.0,0.0,0.0,0.0,0.0,0.0,0.0,0.0,0.0,0.0,0.0,0.0,0.0,0.0,0.0,0.0,0.0,0.0,0.0,0.0,0.0,0.0,0.0,0.0,0.0,0.0,0.0,0.0,0.0,0.0,0.0,0.0,1.0,3.0,3.0,70.0,male,OA
3.212890625,2.25390625,-1.435546875,27,55253j9w,0.8125,0.375,0.0,0.0,0.0,0.0,0.0,0.0,0.0,0.0,0.0,0.0,0.0,0.0,0.0,0.0,0.0,0.0,0.0,0.0,0.0,0.0,0.0,0.0,0.0,0.0,0.0,0.0,0.0,0.0,0.0,0.0,0.0,0.0,0.0,0.0,0.0,0.0,0.0,0.0,0.0,0.0,0.0,0.0,0.0,0.0,2.0,0.0,1.0,1.0,0.0,1.0,1.0,1.0,52.0,female,between
0.0390625,9.953125,1.6171875,28,20rw80gs,0.734375,0.234375,16.0,2.0,9.0,3.0,0.0,2.0,0.0,0.0,0.0,1.0,0.0,1.0,0.0,1.0,0.0,0.0,0.0,1.0,0.0,0.0,1.0,1.0,0.0,1.0,0.0,0.0,0.0,0.0,0.0,1.0,1.0,0.0,0.0,1.0,1.0,0.0,1.0,1.0,1.0,1.0,1.0,0.0,0.0,0.0,37.0,20.0,4.0,6.0,7.0,13.0,15.0,15.0,64.0,male,between
0.107421875,8.98046875,-0.134765625,29,qde73vyx,0.796875,0.453125,7.0,0.0,4.0,3.0,0.0,0.0,0.0,0.0,0.0,0.0,0.0,0.0,0.0,0.0,0.0,0.0,0.0,0.0,0.0,0.0,0.0,0.0,0.0,1.0,0.0,0.0,0.0,0.0,0.0,0.0,0.0,0.0,0.0,1.0,1.0,0.0,1.0,0.0,1.0,1.0,1.0,0.0,0.0,0.0,10.0,3.0,1.0,4.0,2.0,1.0,1.0,2.0,57.0,male,between
5.21484375,0.4140625,-0.33984375,32,l6hfl3pa,0.8125,0.515625,12.0,4.0,6.0,1.0,0.0,1.0,0.0,0.0,0.0,0.0,0.0,1.0,0.0,0.0,1.0,1.0,1.0,0.0,0.0,1.0,1.0,0.0,0.0,0.0,0.0,0.0,0.0,0.0,0.0,0.0,1.0,0.0,0.0,1.0,0.0,0.0,0.0,1.0,1.0,1.0,1.0,0.0,0.0,0.0,32.0,13.0,2.0,11.0,6.0,4.0,4.0,5.0,73.0,female,OA
1.5234375,0.671875,-0.2109375,33,loectuv1,0.921875,0.671875,5.0,0.0,3.0,1.0,1.0,0.0,0.0,0.0,0.0,0.0,0.0,0.0,0.0,0.0,0.0,0.0,0.0,0.0,1.0,0.0,1.0,0.0,0.0,0.0,0.0,0.0,0.0,1.0,0.0,0.0,0.0,0.0,0.0,0.0,0.0,0.0,1.0,0.0,0.0,1.0,0.0,0.0,0.0,0.0,18.0,4.0,4.0,5.0,5.0,6.0,10.0,10.0,60.0,female,between
9.19921875,6.8828125,2.51953125,35,k562tcql,0.71875,0.21875,2.0,2.0,0.0,0.0,0.0,0.0,0.0,0.0,0.0,0.0,0.0,1.0,0.0,0.0,0.0,0.0,0.0,0.0,0.0,1.0,0.0,0.0,0.0,0.0,0.0,0.0,0.0,0.0,0.0,0.0,0.0,0.0,0.0,0.0,0.0,0.0,0.0,0.0,0.0,0.0,0.0,0.0,0.0,0.0,0.0,0.0,0.0,0.0,0.0,2.0,2.0,2.0,67.0,male,OA
4.130859375,2.08984375,-0.158203125,36,8joyts9v,0.96875,0.25,13.0,2.0,5.0,4.0,0.0,2.0,0.0,0.0,0.0,0.0,0.0,0.0,0.0,0.0,1.0,0.0,0.0,0.0,0.0,1.0,1.0,1.0,1.0,0.0,1.0,0.0,0.0,0.0,0.0,1.0,1.0,0.0,0.0,1.0,1.0,1.0,1.0,0.0,0.0,0.0,1.0,0.0,0.0,0.0,7.0,1.0,1.0,2.0,3.0,12.0,23.0,26.0,63.0,female,between
3.388671875,-0.95703125,-0.228515625,37,7hbe1lca,0.9375,0.171875,0.0,0.0,0.0,0.0,0.0,0.0,0.0,0.0,0.0,0.0,0.0,0.0,0.0,0.0,0.0,0.0,0.0,0.0,0.0,0.0,0.0,0.0,0.0,0.0,0.0,0.0,0.0,0.0,0.0,0.0,0.0,0.0,0.0,0.0,0.0,0.0,0.0,0.0,0.0,0.0,0.0,0.0,0.0,0.0,0.0,0.0,0.0,0.0,0.0,1.0,1.0,1.0,60.0,female,between
7.470703125,-1.91796875,-2.537109375,38,e32zsqzw,0.8125,0.15625,28.0,7.0,8.0,7.0,3.0,3.0,1.0,1.0,1.0,0.0,1.0,0.0,1.0,1.0,1.0,1.0,0.0,1.0,0.0,1.0,1.0,0.0,0.0,1.0,1.0,1.0,1.0,1.0,1.0,1.0,1.0,1.0,1.0,1.0,1.0,1.0,1.0,1.0,0.0,1.0,1.0,0.0,0.0,0.0,12.0,0.0,0.0,2.0,10.0,7.0,11.0,13.0,60.0,female,between
0.0390625,9.953125,1.6171875,39,2xzb7k9w,0.65625,0.171875,8.0,6.0,0.0,1.0,1.0,0.0,0.0,0.0,1.0,0.0,1.0,1.0,1.0,0.0,1.0,0.0,0.0,0.0,0.0,1.0,0.0,0.0,0.0,0.0,0.0,1.0,0.0,0.0,0.0,0.0,0.0,0.0,0.0,0.0,1.0,0.0,0.0,0.0,0.0,0.0,0.0,0.0,0.0,0.0,7.0,0.0,2.0,2.0,3.0,7.0,11.0,11.0,60.0,male,between
6.396484375,0.49609375,-0.767578125,40,q5xojehv,0.96875,0.15625,6.0,2.0,0.0,2.0,1.0,1.0,0.0,0.0,1.0,0.0,0.0,0.0,1.0,0.0,0.0,0.0,0.0,0.0,0.0,0.0,0.0,0.0,0.0,0.0,0.0,0.0,1.0,1.0,0.0,1.0,0.0,0.0,1.0,0.0,0.0,0.0,0.0,0.0,0.0,0.0,0.0,0.0,0.0,0.0,4.0,3.0,0.0,0.0,1.0,4.0,7.0,7.0,67.0,male,OA
0.458984375,5.37109375,-0.955078125,41,w0w10kdy,0.90625,0.4375,1.0,1.0,0.0,0.0,0.0,0.0,0.0,0.0,0.0,0.0,0.0,1.0,0.0,0.0,0.0,0.0,0.0,0.0,0.0,0.0,0.0,0.0,0.0,0.0,0.0,0.0,0.0,0.0,0.0,0.0,0.0,0.0,0.0,0.0,0.0,0.0,0.0,0.0,0.0,0.0,0.0,0.0,0.0,0.0,3.0,1.0,1.0,1.0,0.0,3.0,3.0,3.0,65.0,female,OA
8.90625,0.0625,-0.09375,42,u83t6f5u,0.796875,0.28125,14.0,3.0,7.0,1.0,2.0,1.0,0.0,0.0,1.0,0.0,0.0,1.0,0.0,0.0,1.0,0.0,1.0,0.0,0.0,0.0,1.0,1.0,0.0,0.0,0.0,1.0,0.0,0.0,0.0,0.0,1.0,0.0,1.0,1.0,0.0,0.0,0.0,1.0,1.0,1.0,1.0,0.0,0.0,0.0,12.0,3.0,2.0,4.0,3.0,9.0,21.0,21.0,70.0,male,OA
3.4765625,1.328125,-0.0703125,44,vam1u9yp,0.421875,0.421875,10.0,2.0,6.0,2.0,0.0,0.0,0.0,0.0,0.0,0.0,0.0,0.0,1.0,0.0,0.0,0.0,1.0,,,1.0,1.0,0.0,,,,0.0,0.0,0.0,0.0,,,0.0,0.0,1.0,1.0,0.0,0.0,1.0,1.0,1.0,1.0,0.0,0.0,0.0,27.0,2.0,3.0,15.0,7.0,11.0,12.0,15.0,64.0,male,between
0.0390625,9.953125,1.6171875,45,x93jpz3v,0.71875,0.125,8.0,0.0,5.0,2.0,0.0,1.0,0.0,0.0,0.0,0.0,0.0,0.0,0.0,0.0,0.0,0.0,1.0,0.0,0.0,0.0,1.0,0.0,0.0,0.0,0.0,0.0,0.0,0.0,0.0,0.0,1.0,0.0,0.0,1.0,1.0,0.0,0.0,1.0,1.0,1.0,0.0,0.0,0.0,0.0,21.0,2.0,1.0,9.0,9.0,5.0,5.0,6.0,72.0,female,OA
1.66015625,-1.8828125,-0.41015625,46,z8dh4een,0.734375,0.515625,8.0,1.0,7.0,0.0,0.0,0.0,0.0,0.0,0.0,0.0,0.0,1.0,0.0,0.0,0.0,0.0,1.0,0.0,0.0,0.0,1.0,1.0,0.0,0.0,0.0,0.0,0.0,0.0,0.0,0.0,0.0,0.0,0.0,0.0,0.0,0.0,1.0,0.0,1.0,1.0,1.0,0.0,0.0,0.0,9.0,2.0,1.0,6.0,0.0,5.0,5.0,6.0,60.0,male,between
7.666015625,1.59765625,0.017578125,47,vv64za29,0.75,0.359375,5.0,1.0,3.0,1.0,0.0,0.0,0.0,0.0,0.0,0.0,0.0,1.0,0.0,0.0,0.0,0.0,0.0,0.0,0.0,0.0,0.0,0.0,0.0,1.0,0.0,0.0,0.0,0.0,0.0,0.0,0.0,0.0,0.0,0.0,0.0,0.0,1.0,1.0,0.0,0.0,1.0,0.0,0.0,0.0,0.0,0.0,0.0,0.0,0.0,2.0,2.0,2.0,63.0,male,between
0.09765625,-0.0078125,2.40234375,48,3qkg7ela,0.875,0.4375,0.0,0.0,0.0,0.0,0.0,0.0,0.0,0.0,0.0,0.0,0.0,0.0,0.0,0.0,0.0,0.0,0.0,0.0,0.0,0.0,0.0,0.0,0.0,0.0,0.0,0.0,0.0,0.0,0.0,0.0,0.0,0.0,0.0,0.0,0.0,0.0,0.0,0.0,0.0,0.0,0.0,0.0,0.0,0.0,37.0,18.0,5.0,2.0,12.0,3.0,3.0,3.0,65.0,female,OA
9.31640625,4.6796875,-0.31640625,50,pjn9bgwv,0.9375,0.078125,11.0,2.0,7.0,0.0,2.0,0.0,0.0,0.0,1.0,0.0,0.0,1.0,0.0,0.0,0.0,0.0,1.0,0.0,1.0,0.0,1.0,0.0,0.0,0.0,0.0,0.0,0.0,0.0,0.0,0.0,0.0,0.0,0.0,0.0,0.0,0.0,1.0,1.0,1.0,1.0,1.0,0.0,1.0,0.0,21.0,10.0,4.0,1.0,6.0,6.0,6.0,6.0,60.0,female,between
6.4453125,-1.109375,-0.1640625,51,4yb1180k,0.8125,0.453125,9.0,5.0,1.0,0.0,3.0,0.0,0.0,0.0,1.0,0.0,1.0,1.0,1.0,0.0,0.0,0.0,0.0,0.0,0.0,1.0,1.0,0.0,0.0,0.0,0.0,0.0,0.0,0.0,0.0,0.0,0.0,0.0,0.0,0.0,0.0,0.0,0.0,0.0,0.0,0.0,0.0,1.0,1.0,1.0,16.0,1.0,2.0,7.0,6.0,5.0,5.0,6.0,64.0,female,between
0.09765625,-0.0078125,2.40234375,53,yez058ut,0.75,0.515625,17.0,3.0,6.0,4.0,4.0,0.0,0.0,0.0,1.0,0.0,0.0,0.0,0.0,0.0,0.0,1.0,1.0,0.0,1.0,1.0,0.0,0.0,0.0,1.0,0.0,1.0,1.0,0.0,0.0,0.0,0.0,1.0,1.0,1.0,0.0,1.0,1.0,1.0,1.0,1.0,1.0,0.0,0.0,0.0,8.0,3.0,0.0,1.0,4.0,7.0,9.0,9.0,61.0,female,between
3.4765625,1.328125,-0.0703125,54,ehwu4hc8,0.796875,0.546875,0.0,0.0,0.0,0.0,0.0,0.0,0.0,0.0,0.0,0.0,0.0,0.0,0.0,0.0,0.0,0.0,0.0,0.0,0.0,0.0,0.0,0.0,0.0,0.0,0.0,0.0,0.0,0.0,0.0,0.0,0.0,0.0,0.0,0.0,0.0,0.0,0.0,0.0,0.0,0.0,0.0,0.0,0.0,0.0,1.0,0.0,0.0,0.0,1.0,8.0,10.0,10.0,61.0,female,between
1.5234375,0.671875,-0.2109375,56,b1a7x55v,0.890625,0.125,27.0,8.0,11.0,4.0,1.0,3.0,0.0,0.0,1.0,1.0,1.0,1.0,1.0,1.0,1.0,1.0,1.0,1.0,0.0,1.0,1.0,1.0,1.0,0.0,0.0,1.0,1.0,0.0,1.0,1.0,1.0,0.0,0.0,1.0,1.0,1.0,1.0,1.0,1.0,1.0,1.0,0.0,0.0,0.0,15.0,4.0,1.0,8.0,2.0,4.0,4.0,4.0,61.0,female,between
3.4765625,1.328125,-0.0703125,57,bbwjy2wp,0.921875,0.28125,2.0,1.0,1.0,0.0,0.0,0.0,0.0,0.0,1.0,0.0,0.0,0.0,0.0,0.0,0.0,0.0,0.0,0.0,0.0,0.0,0.0,0.0,0.0,0.0,0.0,0.0,0.0,0.0,0.0,0.0,0.0,0.0,0.0,0.0,0.0,0.0,0.0,0.0,0.0,1.0,0.0,0.0,0.0,0.0,0.0,0.0,0.0,0.0,0.0,4.0,4.0,4.0,76.0,female,OA
0.01953125,4.0234375,-0.55078125,58,wsvq80ww,0.75,0.328125,5.0,3.0,2.0,0.0,0.0,0.0,0.0,0.0,1.0,0.0,0.0,0.0,0.0,0.0,1.0,0.0,1.0,0.0,0.0,1.0,1.0,0.0,0.0,0.0,0.0,0.0,0.0,0.0,0.0,0.0,0.0,0.0,0.0,0.0,0.0,0.0,0.0,0.0,0.0,0.0,0.0,0.0,0.0,0.0,3.0,2.0,0.0,0.0,1.0,2.0,3.0,3.0,68.0,female,OA
0.029296875,1.01171875,2.724609375,60,k5d1rofk,0.921875,0.4375,7.0,1.0,4.0,0.0,1.0,1.0,0.0,1.0,1.0,0.0,0.0,0.0,0.0,0.0,0.0,0.0,0.0,0.0,0.0,0.0,0.0,0.0,0.0,0.0,0.0,0.0,0.0,0.0,0.0,1.0,0.0,0.0,0.0,0.0,0.0,0.0,1.0,0.0,0.0,1.0,1.0,0.0,1.0,0.0,2.0,2.0,0.0,0.0,0.0,5.0,5.0,6.0,65.0,female,OA
0.29296875,-0.8046875,-0.01171875,61,kxnt9kp0,0.734375,0.515625,2.0,0.0,2.0,0.0,0.0,0.0,0.0,0.0,0.0,0.0,0.0,0.0,0.0,0.0,0.0,0.0,0.0,0.0,0.0,0.0,1.0,0.0,0.0,0.0,0.0,0.0,0.0,0.0,0.0,0.0,0.0,0.0,0.0,0.0,0.0,0.0,0.0,0.0,0.0,0.0,1.0,0.0,0.0,0.0,13.0,3.0,2.0,5.0,3.0,7.0,20.0,21.0,65.0,female,OA
1.66015625,-1.8828125,-0.41015625,62,2tw2wyja,0.78125,0.34375,1.0,1.0,0.0,0.0,0.0,0.0,0.0,0.0,1.0,0.0,0.0,0.0,0.0,0.0,0.0,0.0,0.0,0.0,0.0,0.0,0.0,0.0,0.0,0.0,0.0,0.0,0.0,0.0,0.0,0.0,0.0,0.0,0.0,0.0,0.0,0.0,0.0,0.0,0.0,0.0,0.0,0.0,0.0,0.0,5.0,1.0,1.0,2.0,1.0,5.0,6.0,6.0,69.0,female,OA
1.66015625,-1.8828125,-0.41015625,64,q4rt0asa,0.578125,0.296875,6.0,2.0,4.0,0.0,0.0,0.0,0.0,0.0,1.0,0.0,0.0,1.0,0.0,0.0,0.0,0.0,1.0,0.0,0.0,0.0,1.0,0.0,0.0,0.0,0.0,0.0,0.0,0.0,0.0,0.0,0.0,0.0,0.0,0.0,0.0,0.0,0.0,1.0,0.0,1.0,0.0,0.0,0.0,0.0,3.0,1.0,1.0,1.0,0.0,1.0,1.0,1.0,60.0,male,between
4.736328125,-0.13671875,0.041015625,65,sj1x8777,0.65625,0.0625,6.0,0.0,6.0,0.0,0.0,0.0,0.0,0.0,0.0,0.0,0.0,0.0,0.0,0.0,0.0,0.0,1.0,0.0,0.0,0.0,0.0,0.0,1.0,0.0,0.0,0.0,0.0,0.0,0.0,0.0,0.0,0.0,0.0,0.0,0.0,0.0,0.0,1.0,1.0,1.0,1.0,0.0,0.0,0.0,13.0,2.0,3.0,4.0,4.0,3.0,5.0,6.0,61.0,male,between
3.388671875,-0.95703125,-0.228515625,66,vfv0b4w7,0.859375,0.0625,3.0,1.0,2.0,0.0,0.0,0.0,0.0,0.0,0.0,0.0,0.0,0.0,0.0,0.0,1.0,0.0,0.0,0.0,0.0,0.0,0.0,0.0,0.0,0.0,0.0,0.0,0.0,0.0,0.0,0.0,0.0,0.0,0.0,0.0,0.0,0.0,0.0,0.0,0.0,1.0,1.0,0.0,0.0,0.0,1.0,0.0,0.0,0.0,1.0,3.0,3.0,4.0,63.0,female,between
0.0390625,9.953125,1.6171875,67,mp7nqt0t,0.4375,0.4375,16.0,2.0,7.0,5.0,1.0,1.0,0.0,0.0,0.0,0.0,0.0,1.0,0.0,0.0,0.0,0.0,0.0,0.0,1.0,1.0,1.0,0.0,1.0,1.0,0.0,0.0,1.0,1.0,0.0,1.0,0.0,0.0,0.0,1.0,0.0,1.0,1.0,1.0,1.0,1.0,1.0,0.0,0.0,0.0,10.0,3.0,3.0,1.0,3.0,4.0,5.0,5.0,63.0,male,between
7.080078125,-0.32421875,-0.240234375,68,bjq7snhy,0.828125,0.515625,12.0,4.0,2.0,4.0,2.0,0.0,0.0,0.0,1.0,0.0,0.0,1.0,0.0,0.0,1.0,0.0,0.0,0.0,0.0,1.0,1.0,0.0,0.0,1.0,1.0,0.0,0.0,0.0,0.0,0.0,0.0,1.0,1.0,1.0,1.0,0.0,0.0,1.0,,0.0,,0.0,0.0,0.0,20.0,1.0,0.0,14.0,5.0,3.0,3.0,6.0,62.0,female,between
2.87109375,0.6015625,0.12890625,69,lrg6mws3,0.734375,0.140625,9.0,3.0,3.0,1.0,2.0,0.0,0.0,0.0,1.0,0.0,0.0,0.0,0.0,0.0,1.0,0.0,1.0,0.0,0.0,1.0,1.0,0.0,0.0,1.0,0.0,1.0,0.0,0.0,0.0,0.0,0.0,1.0,0.0,0.0,0.0,0.0,0.0,0.0,1.0,0.0,0.0,0.0,0.0,0.0,61.0,11.0,7.0,24.0,19.0,9.0,11.0,11.0,60.0,female,between
0.322265625,1.41015625,-0.263671875,70,clajdzcg,0.96875,0.71875,19.0,6.0,8.0,0.0,3.0,2.0,0.0,1.0,1.0,0.0,1.0,1.0,1.0,0.0,1.0,0.0,1.0,0.0,0.0,1.0,0.0,1.0,0.0,0.0,0.0,0.0,0.0,0.0,0.0,1.0,1.0,0.0,0.0,0.0,0.0,0.0,1.0,1.0,1.0,1.0,1.0,1.0,1.0,1.0,52.0,8.0,8.0,22.0,14.0,13.0,19.0,22.0,65.0,female,OA
0.078125,5.96875,0.328125,71,5h2re9me,0.765625,0.09375,10.0,3.0,2.0,2.0,2.0,1.0,0.0,0.0,0.0,0.0,0.0,0.0,1.0,0.0,1.0,0.0,0.0,0.0,0.0,1.0,0.0,0.0,0.0,0.0,0.0,1.0,1.0,1.0,0.0,1.0,0.0,1.0,0.0,0.0,0.0,0.0,1.0,0.0,0.0,0.0,1.0,0.0,0.0,0.0,38.0,10.0,4.0,17.0,7.0,6.0,6.0,6.0,65.0,female,OA
0.439453125,-0.60546875,-1.505859375,72,d95juvoy,0.84375,0.234375,2.0,0.0,0.0,2.0,0.0,0.0,0.0,0.0,0.0,0.0,0.0,0.0,0.0,0.0,0.0,0.0,0.0,0.0,0.0,0.0,0.0,0.0,0.0,0.0,0.0,0.0,0.0,0.0,0.0,0.0,0.0,0.0,0.0,0.0,1.0,1.0,0.0,0.0,0.0,0.0,0.0,0.0,0.0,0.0,0.0,0.0,0.0,0.0,0.0,1.0,1.0,1.0,61.0,male,between
4.130859375,2.08984375,-0.158203125,73,xtydya8r,0.9375,0.171875,1.0,1.0,0.0,0.0,0.0,0.0,0.0,0.0,1.0,0.0,0.0,0.0,0.0,0.0,0.0,0.0,0.0,0.0,0.0,0.0,0.0,0.0,0.0,0.0,0.0,0.0,0.0,0.0,0.0,0.0,0.0,0.0,0.0,0.0,0.0,0.0,0.0,0.0,0.0,0.0,0.0,0.0,0.0,0.0,0.0,0.0,0.0,0.0,0.0,1.0,4.0,4.0,68.0,female,OA
3.388671875,-0.95703125,-0.228515625,74,33ytsm3v,0.71875,0.25,7.0,1.0,3.0,2.0,1.0,0.0,0.0,0.0,0.0,0.0,0.0,0.0,1.0,0.0,0.0,0.0,1.0,0.0,0.0,0.0,0.0,0.0,0.0,0.0,0.0,0.0,0.0,0.0,0.0,0.0,0.0,0.0,1.0,1.0,1.0,0.0,0.0,1.0,1.0,0.0,0.0,0.0,0.0,0.0,10.0,3.0,3.0,3.0,1.0,5.0,7.0,8.0,65.0,male,OA
7.080078125,-0.32421875,-0.240234375,75,09jvwdof,0.734375,0.265625,18.0,5.0,6.0,1.0,3.0,3.0,0.0,0.0,1.0,1.0,1.0,1.0,0.0,0.0,1.0,0.0,1.0,0.0,0.0,0.0,0.0,1.0,1.0,0.0,0.0,0.0,0.0,1.0,1.0,1.0,1.0,0.0,0.0,0.0,0.0,0.0,1.0,1.0,1.0,0.0,0.0,1.0,1.0,1.0,24.0,7.0,4.0,8.0,5.0,6.0,6.0,7.0,61.0,female,between
0.01953125,4.0234375,-0.55078125,76,ko56de96,0.65625,0.28125,20.0,4.0,7.0,5.0,3.0,1.0,0.0,0.0,1.0,1.0,0.0,0.0,0.0,0.0,1.0,0.0,1.0,0.0,0.0,1.0,1.0,0.0,0.0,1.0,1.0,0.0,0.0,0.0,0.0,0.0,1.0,0.0,0.0,1.0,1.0,1.0,1.0,1.0,1.0,1.0,1.0,1.0,1.0,1.0,28.0,10.0,7.0,7.0,4.0,5.0,6.0,6.0,64.0,female,between
0.0390625,9.953125,1.6171875,77,ndmfhf6j,0.796875,0.1875,6.0,6.0,0.0,0.0,0.0,0.0,1.0,0.0,1.0,0.0,1.0,0.0,1.0,0.0,1.0,0.0,0.0,0.0,0.0,1.0,0.0,0.0,0.0,0.0,0.0,0.0,0.0,0.0,0.0,0.0,0.0,0.0,0.0,0.0,0.0,0.0,0.0,0.0,0.0,0.0,0.0,0.0,0.0,0.0,0.0,0.0,0.0,0.0,0.0,4.0,6.0,7.0,67.0,male,OA
0.048828125,0.98828125,-0.896484375,78,qvlb9w34,0.953125,-0.03125,9.0,5.0,4.0,0.0,0.0,0.0,0.0,0.0,0.0,0.0,1.0,1.0,1.0,0.0,1.0,0.0,0.0,0.0,0.0,1.0,1.0,0.0,0.0,0.0,0.0,0.0,0.0,0.0,0.0,0.0,0.0,0.0,0.0,0.0,0.0,0.0,0.0,1.0,1.0,0.0,1.0,0.0,0.0,0.0,33.0,11.0,2.0,8.0,12.0,6.0,11.0,12.0,67.0,female,OA
0.09765625,-0.0078125,2.40234375,82,2fpbuc4c,0.625,0.375,1.0,0.0,1.0,0.0,0.0,0.0,0.0,0.0,0.0,0.0,0.0,0.0,0.0,0.0,0.0,0.0,0.0,0.0,0.0,0.0,0.0,0.0,0.0,0.0,0.0,0.0,0.0,0.0,0.0,0.0,0.0,0.0,0.0,0.0,0.0,0.0,0.0,0.0,0.0,0.0,1.0,0.0,0.0,0.0,20.0,5.0,3.0,6.0,6.0,5.0,6.0,7.0,63.0,female,between
2.75390625,-0.1953125,-0.12890625,83,ea0n755o,0.890625,0.375,36.0,8.0,11.0,7.0,7.0,3.0,1.0,1.0,1.0,1.0,1.0,0.0,1.0,1.0,1.0,1.0,1.0,1.0,1.0,1.0,1.0,1.0,0.0,1.0,1.0,1.0,1.0,1.0,1.0,1.0,1.0,1.0,1.0,1.0,1.0,1.0,1.0,1.0,1.0,1.0,1.0,1.0,1.0,1.0,35.0,8.0,7.0,11.0,9.0,8.0,18.0,18.0,65.0,female,OA
9.82421875,1.6328125,-0.10546875,85,2fv2a5k6,0.875,0.03125,21.0,8.0,3.0,3.0,4.0,3.0,0.0,0.0,1.0,1.0,1.0,1.0,1.0,0.0,1.0,1.0,0.0,0.0,0.0,1.0,1.0,0.0,0.0,0.0,0.0,1.0,0.0,0.0,1.0,1.0,1.0,0.0,0.0,1.0,1.0,1.0,1.0,0.0,0.0,0.0,1.0,1.0,1.0,1.0,20.0,3.0,4.0,6.0,7.0,11.0,24.0,25.0,59.0,male,between
0.2734375,5.171875,-2.4609375,86,x58agx78,0.921875,0.203125,19.0,3.0,7.0,2.0,4.0,3.0,0.0,0.0,1.0,0.0,0.0,1.0,0.0,0.0,0.0,0.0,1.0,0.0,1.0,1.0,0.0,1.0,0.0,0.0,0.0,0.0,0.0,0.0,1.0,1.0,1.0,0.0,0.0,1.0,0.0,1.0,1.0,1.0,1.0,1.0,1.0,1.0,1.0,1.0,9.0,0.0,0.0,4.0,5.0,6.0,6.0,6.0,58.0,female,between
4.619140625,0.56640625,-0.029296875,87,1v9ckxf2,0.84375,0.671875,2.0,2.0,0.0,0.0,0.0,0.0,0.0,0.0,1.0,0.0,0.0,0.0,0.0,0.0,1.0,0.0,0.0,0.0,0.0,0.0,0.0,0.0,0.0,0.0,0.0,0.0,0.0,0.0,0.0,0.0,0.0,0.0,0.0,0.0,0.0,0.0,0.0,0.0,0.0,0.0,0.0,0.0,0.0,0.0,15.0,3.0,0.0,8.0,4.0,5.0,9.0,10.0,71.0,male,OA
5.21484375,0.4140625,-0.33984375,89,74v188d1,0.83028846153846,0.078125,0.0,0.0,0.0,0.0,0.0,0.0,0.0,0.0,0.0,0.0,0.0,0.0,0.0,0.0,0.0,0.0,0.0,0.0,0.0,0.0,0.0,0.0,0.0,0.0,0.0,0.0,0.0,0.0,0.0,0.0,0.0,0.0,0.0,0.0,0.0,0.0,0.0,0.0,0.0,0.0,0.0,0.0,0.0,0.0,14.0,5.0,3.0,4.0,2.0,4.0,5.0,6.0,67.0,female,OA
6.4453125,-1.109375,-0.1640625,91,z62ncncy,0.9375,0.109375,2.0,2.0,0.0,0.0,0.0,0.0,0.0,0.0,0.0,0.0,0.0,0.0,0.0,0.0,1.0,0.0,0.0,0.0,0.0,1.0,0.0,0.0,0.0,0.0,0.0,0.0,0.0,0.0,0.0,0.0,0.0,0.0,0.0,0.0,0.0,0.0,0.0,0.0,0.0,0.0,0.0,0.0,0.0,0.0,24.0,11.0,6.0,4.0,3.0,2.0,5.0,5.0,64.0,female,between
5.849609375,-1.84765625,-0.064453125,92,dpzr2el1,0.8125,0.25,20.0,0.0,7.0,7.0,4.0,2.0,0.0,0.0,0.0,0.0,0.0,0.0,0.0,0.0,0.0,0.0,1.0,0.0,1.0,0.0,0.0,1.0,0.0,1.0,1.0,1.0,1.0,1.0,0.0,1.0,1.0,1.0,1.0,1.0,1.0,1.0,1.0,1.0,1.0,1.0,1.0,0.0,0.0,0.0,24.0,3.0,2.0,9.0,10.0,8.0,10.0,10.0,64.0,female,between
8.310546875,0.82421875,-0.181640625,93,l7yvo06m,0.546875,-0.015625,13.0,3.0,7.0,1.0,0.0,2.0,0.0,0.0,1.0,0.0,0.0,0.0,0.0,0.0,1.0,0.0,1.0,1.0,0.0,1.0,1.0,0.0,1.0,1.0,0.0,0.0,0.0,0.0,0.0,1.0,1.0,0.0,0.0,0.0,0.0,0.0,0.0,1.0,1.0,1.0,0.0,0.0,0.0,0.0,26.0,4.0,3.0,10.0,9.0,4.0,4.0,4.0,71.0,male,OA
6.4453125,-1.109375,-0.1640625,94,a9tst8ou,0.9375,0.0625,5.0,4.0,1.0,0.0,0.0,0.0,0.0,0.0,1.0,0.0,1.0,1.0,0.0,0.0,1.0,0.0,0.0,0.0,0.0,0.0,1.0,0.0,0.0,0.0,0.0,0.0,0.0,0.0,0.0,0.0,0.0,0.0,0.0,0.0,0.0,0.0,0.0,0.0,0.0,0.0,0.0,0.0,0.0,0.0,8.0,4.0,2.0,1.0,1.0,4.0,4.0,4.0,62.0,female,between
5.712890625,-0.74609375,-2.935546875,95,2mlawqw1,0.453125,0.0,7.0,0.0,4.0,0.0,2.0,1.0,,1.0,0.0,0.0,0.0,0.0,0.0,0.0,0.0,0.0,0.0,1.0,0.0,0.0,0.0,1.0,0.0,0.0,0.0,0.0,0.0,0.0,1.0,0.0,0.0,0.0,0.0,0.0,0.0,0.0,0.0,0.0,1.0,0.0,0.0,0.0,1.0,1.0,7.0,2.0,0.0,3.0,2.0,0.0,0.0,1.0,65.0,male,OA
0.458984375,5.37109375,-0.955078125,96,vm07y4lv,0.71875,0.3125,13.0,4.0,4.0,4.0,0.0,1.0,0.0,0.0,1.0,0.0,1.0,1.0,0.0,0.0,1.0,0.0,0.0,0.0,0.0,0.0,0.0,0.0,0.0,1.0,0.0,0.0,0.0,0.0,0.0,1.0,0.0,0.0,0.0,1.0,1.0,1.0,0.0,1.0,1.0,1.0,1.0,0.0,0.0,0.0,39.0,6.0,6.0,12.0,15.0,6.0,6.0,8.0,75.0,female,OA
9.82421875,1.6328125,-0.10546875,97,q1om387j,0.78125,0.34375,24.0,7.0,9.0,4.0,2.0,2.0,0.0,0.0,1.0,1.0,1.0,1.0,0.0,1.0,1.0,1.0,1.0,0.0,1.0,1.0,1.0,0.0,1.0,1.0,0.0,0.0,0.0,1.0,0.0,1.0,1.0,0.0,0.0,1.0,1.0,0.0,1.0,1.0,1.0,1.0,1.0,0.0,1.0,0.0,8.0,4.0,3.0,1.0,0.0,8.0,14.0,14.0,62.0,female,between
0.1171875,1.984375,-1.2421875,98,0n59grzn,0.609375,0.28125,19.0,8.0,3.0,7.0,1.0,0.0,1.0,0.0,1.0,0.0,1.0,1.0,1.0,0.0,1.0,1.0,0.0,0.0,0.0,1.0,0.0,0.0,0.0,1.0,1.0,1.0,1.0,1.0,0.0,0.0,0.0,0.0,0.0,1.0,1.0,1.0,0.0,1.0,1.0,1.0,0.0,0.0,0.0,0.0,23.0,5.0,5.0,8.0,5.0,7.0,12.0,12.0,67.0,female,OA
0.56640625,3.1796875,-1.06640625,99,mb40veev,0.78125,0.296875,9.0,0.0,5.0,3.0,0.0,1.0,0.0,0.0,0.0,0.0,0.0,0.0,0.0,0.0,0.0,0.0,0.0,0.0,0.0,0.0,0.0,1.0,0.0,0.0,0.0,0.0,0.0,0.0,0.0,1.0,0.0,0.0,0.0,1.0,1.0,1.0,1.0,1.0,1.0,1.0,0.0,0.0,0.0,0.0,0.0,0.0,0.0,0.0,0.0,7.0,8.0,8.0,63.0,male,between
2.294921875,0.35546875,-0.697265625,100,2qnf1lj5,0.6875,0.640625,3.0,0.0,0.0,0.0,3.0,0.0,0.0,0.0,0.0,0.0,0.0,0.0,0.0,0.0,0.0,0.0,0.0,0.0,0.0,0.0,0.0,0.0,0.0,0.0,0.0,1.0,0.0,0.0,0.0,0.0,0.0,1.0,1.0,0.0,0.0,0.0,0.0,0.0,0.0,0.0,0.0,0.0,0.0,0.0,5.0,3.0,0.0,0.0,2.0,2.0,6.0,6.0,75.0,female,OA
4.130859375,2.08984375,-0.158203125,101,j5fdfa52,0.75,0.109375,4.0,0.0,0.0,3.0,0.0,1.0,0.0,0.0,0.0,0.0,0.0,0.0,0.0,0.0,0.0,0.0,0.0,0.0,0.0,0.0,0.0,0.0,0.0,0.0,0.0,0.0,0.0,0.0,0.0,1.0,0.0,0.0,0.0,1.0,1.0,1.0,0.0,0.0,0.0,0.0,0.0,0.0,0.0,0.0,0.0,0.0,0.0,0.0,0.0,2.0,2.0,2.0,32.0,male,YA
5.56640625,9.1796875,1.93359375,102,x38laa0m,0.875,0.234375,12.0,2.0,6.0,3.0,0.0,1.0,0.0,0.0,0.0,1.0,0.0,0.0,0.0,0.0,0.0,0.0,0.0,0.0,0.0,1.0,1.0,0.0,1.0,1.0,0.0,0.0,0.0,0.0,0.0,1.0,0.0,0.0,0.0,1.0,1.0,0.0,0.0,1.0,1.0,1.0,1.0,0.0,0.0,0.0,11.0,0.0,0.0,7.0,4.0,10.0,10.0,10.0,34.0,female,YA
0.048828125,0.98828125,-0.896484375,104,cy5bg4v8,0.859375,0.53125,2.0,2.0,0.0,0.0,0.0,0.0,0.0,0.0,1.0,0.0,0.0,1.0,0.0,0.0,0.0,0.0,0.0,0.0,0.0,0.0,0.0,0.0,0.0,0.0,0.0,0.0,0.0,0.0,0.0,0.0,0.0,0.0,0.0,0.0,0.0,0.0,0.0,0.0,0.0,0.0,0.0,0.0,0.0,0.0,1.0,0.0,0.0,0.0,1.0,2.0,13.0,13.0,36.0,male,YA
9.86328125,7.9609375,-0.45703125,105,2f0f3u4y,0.484375,0.015625,19.0,4.0,7.0,4.0,2.0,2.0,0.0,0.0,0.0,0.0,1.0,1.0,0.0,0.0,1.0,0.0,1.0,0.0,0.0,1.0,0.0,1.0,0.0,0.0,0.0,1.0,0.0,1.0,1.0,1.0,0.0,1.0,0.0,1.0,1.0,1.0,1.0,1.0,1.0,1.0,1.0,0.0,0.0,0.0,18.0,5.0,3.0,5.0,5.0,10.0,15.0,17.0,31.0,female,YA
0.01953125,4.0234375,-0.55078125,108,m1cb655u,0.125,-0.046875,19.0,1.0,8.0,7.0,1.0,2.0,0.0,0.0,1.0,0.0,0.0,0.0,0.0,0.0,0.0,0.0,1.0,0.0,0.0,0.0,0.0,1.0,1.0,1.0,1.0,1.0,1.0,1.0,1.0,0.0,1.0,0.0,0.0,1.0,1.0,1.0,1.0,1.0,1.0,1.0,1.0,0.0,0.0,0.0,62.0,19.0,7.0,16.0,20.0,12.0,15.0,16.0,33.0,male,YA
2.20703125,2.1484375,-0.36328125,110,6y9drd89,0.90625,0.828125,19.0,3.0,7.0,5.0,3.0,1.0,0.0,0.0,1.0,1.0,0.0,1.0,0.0,0.0,0.0,0.0,1.0,0.0,0.0,0.0,0.0,1.0,0.0,1.0,0.0,1.0,1.0,0.0,0.0,1.0,0.0,1.0,1.0,1.0,1.0,1.0,1.0,1.0,1.0,1.0,1.0,0.0,0.0,0.0,52.0,8.0,6.0,22.0,16.0,8.0,10.0,10.0,37.0,male,YA
2.75390625,-0.1953125,-0.12890625,111,5k89dpxy,0.78125,0.34375,17.0,8.0,4.0,3.0,1.0,1.0,1.0,1.0,1.0,0.0,1.0,1.0,1.0,0.0,1.0,1.0,0.0,0.0,1.0,1.0,1.0,0.0,1.0,0.0,0.0,0.0,0.0,0.0,0.0,0.0,1.0,0.0,0.0,1.0,1.0,1.0,0.0,0.0,0.0,1.0,0.0,0.0,0.0,0.0,35.0,10.0,7.0,10.0,8.0,6.0,10.0,13.0,30.0,male,YA
1.5234375,0.671875,-0.2109375,112,8h4arbll,0.921875,0.390625,0.0,0.0,0.0,0.0,0.0,0.0,0.0,0.0,0.0,0.0,0.0,0.0,0.0,0.0,0.0,0.0,0.0,0.0,0.0,0.0,0.0,0.0,0.0,0.0,0.0,0.0,0.0,0.0,0.0,0.0,0.0,0.0,0.0,0.0,0.0,0.0,0.0,0.0,0.0,0.0,0.0,0.0,0.0,0.0,1.0,0.0,1.0,0.0,0.0,3.0,3.0,3.0,39.0,male,YA
4.74609375,2.8515625,-0.24609375,113,ca3ay7lb,0.953125,0.265625,27.0,9.0,5.0,3.0,7.0,3.0,1.0,0.0,1.0,1.0,1.0,1.0,1.0,1.0,1.0,1.0,0.0,0.0,1.0,1.0,1.0,1.0,1.0,1.0,0.0,1.0,0.0,,1.0,1.0,1.0,1.0,1.0,1.0,0.0,1.0,1.0,,0.0,0.0,0.0,1.0,1.0,1.0,51.0,14.0,2.0,26.0,9.0,18.0,20.0,20.0,34.0,male,YA
9.501953125,4.26953125,-0.568359375,114,02z1xetw,0.8125,0.4375,2.0,2.0,0.0,0.0,0.0,0.0,0.0,0.0,1.0,0.0,0.0,0.0,0.0,0.0,0.0,1.0,0.0,0.0,0.0,0.0,0.0,0.0,0.0,0.0,0.0,0.0,0.0,0.0,0.0,0.0,0.0,0.0,0.0,0.0,0.0,0.0,0.0,0.0,0.0,0.0,0.0,0.0,0.0,0.0,6.0,2.0,0.0,0.0,4.0,3.0,3.0,3.0,34.0,male,YA
3.388671875,-0.95703125,-0.228515625,117,k79pujk9,-0.078125,0.078125,4.0,1.0,1.0,0.0,2.0,0.0,0.0,0.0,0.0,0.0,0.0,1.0,0.0,0.0,0.0,0.0,0.0,0.0,1.0,0.0,0.0,0.0,0.0,0.0,0.0,0.0,0.0,0.0,0.0,0.0,0.0,0.0,1.0,0.0,0.0,0.0,0.0,0.0,0.0,0.0,1.0,0.0,0.0,0.0,1.0,1.0,0.0,0.0,0.0,0.0,0.0,0.0,29.0,male,YA
1.5234375,0.671875,-0.2109375,118,4udk03h3,0.84375,0.15625,8.0,2.0,6.0,0.0,0.0,0.0,0.0,0.0,0.0,0.0,0.0,0.0,0.0,0.0,1.0,0.0,1.0,0.0,0.0,1.0,0.0,,0.0,0.0,0.0,0.0,0.0,0.0,0.0,0.0,0.0,0.0,0.0,0.0,0.0,0.0,1.0,1.0,1.0,1.0,1.0,0.0,0.0,0.0,5.0,0.0,0.0,3.0,2.0,2.0,10.0,11.0,39.0,male,YA
0.048828125,0.98828125,-0.896484375,119,q853r5zb,0.875,0.703125,13.0,1.0,5.0,4.0,1.0,2.0,0.0,0.0,1.0,0.0,0.0,0.0,0.0,0.0,0.0,0.0,1.0,0.0,0.0,0.0,0.0,0.0,0.0,1.0,0.0,0.0,0.0,1.0,0.0,1.0,1.0,0.0,1.0,1.0,0.0,1.0,1.0,1.0,1.0,1.0,0.0,0.0,0.0,0.0,26.0,8.0,4.0,8.0,6.0,20.0,42.0,42.0,38.0,male,YA
9.82421875,1.6328125,-0.10546875,120,q6c3okxt,0.71875,0.546875,10.0,7.0,2.0,1.0,0.0,0.0,0.0,1.0,1.0,1.0,1.0,1.0,0.0,0.0,1.0,1.0,0.0,0.0,0.0,1.0,0.0,0.0,0.0,0.0,0.0,0.0,0.0,1.0,0.0,0.0,0.0,0.0,0.0,0.0,0.0,0.0,1.0,0.0,0.0,0.0,0.0,0.0,0.0,0.0,15.0,5.0,3.0,7.0,0.0,3.0,8.0,8.0,35.0,male,YA
3.984375,-1.71875,-0.328125,121,3j1mu8px,0.5,0.484375,4.0,0.0,4.0,0.0,0.0,0.0,0.0,0.0,0.0,0.0,0.0,0.0,0.0,0.0,0.0,0.0,0.0,0.0,0.0,0.0,0.0,0.0,0.0,0.0,0.0,0.0,0.0,0.0,0.0,0.0,0.0,0.0,0.0,0.0,0.0,0.0,0.0,1.0,1.0,1.0,1.0,0.0,0.0,0.0,0.0,0.0,0.0,0.0,0.0,1.0,8.0,8.0,28.0,female,YA
3.525390625,7.87890625,1.001953125,122,fjsj7hj6,0.890625,0.21875,23.0,8.0,8.0,1.0,4.0,2.0,1.0,1.0,1.0,1.0,1.0,1.0,1.0,0.0,1.0,1.0,1.0,0.0,1.0,0.0,0.0,1.0,0.0,0.0,0.0,0.0,0.0,1.0,0.0,1.0,1.0,0.0,0.0,0.0,0.0,0.0,1.0,1.0,1.0,1.0,1.0,1.0,1.0,1.0,27.0,4.0,0.0,9.0,14.0,13.0,18.0,18.0,27.0,male,YA
0.01953125,4.0234375,-0.55078125,123,nhywpv6t,0.6875,0.265625,9.0,2.0,7.0,0.0,0.0,0.0,0.0,0.0,1.0,0.0,0.0,1.0,0.0,0.0,0.0,0.0,1.0,0.0,0.0,0.0,0.0,1.0,0.0,0.0,0.0,0.0,0.0,0.0,0.0,0.0,0.0,0.0,0.0,0.0,0.0,0.0,1.0,1.0,1.0,1.0,1.0,0.0,0.0,0.0,54.0,20.0,8.0,14.0,12.0,16.0,27.0,28.0,34.0,female,YA
5.9765625,-1.671875,-1.5703125,125,oylo9kjt,0.71875,0.71875,3.0,1.0,1.0,0.0,1.0,0.0,0.0,0.0,0.0,0.0,0.0,0.0,0.0,0.0,0.0,1.0,0.0,0.0,0.0,0.0,1.0,0.0,0.0,0.0,0.0,0.0,0.0,0.0,0.0,0.0,0.0,0.0,0.0,0.0,0.0,0.0,0.0,0.0,0.0,0.0,0.0,0.0,1.0,0.0,19.0,5.0,4.0,5.0,5.0,6.0,9.0,9.0,39.0,male,YA
6.4453125,-1.109375,-0.1640625,127,59vyc8rb,0.765625,0.40625,2.0,1.0,1.0,0.0,0.0,0.0,0.0,0.0,1.0,0.0,0.0,0.0,0.0,0.0,0.0,0.0,0.0,0.0,0.0,0.0,0.0,0.0,0.0,0.0,0.0,0.0,0.0,0.0,0.0,0.0,0.0,0.0,0.0,0.0,0.0,0.0,0.0,0.0,0.0,0.0,1.0,0.0,0.0,0.0,37.0,7.0,5.0,15.0,10.0,5.0,17.0,17.0,35.0,female,YA
2.75390625,-0.1953125,-0.12890625,129,u79fcv4e,0.796875,0.484375,13.0,6.0,2.0,4.0,0.0,1.0,0.0,1.0,1.0,1.0,1.0,1.0,0.0,0.0,0.0,1.0,0.0,0.0,0.0,1.0,0.0,0.0,0.0,0.0,1.0,0.0,0.0,0.0,0.0,0.0,1.0,0.0,0.0,1.0,1.0,1.0,1.0,0.0,0.0,0.0,0.0,0.0,0.0,0.0,6.0,2.0,2.0,1.0,1.0,5.0,5.0,5.0,36.0,female,YA
0.0390625,9.953125,1.6171875,130,ogvxml4v,0.671875,0.296875,3.0,1.0,1.0,1.0,0.0,0.0,0.0,0.0,1.0,0.0,0.0,0.0,0.0,0.0,0.0,0.0,0.0,0.0,0.0,0.0,0.0,0.0,0.0,0.0,1.0,0.0,0.0,0.0,0.0,0.0,0.0,0.0,0.0,0.0,0.0,0.0,1.0,0.0,0.0,0.0,0.0,0.0,0.0,0.0,12.0,0.0,0.0,7.0,5.0,7.0,9.0,9.0,40.0,male,YA
8.310546875,0.82421875,-0.181640625,131,bdzrp4hw,0.8125,0.078125,26.0,8.0,10.0,2.0,3.0,3.0,1.0,1.0,1.0,1.0,1.0,1.0,0.0,1.0,1.0,1.0,1.0,0.0,0.0,1.0,1.0,1.0,0.0,0.0,0.0,0.0,1.0,0.0,1.0,1.0,1.0,0.0,0.0,1.0,0.0,0.0,1.0,1.0,1.0,1.0,1.0,1.0,1.0,1.0,43.0,10.0,7.0,14.0,12.0,13.0,16.0,16.0,36.0,male,YA
8.486328125,-1.63671875,-0.708984375,136,uuzly5g6,0.765625,-0.109375,17.0,0.0,6.0,3.0,5.0,3.0,0.0,1.0,0.0,0.0,0.0,0.0,0.0,0.0,0.0,0.0,1.0,1.0,1.0,0.0,0.0,1.0,0.0,0.0,0.0,1.0,1.0,1.0,1.0,1.0,1.0,0.0,1.0,0.0,0.0,1.0,0.0,0.0,0.0,1.0,1.0,0.0,1.0,1.0,36.0,7.0,4.0,13.0,12.0,9.0,13.0,17.0,25.0,male,YA
0.29296875,-0.8046875,-0.01171875,137,1e1vkoev,0.890625,0.140625,1.0,0.0,0.0,0.0,1.0,0.0,0.0,0.0,0.0,0.0,0.0,0.0,0.0,0.0,0.0,0.0,0.0,0.0,0.0,0.0,0.0,0.0,0.0,0.0,0.0,0.0,0.0,0.0,0.0,0.0,0.0,0.0,1.0,0.0,0.0,0.0,0.0,0.0,0.0,0.0,0.0,0.0,0.0,0.0,0.0,0.0,0.0,0.0,0.0,5.0,21.0,21.0,37.0,male,YA
8.90625,0.0625,-0.09375,138,6vj7g28c,0.890625,0.265625,27.0,7.0,7.0,4.0,6.0,3.0,0.0,0.0,1.0,1.0,1.0,1.0,0.0,0.0,1.0,1.0,1.0,0.0,0.0,1.0,0.0,1.0,0.0,0.0,0.0,1.0,1.0,1.0,1.0,1.0,1.0,1.0,1.0,1.0,1.0,0.0,1.0,1.0,1.0,1.0,1.0,1.0,1.0,1.0,0.0,0.0,0.0,0.0,0.0,5.0,14.0,14.0,37.0,female,YA
2.353515625,7.97265625,2.080078125,139,os6ns8xs,0.875,0.265625,10.0,0.0,5.0,1.0,1.0,3.0,0.0,0.0,0.0,0.0,0.0,0.0,0.0,0.0,0.0,0.0,1.0,0.0,0.0,0.0,0.0,0.0,0.0,0.0,1.0,0.0,0.0,0.0,1.0,1.0,1.0,0.0,1.0,,,0.0,0.0,1.0,1.0,1.0,1.0,0.0,0.0,0.0,51.0,14.0,7.0,14.0,16.0,15.0,31.0,31.0,37.0,female,YA
4.619140625,0.56640625,-0.029296875,141,6ak2g2k4,0.875,0.59375,20.0,7.0,8.0,3.0,1.0,1.0,1.0,0.0,1.0,0.0,1.0,1.0,0.0,1.0,1.0,1.0,0.0,1.0,0.0,1.0,1.0,0.0,0.0,0.0,0.0,0.0,1.0,1.0,0.0,0.0,1.0,0.0,0.0,1.0,0.0,0.0,1.0,1.0,1.0,1.0,1.0,1.0,0.0,0.0,0.0,0.0,0.0,0.0,0.0,4.0,9.0,11.0,33.0,male,YA
3.4765625,1.328125,-0.0703125,142,jrdascjr,0.71875,0.71875,19.0,5.0,2.0,7.0,4.0,1.0,0.0,0.0,1.0,0.0,0.0,1.0,0.0,0.0,1.0,1.0,0.0,0.0,1.0,1.0,0.0,0.0,0.0,1.0,1.0,1.0,1.0,1.0,0.0,0.0,1.0,0.0,0.0,1.0,1.0,1.0,1.0,0.0,0.0,0.0,1.0,1.0,1.0,0.0,21.0,3.0,2.0,7.0,9.0,13.0,20.0,20.0,33.0,other,YA
9.9609375,-1.953125,-1.1484375,143,f10kqb0y,0.640625,0.234375,16.0,3.0,2.0,5.0,3.0,3.0,0.0,0.0,1.0,1.0,0.0,1.0,0.0,0.0,0.0,0.0,0.0,0.0,0.0,0.0,1.0,0.0,0.0,1.0,1.0,1.0,1.0,0.0,1.0,1.0,1.0,1.0,1.0,1.0,1.0,,0.0,1.0,0.0,0.0,0.0,0.0,0.0,0.0,22.0,3.0,7.0,7.0,5.0,8.0,19.0,19.0,28.0,male,YA
0.01953125,4.0234375,-0.55078125,144,59txawh2,0.796875,0.34375,29.0,8.0,8.0,3.0,7.0,3.0,0.0,0.0,1.0,1.0,1.0,1.0,1.0,0.0,1.0,1.0,1.0,,1.0,1.0,1.0,1.0,0.0,0.0,0.0,1.0,0.0,1.0,1.0,1.0,1.0,1.0,1.0,1.0,0.0,1.0,1.0,1.0,1.0,1.0,1.0,1.0,1.0,1.0,53.0,14.0,6.0,19.0,14.0,12.0,24.0,25.0,35.0,male,YA
1.5234375,0.671875,-0.2109375,145,o8j8ee01,0.8125,0.3125,5.0,1.0,4.0,0.0,0.0,0.0,0.0,0.0,0.0,0.0,0.0,1.0,0.0,1.0,0.0,0.0,0.0,1.0,0.0,0.0,0.0,0.0,0.0,0.0,0.0,0.0,0.0,0.0,0.0,0.0,0.0,0.0,0.0,0.0,0.0,0.0,1.0,0.0,1.0,0.0,0.0,0.0,0.0,0.0,30.0,6.0,4.0,15.0,5.0,2.0,4.0,4.0,28.0,male,YA
1.5234375,0.671875,-0.2109375,146,x47xv88l,0.828125,0.3125,11.0,0.0,5.0,2.0,3.0,1.0,0.0,0.0,0.0,0.0,0.0,0.0,0.0,0.0,0.0,0.0,0.0,0.0,0.0,0.0,0.0,1.0,0.0,0.0,0.0,1.0,1.0,1.0,0.0,1.0,0.0,1.0,1.0,0.0,0.0,0.0,1.0,1.0,1.0,0.0,1.0,0.0,0.0,0.0,0.0,0.0,0.0,0.0,0.0,9.0,17.0,18.0,38.0,female,YA
4.619140625,0.56640625,-0.029296875,147,ffgf7a36,0.78125,0.78125,2.0,0.0,1.0,0.0,1.0,0.0,0.0,0.0,0.0,0.0,0.0,0.0,0.0,0.0,0.0,0.0,0.0,0.0,0.0,0.0,1.0,0.0,0.0,0.0,0.0,0.0,0.0,0.0,0.0,0.0,0.0,0.0,1.0,0.0,0.0,0.0,0.0,0.0,0.0,0.0,0.0,0.0,0.0,0.0,5.0,4.0,0.0,1.0,0.0,2.0,16.0,16.0,38.0,female,YA
2.75390625,-0.1953125,-0.12890625,148,dle1luaz,0.8125,0.515625,16.0,3.0,7.0,1.0,3.0,2.0,0.0,0.0,1.0,1.0,0.0,0.0,0.0,0.0,0.0,0.0,0.0,0.0,0.0,1.0,1.0,0.0,1.0,0.0,0.0,0.0,0.0,0.0,1.0,1.0,0.0,0.0,0.0,1.0,0.0,0.0,1.0,1.0,1.0,1.0,1.0,1.0,1.0,1.0,28.0,13.0,8.0,4.0,3.0,4.0,4.0,4.0,37.0,female,YA
0.0390625,9.953125,1.6171875,149,u64ghk41,0.8125,0.5,3.0,0.0,1.0,1.0,0.0,1.0,0.0,0.0,0.0,0.0,0.0,0.0,0.0,0.0,0.0,0.0,0.0,0.0,0.0,0.0,0.0,0.0,0.0,0.0,0.0,0.0,0.0,1.0,0.0,1.0,0.0,0.0,0.0,0.0,0.0,0.0,0.0,0.0,0.0,0.0,1.0,0.0,0.0,0.0,16.0,4.0,3.0,3.0,6.0,4.0,8.0,8.0,38.0,female,YA
2.96875,4.1875,-0.28125,150,qkweurt7,0.703125,0.34375,16.0,5.0,7.0,3.0,0.0,1.0,0.0,1.0,1.0,1.0,0.0,1.0,0.0,0.0,1.0,0.0,0.0,0.0,0.0,1.0,1.0,1.0,1.0,0.0,0.0,0.0,0.0,1.0,0.0,1.0,0.0,0.0,0.0,1.0,0.0,1.0,1.0,0.0,0.0,1.0,1.0,0.0,0.0,0.0,33.0,10.0,8.0,10.0,5.0,6.0,12.0,12.0,30.0,female,YA
4.619140625,0.56640625,-0.029296875,151,2pv0hxxz,0.953125,0.546875,24.0,8.0,7.0,6.0,0.0,3.0,0.0,1.0,1.0,1.0,1.0,1.0,1.0,0.0,1.0,1.0,0.0,1.0,0.0,1.0,0.0,1.0,0.0,1.0,1.0,0.0,1.0,1.0,1.0,1.0,1.0,0.0,0.0,1.0,1.0,0.0,1.0,1.0,0.0,1.0,1.0,0.0,0.0,0.0,20.0,3.0,2.0,10.0,5.0,12.0,29.0,29.0,39.0,male,YA
0.0390625,9.953125,1.6171875,152,e04lrby9,0.65625,0.484375,19.0,5.0,8.0,1.0,3.0,2.0,1.0,1.0,1.0,1.0,1.0,0.0,1.0,0.0,0.0,0.0,1.0,0.0,0.0,0.0,,1.0,0.0,0.0,0.0,0.0,0.0,0.0,1.0,0.0,1.0,0.0,0.0,1.0,0.0,0.0,1.0,1.0,1.0,1.0,1.0,1.0,1.0,1.0,74.0,20.0,8.0,28.0,18.0,5.0,7.0,10.0,30.0,female,YA
9.82421875,1.6328125,-0.10546875,156,9uspc078,0.796875,0.234375,18.0,3.0,5.0,5.0,3.0,2.0,0.0,0.0,1.0,0.0,0.0,0.0,1.0,0.0,1.0,0.0,0.0,0.0,1.0,0.0,1.0,1.0,0.0,1.0,0.0,1.0,1.0,1.0,0.0,1.0,1.0,1.0,0.0,0.0,1.0,1.0,1.0,1.0,1.0,0.0,0.0,0.0,0.0,0.0,40.0,10.0,5.0,14.0,11.0,8.0,25.0,25.0,34.0,female,YA
4.169921875,-1.89453125,-1.822265625,158,2h4kx6ry,0.78125,0.375,11.0,0.0,5.0,4.0,2.0,0.0,0.0,1.0,0.0,0.0,0.0,0.0,0.0,0.0,0.0,0.0,1.0,1.0,0.0,0.0,0.0,1.0,0.0,1.0,0.0,0.0,1.0,1.0,0.0,0.0,0.0,0.0,0.0,0.0,0.0,1.0,0.0,0.0,0.0,1.0,0.0,0.0,1.0,1.0,35.0,14.0,6.0,10.0,5.0,0.0,0.0,0.0,26.0,female,YA
7.01171875,-1.7421875,-1.04296875,161,osclo57c,0.609375,0.25,8.0,3.0,1.0,4.0,0.0,0.0,1.0,0.0,0.0,1.0,0.0,1.0,0.0,0.0,0.0,0.0,0.0,0.0,0.0,0.0,0.0,0.0,0.0,1.0,0.0,0.0,0.0,0.0,0.0,0.0,0.0,0.0,0.0,1.0,1.0,1.0,1.0,0.0,0.0,0.0,0.0,0.0,0.0,0.0,0.0,0.0,0.0,0.0,0.0,0.0,0.0,0.0,30.0,female,YA
4.169921875,-1.89453125,-1.822265625,163,frlcmqro,0.078125,0.046875,10.0,0.0,4.0,4.0,2.0,0.0,0.0,0.0,0.0,0.0,0.0,0.0,0.0,0.0,0.0,0.0,0.0,1.0,1.0,0.0,0.0,1.0,0.0,1.0,1.0,1.0,1.0,1.0,0.0,0.0,0.0,0.0,0.0,0.0,0.0,0.0,0.0,1.0,0.0,1.0,0.0,0.0,0.0,0.0,15.0,2.0,5.0,6.0,2.0,3.0,7.0,7.0,37.0,male,YA
0.0390625,9.953125,1.6171875,164,sn05jcqr,0.65625,0.265625,2.0,2.0,0.0,0.0,0.0,0.0,0.0,0.0,0.0,0.0,0.0,1.0,0.0,0.0,1.0,0.0,0.0,0.0,0.0,0.0,0.0,0.0,0.0,0.0,0.0,0.0,0.0,0.0,0.0,0.0,0.0,0.0,0.0,0.0,0.0,0.0,0.0,0.0,0.0,0.0,0.0,0.0,0.0,0.0,0.0,0.0,0.0,0.0,0.0,6.0,7.0,7.0,36.0,female,YA
4.736328125,-0.13671875,0.041015625,167,kngumvtr,0.609375,0.59375,3.0,0.0,0.0,0.0,3.0,0.0,0.0,0.0,0.0,0.0,0.0,0.0,0.0,0.0,0.0,0.0,0.0,0.0,0.0,0.0,0.0,0.0,0.0,0.0,0.0,0.0,0.0,0.0,0.0,0.0,0.0,0.0,0.0,0.0,0.0,0.0,0.0,0.0,0.0,0.0,0.0,1.0,1.0,1.0,1.0,0.0,0.0,1.0,0.0,4.0,4.0,4.0,34.0,male,YA
0.048828125,0.98828125,-0.896484375,170,mcwfgp6h,0.046875,0.09375,18.0,8.0,6.0,1.0,2.0,1.0,1.0,0.0,1.0,1.0,1.0,1.0,0.0,0.0,1.0,1.0,1.0,0.0,0.0,1.0,0.0,0.0,0.0,0.0,0.0,0.0,0.0,0.0,0.0,0.0,1.0,0.0,1.0,1.0,0.0,0.0,1.0,1.0,1.0,1.0,1.0,0.0,1.0,0.0,22.0,5.0,2.0,9.0,6.0,4.0,4.0,4.0,25.0,female,YA
1.5234375,0.671875,-0.2109375,171,0b9569cb,0.953125,0.09375,1.0,1.0,0.0,0.0,0.0,0.0,0.0,0.0,1.0,0.0,0.0,0.0,0.0,0.0,0.0,0.0,0.0,0.0,0.0,0.0,0.0,0.0,0.0,0.0,0.0,0.0,0.0,0.0,0.0,0.0,0.0,0.0,0.0,0.0,0.0,0.0,0.0,0.0,0.0,0.0,0.0,0.0,0.0,0.0,4.0,0.0,0.0,1.0,3.0,1.0,2.0,2.0,38.0,male,YA
3.388671875,-0.95703125,-0.228515625,172,3clyrmth,0.578125,0.421875,6.0,1.0,0.0,5.0,0.0,0.0,0.0,0.0,1.0,0.0,0.0,0.0,0.0,0.0,0.0,0.0,0.0,0.0,0.0,0.0,0.0,0.0,0.0,0.0,1.0,0.0,1.0,1.0,0.0,0.0,0.0,0.0,0.0,1.0,1.0,0.0,0.0,0.0,0.0,0.0,0.0,0.0,0.0,0.0,53.0,17.0,8.0,21.0,7.0,15.0,33.0,34.0,27.0,male,YA
7.080078125,-0.32421875,-0.240234375,173,l3nbrm7f,0.828125,0.46875,34.0,7.0,11.0,6.0,7.0,3.0,1.0,1.0,1.0,1.0,0.0,1.0,0.0,1.0,1.0,1.0,1.0,1.0,1.0,1.0,1.0,1.0,0.0,1.0,1.0,1.0,1.0,1.0,1.0,1.0,1.0,1.0,1.0,1.0,0.0,1.0,1.0,1.0,1.0,1.0,1.0,1.0,1.0,1.0,73.0,20.0,8.0,28.0,17.0,15.0,20.0,20.0,36.0,female,YA
0.263671875,-0.20703125,-2.103515625,174,72vf3ab7,0.625,0.28125,5.0,1.0,1.0,3.0,0.0,0.0,0.0,0.0,0.0,0.0,0.0,1.0,0.0,0.0,0.0,0.0,0.0,0.0,0.0,0.0,0.0,0.0,0.0,0.0,0.0,0.0,0.0,0.0,0.0,0.0,0.0,0.0,0.0,1.0,1.0,1.0,1.0,0.0,0.0,0.0,0.0,0.0,0.0,0.0,0.0,0.0,0.0,0.0,0.0,4.0,7.0,7.0,39.0,male,YA
0.0390625,9.953125,1.6171875,176,rcze7dce,0.5625,-0.09375,13.0,5.0,2.0,3.0,2.0,1.0,1.0,1.0,1.0,1.0,1.0,1.0,0.0,0.0,0.0,0.0,0.0,0.0,0.0,0.0,0.0,0.0,0.0,0.0,1.0,0.0,0.0,0.0,0.0,1.0,0.0,0.0,0.0,1.0,1.0,0.0,1.0,0.0,0.0,0.0,0.0,1.0,1.0,0.0,36.0,4.0,6.0,17.0,9.0,3.0,5.0,5.0,36.0,female,YA
6.015625,1.84375,-0.234375,177,yh9m6vp1,0.8125,0.234375,19.0,3.0,6.0,5.0,3.0,2.0,0.0,1.0,1.0,0.0,0.0,1.0,1.0,0.0,0.0,0.0,1.0,0.0,1.0,0.0,0.0,1.0,0.0,1.0,0.0,0.0,1.0,1.0,0.0,1.0,1.0,0.0,0.0,1.0,1.0,0.0,1.0,1.0,0.0,,1.0,0.0,1.0,1.0,58.0,16.0,6.0,20.0,16.0,12.0,21.0,22.0,32.0,male,YA
9.755859375,-0.16015625,-0.533203125,178,plglskmq,-0.046875,0.03125,14.0,3.0,3.0,3.0,4.0,1.0,0.0,0.0,0.0,1.0,0.0,1.0,1.0,0.0,0.0,0.0,0.0,1.0,1.0,0.0,1.0,0.0,0.0,1.0,0.0,1.0,1.0,0.0,1.0,0.0,0.0,0.0,1.0,0.0,1.0,0.0,0.0,0.0,1.0,0.0,0.0,0.0,1.0,0.0,41.0,11.0,3.0,14.0,13.0,3.0,7.0,7.0,26.0,female,YA
0.01953125,4.0234375,-0.55078125,180,y3ceflss,0.6875,0.453125,1.0,0.0,1.0,0.0,0.0,0.0,0.0,0.0,0.0,0.0,0.0,0.0,0.0,0.0,0.0,0.0,0.0,0.0,0.0,0.0,0.0,0.0,0.0,0.0,0.0,0.0,0.0,0.0,0.0,0.0,0.0,0.0,0.0,0.0,0.0,0.0,1.0,0.0,0.0,0.0,0.0,0.0,0.0,0.0,0.0,0.0,0.0,0.0,0.0,2.0,2.0,2.0,34.0,female,YA
6.4453125,-1.109375,-0.1640625,181,51p4l0zd,0.765625,0.359375,21.0,7.0,9.0,3.0,0.0,2.0,0.0,1.0,1.0,1.0,1.0,1.0,1.0,0.0,1.0,0.0,1.0,0.0,0.0,1.0,1.0,0.0,1.0,0.0,0.0,0.0,1.0,1.0,0.0,1.0,1.0,0.0,0.0,1.0,0.0,0.0,1.0,1.0,1.0,1.0,1.0,0.0,0.0,0.0,14.0,3.0,2.0,6.0,3.0,5.0,14.0,16.0,63.0,female,between
0.0390625,9.953125,1.6171875,182,q5n56cf6,0.859375,0.578125,4.0,1.0,0.0,0.0,3.0,0.0,0.0,0.0,1.0,0.0,0.0,0.0,0.0,0.0,0.0,0.0,0.0,0.0,0.0,0.0,0.0,0.0,0.0,0.0,0.0,1.0,0.0,0.0,0.0,0.0,0.0,1.0,1.0,0.0,0.0,0.0,0.0,0.0,0.0,0.0,0.0,0.0,0.0,0.0,1.0,0.0,0.0,0.0,1.0,8.0,15.0,15.0,64.0,female,between
9.541015625,-0.65234375,-0.357421875,184,tlrpvr4u,0.890625,0.3125,20.0,0.0,7.0,4.0,6.0,3.0,0.0,1.0,0.0,0.0,0.0,0.0,0.0,0.0,0.0,0.0,0.0,0.0,1.0,0.0,0.0,1.0,0.0,1.0,0.0,1.0,0.0,0.0,1.0,1.0,1.0,0.0,1.0,1.0,1.0,1.0,1.0,1.0,1.0,1.0,1.0,1.0,1.0,1.0,4.0,1.0,0.0,1.0,2.0,20.0,30.0,30.0,62.0,female,between
1.5234375,0.671875,-0.2109375,185,z4je4y60,0.875,0.25,14.0,3.0,0.0,5.0,3.0,3.0,0.0,0.0,1.0,0.0,1.0,1.0,0.0,0.0,0.0,0.0,0.0,0.0,1.0,0.0,0.0,0.0,0.0,1.0,0.0,1.0,1.0,0.0,1.0,1.0,1.0,1.0,0.0,1.0,1.0,1.0,0.0,0.0,0.0,0.0,0.0,0.0,0.0,0.0,3.0,1.0,1.0,1.0,0.0,3.0,4.0,4.0,68.0,female,OA
3.564453125,0.14453125,-0.380859375,186,54619mzy,0.65625,0.125,2.0,0.0,1.0,1.0,0.0,0.0,0.0,0.0,0.0,0.0,0.0,0.0,0.0,0.0,0.0,0.0,1.0,0.0,0.0,0.0,0.0,0.0,0.0,0.0,0.0,0.0,0.0,0.0,0.0,0.0,0.0,0.0,0.0,0.0,1.0,0.0,0.0,0.0,0.0,0.0,0.0,0.0,0.0,0.0,2.0,1.0,0.0,0.0,1.0,3.0,3.0,3.0,67.0,female,OA
0.17578125,1.5859375,-1.76953125,187,a8we3g2n,0.625,0.28125,8.0,3.0,2.0,3.0,0.0,0.0,0.0,0.0,0.0,0.0,0.0,0.0,0.0,0.0,1.0,1.0,0.0,0.0,0.0,1.0,0.0,1.0,1.0,1.0,0.0,0.0,0.0,0.0,0.0,0.0,0.0,0.0,0.0,1.0,1.0,0.0,0.0,0.0,0.0,0.0,0.0,0.0,0.0,0.0,4.0,0.0,0.0,0.0,4.0,3.0,4.0,4.0,66.0,female,OA
4.130859375,2.08984375,-0.158203125,188,pn9toa0c,0.953125,0.359375,15.0,0.0,8.0,2.0,5.0,0.0,0.0,1.0,0.0,0.0,0.0,0.0,0.0,0.0,0.0,0.0,1.0,0.0,0.0,0.0,0.0,1.0,0.0,0.0,0.0,1.0,0.0,0.0,0.0,0.0,0.0,1.0,1.0,1.0,1.0,0.0,1.0,1.0,1.0,1.0,1.0,1.0,1.0,0.0,2.0,2.0,0.0,0.0,0.0,6.0,9.0,9.0,62.0,female,between
0.1171875,1.984375,-1.2421875,189,ca329wgb,0.765625,0.125,10.0,3.0,4.0,0.0,3.0,0.0,0.0,0.0,1.0,0.0,0.0,0.0,0.0,0.0,1.0,0.0,0.0,0.0,0.0,1.0,0.0,0.0,0.0,0.0,0.0,0.0,0.0,0.0,0.0,0.0,0.0,0.0,0.0,0.0,0.0,0.0,1.0,1.0,1.0,0.0,1.0,1.0,1.0,1.0,15.0,2.0,2.0,8.0,3.0,4.0,7.0,7.0,68.0,female,OA
0.01953125,4.0234375,-0.55078125,190,ol27oalx,0.96875,0.21875,14.0,7.0,3.0,2.0,1.0,1.0,0.0,0.0,1.0,1.0,1.0,1.0,0.0,0.0,1.0,1.0,0.0,0.0,1.0,1.0,1.0,0.0,0.0,0.0,0.0,0.0,1.0,0.0,0.0,1.0,0.0,0.0,0.0,1.0,0.0,0.0,1.0,0.0,0.0,0.0,1.0,0.0,0.0,0.0,26.0,2.0,2.0,16.0,6.0,10.0,16.0,16.0,60.0,male,between
3.564453125,0.14453125,-0.380859375,191,v8f7tv66,0.734375,0.125,1.0,0.0,0.0,0.0,1.0,0.0,0.0,0.0,0.0,0.0,0.0,0.0,0.0,0.0,0.0,0.0,0.0,0.0,0.0,0.0,0.0,0.0,0.0,0.0,0.0,0.0,0.0,0.0,0.0,0.0,0.0,0.0,1.0,0.0,0.0,0.0,0.0,0.0,0.0,0.0,0.0,0.0,0.0,0.0,40.0,8.0,6.0,17.0,9.0,1.0,2.0,2.0,67.0,female,OA
0.048828125,0.98828125,-0.896484375,192,en94evz4,0.859375,0.3125,9.0,3.0,6.0,0.0,0.0,0.0,0.0,0.0,0.0,0.0,0.0,1.0,0.0,0.0,1.0,0.0,1.0,0.0,0.0,1.0,0.0,0.0,0.0,0.0,0.0,0.0,0.0,0.0,0.0,0.0,0.0,0.0,0.0,0.0,0.0,0.0,1.0,1.0,1.0,1.0,1.0,0.0,0.0,0.0,23.0,10.0,3.0,10.0,0.0,7.0,7.0,7.0,66.0,female,OA
2.75390625,-0.1953125,-0.12890625,193,ccyabdqe,0.78125,-0.03125,4.0,0.0,0.0,2.0,2.0,0.0,0.0,0.0,0.0,0.0,0.0,0.0,0.0,0.0,0.0,0.0,0.0,0.0,0.0,0.0,0.0,0.0,0.0,0.0,1.0,0.0,0.0,0.0,0.0,0.0,0.0,0.0,0.0,0.0,1.0,0.0,0.0,0.0,0.0,0.0,0.0,1.0,1.0,0.0,7.0,2.0,1.0,4.0,0.0,6.0,21.0,21.0,61.0,female,between
9.82421875,1.6328125,-0.10546875,194,7dl4gl3e,1.0,0.109375,0.0,0.0,0.0,0.0,0.0,0.0,0.0,0.0,0.0,0.0,0.0,0.0,0.0,0.0,0.0,0.0,0.0,0.0,0.0,0.0,0.0,0.0,0.0,0.0,0.0,0.0,0.0,0.0,0.0,0.0,0.0,0.0,0.0,0.0,0.0,0.0,0.0,0.0,0.0,0.0,0.0,0.0,0.0,0.0,4.0,2.0,1.0,1.0,0.0,4.0,5.0,5.0,76.0,male,OA
9.9609375,-1.953125,-1.1484375,195,jzycrhj5,0.65625,0.40625,17.0,1.0,5.0,4.0,4.0,3.0,0.0,,0.0,0.0,0.0,0.0,0.0,0.0,1.0,,1.0,,1.0,,0.0,,0.0,0.0,0.0,1.0,1.0,,1.0,1.0,1.0,1.0,1.0,1.0,1.0,1.0,1.0,1.0,1.0,1.0,,0.0,0.0,,17.0,6.0,4.0,7.0,0.0,9.0,13.0,13.0,62.0,female,between
6.015625,1.84375,-0.234375,197,j38ge75j,0.875,0.578125,3.0,2.0,0.0,0.0,1.0,0.0,1.0,0.0,1.0,0.0,0.0,0.0,0.0,0.0,0.0,0.0,0.0,0.0,0.0,0.0,0.0,0.0,0.0,0.0,0.0,0.0,0.0,0.0,0.0,0.0,0.0,0.0,1.0,0.0,0.0,0.0,0.0,0.0,0.0,0.0,0.0,0.0,0.0,0.0,5.0,3.0,0.0,0.0,2.0,11.0,19.0,19.0,64.0,male,between
2.294921875,0.35546875,-0.697265625,198,9nrzcss3,0.515625,0.359375,5.0,2.0,1.0,0.0,2.0,0.0,0.0,1.0,0.0,0.0,1.0,1.0,0.0,0.0,0.0,0.0,0.0,0.0,0.0,0.0,0.0,0.0,0.0,0.0,0.0,1.0,0.0,0.0,0.0,0.0,0.0,1.0,0.0,0.0,0.0,0.0,0.0,0.0,0.0,0.0,0.0,0.0,0.0,0.0,1.0,1.0,0.0,0.0,0.0,8.0,12.0,12.0,62.0,male,between
1.5234375,0.671875,-0.2109375,200,6jx5x2u5,0.734375,0.359375,1.0,1.0,0.0,0.0,0.0,0.0,0.0,0.0,0.0,0.0,0.0,1.0,0.0,0.0,0.0,0.0,0.0,0.0,0.0,0.0,0.0,0.0,0.0,0.0,0.0,0.0,0.0,0.0,0.0,0.0,0.0,0.0,0.0,0.0,0.0,0.0,0.0,0.0,0.0,0.0,0.0,0.0,0.0,0.0,0.0,0.0,0.0,0.0,0.0,2.0,2.0,2.0,67.0,female,OA
4.619140625,0.56640625,-0.029296875,201,h12hcnfu,0.9375,0.625,16.0,5.0,9.0,0.0,0.0,2.0,0.0,1.0,1.0,0.0,0.0,1.0,0.0,1.0,1.0,1.0,1.0,1.0,0.0,1.0,1.0,0.0,0.0,0.0,0.0,0.0,0.0,0.0,1.0,0.0,1.0,0.0,0.0,0.0,0.0,0.0,1.0,1.0,1.0,0.0,1.0,0.0,0.0,0.0,1.0,0.0,0.0,0.0,1.0,6.0,6.0,6.0,62.0,female,between
4.619140625,0.56640625,-0.029296875,202,9j7ueegp,0.84375,0.25,4.0,2.0,2.0,0.0,0.0,0.0,0.0,0.0,1.0,0.0,0.0,0.0,0.0,0.0,0.0,0.0,1.0,0.0,0.0,1.0,0.0,0.0,0.0,0.0,0.0,0.0,0.0,0.0,0.0,0.0,0.0,0.0,0.0,0.0,0.0,0.0,0.0,0.0,1.0,0.0,0.0,0.0,0.0,0.0,6.0,2.0,0.0,2.0,2.0,3.0,3.0,4.0,67.0,male,OA
0.83984375,1.1640625,-0.71484375,203,bzqpqxz8,0.8125,0.4375,15.0,2.0,7.0,3.0,2.0,1.0,0.0,0.0,0.0,0.0,0.0,0.0,0.0,0.0,1.0,0.0,0.0,0.0,0.0,1.0,1.0,0.0,1.0,1.0,0.0,1.0,0.0,0.0,0.0,0.0,1.0,1.0,0.0,1.0,1.0,0.0,1.0,1.0,1.0,1.0,1.0,0.0,0.0,0.0,23.0,4.0,0.0,13.0,6.0,10.0,15.0,17.0,67.0,male,OA
0.0390625,9.953125,1.6171875,204,cf408j6o,,,7.0,2.0,3.0,2.0,0.0,0.0,0.0,0.0,1.0,0.0,0.0,1.0,0.0,0.0,0.0,0.0,0.0,0.0,0.0,0.0,0.0,1.0,0.0,1.0,1.0,0.0,0.0,0.0,0.0,0.0,0.0,0.0,0.0,0.0,0.0,0.0,1.0,1.0,0.0,0.0,0.0,0.0,0.0,0.0,,,,,,,,,39.0,female,YA
3.4765625,1.328125,-0.0703125,205,ozckhtpn,,,5.0,4.0,1.0,0.0,0.0,0.0,0.0,0.0,1.0,0.0,0.0,1.0,0.0,0.0,1.0,1.0,0.0,0.0,0.0,0.0,1.0,0.0,0.0,0.0,0.0,0.0,0.0,0.0,0.0,0.0,0.0,0.0,0.0,0.0,0.0,0.0,0.0,0.0,0.0,0.0,0.0,0.0,0.0,0.0,,,,,,,,,58.0,male,between
7.470703125,-1.91796875,-2.537109375,206,mq1g9lgf,,,23.0,3.0,10.0,4.0,4.0,2.0,0.0,1.0,1.0,0.0,0.0,0.0,1.0,1.0,0.0,0.0,0.0,1.0,1.0,1.0,1.0,1.0,1.0,0.0,1.0,0.0,1.0,0.0,0.0,1.0,1.0,1.0,0.0,0.0,1.0,1.0,1.0,0.0,1.0,1.0,1.0,0.0,1.0,1.0,,,,,,,,,32.0,male,YA
4.736328125,-0.13671875,0.041015625,207,4e6y4g0w,,,18.0,7.0,9.0,2.0,0.0,0.0,0.0,1.0,1.0,1.0,1.0,1.0,1.0,1.0,1.0,0.0,1.0,0.0,0.0,1.0,0.0,1.0,0.0,0.0,0.0,0.0,0.0,0.0,0.0,0.0,0.0,0.0,0.0,1.0,1.0,0.0,1.0,1.0,1.0,1.0,1.0,0.0,0.0,0.0,,,,,,,,,41.0,male,between
0.0390625,9.953125,1.6171875,209,kxh94be7,,,17.0,0.0,5.0,4.0,6.0,2.0,0.0,1.0,0.0,0.0,0.0,0.0,0.0,0.0,0.0,0.0,0.0,1.0,1.0,0.0,0.0,1.0,0.0,1.0,0.0,1.0,1.0,1.0,1.0,1.0,0.0,1.0,1.0,0.0,0.0,1.0,0.0,0.0,0.0,1.0,1.0,0.0,1.0,1.0,,,,,,,,,41.0,female,between
0.0390625,9.953125,1.6171875,212,q0dwebbw,,,0.0,0.0,0.0,0.0,0.0,0.0,0.0,0.0,0.0,0.0,0.0,0.0,0.0,0.0,0.0,0.0,0.0,0.0,0.0,0.0,0.0,0.0,0.0,0.0,0.0,0.0,0.0,0.0,0.0,0.0,0.0,0.0,0.0,0.0,0.0,0.0,0.0,0.0,0.0,0.0,0.0,0.0,0.0,0.0,,,,,,,,,28.0,male,YA
0.029296875,1.01171875,2.724609375,213,fjjcuagj,,,4.0,3.0,1.0,0.0,0.0,0.0,0.0,0.0,0.0,1.0,0.0,1.0,1.0,0.0,0.0,0.0,0.0,0.0,0.0,0.0,0.0,1.0,0.0,0.0,0.0,0.0,0.0,0.0,0.0,0.0,0.0,0.0,0.0,0.0,0.0,0.0,0.0,0.0,0.0,0.0,0.0,0.0,0.0,0.0,,,,,,,,,31.0,male,YA
8.90625,0.0625,-0.09375,214,bgnmge8z,,,5.0,0.0,1.0,1.0,3.0,0.0,0.0,0.0,0.0,0.0,0.0,0.0,0.0,0.0,0.0,0.0,0.0,0.0,0.0,0.0,0.0,0.0,0.0,1.0,0.0,1.0,0.0,0.0,0.0,0.0,0.0,1.0,1.0,0.0,0.0,0.0,0.0,0.0,1.0,0.0,0.0,0.0,0.0,0.0,,,,,,,,,60.0,male,between
0.078125,5.96875,0.328125,217,11rd0kl8,,,0.0,0.0,0.0,0.0,0.0,0.0,0.0,0.0,0.0,0.0,0.0,0.0,0.0,0.0,0.0,0.0,0.0,0.0,0.0,0.0,0.0,0.0,0.0,0.0,0.0,0.0,0.0,0.0,0.0,0.0,0.0,0.0,0.0,0.0,0.0,0.0,0.0,0.0,0.0,0.0,0.0,0.0,0.0,0.0,,,,,,,,,37.0,male,YA
7.8515625,0.578125,-0.4453125,219,zj7qnjly,,,6.0,2.0,4.0,0.0,0.0,0.0,1.0,1.0,1.0,0.0,0.0,0.0,0.0,0.0,0.0,0.0,1.0,1.0,0.0,0.0,0.0,1.0,0.0,0.0,0.0,0.0,0.0,0.0,0.0,0.0,0.0,0.0,0.0,0.0,0.0,0.0,0.0,0.0,0.0,0.0,0.0,0.0,0.0,0.0,,,,,,,,,31.0,male,YA
9.82421875,1.6328125,-0.10546875,222,4elzkl6j,,,6.0,1.0,0.0,4.0,0.0,1.0,0.0,0.0,1.0,0.0,0.0,0.0,0.0,0.0,0.0,0.0,0.0,0.0,0.0,0.0,0.0,0.0,0.0,0.0,1.0,0.0,0.0,1.0,0.0,1.0,0.0,0.0,0.0,1.0,1.0,0.0,0.0,0.0,0.0,0.0,0.0,0.0,0.0,0.0,,,,,,,,,29.0,male,YA
8.90625,0.0625,-0.09375,223,moadtx0m,,,23.0,9.0,7.0,2.0,2.0,3.0,1.0,1.0,1.0,1.0,1.0,1.0,1.0,0.0,1.0,1.0,1.0,0.0,0.0,1.0,1.0,1.0,0.0,0.0,0.0,0.0,0.0,1.0,1.0,1.0,1.0,0.0,1.0,1.0,0.0,0.0,1.0,1.0,1.0,0.0,0.0,0.0,0.0,1.0,,,,,,,,,52.0,female,between
2.75390625,-0.1953125,-0.12890625,225,418ok4hl,,,29.0,3.0,9.0,7.0,7.0,3.0,0.0,0.0,0.0,0.0,0.0,0.0,0.0,1.0,1.0,1.0,1.0,1.0,1.0,1.0,1.0,0.0,0.0,1.0,1.0,1.0,1.0,1.0,1.0,1.0,1.0,1.0,1.0,1.0,1.0,1.0,1.0,1.0,1.0,1.0,1.0,1.0,1.0,1.0,,,,,,,,,45.0,female,between
0.0390625,9.953125,1.6171875,226,f7m5xxh0,,,7.0,3.0,0.0,3.0,1.0,0.0,0.0,0.0,1.0,1.0,0.0,0.0,0.0,0.0,1.0,0.0,0.0,0.0,0.0,0.0,0.0,0.0,0.0,1.0,1.0,0.0,0.0,0.0,0.0,0.0,0.0,0.0,1.0,0.0,1.0,0.0,0.0,0.0,0.0,0.0,0.0,0.0,0.0,0.0,,,,,,,,,47.0,female,between
3.564453125,0.14453125,-0.380859375,227,r8wb21ed,,,2.0,0.0,0.0,2.0,0.0,0.0,0.0,0.0,0.0,0.0,0.0,0.0,0.0,0.0,0.0,0.0,0.0,0.0,0.0,0.0,0.0,0.0,0.0,0.0,0.0,0.0,0.0,0.0,0.0,0.0,0.0,0.0,0.0,1.0,1.0,0.0,0.0,0.0,0.0,0.0,0.0,0.0,0.0,0.0,,,,,,,,,33.0,female,YA
4.619140625,0.56640625,-0.029296875,229,fl2eg6m8,,,4.0,0.0,3.0,0.0,0.0,1.0,0.0,0.0,0.0,0.0,0.0,0.0,0.0,0.0,0.0,0.0,0.0,0.0,0.0,0.0,0.0,0.0,0.0,0.0,0.0,0.0,0.0,0.0,0.0,0.0,1.0,0.0,0.0,0.0,0.0,0.0,0.0,0.0,1.0,1.0,1.0,0.0,0.0,0.0,,,,,,,,,30.0,male,YA
4.130859375,2.08984375,-0.158203125,232,8f8zt3st,,,12.0,3.0,6.0,2.0,0.0,1.0,0.0,1.0,0.0,0.0,1.0,0.0,0.0,0.0,1.0,0.0,1.0,1.0,0.0,1.0,1.0,0.0,0.0,1.0,0.0,0.0,1.0,0.0,0.0,1.0,0.0,0.0,0.0,0.0,0.0,0.0,0.0,0.0,0.0,1.0,1.0,0.0,0.0,0.0,,,,,,,,,61.0,male,between
0.0390625,9.953125,1.6171875,233,4s4cvlj4,,,10.0,3.0,3.0,1.0,3.0,0.0,1.0,1.0,0.0,0.0,0.0,1.0,0.0,0.0,1.0,0.0,0.0,0.0,0.0,0.0,0.0,0.0,0.0,0.0,0.0,1.0,0.0,0.0,0.0,0.0,0.0,0.0,1.0,0.0,1.0,0.0,0.0,0.0,1.0,1.0,0.0,0.0,0.0,1.0,,,,,,,,,23.0,male,YA
4.619140625,0.56640625,-0.029296875,234,owm8vgrf,,,2.0,0.0,1.0,1.0,0.0,0.0,0.0,0.0,0.0,0.0,0.0,0.0,0.0,0.0,0.0,0.0,0.0,0.0,0.0,0.0,0.0,0.0,0.0,0.0,0.0,0.0,0.0,0.0,0.0,0.0,0.0,0.0,0.0,0.0,1.0,0.0,0.0,0.0,1.0,0.0,0.0,0.0,0.0,0.0,,,,,,,,,54.0,female,between
8.310546875,0.82421875,-0.181640625,235,pgwrpay6,,,4.0,2.0,2.0,0.0,0.0,0.0,0.0,0.0,1.0,0.0,0.0,0.0,0.0,0.0,1.0,0.0,1.0,0.0,0.0,0.0,0.0,0.0,0.0,0.0,0.0,0.0,0.0,0.0,0.0,0.0,0.0,0.0,0.0,0.0,0.0,0.0,0.0,1.0,0.0,0.0,0.0,0.0,0.0,0.0,,,,,,,,,32.0,male,YA
0.283203125,2.20703125,0.275390625,236,bov8714s,,,11.0,5.0,6.0,0.0,0.0,0.0,0.0,0.0,1.0,0.0,0.0,1.0,1.0,0.0,1.0,1.0,1.0,0.0,0.0,0.0,1.0,0.0,0.0,0.0,0.0,0.0,0.0,0.0,0.0,0.0,,0.0,0.0,0.0,0.0,0.0,1.0,1.0,1.0,1.0,0.0,0.0,0.0,0.0,,,,,,,,,49.0,male,between
4.130859375,2.08984375,-0.158203125,237,tka97pqw,,,6.0,5.0,1.0,0.0,0.0,0.0,0.0,0.0,1.0,0.0,0.0,1.0,0.0,0.0,1.0,1.0,0.0,0.0,0.0,1.0,1.0,0.0,0.0,0.0,0.0,0.0,0.0,0.0,0.0,0.0,0.0,0.0,0.0,0.0,0.0,0.0,0.0,0.0,0.0,0.0,0.0,0.0,0.0,0.0,,,,,,,,,27.0,male,YA
0.0390625,9.953125,1.6171875,238,p0200pxz,,,22.0,7.0,10.0,2.0,2.0,1.0,0.0,1.0,1.0,1.0,1.0,1.0,0.0,1.0,1.0,1.0,1.0,0.0,0.0,1.0,1.0,1.0,0.0,0.0,0.0,0.0,1.0,0.0,0.0,0.0,1.0,0.0,0.0,1.0,0.0,0.0,1.0,1.0,1.0,1.0,1.0,1.0,1.0,0.0,,,,,,,,,32.0,male,YA
2.900390625,-0.37109375,-1.623046875,241,omq8gn7t,,,27.0,6.0,9.0,7.0,3.0,2.0,1.0,1.0,1.0,1.0,1.0,1.0,1.0,0.0,0.0,0.0,1.0,1.0,1.0,0.0,0.0,1.0,0.0,1.0,1.0,0.0,1.0,1.0,0.0,1.0,1.0,1.0,1.0,1.0,1.0,1.0,1.0,1.0,1.0,1.0,1.0,0.0,0.0,0.0,,,,,,,,,32.0,female,YA
3.388671875,-0.95703125,-0.228515625,243,wx7vlt3z,,,0.0,0.0,0.0,0.0,0.0,0.0,0.0,0.0,0.0,0.0,0.0,0.0,0.0,0.0,0.0,0.0,0.0,0.0,0.0,0.0,0.0,0.0,0.0,0.0,0.0,0.0,0.0,0.0,0.0,0.0,0.0,0.0,0.0,0.0,0.0,0.0,0.0,0.0,0.0,0.0,0.0,0.0,0.0,0.0,,,,,,,,,25.0,female,YA
0.048828125,0.98828125,-0.896484375,244,01yo7fr5,,,2.0,0.0,0.0,2.0,0.0,0.0,0.0,0.0,0.0,0.0,0.0,0.0,0.0,0.0,0.0,0.0,0.0,0.0,0.0,0.0,0.0,0.0,0.0,0.0,0.0,0.0,0.0,0.0,0.0,0.0,0.0,0.0,0.0,1.0,1.0,0.0,0.0,0.0,0.0,0.0,0.0,0.0,0.0,0.0,,,,,,,,,51.0,male,between
0.048828125,0.98828125,-0.896484375,245,f1j8h343,,,1.0,0.0,0.0,1.0,0.0,0.0,0.0,0.0,0.0,0.0,0.0,0.0,0.0,0.0,0.0,0.0,0.0,0.0,0.0,0.0,0.0,0.0,0.0,0.0,0.0,0.0,0.0,0.0,0.0,0.0,0.0,0.0,0.0,1.0,0.0,0.0,0.0,0.0,0.0,0.0,0.0,0.0,0.0,0.0,,,,,,,,,39.0,female,YA
9.82421875,1.6328125,-0.10546875,248,mzayotw7,,,2.0,0.0,0.0,2.0,0.0,0.0,0.0,0.0,0.0,0.0,0.0,0.0,0.0,0.0,0.0,0.0,0.0,0.0,0.0,0.0,0.0,0.0,0.0,0.0,1.0,0.0,0.0,0.0,0.0,0.0,0.0,0.0,0.0,0.0,1.0,0.0,0.0,0.0,0.0,0.0,0.0,0.0,0.0,0.0,,,,,,,,,50.0,female,between
7.28515625,3.3671875,-0.03515625,249,2r2gte8v,,,12.0,2.0,4.0,5.0,1.0,0.0,0.0,1.0,1.0,0.0,0.0,0.0,1.0,1.0,0.0,0.0,0.0,0.0,0.0,0.0,0.0,0.0,0.0,1.0,0.0,1.0,1.0,1.0,0.0,0.0,0.0,0.0,0.0,1.0,1.0,0.0,1.0,0.0,0.0,1.0,0.0,0.0,0.0,0.0,,,,,,,,,38.0,female,YA
8.857421875,-1.51953125,-0.884765625,250,2bruqcsd,,,9.0,2.0,2.0,2.0,3.0,0.0,0.0,1.0,0.0,0.0,0.0,1.0,0.0,0.0,0.0,0.0,1.0,,0.0,1.0,,0.0,,,,0.0,0.0,,,0.0,0.0,1.0,1.0,0.0,1.0,1.0,0.0,,,0.0,,0.0,1.0,0.0,,,,,,,,,39.0,male,YA
9.82421875,1.6328125,-0.10546875,251,enkucd6x,,,4.0,1.0,0.0,0.0,3.0,0.0,1.0,0.0,0.0,0.0,0.0,0.0,0.0,0.0,0.0,0.0,0.0,0.0,0.0,0.0,0.0,0.0,0.0,0.0,0.0,1.0,0.0,0.0,0.0,0.0,0.0,1.0,1.0,0.0,0.0,0.0,0.0,0.0,0.0,0.0,0.0,0.0,0.0,0.0,,,,,,,,,60.0,male,between
0.0390625,9.953125,1.6171875,252,0zborma6,,,24.0,0.0,9.0,6.0,6.0,3.0,0.0,1.0,0.0,0.0,0.0,0.0,0.0,0.0,0.0,0.0,1.0,1.0,1.0,0.0,0.0,1.0,0.0,1.0,1.0,1.0,1.0,1.0,1.0,1.0,1.0,1.0,1.0,0.0,1.0,1.0,1.0,1.0,1.0,1.0,1.0,0.0,1.0,1.0,,,,,,,,,35.0,male,YA
0.29296875,-0.8046875,-0.01171875,254,e2rj2qry,,,15.0,0.0,6.0,5.0,4.0,0.0,0.0,0.0,0.0,0.0,0.0,0.0,0.0,0.0,0.0,0.0,1.0,0.0,1.0,0.0,0.0,1.0,0.0,1.0,1.0,1.0,0.0,0.0,0.0,0.0,0.0,1.0,1.0,1.0,1.0,1.0,0.0,1.0,1.0,1.0,1.0,0.0,0.0,0.0,,,,,,,,,42.0,female,between
7.8515625,0.578125,-0.4453125,257,4sxadlyw,,,4.0,0.0,4.0,0.0,0.0,0.0,0.0,1.0,0.0,0.0,0.0,0.0,0.0,0.0,0.0,0.0,0.0,1.0,,0.0,0.0,0.0,0.0,0.0,0.0,,0.0,0.0,0.0,0.0,0.0,0.0,0.0,0.0,0.0,,0.0,0.0,0.0,1.0,1.0,0.0,0.0,0.0,,,,,,,,,58.0,male,between
7.470703125,-1.91796875,-2.537109375,258,plbsupae,,,18.0,3.0,5.0,6.0,2.0,2.0,0.0,1.0,0.0,1.0,1.0,1.0,0.0,0.0,0.0,0.0,0.0,1.0,0.0,0.0,0.0,0.0,0.0,0.0,1.0,0.0,1.0,1.0,1.0,0.0,1.0,0.0,1.0,1.0,1.0,1.0,1.0,1.0,0.0,0.0,1.0,0.0,1.0,0.0,,,,,,,,,32.0,male,YA
4.619140625,0.56640625,-0.029296875,259,8bgom9ed,,,13.0,0.0,5.0,2.0,3.0,3.0,0.0,0.0,0.0,0.0,0.0,0.0,0.0,1.0,0.0,0.0,0.0,0.0,1.0,0.0,0.0,1.0,0.0,0.0,0.0,0.0,0.0,1.0,1.0,1.0,1.0,0.0,0.0,0.0,0.0,1.0,0.0,0.0,1.0,1.0,1.0,0.0,1.0,1.0,,,,,,,,,33.0,male,YA
5.400390625,2.62890625,-0.123046875,260,uxevk7ry,,,20.0,6.0,8.0,2.0,3.0,1.0,0.0,1.0,1.0,1.0,0.0,1.0,1.0,1.0,1.0,0.0,1.0,0.0,0.0,1.0,1.0,0.0,0.0,0.0,0.0,0.0,0.0,0.0,0.0,0.0,1.0,0.0,0.0,1.0,1.0,0.0,1.0,1.0,1.0,0.0,1.0,1.0,1.0,1.0,,,,,,,,,36.0,female,YA
5.400390625,2.62890625,-0.123046875,261,megl143b,,,8.0,0.0,6.0,1.0,0.0,1.0,0.0,0.0,0.0,0.0,0.0,0.0,0.0,0.0,0.0,0.0,1.0,0.0,0.0,0.0,0.0,0.0,0.0,0.0,0.0,0.0,0.0,0.0,0.0,0.0,1.0,0.0,0.0,1.0,0.0,0.0,1.0,1.0,1.0,1.0,1.0,0.0,0.0,0.0,,,,,,,,,33.0,male,YA
0.927734375,-0.06640625,-0.298828125,262,zqroplg9,,,17.0,7.0,3.0,5.0,1.0,1.0,0.0,0.0,1.0,1.0,1.0,1.0,1.0,0.0,1.0,1.0,1.0,0.0,0.0,0.0,1.0,0.0,0.0,1.0,0.0,0.0,1.0,0.0,0.0,1.0,0.0,0.0,1.0,1.0,1.0,1.0,1.0,0.0,0.0,0.0,0.0,0.0,0.0,0.0,,,,,,,,,50.0,male,between
6.220703125,5.58203125,-0.287109375,263,1m57p0or,,,1.0,1.0,0.0,0.0,0.0,0.0,0.0,0.0,1.0,0.0,0.0,0.0,0.0,0.0,0.0,0.0,0.0,0.0,0.0,0.0,0.0,0.0,0.0,0.0,0.0,0.0,0.0,0.0,0.0,0.0,0.0,0.0,0.0,0.0,0.0,0.0,0.0,0.0,0.0,0.0,0.0,0.0,0.0,0.0,,,,,,,,,40.0,female,YA
0.2734375,5.171875,-2.4609375,268,81h8f83e,,,23.0,0.0,9.0,5.0,6.0,3.0,0.0,1.0,0.0,0.0,0.0,0.0,0.0,0.0,0.0,0.0,1.0,1.0,1.0,0.0,0.0,1.0,0.0,1.0,1.0,1.0,1.0,1.0,1.0,1.0,1.0,1.0,1.0,0.0,0.0,1.0,1.0,1.0,1.0,1.0,1.0,0.0,1.0,1.0,,,,,,,,,44.0,male,between
7.24609375,-0.1484375,-1.74609375,269,x7be10rc,,,3.0,1.0,1.0,0.0,1.0,0.0,0.0,0.0,1.0,0.0,0.0,0.0,0.0,0.0,0.0,0.0,0.0,0.0,1.0,0.0,0.0,0.0,0.0,0.0,0.0,0.0,0.0,0.0,0.0,0.0,0.0,0.0,0.0,0.0,0.0,0.0,0.0,0.0,1.0,0.0,0.0,0.0,0.0,0.0,,,,,,,,,31.0,male,YA
8.90625,0.0625,-0.09375,273,lqu0kteg,,,14.0,2.0,6.0,4.0,1.0,1.0,0.0,0.0,0.0,0.0,0.0,0.0,0.0,0.0,1.0,0.0,1.0,0.0,0.0,1.0,0.0,0.0,0.0,1.0,1.0,0.0,0.0,0.0,0.0,0.0,1.0,0.0,0.0,1.0,1.0,0.0,1.0,1.0,1.0,1.0,1.0,0.0,0.0,1.0,,,,,,,,,29.0,female,YA
8.310546875,0.82421875,-0.181640625,274,hfsbr68j,,,18.0,3.0,6.0,3.0,4.0,2.0,0.0,0.0,0.0,0.0,0.0,1.0,0.0,0.0,0.0,1.0,1.0,1.0,1.0,1.0,0.0,0.0,1.0,1.0,0.0,1.0,1.0,0.0,1.0,1.0,0.0,0.0,0.0,0.0,0.0,1.0,1.0,1.0,0.0,0.0,1.0,0.0,1.0,1.0,,,,,,,,,33.0,male,YA
8.90625,0.0625,-0.09375,275,thy0koej,,,2.0,1.0,1.0,0.0,0.0,0.0,0.0,0.0,0.0,1.0,0.0,0.0,0.0,0.0,0.0,0.0,1.0,0.0,0.0,0.0,0.0,0.0,0.0,0.0,0.0,0.0,0.0,0.0,0.0,0.0,0.0,0.0,0.0,0.0,0.0,0.0,0.0,0.0,0.0,0.0,0.0,0.0,0.0,0.0,,,,,,,,,37.0,female,YA
1.5234375,0.671875,-0.2109375,279,ftsvvwkz,,,0.0,0.0,0.0,0.0,0.0,0.0,0.0,0.0,0.0,0.0,0.0,0.0,0.0,0.0,0.0,0.0,0.0,0.0,0.0,0.0,0.0,0.0,0.0,0.0,0.0,0.0,0.0,0.0,0.0,0.0,0.0,0.0,0.0,0.0,0.0,0.0,0.0,0.0,0.0,0.0,0.0,0.0,0.0,0.0,,,,,,,,,33.0,male,YA
4.619140625,0.56640625,-0.029296875,280,aoak6kjd,,,3.0,0.0,0.0,3.0,0.0,0.0,0.0,0.0,0.0,0.0,0.0,0.0,0.0,0.0,0.0,0.0,0.0,0.0,0.0,0.0,0.0,0.0,0.0,0.0,0.0,0.0,0.0,1.0,0.0,0.0,0.0,0.0,0.0,1.0,1.0,0.0,0.0,0.0,0.0,0.0,0.0,0.0,0.0,0.0,,,,,,,,,39.0,male,YA
9.9609375,-1.953125,-1.1484375,281,3kne19g0,,,23.0,1.0,7.0,6.0,6.0,3.0,0.0,1.0,1.0,0.0,0.0,0.0,0.0,0.0,0.0,0.0,1.0,1.0,1.0,0.0,0.0,0.0,0.0,1.0,1.0,1.0,1.0,1.0,1.0,1.0,1.0,1.0,1.0,1.0,0.0,1.0,1.0,0.0,1.0,1.0,1.0,0.0,1.0,1.0,,,,,,,,,38.0,male,YA
0.244140625,5.81640625,-1.154296875,282,o4kb5ubn,,,7.0,2.0,3.0,2.0,0.0,0.0,0.0,0.0,1.0,0.0,0.0,0.0,0.0,0.0,1.0,0.0,0.0,0.0,0.0,0.0,0.0,0.0,0.0,0.0,0.0,0.0,0.0,0.0,0.0,0.0,0.0,0.0,0.0,1.0,0.0,1.0,0.0,1.0,1.0,1.0,0.0,0.0,0.0,0.0,,,,,,,,,50.0,female,between
4.619140625,0.56640625,-0.029296875,284,gncr33l5,,,29.0,6.0,11.0,6.0,4.0,2.0,0.0,1.0,1.0,1.0,1.0,0.0,0.0,1.0,1.0,1.0,1.0,0.0,0.0,1.0,1.0,1.0,1.0,1.0,0.0,1.0,1.0,1.0,1.0,1.0,0.0,0.0,0.0,1.0,1.0,1.0,1.0,1.0,1.0,1.0,1.0,1.0,1.0,1.0,,,,,,,,,31.0,female,YA
2.75390625,-0.1953125,-0.12890625,285,9oel3e6n,,,8.0,1.0,6.0,0.0,0.0,1.0,0.0,0.0,0.0,0.0,0.0,0.0,0.0,0.0,0.0,0.0,1.0,0.0,0.0,1.0,0.0,0.0,0.0,0.0,0.0,0.0,0.0,0.0,0.0,1.0,0.0,0.0,0.0,0.0,0.0,0.0,1.0,1.0,1.0,1.0,1.0,0.0,0.0,0.0,,,,,,,,,34.0,male,YA
3.4765625,1.328125,-0.0703125,286,0fr2wjk6,,,8.0,3.0,4.0,0.0,0.0,1.0,0.0,0.0,1.0,1.0,0.0,1.0,0.0,0.0,0.0,0.0,0.0,0.0,0.0,0.0,1.0,0.0,0.0,0.0,0.0,0.0,0.0,0.0,0.0,0.0,1.0,0.0,0.0,0.0,0.0,0.0,1.0,0.0,0.0,1.0,1.0,0.0,0.0,0.0,,,,,,,,,34.0,male,YA
9.82421875,1.6328125,-0.10546875,289,e0zfbfzq,,,1.0,0.0,1.0,0.0,0.0,0.0,0.0,0.0,0.0,0.0,0.0,0.0,0.0,0.0,0.0,0.0,0.0,0.0,0.0,0.0,0.0,0.0,0.0,0.0,0.0,0.0,0.0,0.0,0.0,0.0,0.0,0.0,0.0,0.0,0.0,0.0,0.0,0.0,0.0,0.0,1.0,0.0,0.0,0.0,,,,,,,,,31.0,male,YA
1.5234375,0.671875,-0.2109375,293,o4bcr0ez,,,3.0,0.0,0.0,0.0,3.0,0.0,0.0,0.0,0.0,0.0,0.0,0.0,0.0,0.0,0.0,0.0,0.0,0.0,0.0,0.0,0.0,0.0,0.0,0.0,0.0,1.0,0.0,0.0,0.0,0.0,0.0,1.0,1.0,0.0,0.0,0.0,0.0,0.0,0.0,0.0,0.0,0.0,0.0,0.0,,,,,,,,,50.0,female,between
0.390625,-0.40625,-0.609375,296,r8pfb1j1,,,1.0,0.0,0.0,0.0,1.0,0.0,0.0,0.0,0.0,0.0,0.0,0.0,0.0,0.0,0.0,0.0,0.0,0.0,0.0,0.0,0.0,0.0,0.0,0.0,0.0,0.0,0.0,0.0,0.0,0.0,0.0,0.0,1.0,0.0,0.0,0.0,0.0,0.0,0.0,0.0,0.0,0.0,0.0,0.0,,,,,,,,,29.0,male,YA
0.0390625,9.953125,1.6171875,298,meqqpvcw,,,12.0,2.0,6.0,2.0,0.0,2.0,0.0,0.0,0.0,0.0,1.0,0.0,0.0,0.0,0.0,0.0,0.0,0.0,0.0,1.0,1.0,0.0,0.0,0.0,0.0,0.0,0.0,1.0,0.0,1.0,1.0,0.0,0.0,1.0,0.0,0.0,1.0,1.0,1.0,1.0,1.0,0.0,0.0,0.0,,,,,,,,,58.0,female,between
0.29296875,-0.8046875,-0.01171875,300,tokuqe0x,,,1.0,0.0,1.0,0.0,0.0,0.0,0.0,0.0,0.0,0.0,0.0,0.0,0.0,0.0,0.0,0.0,0.0,0.0,0.0,0.0,0.0,0.0,0.0,0.0,0.0,0.0,0.0,0.0,0.0,0.0,0.0,0.0,0.0,0.0,0.0,0.0,1.0,0.0,0.0,0.0,0.0,0.0,0.0,0.0,,,,,,,,,42.0,male,between
0.107421875,8.98046875,-0.134765625,301,e7rg5tg3,,,8.0,4.0,4.0,0.0,0.0,0.0,0.0,0.0,1.0,0.0,0.0,1.0,0.0,0.0,1.0,0.0,0.0,0.0,0.0,1.0,0.0,0.0,0.0,0.0,0.0,0.0,0.0,0.0,0.0,0.0,0.0,0.0,0.0,0.0,0.0,0.0,1.0,0.0,1.0,1.0,1.0,0.0,0.0,0.0,,,,,,,,,26.0,male,YA
0.0390625,9.953125,1.6171875,303,f64vuk5j,,,15.0,2.0,8.0,1.0,3.0,1.0,0.0,1.0,0.0,0.0,0.0,1.0,0.0,0.0,0.0,0.0,1.0,0.0,1.0,1.0,0.0,1.0,1.0,0.0,1.0,1.0,0.0,0.0,0.0,1.0,0.0,0.0,0.0,0.0,0.0,0.0,1.0,0.0,1.0,1.0,1.0,0.0,0.0,1.0,,,,,,,,,26.0,male,YA
1.5234375,0.671875,-0.2109375,304,reld2apx,,,0.0,0.0,0.0,0.0,0.0,0.0,0.0,0.0,0.0,0.0,0.0,0.0,0.0,0.0,0.0,0.0,0.0,0.0,0.0,0.0,0.0,0.0,0.0,0.0,0.0,0.0,0.0,0.0,0.0,0.0,0.0,0.0,0.0,0.0,0.0,0.0,0.0,0.0,0.0,0.0,0.0,0.0,0.0,0.0,,,,,,,,,32.0,male,YA
2.98828125,-1.7890625,-2.33203125,305,amy89uxd,,,2.0,0.0,2.0,0.0,0.0,0.0,0.0,1.0,0.0,0.0,0.0,0.0,0.0,0.0,0.0,0.0,1.0,,,0.0,,,,,,,,,,0.0,0.0,,,,,,,,,,,,,0.0,,,,,,,,,25.0,male,YA
1.5234375,0.671875,-0.2109375,308,ckz5c2mv,,,2.0,2.0,0.0,0.0,0.0,0.0,0.0,0.0,1.0,0.0,0.0,0.0,0.0,0.0,1.0,0.0,0.0,0.0,0.0,0.0,0.0,0.0,0.0,0.0,0.0,0.0,0.0,0.0,0.0,0.0,0.0,0.0,0.0,0.0,0.0,0.0,0.0,0.0,0.0,0.0,0.0,0.0,0.0,0.0,,,,,,,,,34.0,male,YA
3.4765625,1.328125,-0.0703125,309,y11ze55t,,,0.0,0.0,0.0,0.0,0.0,0.0,0.0,0.0,0.0,0.0,0.0,0.0,0.0,0.0,0.0,0.0,0.0,0.0,0.0,0.0,0.0,0.0,0.0,0.0,0.0,0.0,0.0,0.0,0.0,0.0,0.0,0.0,0.0,0.0,0.0,0.0,0.0,0.0,0.0,0.0,0.0,0.0,0.0,0.0,,,,,,,,,32.0,female,YA
7.470703125,-1.91796875,-2.537109375,310,s0dpoaj2,,,17.0,0.0,4.0,4.0,6.0,3.0,0.0,1.0,0.0,0.0,0.0,0.0,0.0,0.0,0.0,0.0,1.0,1.0,1.0,0.0,0.0,1.0,0.0,0.0,1.0,1.0,1.0,1.0,1.0,1.0,1.0,1.0,1.0,0.0,0.0,1.0,0.0,0.0,0.0,0.0,0.0,0.0,1.0,1.0,,,,,,,,,41.0,male,between
7.8515625,0.578125,-0.4453125,311,6urwbvqu,,,21.0,8.0,7.0,2.0,3.0,1.0,1.0,1.0,1.0,1.0,1.0,1.0,0.0,0.0,1.0,1.0,1.0,0.0,0.0,1.0,1.0,1.0,1.0,0.0,0.0,1.0,0.0,0.0,0.0,1.0,0.0,1.0,1.0,1.0,1.0,0.0,1.0,0.0,0.0,0.0,1.0,0.0,0.0,0.0,,,,,,,,,29.0,male,YA
0.048828125,0.98828125,-0.896484375,312,xmjokwex,,,7.0,1.0,1.0,5.0,0.0,0.0,0.0,0.0,1.0,0.0,0.0,0.0,0.0,0.0,0.0,0.0,0.0,0.0,0.0,0.0,0.0,0.0,0.0,0.0,1.0,0.0,1.0,1.0,0.0,0.0,0.0,0.0,0.0,1.0,1.0,0.0,0.0,0.0,0.0,1.0,0.0,0.0,0.0,0.0,,,,,,,,,41.0,male,between
0.0390625,9.953125,1.6171875,314,fjp1wa37,,,6.0,0.0,4.0,1.0,1.0,0.0,0.0,1.0,0.0,0.0,0.0,0.0,0.0,0.0,0.0,0.0,1.0,1.0,0.0,0.0,0.0,1.0,0.0,0.0,0.0,1.0,0.0,0.0,0.0,0.0,0.0,0.0,0.0,0.0,0.0,1.0,0.0,0.0,0.0,0.0,0.0,0.0,0.0,0.0,,,,,,,,,51.0,male,between
4.130859375,2.08984375,-0.158203125,316,o4ryh2cf,,,18.0,6.0,8.0,3.0,0.0,1.0,1.0,0.0,1.0,0.0,0.0,1.0,1.0,0.0,1.0,0.0,1.0,0.0,0.0,1.0,1.0,1.0,0.0,0.0,0.0,0.0,0.0,1.0,0.0,0.0,1.0,0.0,0.0,1.0,1.0,0.0,1.0,1.0,1.0,1.0,1.0,0.0,0.0,0.0,,,,,,,,,24.0,female,YA
4.619140625,0.56640625,-0.029296875,317,f3vodboo,,,14.0,8.0,3.0,3.0,0.0,0.0,1.0,0.0,1.0,0.0,1.0,1.0,1.0,0.0,1.0,1.0,0.0,0.0,0.0,1.0,1.0,0.0,0.0,1.0,0.0,0.0,0.0,0.0,0.0,0.0,0.0,0.0,0.0,1.0,1.0,0.0,0.0,0.0,0.0,1.0,1.0,0.0,0.0,0.0,,,,,,,,,41.0,male,between
0.927734375,-0.06640625,-0.298828125,319,4gb06j9k,,,25.0,9.0,9.0,1.0,3.0,3.0,1.0,1.0,1.0,1.0,1.0,1.0,1.0,1.0,1.0,1.0,1.0,0.0,1.0,1.0,1.0,1.0,1.0,0.0,0.0,0.0,0.0,0.0,1.0,1.0,1.0,0.0,0.0,1.0,0.0,0.0,0.0,1.0,1.0,1.0,0.0,1.0,1.0,0.0,,,,,,,,,62.0,female,between
8.90625,0.0625,-0.09375,320,26z6amjz,,,17.0,4.0,7.0,3.0,2.0,1.0,0.0,0.0,1.0,0.0,0.0,1.0,0.0,0.0,1.0,1.0,1.0,0.0,1.0,0.0,1.0,1.0,1.0,1.0,0.0,0.0,1.0,1.0,1.0,0.0,0.0,0.0,0.0,0.0,0.0,0.0,1.0,1.0,0.0,0.0,1.0,0.0,1.0,0.0,,,,,,,,,37.0,female,YA
0.322265625,1.41015625,-0.263671875,321,ht3a4k7n,,,15.0,6.0,6.0,1.0,2.0,0.0,0.0,0.0,1.0,0.0,0.0,1.0,1.0,0.0,1.0,1.0,1.0,0.0,0.0,1.0,1.0,0.0,0.0,0.0,0.0,0.0,0.0,0.0,0.0,0.0,0.0,0.0,0.0,1.0,0.0,,1.0,1.0,1.0,1.0,0.0,1.0,1.0,0.0,,,,,,,,,28.0,male,YA
8.310546875,0.82421875,-0.181640625,323,gb46vvx8,,,9.0,6.0,1.0,1.0,1.0,0.0,0.0,1.0,1.0,0.0,1.0,1.0,1.0,0.0,1.0,1.0,0.0,0.0,1.0,0.0,0.0,0.0,0.0,0.0,0.0,0.0,0.0,0.0,0.0,0.0,0.0,0.0,0.0,0.0,1.0,,0.0,0.0,0.0,0.0,0.0,0.0,0.0,0.0,,,,,,,,,44.0,male,between
0.0390625,9.953125,1.6171875,324,jed0nmnt,,,18.0,4.0,9.0,3.0,0.0,2.0,0.0,0.0,1.0,0.0,0.0,1.0,0.0,0.0,1.0,0.0,1.0,0.0,0.0,1.0,1.0,1.0,1.0,0.0,0.0,0.0,1.0,0.0,0.0,1.0,1.0,0.0,0.0,1.0,1.0,0.0,1.0,1.0,1.0,1.0,1.0,0.0,0.0,0.0,,,,,,,,,25.0,female,YA
7.8515625,0.578125,-0.4453125,325,4w5e7j9x,,,13.0,0.0,9.0,4.0,0.0,0.0,0.0,1.0,0.0,0.0,0.0,0.0,0.0,0.0,0.0,0.0,1.0,1.0,0.0,0.0,0.0,1.0,0.0,1.0,1.0,0.0,1.0,1.0,0.0,0.0,0.0,0.0,0.0,0.0,0.0,0.0,1.0,1.0,1.0,1.0,1.0,0.0,0.0,0.0,,,,,,,,,30.0,male,YA
0.927734375,-0.06640625,-0.298828125,327,qdhw1my2,,,2.0,0.0,2.0,0.0,0.0,0.0,0.0,1.0,0.0,0.0,0.0,0.0,0.0,0.0,0.0,0.0,1.0,0.0,0.0,0.0,0.0,0.0,0.0,0.0,0.0,0.0,0.0,0.0,0.0,0.0,0.0,0.0,0.0,0.0,0.0,0.0,0.0,0.0,0.0,0.0,0.0,0.0,0.0,0.0,,,,,,,,,54.0,male,between
3.4765625,1.328125,-0.0703125,328,97d81y5h,,,1.0,0.0,1.0,0.0,0.0,0.0,0.0,0.0,0.0,0.0,0.0,0.0,0.0,0.0,0.0,0.0,0.0,0.0,0.0,0.0,0.0,0.0,0.0,0.0,0.0,0.0,0.0,0.0,0.0,0.0,0.0,0.0,0.0,0.0,0.0,0.0,1.0,0.0,0.0,0.0,0.0,0.0,0.0,0.0,,,,,,,,,31.0,female,YA
9.82421875,1.6328125,-0.10546875,330,88j45vwu,,,0.0,0.0,0.0,0.0,0.0,0.0,0.0,0.0,0.0,0.0,0.0,0.0,0.0,0.0,0.0,0.0,0.0,0.0,0.0,0.0,0.0,0.0,0.0,0.0,0.0,0.0,0.0,0.0,0.0,0.0,0.0,0.0,0.0,,0.0,0.0,,0.0,0.0,0.0,,0.0,0.0,0.0,,,,,,,,,27.0,male,YA
1.5234375,0.671875,-0.2109375,331,hbfgm4en,,,16.0,0.0,7.0,5.0,2.0,2.0,0.0,1.0,0.0,0.0,0.0,0.0,0.0,0.0,0.0,0.0,1.0,0.0,0.0,0.0,0.0,1.0,1.0,1.0,1.0,0.0,1.0,0.0,0.0,1.0,1.0,0.0,0.0,0.0,1.0,1.0,1.0,0.0,1.0,1.0,0.0,0.0,1.0,1.0,,,,,,,,,31.0,male,YA
7.666015625,1.59765625,0.017578125,332,afp5gyjq,,,33.0,8.0,12.0,5.0,5.0,3.0,1.0,1.0,1.0,1.0,1.0,1.0,1.0,1.0,1.0,1.0,1.0,1.0,1.0,0.0,1.0,1.0,1.0,1.0,1.0,0.0,0.0,0.0,1.0,1.0,1.0,0.0,1.0,1.0,1.0,1.0,1.0,1.0,1.0,1.0,1.0,1.0,1.0,1.0,,,,,,,,,34.0,male,YA
0.0390625,9.953125,1.6171875,336,6qn992vo,,,15.0,0.0,5.0,4.0,4.0,2.0,0.0,1.0,0.0,0.0,0.0,,0.0,0.0,0.0,0.0,,1.0,1.0,0.0,0.0,1.0,0.0,1.0,1.0,1.0,1.0,,,1.0,1.0,0.0,0.0,0.0,,1.0,,,1.0,1.0,,0.0,1.0,1.0,,,,,,,,,54.0,male,between
1.5234375,0.671875,-0.2109375,338,7nvhfpa1,,,6.0,1.0,1.0,4.0,0.0,0.0,0.0,0.0,0.0,1.0,0.0,0.0,0.0,0.0,0.0,0.0,0.0,0.0,0.0,0.0,1.0,0.0,0.0,1.0,1.0,0.0,0.0,0.0,0.0,0.0,0.0,0.0,0.0,1.0,1.0,0.0,0.0,0.0,0.0,0.0,0.0,0.0,0.0,0.0,,,,,,,,,58.0,female,between
8.310546875,0.82421875,-0.181640625,339,luv5vgd0,,,8.0,1.0,4.0,3.0,0.0,0.0,0.0,1.0,1.0,0.0,0.0,0.0,0.0,0.0,0.0,0.0,0.0,0.0,0.0,0.0,1.0,0.0,0.0,0.0,0.0,0.0,0.0,1.0,0.0,0.0,0.0,0.0,0.0,1.0,1.0,0.0,0.0,0.0,0.0,1.0,1.0,0.0,0.0,0.0,,,,,,,,,37.0,female,YA
3.4765625,1.328125,-0.0703125,340,3ogc63zz,,,4.0,3.0,1.0,0.0,0.0,0.0,0.0,0.0,1.0,1.0,0.0,1.0,0.0,1.0,0.0,0.0,0.0,0.0,0.0,0.0,0.0,0.0,0.0,0.0,0.0,0.0,0.0,0.0,0.0,0.0,0.0,0.0,0.0,0.0,0.0,0.0,0.0,0.0,0.0,0.0,0.0,0.0,0.0,0.0,,,,,,,,,28.0,male,YA
0.322265625,1.41015625,-0.263671875,341,ft7rclmy,,,8.0,2.0,3.0,1.0,2.0,0.0,0.0,0.0,0.0,1.0,0.0,0.0,0.0,0.0,1.0,0.0,1.0,0.0,0.0,0.0,0.0,0.0,1.0,1.0,0.0,1.0,0.0,0.0,0.0,0.0,0.0,1.0,0.0,0.0,0.0,0.0,0.0,0.0,0.0,1.0,0.0,0.0,0.0,0.0,,,,,,,,,37.0,female,YA
8.90625,0.0625,-0.09375,342,67r47g9y,,,1.0,1.0,0.0,0.0,0.0,0.0,0.0,0.0,0.0,0.0,0.0,1.0,0.0,0.0,0.0,0.0,0.0,0.0,0.0,0.0,0.0,0.0,0.0,0.0,0.0,0.0,0.0,0.0,0.0,0.0,0.0,0.0,0.0,0.0,0.0,0.0,0.0,0.0,0.0,0.0,0.0,0.0,0.0,0.0,,,,,,,,,43.0,male,between
0.0390625,9.953125,1.6171875,345,ewp8gcnb,,,24.0,0.0,9.0,6.0,6.0,3.0,0.0,1.0,0.0,0.0,0.0,0.0,0.0,0.0,0.0,0.0,1.0,1.0,1.0,0.0,0.0,1.0,0.0,1.0,1.0,1.0,1.0,1.0,1.0,1.0,1.0,1.0,1.0,0.0,1.0,1.0,1.0,1.0,1.0,1.0,1.0,0.0,1.0,1.0,,,,,,,,,42.0,female,between
8.90625,0.0625,-0.09375,346,q2aqjfxd,,,1.0,0.0,1.0,0.0,0.0,0.0,0.0,0.0,0.0,0.0,0.0,0.0,0.0,0.0,0.0,0.0,0.0,0.0,0.0,0.0,0.0,0.0,0.0,0.0,0.0,0.0,0.0,0.0,0.0,0.0,0.0,0.0,0.0,0.0,0.0,0.0,1.0,0.0,0.0,0.0,0.0,0.0,0.0,0.0,,,,,,,,,33.0,male,YA
1.66015625,-1.8828125,-0.41015625,347,u4lthrkj,,,2.0,2.0,0.0,0.0,0.0,0.0,0.0,0.0,1.0,0.0,0.0,0.0,0.0,0.0,1.0,0.0,0.0,0.0,0.0,0.0,0.0,0.0,0.0,0.0,0.0,0.0,0.0,0.0,0.0,0.0,0.0,0.0,0.0,0.0,0.0,0.0,0.0,0.0,0.0,0.0,0.0,0.0,0.0,0.0,,,,,,,,,32.0,female,YA
1.5234375,0.671875,-0.2109375,350,a85uwjnl,,,1.0,1.0,0.0,0.0,0.0,0.0,0.0,0.0,1.0,0.0,0.0,0.0,0.0,0.0,0.0,0.0,0.0,0.0,0.0,0.0,0.0,0.0,0.0,0.0,0.0,0.0,0.0,0.0,0.0,0.0,0.0,0.0,0.0,0.0,0.0,0.0,0.0,0.0,0.0,0.0,0.0,0.0,0.0,0.0,,,,,,,,,42.0,male,between
4.130859375,2.08984375,-0.158203125,352,gefno93q,,,0.0,0.0,0.0,0.0,0.0,0.0,0.0,0.0,0.0,0.0,0.0,0.0,0.0,0.0,0.0,0.0,0.0,0.0,0.0,0.0,0.0,0.0,0.0,0.0,0.0,0.0,0.0,0.0,0.0,0.0,0.0,0.0,0.0,0.0,0.0,0.0,0.0,0.0,0.0,0.0,0.0,0.0,0.0,0.0,,,,,,,,,36.0,female,YA
1.5234375,0.671875,-0.2109375,355,gz6ge8t0,,,4.0,0.0,4.0,0.0,0.0,0.0,0.0,0.0,0.0,0.0,0.0,0.0,0.0,0.0,0.0,0.0,1.0,0.0,0.0,0.0,0.0,0.0,0.0,0.0,0.0,0.0,0.0,0.0,0.0,0.0,0.0,0.0,0.0,0.0,0.0,0.0,0.0,1.0,1.0,1.0,0.0,0.0,0.0,0.0,,,,,,,,,52.0,male,between
5.615234375,7.80859375,0.263671875,358,ed8fmmat,,,0.0,0.0,0.0,0.0,0.0,0.0,0.0,0.0,0.0,0.0,0.0,0.0,0.0,0.0,0.0,0.0,0.0,0.0,0.0,0.0,0.0,0.0,0.0,0.0,0.0,0.0,0.0,0.0,0.0,0.0,0.0,0.0,0.0,0.0,0.0,0.0,0.0,0.0,0.0,0.0,0.0,0.0,0.0,0.0,,,,,,,,,35.0,male,YA
0.0390625,9.953125,1.6171875,362,a5p5y4sc,,,14.0,5.0,4.0,2.0,3.0,0.0,0.0,,0.0,1.0,1.0,,1.0,1.0,1.0,,0.0,,,1.0,1.0,,1.0,0.0,,1.0,0.0,,0.0,,0.0,0.0,,1.0,1.0,0.0,,0.0,,0.0,1.0,1.0,1.0,,,,,,,,,,24.0,female,YA
4.130859375,2.08984375,-0.158203125,363,3c06amyh,,,13.0,1.0,5.0,3.0,3.0,1.0,0.0,1.0,0.0,0.0,0.0,1.0,0.0,0.0,0.0,0.0,0.0,0.0,0.0,0.0,1.0,0.0,0.0,0.0,1.0,1.0,1.0,1.0,0.0,1.0,0.0,1.0,1.0,0.0,0.0,0.0,0.0,0.0,1.0,1.0,1.0,0.0,0.0,0.0,,,,,,,,,53.0,male,between
7.080078125,-0.32421875,-0.240234375,365,ak7p70cr,,,14.0,0.0,5.0,4.0,3.0,2.0,0.0,1.0,0.0,0.0,0.0,0.0,0.0,0.0,0.0,0.0,0.0,1.0,1.0,0.0,0.0,0.0,0.0,0.0,1.0,1.0,1.0,1.0,1.0,1.0,0.0,0.0,0.0,0.0,0.0,1.0,0.0,0.0,1.0,1.0,1.0,0.0,0.0,1.0,,,,,,,,,40.0,male,YA
0.927734375,-0.06640625,-0.298828125,366,zp7v02fv,,,6.0,0.0,0.0,3.0,3.0,0.0,0.0,0.0,0.0,0.0,0.0,0.0,0.0,0.0,0.0,0.0,0.0,0.0,0.0,0.0,0.0,0.0,0.0,0.0,0.0,1.0,1.0,0.0,0.0,0.0,0.0,1.0,1.0,1.0,1.0,0.0,0.0,0.0,0.0,0.0,0.0,0.0,0.0,0.0,,,,,,,,,47.0,male,between
0.0390625,9.953125,1.6171875,367,g7crlu4q,,,2.0,2.0,0.0,0.0,0.0,0.0,0.0,0.0,1.0,0.0,0.0,1.0,0.0,0.0,0.0,0.0,0.0,0.0,0.0,0.0,0.0,0.0,0.0,0.0,0.0,0.0,0.0,0.0,0.0,0.0,0.0,0.0,0.0,0.0,0.0,0.0,0.0,0.0,0.0,0.0,0.0,0.0,0.0,0.0,,,,,,,,,35.0,male,YA
9.033203125,6.70703125,1.025390625,368,0pqcv9ak,,,7.0,1.0,6.0,0.0,0.0,0.0,0.0,0.0,1.0,0.0,0.0,0.0,0.0,0.0,0.0,0.0,1.0,0.0,0.0,0.0,0.0,0.0,0.0,0.0,0.0,0.0,0.0,0.0,0.0,0.0,0.0,0.0,0.0,0.0,0.0,,1.0,1.0,1.0,1.0,1.0,0.0,0.0,0.0,,,,,,,,,28.0,male,YA
4.619140625,0.56640625,-0.029296875,369,29brbqyh,,,21.0,6.0,8.0,4.0,2.0,1.0,0.0,0.0,1.0,1.0,0.0,1.0,1.0,0.0,1.0,0.0,1.0,0.0,1.0,1.0,1.0,1.0,0.0,1.0,0.0,0.0,1.0,1.0,0.0,0.0,1.0,0.0,0.0,1.0,0.0,0.0,1.0,1.0,1.0,1.0,1.0,1.0,0.0,0.0,,,,,,,,,64.0,female,between
0.224609375,3.40234375,-0.439453125,371,lscmkkca,,,24.0,7.0,6.0,6.0,5.0,0.0,0.0,0.0,1.0,1.0,0.0,1.0,1.0,0.0,1.0,1.0,1.0,0.0,0.0,1.0,0.0,0.0,1.0,1.0,0.0,1.0,1.0,1.0,,,,1.0,1.0,1.0,1.0,1.0,1.0,1.0,0.0,1.0,1.0,1.0,1.0,,,,,,,,,,51.0,male,between
1.66015625,-1.8828125,-0.41015625,372,rph1sr8p,,,9.0,3.0,4.0,1.0,1.0,0.0,0.0,0.0,1.0,0.0,0.0,1.0,0.0,0.0,1.0,0.0,1.0,0.0,0.0,0.0,0.0,0.0,0.0,0.0,0.0,0.0,0.0,0.0,0.0,0.0,0.0,0.0,1.0,1.0,0.0,0.0,0.0,1.0,0.0,1.0,1.0,0.0,0.0,0.0,,,,,,,,,63.0,female,between
3.388671875,-0.95703125,-0.228515625,373,d91x9dzs,,,1.0,1.0,0.0,0.0,0.0,0.0,0.0,0.0,0.0,0.0,1.0,0.0,0.0,0.0,0.0,0.0,0.0,0.0,0.0,0.0,0.0,0.0,0.0,0.0,0.0,0.0,0.0,0.0,0.0,0.0,0.0,0.0,0.0,0.0,0.0,0.0,0.0,0.0,0.0,0.0,0.0,0.0,0.0,0.0,,,,,,,,,34.0,male,YA
9.82421875,1.6328125,-0.10546875,374,fl6ok426,,,16.0,3.0,7.0,3.0,3.0,0.0,0.0,0.0,1.0,0.0,0.0,0.0,0.0,0.0,1.0,0.0,1.0,0.0,0.0,1.0,1.0,1.0,0.0,1.0,0.0,1.0,0.0,0.0,0.0,0.0,0.0,1.0,1.0,1.0,1.0,0.0,1.0,1.0,1.0,0.0,1.0,0.0,0.0,0.0,,,,,,,,,54.0,female,between
8.310546875,0.82421875,-0.181640625,377,r0xxu91o,,,29.0,8.0,8.0,3.0,7.0,3.0,0.0,0.0,1.0,1.0,1.0,1.0,1.0,0.0,1.0,1.0,1.0,0.0,1.0,1.0,1.0,1.0,1.0,0.0,1.0,1.0,0.0,0.0,1.0,1.0,1.0,1.0,1.0,0.0,1.0,1.0,1.0,1.0,1.0,1.0,0.0,1.0,1.0,1.0,,,,,,,,,54.0,male,between
2.158203125,-1.54296875,-0.099609375,379,a8rfzx5s,,,3.0,1.0,2.0,0.0,0.0,0.0,0.0,0.0,0.0,0.0,0.0,1.0,0.0,0.0,0.0,0.0,0.0,0.0,0.0,0.0,0.0,0.0,0.0,0.0,0.0,0.0,0.0,0.0,0.0,0.0,0.0,0.0,0.0,0.0,0.0,0.0,0.0,0.0,0.0,1.0,1.0,0.0,0.0,0.0,,,,,,,,,33.0,male,YA
0.0390625,9.953125,1.6171875,381,174wa5mc,,,2.0,1.0,0.0,0.0,1.0,0.0,0.0,0.0,0.0,1.0,0.0,0.0,0.0,0.0,0.0,0.0,0.0,0.0,0.0,0.0,0.0,0.0,0.0,0.0,0.0,,0.0,0.0,0.0,0.0,0.0,,1.0,0.0,0.0,0.0,0.0,0.0,0.0,0.0,0.0,0.0,0.0,0.0,,,,,,,,,27.0,male,YA
0.029296875,1.01171875,2.724609375,386,9qtcjvmc,,,12.0,1.0,4.0,3.0,3.0,1.0,0.0,1.0,0.0,0.0,0.0,1.0,0.0,0.0,0.0,0.0,0.0,0.0,0.0,0.0,0.0,0.0,0.0,0.0,1.0,1.0,1.0,1.0,0.0,1.0,0.0,1.0,1.0,0.0,0.0,0.0,0.0,0.0,1.0,1.0,1.0,0.0,0.0,0.0,,,,,,,,,37.0,male,YA
0.048828125,0.98828125,-0.896484375,387,cakl0wtj,,,21.0,8.0,8.0,1.0,3.0,1.0,0.0,1.0,1.0,1.0,1.0,1.0,1.0,0.0,1.0,1.0,1.0,1.0,0.0,1.0,1.0,0.0,0.0,0.0,0.0,1.0,0.0,0.0,0.0,0.0,1.0,1.0,1.0,1.0,0.0,0.0,0.0,1.0,1.0,1.0,1.0,0.0,0.0,0.0,,,,,,,,,53.0,female,between
8.90625,0.0625,-0.09375,388,wakev0b6,,,16.0,4.0,9.0,0.0,3.0,0.0,0.0,1.0,0.0,0.0,0.0,0.0,1.0,1.0,1.0,1.0,1.0,0.0,0.0,1.0,1.0,0.0,0.0,0.0,0.0,0.0,0.0,0.0,0.0,0.0,0.0,0.0,0.0,0.0,0.0,0.0,1.0,1.0,1.0,1.0,1.0,1.0,1.0,1.0,,,,,,,,,57.0,female,between
3.4765625,1.328125,-0.0703125,392,mw4zog21,,,9.0,4.0,4.0,1.0,0.0,0.0,0.0,0.0,1.0,1.0,0.0,1.0,0.0,0.0,1.0,0.0,0.0,0.0,0.0,0.0,1.0,0.0,0.0,0.0,0.0,0.0,0.0,0.0,0.0,0.0,0.0,0.0,0.0,1.0,0.0,0.0,0.0,1.0,0.0,1.0,1.0,0.0,0.0,0.0,,,,,,,,,56.0,female,between
3.4765625,1.328125,-0.0703125,394,mdbmfcjy,,,5.0,2.0,3.0,0.0,0.0,0.0,0.0,1.0,1.0,1.0,0.0,0.0,0.0,0.0,0.0,0.0,0.0,0.0,0.0,0.0,0.0,0.0,0.0,0.0,0.0,0.0,0.0,0.0,0.0,0.0,0.0,0.0,0.0,0.0,0.0,0.0,0.0,0.0,1.0,0.0,1.0,0.0,0.0,0.0,,,,,,,,,35.0,male,YA
0.078125,5.96875,0.328125,396,v3pumabp,,,9.0,1.0,4.0,3.0,1.0,0.0,0.0,0.0,0.0,0.0,0.0,0.0,0.0,0.0,1.0,0.0,1.0,0.0,0.0,0.0,0.0,0.0,0.0,0.0,1.0,1.0,0.0,0.0,0.0,0.0,0.0,0.0,0.0,1.0,1.0,0.0,1.0,1.0,0.0,0.0,1.0,0.0,0.0,0.0,,,,,,,,,44.0,male,between
3.564453125,0.14453125,-0.380859375,399,gx4q813x,,,4.0,1.0,0.0,2.0,1.0,0.0,0.0,0.0,0.0,0.0,0.0,0.0,1.0,0.0,0.0,0.0,0.0,0.0,0.0,0.0,0.0,0.0,0.0,0.0,0.0,0.0,0.0,0.0,0.0,0.0,0.0,0.0,1.0,1.0,1.0,0.0,0.0,0.0,0.0,0.0,0.0,0.0,0.0,0.0,,,,,,,,,44.0,male,between
3.4765625,1.328125,-0.0703125,400,udatcanb,,,16.0,0.0,6.0,7.0,3.0,0.0,0.0,0.0,0.0,0.0,0.0,0.0,0.0,0.0,0.0,0.0,0.0,0.0,0.0,0.0,1.0,0.0,1.0,1.0,1.0,1.0,1.0,1.0,0.0,0.0,0.0,1.0,1.0,1.0,1.0,1.0,1.0,1.0,1.0,0.0,1.0,0.0,0.0,0.0,,,,,,,,,42.0,male,between
4.130859375,2.08984375,-0.158203125,401,v4lf8fmg,,,10.0,0.0,5.0,4.0,0.0,1.0,0.0,0.0,0.0,0.0,0.0,0.0,0.0,0.0,0.0,0.0,1.0,0.0,0.0,0.0,0.0,0.0,0.0,0.0,1.0,0.0,0.0,0.0,0.0,0.0,1.0,0.0,0.0,1.0,1.0,1.0,0.0,1.0,1.0,1.0,1.0,0.0,0.0,0.0,,,,,,,,,53.0,female,between
0.01953125,4.0234375,-0.55078125,403,lj76ouon,-0.203125,0.0,,,,,,,,,,,,,,,,,,,,,,,,,,,,,,,,,,,,,,,,,,,,,,,,,,,,,62.0,female,between
0.0390625,9.953125,1.6171875,409,76zpbryk,-0.046875,0.078125,,,,,,,,,,,,,,,,,,,,,,,,,,,,,,,,,,,,,,,,,,,,,,,,,,,,,37.0,female,YA
9.82421875,1.6328125,-0.10546875,411,u8dyfsgq,0.828125,0.28125,,,,,,,,,,,,,,,,,,,,,,,,,,,,,,,,,,,,,,,,,,,,,,,,,,,,,26.0,male,YA
0.322265625,1.41015625,-0.263671875,413,h7ewlj4c,0.59375,0.109375,,,,,,,,,,,,,,,,,,,,,,,,,,,,,,,,,,,,,,,,,,,,,,,,,,,,,73.0,male,OA
0.927734375,-0.06640625,-0.298828125,415,65iaws9c,0.65625,0.40625,,,,,,,,,,,,,,,,,,,,,,,,,,,,,,,,,,,,,,,,,,,,,,,,,,,,,29.0,male,YA
3.515625,-1.15625,-1.734375,421,wi7hac7j,0.046875,0.0,,,,,,,,,,,,,,,,,,,,,,,,,,,,,,,,,,,,,,,,,,,,,,,,,,,,,25.0,female,YA
4.619140625,0.56640625,-0.029296875,423,yp50tjlx,0.46875,0.21875,,,,,,,,,,,,,,,,,,,,,,,,,,,,,,,,,,,,,,,,,,,,,,,,,,,,,29.0,female,YA
8.33984375,-1.8359375,-2.21484375,424,vretuan7,0.590909091,0.21875,,,,,,,,,,,,,,,,,,,,,,,,,,,,,,,,,,,,,,,,,,,,,,,,,,,,,27.0,female,YA
4.169921875,-1.89453125,-1.822265625,427,cwlecwuu,0.03125,-0.03125,,,,,,,,,,,,,,,,,,,,,,,,,,,,,,,,,,,,,,,,,,,,,,,,,,,,,32.0,male,YA
9.9609375,-1.953125,-1.1484375,431,pw1vbhew,0.65625,0.03125,,,,,,,,,,,,,,,,,,,,,,,,,,,,,,,,,,,,,,,,,,,,,,,,,,,,,37.0,female,YA
1.025390625,-1.12109375,-0.498046875,439,qc5zq6d6,0.84375,0.296875,,,,,,,,,,,,,,,,,,,,,,,,,,,,,,,,,,,,,,,,,,,,,,,,,,,,,63.0,female,between
4.130859375,2.08984375,-0.158203125,445,tu5ios9u,0.875,0.546875,,,,,,,,,,,,,,,,,,,,,,,,,,,,,,,,,,,,,,,,,,,,,,,,,,,,,30.0,female,YA
9.12109375,-0.8984375,-0.62109375,447,qtof6r00,0.421875,-0.0625,,,,,,,,,,,,,,,,,,,,,,,,,,,,,,,,,,,,,,,,,,,,,,,,,,,,,64.0,male,between
6.201171875,8.41796875,2.208984375,450,n01dwj5x,0.84375,0.46875,,,,,,,,,,,,,,,,,,,,,,,,,,,,,,,,,,,,,,,,,,,,,,,,,,,,,38.0,male,YA
0.0390625,9.953125,1.6171875,451,dhsfhn93,0.8125,0.375,,,,,,,,,,,,,,,,,,,,,,,,,,,,,,,,,,,,,,,,,,,,,,,,,,,,,60.0,male,between
0.83984375,1.1640625,-0.71484375,460,gvwtc90w,0.75,0.0625,,,,,,,,,,,,,,,,,,,,,,,,,,,,,,,,,,,,,,,,,,,,,,,,,,,,,71.0,female,OA
8.33984375,-1.8359375,-2.21484375,463,osewai66,-0.033115672,0.078125,,,,,,,,,,,,,,,,,,,,,,,,,,,,,,,,,,,,,,,,,,,,,,,,,,,,,60.0,male,between
4.619140625,0.56640625,-0.029296875,464,587ndadx,0.625,0.34375,,,,,,,,,,,,,,,,,,,,,,,,,,,,,,,,,,,,,,,,,,,,,,,,,,,,,38.0,male,YA
0.0390625,9.953125,1.6171875,466,4v8k9usj,0.5625,0.21875,,,,,,,,,,,,,,,,,,,,,,,,,,,,,,,,,,,,,,,,,,,,,,,,,,,,,63.0,female,between
5.3125,-1.625,-0.5625,467,by8g3u0l,0.203125,0.078125,,,,,,,,,,,,,,,,,,,,,,,,,,,,,,,,,,,,,,,,,,,,,,,,,,,,,27.0,male,YA
7.080078125,-0.32421875,-0.240234375,468,3bnik4c8,0.265625,-0.03125,,,,,,,,,,,,,,,,,,,,,,,,,,,,,,,,,,,,,,,,,,,,,,,,,,,,,25.0,male,YA
0.087890625,3.00390625,-2.560546875,473,i6zcowcn,0.1875,0.140625,,,,,,,,,,,,,,,,,,,,,,,,,,,,,,,,,,,,,,,,,,,,,,,,,,,,,45.0,male,between
8.33984375,-1.8359375,-2.21484375,488,wcw4ohsc,0.8125,0.046875,,,,,,,,,,,,,,,,,,,,,,,,,,,,,,,,,,,,,,,,,,,,,,,,,,,,,25.0,female,YA
0.0390625,9.953125,1.6171875,490,j9sizmqm,-0.015625,0.039182692,,,,,,,,,,,,,,,,,,,,,,,,,,,,,,,,,,,,,,,,,,,,,,,,,,,,,45.0,female,between
7.666015625,1.59765625,0.017578125,492,l100teaa,0.90625,0.671875,,,,,,,,,,,,,,,,,,,,,,,,,,,,,,,,,,,,,,,,,,,,,,,,,,,,,30.0,other,YA
6.669921875,1.10546875,-0.322265625,497,ce011nvu,0.078125,-0.03125,,,,,,,,,,,,,,,,,,,,,,,,,,,,,,,,,,,,,,,,,,,,,,,,,,,,,25.0,female,YA
7.470703125,-1.91796875,-2.537109375,498,8bvw5l6m,0.04454291,0.125,,,,,,,,,,,,,,,,,,,,,,,,,,,,,,,,,,,,,,,,,,,,,,,,,,,,,66.0,male,OA
1.5234375,0.671875,-0.2109375,505,5188nuaq,0.625,0.3125,,,,,,,,,,,,,,,,,,,,,,,,,,,,,,,,,,,,,,,,,,,,,,,,,,,,,62.0,male,between
3.515625,-1.15625,-1.734375,506,d3xn52ne,0.0625,0.0,,,,,,,,,,,,,,,,,,,,,,,,,,,,,,,,,,,,,,,,,,,,,,,,,,,,,60.0,female,between
8.310546875,0.82421875,-0.181640625,508,ejs0rb6b,0.830528846,0.03125,,,,,,,,,,,,,,,,,,,,,,,,,,,,,,,,,,,,,,,,,,,,,,,,,,,,,36.0,female,YA
0.0390625,9.953125,1.6171875,509,m276c4ep,0.732536765,0.25,,,,,,,,,,,,,,,,,,,,,,,,,,,,,,,,,,,,,,,,,,,,,,,,,,,,,61.0,female,between
0.0390625,9.953125,1.6171875,510,gg27mu5e,0.015625,-0.109375,,,,,,,,,,,,,,,,,,,,,,,,,,,,,,,,,,,,,,,,,,,,,,,,,,,,,62.0,male,between
8.33984375,-1.8359375,-2.21484375,511,ceglkt0l,0.109375,0.046875,,,,,,,,,,,,,,,,,,,,,,,,,,,,,,,,,,,,,,,,,,,,,,,,,,,,,59.0,female,between
0.17578125,1.5859375,-1.76953125,513,5tmkmsdq,0.546875,0.1875,,,,,,,,,,,,,,,,,,,,,,,,,,,,,,,,,,,,,,,,,,,,,,,,,,,,,28.0,female,YA
