,Recognition,MST_Score,QUIC,Parental_monitoring_and_involvement,Parental_predictability,Parental_environment,Physical_environment,Safety_and_security,gamma_base_fits,gamma_coef_fits,beta,epsilon,Age
Recognition,1.0,0.33109989535523093,-0.07708826298339247,0.12787878948599699,-0.06036782542458067,-0.182124206905963,-0.16830387893332788,-0.07070642728747707,0.28940567705079384,-0.07751767345557195,-0.4037910667722651,-0.22969099262892825,0.2182900543906304
MST_Score,0.33109989535523093,1.0,-0.048538734216374425,0.04690928899118448,-0.03245791819652393,-0.05038093807193893,-0.07280194648732209,-0.1574660611539374,0.13867843963306922,0.05264660855521145,-0.19072942057797182,-0.15287140286934653,-0.06782809345531944
QUIC,-0.07708826298339247,-0.048538734216374425,1.0,0.7017268373136514,0.84150085746427,0.7330934049686235,0.7079933984089207,0.8146605367539381,-0.11402945398171588,0.01940587796829701,0.14496312172454398,0.022033786508315195,-0.2140913571293533
Parental_monitoring_and_involvement,0.12787878948599699,0.04690928899118448,0.7017268373136514,1.0,0.44826409226186964,0.3371347476910681,0.31635952989919136,0.43586811315689394,0.09090155323144579,0.011194265799196041,-0.12838941988592587,-0.016387316865557704,-0.1414604641957435
Parental_predictability,-0.06036782542458067,-0.03245791819652393,0.84150085746427,0.44826409226186964,1.0,0.4912459037487344,0.4601817214817929,0.6506526830351707,-0.11035076096457272,0.026985340455079616,0.09530149176634618,0.0967910612513951,-0.12782638058109386
Parental_environment,-0.182124206905963,-0.05038093807193893,0.7330934049686235,0.3371347476910681,0.4912459037487344,1.0,0.4681982390011505,0.5831494787965709,-0.1219754313280474,0.07579162349291116,0.23427516972077383,-0.05942144900013315,-0.21167840574488708
Physical_environment,-0.16830387893332788,-0.07280194648732209,0.7079933984089207,0.31635952989919136,0.4601817214817929,0.4681982390011505,1.0,0.6364738393655267,-0.2190303778699572,0.009452421141947165,0.24688034830881062,0.0030997649564411165,-0.18843202869875875
Safety_and_security,-0.07070642728747707,-0.1574660611539374,0.8146605367539381,0.43586811315689394,0.6506526830351707,0.5831494787965709,0.6364738393655267,1.0,-0.14334319356705186,-0.11565345102078946,0.24354155586448561,0.03223192345413172,-0.17868768020618697
gamma_base_fits,0.28940567705079384,0.13867843963306922,-0.11402945398171588,0.09090155323144579,-0.11035076096457272,-0.1219754313280474,-0.2190303778699572,-0.14334319356705186,1.0,-0.09496844439781647,-0.5151647292609836,0.022064095317433766,0.02736730169626221
gamma_coef_fits,-0.07751767345557195,0.05264660855521145,0.01940587796829701,0.011194265799196041,0.026985340455079616,0.07579162349291116,0.009452421141947165,-0.11565345102078946,-0.09496844439781647,1.0,-0.07478321311614777,0.03389468578976127,-0.03703030149916514
beta,-0.4037910667722651,-0.19072942057797182,0.14496312172454398,-0.12838941988592587,0.09530149176634618,0.23427516972077383,0.24688034830881062,0.24354155586448561,-0.5151647292609836,-0.07478321311614777,1.0,0.10114846488234779,-0.04973297794987254
epsilon,-0.22969099262892825,-0.15287140286934653,0.022033786508315195,-0.016387316865557704,0.0967910612513951,-0.05942144900013315,0.0030997649564411165,0.03223192345413172,0.022064095317433766,0.03389468578976127,0.10114846488234779,1.0,0.05081370383030218
Age,0.2182900543906304,-0.06782809345531944,-0.2140913571293533,-0.1414604641957435,-0.12782638058109386,-0.21167840574488708,-0.18843202869875875,-0.17868768020618697,0.02736730169626221,-0.03703030149916514,-0.04973297794987254,0.05081370383030218,1.0
