trial_type,time_elapsed,rt,key_press,condition,subject_id,next_reward,responses,planet,curr_prac_trial,n_prac_rounds,button_pressed,alien,aliens,reward_received,decay_rate_actual,decay_rate_exp,time_in_block,block_num,prt,last_trial_on_planet,bonus,num_failures,,,,,,,,,,,,,,,,,,,,,,,,,,,,,,,,,,,,
fullscreen,113122,,,,,,,,,,,,,,,,,,,,,,,,,,,,,,,,,,,,,,,,,,,,,,,,,,,,,,,,,
instruc_welcome,117872,4734.5,32,1,A1C6ZTZXRVOUI3,,,,,,,,,,,,,,,,,,,,,,,,,,,,,,,,,,,,,,,,,,,,,,,,,,,,,
instruc_goal,118927,1053.8,32,,,,,,,,,,,,,,,,,,,,,,,,,,,,,,,,,,,,,,,,,,,,,,,,,,,,,,,
instruc_dig,121135,2207.1,65,,,100,,,,,,,,,,,,,,,,,,,,,,,,,,,,,,,,,,,,,,,,,,,,,,,,,,,,
dig_instruc,123265,,,,,,[],,,,,,,,,,,,,,,,,,,,,,,,,,,,,,,,,,,,,,,,,,,,,,,,,,,
harvest_instruc,124770,null,null,,,,,,,,,,,,,,,,,,,,,,,,,,,,,,,,,,,,,,,,,,,,,,,,,,,,,,,
instruc_travel,127198,2428,76,,,,,,,,,,,,,,,,,,,,,,,,,,,,,,,,,,,,,,,,,,,,,,,,,,,,,,,
travel_prac,137201,,,,,,[],0,,,,,,,,,,,,,,,,,,,,,,,,,,,,,,,,,,,,,,,,,,,,,,,,,,
instruc_alien_greet,148607,11404.2,32,,,,,,,,,,,,,,,,,,,,,,,,,,,,,,,,,,,,,,,,,,,,,,,,,,,,,,,
time_out,151343,2733.5,32,,,,,,,,,,,,,,,,,,,,,,,,,,,,,,,,,,,,,,,,,,,,,,,,,,,,,,,
instruc_break,152351,1006.6,32,,,,,,,,,,,,,,,,,,,,,,,,,,,,,,,,,,,,,,,,,,,,,,,,,,,,,,,
quiz_prac,159016,6664,,,,,{Q0:C,Q1:B,Q2:B},,,,,,,,,,,,,,,,,,,,,,,,,,,,,,,,,,,,,,,,,,,,,,,,,
quiz_correct,160870,1850,,,,,{Q0:C,Q1:B,Q2:B},,,,,,,,,,,,,,,,,,,,,,,,,,,,,,,,,,,,,,,,,,,,,,,,,
instruc_prac_game,162239,1368.1,32,,,,,,,,,,,,,,,,,,,,,,,,,,,,,,,,,,,,,,,,,,,,,,,,,,,,,,,
alien_welcome_prac,167241,null,null,,,,,,,,,,,,,,,,,,,,,,,,,,,,,,,,,,,,,,,,,,,,,,,,,,,,,,,
land_prac,167743,null,null,,,97,,0,,,,,,,,,,,,,,,,,,,,,,,,,,,,,,,,,,,,,,,,,,,,,,,,,,
dig_prac,169748,,,,,,[],,,,,,,,,,,,,,,,,,,,,,,,,,,,,,,,,,,,,,,,,,,,,,,,,,,
harvest_prac,171250,null,null,,,,,,,,,,,,,,,,,,,,,,,,,,,,,,,,,,,,,,,,,,,,,,,,,,,,,,,
decision_prac,173252,null,null,,,,,,1,,,,,,,,,,,,,,,,,,,,,,,,,,,,,,,,,,,,,,,,,,,,,,,,,
time_out,175256,null,null,,,,,,,,,,,,,,,,,,,,,,,,,,,,,,,,,,,,,,,,,,,,,,,,,,,,,,,
decision_prac,175678,404.7,65,,,,,,2,,,,,,,,,,,,,,,,,,,,,,,,,,,,,,,,,,,,,,,,,,,,,,,,,
dig_prac,177685,,,,,,[],,,,,,,,,,,,,,,,,,,,,,,,,,,,,,,,,,,,,,,,,,,,,,,,,,,
harvest_prac,179187,null,null,,,,,,,,,,,,,,,,,,,,,,,,,,,,,,,,,,,,,,,,,,,,,,,,,,,,,,,
decision_prac,180046,857.7,76,,,,,,3,,,,,,,,,,,,,,,,,,,,,,,,,,,,,,,,,,,,,,,,,,,,,,,,,
travel,189186,,,,,,[],0,,,,,,,,,,,,,,,,,,,,,,,,,,,,,,,,,,,,,,,,,,,,,,,,,,
alien_welcome_prac,194190,null,null,,,,,,,,,,,,,,,,,,,,,,,,,,,,,,,,,,,,,,,,,,,,,,,,,,,,,,,
land_prac,194707,null,null,,,101,,0,,,,,,,,,,,,,,,,,,,,,,,,,,,,,,,,,,,,,,,,,,,,,,,,,,
dig_prac,196712,,,,,,[],,,,,,,,,,,,,,,,,,,,,,,,,,,,,,,,,,,,,,,,,,,,,,,,,,,
harvest_prac,198214,null,null,,,,,,,,,,,,,,,,,,,,,,,,,,,,,,,,,,,,,,,,,,,,,,,,,,,,,,,
decision_prac,198990,774.4,65,,,,,,4,,,,,,,,,,,,,,,,,,,,,,,,,,,,,,,,,,,,,,,,,,,,,,,,,
dig_prac,200997,,,,,,[],,,,,,,,,,,,,,,,,,,,,,,,,,,,,,,,,,,,,,,,,,,,,,,,,,,
harvest_prac,202499,null,null,,,,,,,,,,,,,,,,,,,,,,,,,,,,,,,,,,,,,,,,,,,,,,,,,,,,,,,
decision_prac,204501,null,null,,,,,,,1,,,,,,,,,,,,,,,,,,,,,,,,,,,,,,,,,,,,,,,,,,,,,,,,
instruc_begin_exp,207457,2940,,,,,,,,1,1,,,,,,,,,,,,,,,,,,,,,,,,,,,,,,,,,,,,,,,,,,,,,,,
alien_welcome,212461,null,null,,,,,,,,,110,15,92,35,44,47,28,100,53,88,72,21,27,42,114,26,43,85,25,99,57,97,34,56,117,73,94,80,68,103,98,32,84,116,22,86,120,3,93,9,19,115,109,71,30,40,24
land,212963,null,null,,,97,,1,,,,,,,,,,,,,,,,,,,,,,,,,,,,,,,,,,,,,,,,,,,,,,,,,,
dig,214968,,,,,,[],1,,,,,,,,,,,,,,,,,,,,,,,,,,,,,,,,,,,,,,,,,,,,,,,,,,
harvest,216471,null,null,,,24,,1,,,,,,97,0.245449101,0.24742268,,,,,,,,,,,,,,,,,,,,,,,,,,,,,,,,,,,,,,,,,,
decision,216846,373.1,65,,,24,,1,,,,,,,,,9387,1,0,FALSE,,,,,,,,,,,,,,,,,,,,,,,,,,,,,,,,,,,,,,
dig,218479,,,,,,[],1,,,,,,,,,,,,,,,,,,,,,,,,,,,,,,,,,,,,,,,,,,,,,,,,,,
harvest,219980,null,null,,,5,,1,,,,,,24,0.225543664,0.208333333,,,,,,,,,,,,,,,,,,,,,,,,,,,,,,,,,,,,,,,,,,
decision,220350,367.8,65,,,5,,1,,,,,,,,,12891,1,1,FALSE,,,,,,,,,,,,,,,,,,,,,,,,,,,,,,,,,,,,,,
dig,221988,,,,,,[],1,,,,,,,,,,,,,,,,,,,,,,,,,,,,,,,,,,,,,,,,,,,,,,,,,,
harvest,223489,null,null,,,1,,1,,,,,,5,0.221131936,0.2,,,,,,,,,,,,,,,,,,,,,,,,,,,,,,,,,,,,,,,,,,
decision,224062,570.6,76,,,1,,1,,,,,,,,,16603,1,2,TRUE,,,,,,,,,,,,,,,,,,,,,,,,,,,,,,,,,,,,,,
travel,233491,,,,,,[],1,,,,,,,,,,,,,,,,,,,,,,,,,,,,,,,,,,,,,,,,,,,,,,,,,,
alien_welcome,238493,null,null,,,,,,,,,81,15,92,35,44,47,28,100,53,88,72,21,27,42,114,26,43,85,25,99,57,97,34,56,117,73,94,80,68,103,98,32,84,116,22,86,120,3,93,9,19,115,109,71,30,40,24
land,238994,null,null,,,93,,2,,,,,,,,,,,,,,,,,,,,,,,,,,,,,,,,,,,,,,,,,,,,,,,,,,
dig,240999,,,,,,[],2,,,,,,,,,,,,,,,,,,,,,,,,,,,,,,,,,,,,,,,,,,,,,,,,,,
harvest,242501,null,null,,,16,,2,,,,,,93,0.168455424,0.172043011,,,,,,,,,,,,,,,,,,,,,,,,,,,,,,,,,,,,,,,,,,
decision,244503,null,null,,,16,,2,,,,,,,,,37045,1,0,FALSE,,,,,,,,,,,,,,,,,,,,,,,,,,,,,,,,,,,,,,
time_out,246507,null,null,,,16,,,,,,,,,,,,,,,,,,,,,,,,,,,,,,,,,,,,,,,,,,,,,,,,,,,,
decision,247997,1488.4,65,,,16,,2,,,,,,,,,40538,1,0,FALSE,,,,,,,,,,,,,,,,,,,,,,,,,,,,,,,,,,,,,,
dig,248513,,,,,,[],2,,,,,,,,,,,,,,,,,,,,,,,,,,,,,,,,,,,,,,,,,,,,,,,,,,
harvest,250015,null,null,,,3,,2,,,,,,16,0.20295921,0.1875,,,,,,,,,,,,,,,,,,,,,,,,,,,,,,,,,,,,,,,,,,
decision,251533,1517,76,,,3,,2,,,,,,,,,44074,1,1,TRUE,,,,,,,,,,,,,,,,,,,,,,,,,,,,,,,,,,,,,,
travel,260015,,,,,,[],2,,,,,,,,,,,,,,,,,,,,,,,,,,,,,,,,,,,,,,,,,,,,,,,,,,
alien_welcome,265018,null,null,,,,,,,,,59,15,92,35,44,47,28,100,53,88,72,21,27,42,114,26,43,85,25,99,57,97,34,56,117,73,94,80,68,103,98,32,84,116,22,86,120,3,93,9,19,115,109,71,30,40,24
land,265521,null,null,,,104,,3,,,,,,,,,,,,,,,,,,,,,,,,,,,,,,,,,,,,,,,,,,,,,,,,,,
dig,267526,,,,,,[],3,,,,,,,,,,,,,,,,,,,,,,,,,,,,,,,,,,,,,,,,,,,,,,,,,,
harvest,269037,null,null,,,46,,3,,,,,,104,0.43797893,0.442307692,,,,,,,,,,,,,,,,,,,,,,,,,,,,,,,,,,,,,,,,,,
decision,269644,605.7,65,,,46,,3,,,,,,,,,62185,1,0,FALSE,,,,,,,,,,,,,,,,,,,,,,,,,,,,,,,,,,,,,,
dig,271040,,,,,,[],3,,,,,,,,,,,,,,,,,,,,,,,,,,,,,,,,,,,,,,,,,,,,,,,,,,
harvest,272543,null,null,,,21,,3,,,,,,46,0.458902772,0.456521739,,,,,,,,,,,,,,,,,,,,,,,,,,,,,,,,,,,,,,,,,,
decision,272957,412.7,76,,,21,,3,,,,,,,,,65498,1,1,TRUE,,,,,,,,,,,,,,,,,,,,,,,,,,,,,,,,,,,,,,
travel,282548,,,,,,[],3,,,,,,,,,,,,,,,,,,,,,,,,,,,,,,,,,,,,,,,,,,,,,,,,,,
alien_welcome,287551,null,null,,,,,,,,,8,15,92,35,44,47,28,100,53,88,72,21,27,42,114,26,43,85,25,99,57,97,34,56,117,73,94,80,68,103,98,32,84,116,22,86,120,3,93,9,19,115,109,71,30,40,24
land,288053,null,null,,,102,,4,,,,,,,,,,,,,,,,,,,,,,,,,,,,,,,,,,,,,,,,,,,,,,,,,,
dig,290057,,,,,,[],4,,,,,,,,,,,,,,,,,,,,,,,,,,,,,,,,,,,,,,,,,,,,,,,,,,
harvest,291560,null,null,,,56,,4,,,,,,102,0.549432287,0.549019608,,,,,,,,,,,,,,,,,,,,,,,,,,,,,,,,,,,,,,,,,,
decision,292045,482.7,65,,,56,,4,,,,,,,,,84586,1,0,FALSE,,,,,,,,,,,,,,,,,,,,,,,,,,,,,,,,,,,,,,
dig,293565,,,,,,[],4,,,,,,,,,,,,,,,,,,,,,,,,,,,,,,,,,,,,,,,,,,,,,,,,,,
harvest,295067,null,null,,,29,,4,,,,,,56,0.516967383,0.517857143,,,,,,,,,,,,,,,,,,,,,,,,,,,,,,,,,,,,,,,,,,
decision,295884,816.5,65,,,29,,4,,,,,,,,,88425,1,1,FALSE,,,,,,,,,,,,,,,,,,,,,,,,,,,,,,,,,,,,,,
dig,297071,,,,,,[],4,,,,,,,,,,,,,,,,,,,,,,,,,,,,,,,,,,,,,,,,,,,,,,,,,,
harvest,298573,null,null,,,14,,4,,,,,,29,0.493982121,0.482758621,,,,,,,,,,,,,,,,,,,,,,,,,,,,,,,,,,,,,,,,,,
decision,299692,1118.2,76,,,14,,4,,,,,,,,,92234,1,2,TRUE,,,,,,,,,,,,,,,,,,,,,,,,,,,,,,,,,,,,,,
travel,308572,,,,,,[],4,,,,,,,,,,,,,,,,,,,,,,,,,,,,,,,,,,,,,,,,,,,,,,,,,,
alien_welcome,313574,null,null,,,,,,,,,46,15,92,35,44,47,28,100,53,88,72,21,27,42,114,26,43,85,25,99,57,97,34,56,117,73,94,80,68,103,98,32,84,116,22,86,120,3,93,9,19,115,109,71,30,40,24
land,314077,null,null,,,100,,5,,,,,,,,,,,,,,,,,,,,,,,,,,,,,,,,,,,,,,,,,,,,,,,,,,
dig,316082,,,,,,[],5,,,,,,,,,,,,,,,,,,,,,,,,,,,,,,,,,,,,,,,,,,,,,,,,,,
harvest,317585,null,null,,,57,,5,,,,,,100,0.565981811,0.57,,,,,,,,,,,,,,,,,,,,,,,,,,,,,,,,,,,,,,,,,,
decision,318284,698,65,,,57,,5,,,,,,,,,110826,1,0,FALSE,,,,,,,,,,,,,,,,,,,,,,,,,,,,,,,,,,,,,,
dig,319593,,,,,,[],5,,,,,,,,,,,,,,,,,,,,,,,,,,,,,,,,,,,,,,,,,,,,,,,,,,
harvest,321095,null,null,,,32,,5,,,,,,57,0.556278491,0.561403509,,,,,,,,,,,,,,,,,,,,,,,,,,,,,,,,,,,,,,,,,,
decision,321613,515.9,65,,,32,,5,,,,,,,,,114154,1,1,FALSE,,,,,,,,,,,,,,,,,,,,,,,,,,,,,,,,,,,,,,
dig,323101,,,,,,[],5,,,,,,,,,,,,,,,,,,,,,,,,,,,,,,,,,,,,,,,,,,,,,,,,,,
harvest,324603,null,null,,,14,,5,,,,,,32,0.452323314,0.4375,,,,,,,,,,,,,,,,,,,,,,,,,,,,,,,,,,,,,,,,,,
decision,324684,79.40000004,76,,,14,,5,,,,,,,,,117225,1,2,TRUE,,,,,,,,,,,,,,,,,,,,,,,,,,,,,,,,,,,,,,
travel,334609,,,,,,[],5,,,,,,,,,,,,,,,,,,,,,,,,,,,,,,,,,,,,,,,,,,,,,,,,,,
alien_welcome,339611,null,null,,,,,,,,,119,15,92,35,44,47,28,100,53,88,72,21,27,42,114,26,43,85,25,99,57,97,34,56,117,73,94,80,68,103,98,32,84,116,22,86,120,3,93,9,19,115,109,71,30,40,24
land,340114,null,null,,,94,,6,,,,,,,,,,,,,,,,,,,,,,,,,,,,,,,,,,,,,,,,,,,,,,,,,,
dig,342118,,,,,,[],6,,,,,,,,,,,,,,,,,,,,,,,,,,,,,,,,,,,,,,,,,,,,,,,,,,
harvest,343619,null,null,,,74,,6,,,,,,94,0.788358942,0.787234043,,,,,,,,,,,,,,,,,,,,,,,,,,,,,,,,,,,,,,,,,,
decision,344140,519.3,65,,,74,,6,,,,,,,,,136681,1,0,FALSE,,,,,,,,,,,,,,,,,,,,,,,,,,,,,,,,,,,,,,
dig,345625,,,,,,[],6,,,,,,,,,,,,,,,,,,,,,,,,,,,,,,,,,,,,,,,,,,,,,,,,,,
harvest,347127,null,null,,,56,,6,,,,,,74,0.760227059,0.756756757,,,,,,,,,,,,,,,,,,,,,,,,,,,,,,,,,,,,,,,,,,
decision,347596,467.2,65,,,56,,6,,,,,,,,,140137,1,1,FALSE,,,,,,,,,,,,,,,,,,,,,,,,,,,,,,,,,,,,,,
dig,349144,,,,,,[],6,,,,,,,,,,,,,,,,,,,,,,,,,,,,,,,,,,,,,,,,,,,,,,,,,,
harvest,350647,null,null,,,47,,6,,,,,,56,0.83717143,0.839285714,,,,,,,,,,,,,,,,,,,,,,,,,,,,,,,,,,,,,,,,,,
decision,351500,852,76,,,47,,6,,,,,,,,,144041,1,2,TRUE,,,,,,,,,,,,,,,,,,,,,,,,,,,,,,,,,,,,,,
travel,360650,,,,,,[],6,,,,,,,,,,,,,,,,,,,,,,,,,,,,,,,,,,,,,,,,,,,,,,,,,,
alien_welcome,365653,null,null,,,,,,,,,91,15,92,35,44,47,28,100,53,88,72,21,27,42,114,26,43,85,25,99,57,97,34,56,117,73,94,80,68,103,98,32,84,116,22,86,120,3,93,9,19,115,109,71,30,40,24
land,366155,null,null,,,103,,7,,,,,,,,,,,,,,,,,,,,,,,,,,,,,,,,,,,,,,,,,,,,,,,,,,
dig,368159,,,,,,[],7,,,,,,,,,,,,,,,,,,,,,,,,,,,,,,,,,,,,,,,,,,,,,,,,,,
harvest,369661,null,null,,,76,,7,,,,,,103,0.740326501,0.737864078,,,,,,,,,,,,,,,,,,,,,,,,,,,,,,,,,,,,,,,,,,
decision,370187,524.7,65,,,76,,7,,,,,,,,,162728,1,0,FALSE,,,,,,,,,,,,,,,,,,,,,,,,,,,,,,,,,,,,,,
dig,371664,,,,,,[],7,,,,,,,,,,,,,,,,,,,,,,,,,,,,,,,,,,,,,,,,,,,,,,,,,,
harvest,373167,null,null,,,62,,7,,,,,,76,0.811896964,0.815789474,,,,,,,,,,,,,,,,,,,,,,,,,,,,,,,,,,,,,,,,,,
decision,374779,1610.7,65,,,62,,7,,,,,,,,,167320,1,1,FALSE,,,,,,,,,,,,,,,,,,,,,,,,,,,,,,,,,,,,,,
dig,375171,,,,,,[],7,,,,,,,,,,,,,,,,,,,,,,,,,,,,,,,,,,,,,,,,,,,,,,,,,,
harvest,376674,null,null,,,55,,7,,,,,,62,0.879906262,0.887096774,,,,,,,,,,,,,,,,,,,,,,,,,,,,,,,,,,,,,,,,,,
decision,376971,296.2,76,,,55,,7,,,,,,,,,169513,1,2,TRUE,,,,,,,,,,,,,,,,,,,,,,,,,,,,,,,,,,,,,,
travel,386680,,,,,,[],7,,,,,,,,,,,,,,,,,,,,,,,,,,,,,,,,,,,,,,,,,,,,,,,,,,
alien_welcome,391683,null,null,,,,,,,,,106,15,92,35,44,47,28,100,53,88,72,21,27,42,114,26,43,85,25,99,57,97,34,56,117,73,94,80,68,103,98,32,84,116,22,86,120,3,93,9,19,115,109,71,30,40,24
land,392185,null,null,,,103,,8,,,,,,,,,,,,,,,,,,,,,,,,,,,,,,,,,,,,,,,,,,,,,,,,,,
dig,394189,,,,,,[],8,,,,,,,,,,,,,,,,,,,,,,,,,,,,,,,,,,,,,,,,,,,,,,,,,,
harvest,395692,null,null,,,78,,8,,,,,,103,0.761361579,0.757281553,,,,,,,,,,,,,,,,,,,,,,,,,,,,,,,,,,,,,,,,,,
decision,396363,669.8,65,,,78,,8,,,,,,,,,188904,1,0,FALSE,,,,,,,,,,,,,,,,,,,,,,,,,,,,,,,,,,,,,,
dig,397698,,,,,,[],8,,,,,,,,,,,,,,,,,,,,,,,,,,,,,,,,,,,,,,,,,,,,,,,,,,
harvest,399200,null,null,,,64,,8,,,,,,78,0.821548267,0.820512821,,,,,,,,,,,,,,,,,,,,,,,,,,,,,,,,,,,,,,,,,,
decision,399676,473.9,65,,,64,,8,,,,,,,,,192217,1,1,FALSE,,,,,,,,,,,,,,,,,,,,,,,,,,,,,,,,,,,,,,
dig,401206,,,,,,[],8,,,,,,,,,,,,,,,,,,,,,,,,,,,,,,,,,,,,,,,,,,,,,,,,,,
harvest,402707,null,null,,,53,,8,,,,,,64,0.835934666,0.828125,,,,,,,,,,,,,,,,,,,,,,,,,,,,,,,,,,,,,,,,,,
decision,402763,54,76,,,53,,8,,,,,,,,,195304,1,2,TRUE,,,,,,,,,,,,,,,,,,,,,,,,,,,,,,,,,,,,,,
travel,412713,,,,,,[],8,,,,,,,,,,,,,,,,,,,,,,,,,,,,,,,,,,,,,,,,,,,,,,,,,,
alien_welcome,417715,null,null,,,,,,,,,14,15,92,35,44,47,28,100,53,88,72,21,27,42,114,26,43,85,25,99,57,97,34,56,117,73,94,80,68,103,98,32,84,116,22,86,120,3,93,9,19,115,109,71,30,40,24
land,418217,null,null,,,104,,9,,,,,,,,,,,,,,,,,,,,,,,,,,,,,,,,,,,,,,,,,,,,,,,,,,
dig,420222,,,,,,[],9,,,,,,,,,,,,,,,,,,,,,,,,,,,,,,,,,,,,,,,,,,,,,,,,,,
harvest,421725,null,null,,,23,,9,,,,,,104,0.22417103,0.221153846,,,,,,,,,,,,,,,,,,,,,,,,,,,,,,,,,,,,,,,,,,
decision,422395,669.3,65,,,23,,9,,,,,,,,,214937,1,0,FALSE,,,,,,,,,,,,,,,,,,,,,,,,,,,,,,,,,,,,,,
dig,423730,,,,,,[],9,,,,,,,,,,,,,,,,,,,,,,,,,,,,,,,,,,,,,,,,,,,,,,,,,,
harvest,425232,null,null,,,5,,9,,,,,,23,0.234654777,0.217391304,,,,,,,,,,,,,,,,,,,,,,,,,,,,,,,,,,,,,,,,,,
decision,425820,586.5,76,,,5,,9,,,,,,,,,218361,1,1,TRUE,,,,,,,,,,,,,,,,,,,,,,,,,,,,,,,,,,,,,,
travel,435232,,,,,,[],9,,,,,,,,,,,,,,,,,,,,,,,,,,,,,,,,,,,,,,,,,,,,,,,,,,
alien_welcome,440236,null,null,,,,,,,,,107,15,92,35,44,47,28,100,53,88,72,21,27,42,114,26,43,85,25,99,57,97,34,56,117,73,94,80,68,103,98,32,84,116,22,86,120,3,93,9,19,115,109,71,30,40,24
land,440738,null,null,,,102,,10,,,,,,,,,,,,,,,,,,,,,,,,,,,,,,,,,,,,,,,,,,,,,,,,,,
dig,442742,,,,,,[],10,,,,,,,,,,,,,,,,,,,,,,,,,,,,,,,,,,,,,,,,,,,,,,,,,,
harvest,444244,null,null,,,13,,10,,,,,,102,0.126659248,0.12745098,,,,,,,,,,,,,,,,,,,,,,,,,,,,,,,,,,,,,,,,,,
decision,444603,358,65,,,13,,10,,,,,,,,,237144,1,0,FALSE,,,,,,,,,,,,,,,,,,,,,,,,,,,,,,,,,,,,,,
dig,446249,,,,,,[],10,,,,,,,,,,,,,,,,,,,,,,,,,,,,,,,,,,,,,,,,,,,,,,,,,,
harvest,447751,null,null,,,4,,10,,,,,,13,0.337352032,0.307692308,,,,,,,,,,,,,,,,,,,,,,,,,,,,,,,,,,,,,,,,,,
decision,448155,402.3,65,,,4,,10,,,,,,,,,240696,1,1,FALSE,,,,,,,,,,,,,,,,,,,,,,,,,,,,,,,,,,,,,,
dig,449758,,,,,,[],10,,,,,,,,,,,,,,,,,,,,,,,,,,,,,,,,,,,,,,,,,,,,,,,,,,
harvest,451260,null,null,,,1,,10,,,,,,4,0.189580581,0.25,,,,,,,,,,,,,,,,,,,,,,,,,,,,,,,,,,,,,,,,,,
decision,451435,174.1,76,,,1,,10,,,,,,,,,243976,1,2,TRUE,,,,,,,,,,,,,,,,,,,,,,,,,,,,,,,,,,,,,,
travel,461261,,,,,,[],10,,,,,,,,,,,,,,,,,,,,,,,,,,,,,,,,,,,,,,,,,,,,,,,,,,
alien_welcome,466264,null,null,,,,,,,,,37,15,92,35,44,47,28,100,53,88,72,21,27,42,114,26,43,85,25,99,57,97,34,56,117,73,94,80,68,103,98,32,84,116,22,86,120,3,93,9,19,115,109,71,30,40,24
land,466768,null,null,,,101,,11,,,,,,,,,,,,,,,,,,,,,,,,,,,,,,,,,,,,,,,,,,,,,,,,,,
dig,468773,,,,,,[],11,,,,,,,,,,,,,,,,,,,,,,,,,,,,,,,,,,,,,,,,,,,,,,,,,,
harvest,470276,null,null,,,16,,11,,,,,,101,0.155981777,0.158415842,,,,,,,,,,,,,,,,,,,,,,,,,,,,,,,,,,,,,,,,,,
decision,470747,470.4,65,,,16,,11,,,,,,,,,263289,1,0,FALSE,,,,,,,,,,,,,,,,,,,,,,,,,,,,,,,,,,,,,,
dig,472280,,,,,,[],11,,,,,,,,,,,,,,,,,,,,,,,,,,,,,,,,,,,,,,,,,,,,,,,,,,
harvest,473783,null,null,,,4,,11,,,,,,16,0.268260407,0.25,,,,,,,,,,,,,,,,,,,,,,,,,,,,,,,,,,,,,,,,,,
decision,474235,450.6,65,,,4,,11,,,,,,,,,266776,1,1,FALSE,,,,,,,,,,,,,,,,,,,,,,,,,,,,,,,,,,,,,,
dig,475790,,,,,,[],11,,,,,,,,,,,,,,,,,,,,,,,,,,,,,,,,,,,,,,,,,,,,,,,,,,
harvest,477292,null,null,,,1,,11,,,,,,4,0.169298675,0.25,,,,,,,,,,,,,,,,,,,,,,,,,,,,,,,,,,,,,,,,,,
decision,477898,605.7,76,,,1,,11,,,,,,,,,270439,1,2,TRUE,,,,,,,,,,,,,,,,,,,,,,,,,,,,,,,,,,,,,,
travel,487291,,,,,,[],11,,,,,,,,,,,,,,,,,,,,,,,,,,,,,,,,,,,,,,,,,,,,,,,,,,
alien_welcome,492293,null,null,,,,,,,,,113,15,92,35,44,47,28,100,53,88,72,21,27,42,114,26,43,85,25,99,57,97,34,56,117,73,94,80,68,103,98,32,84,116,22,86,120,3,93,9,19,115,109,71,30,40,24
land,492796,null,null,,,100,,12,,,,,,,,,,,,,,,,,,,,,,,,,,,,,,,,,,,,,,,,,,,,,,,,,,
dig,494799,,,,,,[],12,,,,,,,,,,,,,,,,,,,,,,,,,,,,,,,,,,,,,,,,,,,,,,,,,,
harvest,496302,null,null,,,18,,12,,,,,,100,0.179987385,0.18,,,,,,,,,,,,,,,,,,,,,,,,,,,,,,,,,,,,,,,,,,
decision,496987,683.1,76,,,18,,12,,,,,,,,,289528,1,0,TRUE,,,,,,,,,,,,,,,,,,,,,,,,,,,,,,,,,,,,,,
travel,506308,,,,,,[],12,,,,,,,,,,,,,,,,,,,,,,,,,,,,,,,,,,,,,,,,,,,,,,,,,,
alien_welcome,511310,null,null,,,,,,,,,1,15,92,35,44,47,28,100,53,88,72,21,27,42,114,26,43,85,25,99,57,97,34,56,117,73,94,80,68,103,98,32,84,116,22,86,120,3,93,9,19,115,109,71,30,40,24
land,511812,null,null,,,104,,13,,,,,,,,,,,,,,,,,,,,,,,,,,,,,,,,,,,,,,,,,,,,,,,,,,
dig,513816,,,,,,[],13,,,,,,,,,,,,,,,,,,,,,,,,,,,,,,,,,,,,,,,,,,,,,,,,,,
harvest,515318,null,null,,,20,,13,,,,,,104,0.187559726,0.192307692,,,,,,,,,,,,,,,,,,,,,,,,,,,,,,,,,,,,,,,,,,
decision,515802,483.4,65,,,20,,13,,,,,,,,,308343,1,0,FALSE,,,,,,,,,,,,,,,,,,,,,,,,,,,,,,,,,,,,,,
dig,517320,,,,,,[],13,,,,,,,,,,,,,,,,,,,,,,,,,,,,,,,,,,,,,,,,,,,,,,,,,,
harvest,518823,null,null,,,4,,13,,,,,,20,0.20831227,0.2,,,,,,,,,,,,,,,,,,,,,,,,,,,,,,,,,,,,,,,,,,
decision,519210,386.1,76,,,4,,13,,,,,,,,,311751,1,1,TRUE,,,,,,,,,,,,,,,,,,,,,,,,,,,,,,,,,,,,,,
travel,528828,,,,,,[],13,,,,,,,,,,,,,,,,,,,,,,,,,,,,,,,,,,,,,,,,,,,,,,,,,,
alien_welcome,533831,null,null,,,,,,,,,5,15,92,35,44,47,28,100,53,88,72,21,27,42,114,26,43,85,25,99,57,97,34,56,117,73,94,80,68,103,98,32,84,116,22,86,120,3,93,9,19,115,109,71,30,40,24
land,534332,null,null,,,97,,14,,,,,,,,,,,,,,,,,,,,,,,,,,,,,,,,,,,,,,,,,,,,,,,,,,
dig,536337,,,,,,[],14,,,,,,,,,,,,,,,,,,,,,,,,,,,,,,,,,,,,,,,,,,,,,,,,,,
harvest,537839,null,null,,,78,,14,,,,,,97,0.804422084,0.804123711,,,,,,,,,,,,,,,,,,,,,,,,,,,,,,,,,,,,,,,,,,
decision,537850,9.799999952,65,,,78,,14,,,,,,,,,330391,1,0,FALSE,,,,,,,,,,,,,,,,,,,,,,,,,,,,,,,,,,,,,,
dig,539849,,,,,,[],14,,,,,,,,,,,,,,,,,,,,,,,,,,,,,,,,,,,,,,,,,,,,,,,,,,
harvest,541351,null,null,,,62,,14,,,,,,78,0.800427645,0.794871795,,,,,,,,,,,,,,,,,,,,,,,,,,,,,,,,,,,,,,,,,,
decision,541546,194,76,,,62,,14,,,,,,,,,334087,1,1,TRUE,,,,,,,,,,,,,,,,,,,,,,,,,,,,,,,,,,,,,,
travel,551353,,,,,,[],14,,,,,,,,,,,,,,,,,,,,,,,,,,,,,,,,,,,,,,,,,,,,,,,,,,
alien_welcome,556355,null,null,,,,,,,,,66,15,92,35,44,47,28,100,53,88,72,21,27,42,114,26,43,85,25,99,57,97,34,56,117,73,94,80,68,103,98,32,84,116,22,86,120,3,93,9,19,115,109,71,30,40,24
land,556867,null,null,,,106,,15,,,,,,,,,,,,,,,,,,,,,,,,,,,,,,,,,,,,,,,,,,,,,,,,,,
dig,558871,,,,,,[],15,,,,,,,,,,,,,,,,,,,,,,,,,,,,,,,,,,,,,,,,,,,,,,,,,,
harvest,560372,null,null,,,89,,15,,,,,,106,0.841400911,0.839622642,,,,,,,,,,,,,,,,,,,,,,,,,,,,,,,,,,,,,,,,,,
decision,562375,null,null,,,89,,15,,,,,,,,,354916,1,0,FALSE,,,,,,,,,,,,,,,,,,,,,,,,,,,,,,,,,,,,,,
time_out,564391,null,null,,,89,,,,,,,,,,,,,,,,,,,,,,,,,,,,,,,,,,,,,,,,,,,,,,,,,,,,
decision,564746,352.7,76,,,89,,15,,,,,,,,,357287,1,0,TRUE,,,,,,,,,,,,,,,,,,,,,,,,,,,,,,,,,,,,,,
travel,574391,,,,,,[],15,,,,,,,,,,,,,,,,,,,,,,,,,,,,,,,,,,,,,,,,,,,,,,,,,,
alien_welcome,579393,null,null,,,,,,,,,18,15,92,35,44,47,28,100,53,88,72,21,27,42,114,26,43,85,25,99,57,97,34,56,117,73,94,80,68,103,98,32,84,116,22,86,120,3,93,9,19,115,109,71,30,40,24
land,579895,null,null,,,106,,16,,,,,,,,,,,,,,,,,,,,,,,,,,,,,,,,,,,,,,,,,,,,,,,,,,
dig,581899,,,,,,[],16,,,,,,,,,,,,,,,,,,,,,,,,,,,,,,,,,,,,,,,,,,,,,,,,,,
harvest,583401,null,null,,,61,,16,,,,,,106,0.573913686,0.575471698,,,,,,,,,,,,,,,,,,,,,,,,,,,,,,,,,,,,,,,,,,
decision,584585,1182.9,65,,,61,,16,,,,,,,,,377127,1,0,TRUE,,,,,,,,,,,,,,,,,,,,,,,,,,,,,,,,,,,,,,
catch,587081,2491.6,90,,,61,,,,,,,,,,,,,,,,,,,,,,,,,,,,,,,,,,,,,,,,,,,,,,,,,,,,
end_of_block,588489,1407.4,32,,,,,,,,,,,,,,,,,,,,,,,,,,,,,,,,,,,,,,,,,,,,,,,,,,,,,,,
alien_welcome,593513,null,null,,,,,,,,,6,15,92,35,44,47,28,100,53,88,72,21,27,42,114,26,43,85,25,99,57,97,34,56,117,73,94,80,68,103,98,32,84,116,22,86,120,3,93,9,19,115,109,71,30,40,24
land,594016,null,null,,,103,,17,,,,,,,,,,,,,,,,,,,,,,,,,,,,,,,,,,,,,,,,,,,,,,,,,,
dig,596022,,,,,,[],17,,,,,,,,,,,,,,,,,,,,,,,,,,,,,,,,,,,,,,,,,,,,,,,,,,
harvest,597527,null,null,,,20,,17,,,,,,103,0.193792618,0.194174757,,,,,,,,,,,,,,,,,,,,,,,,,,,,,,,,,,,,,,,,,,
decision,597945,417.2,65,,,20,,17,,,,,,,,,9451,2,0,FALSE,,,,,,,,,,,,,,,,,,,,,,,,,,,,,,,,,,,,,,
dig,599534,,,,,,[],17,,,,,,,,,,,,,,,,,,,,,,,,,,,,,,,,,,,,,,,,,,,,,,,,,,
harvest,601036,null,null,,,4,,17,,,,,,20,0.19311223,0.2,,,,,,,,,,,,,,,,,,,,,,,,,,,,,,,,,,,,,,,,,,
decision,601177,140.2,76,,,4,,17,,,,,,,,,12683,2,1,TRUE,,,,,,,,,,,,,,,,,,,,,,,,,,,,,,,,,,,,,,
travel,611038,,,,,,[],17,,,,,,,,,,,,,,,,,,,,,,,,,,,,,,,,,,,,,,,,,,,,,,,,,,
alien_welcome,616039,null,null,,,,,,,,,108,15,92,35,44,47,28,100,53,88,72,21,27,42,114,26,43,85,25,99,57,97,34,56,117,73,94,80,68,103,98,32,84,116,22,86,120,3,93,9,19,115,109,71,30,40,24
land,616542,null,null,,,89,,18,,,,,,,,,,,,,,,,,,,,,,,,,,,,,,,,,,,,,,,,,,,,,,,,,,
dig,618546,,,,,,[],18,,,,,,,,,,,,,,,,,,,,,,,,,,,,,,,,,,,,,,,,,,,,,,,,,,
harvest,620049,null,null,,,17,,18,,,,,,89,0.188661384,0.191011236,,,,,,,,,,,,,,,,,,,,,,,,,,,,,,,,,,,,,,,,,,
decision,620889,838.8,65,,,17,,18,,,,,,,,,32395,2,0,FALSE,,,,,,,,,,,,,,,,,,,,,,,,,,,,,,,,,,,,,,
dig,622057,,,,,,[],18,,,,,,,,,,,,,,,,,,,,,,,,,,,,,,,,,,,,,,,,,,,,,,,,,,
harvest,623559,null,null,,,3,,18,,,,,,17,0.195790467,0.176470588,,,,,,,,,,,,,,,,,,,,,,,,,,,,,,,,,,,,,,,,,,
decision,623577,17.09999996,76,,,3,,18,,,,,,,,,35084,2,1,TRUE,,,,,,,,,,,,,,,,,,,,,,,,,,,,,,,,,,,,,,
travel,633567,,,,,,[],18,,,,,,,,,,,,,,,,,,,,,,,,,,,,,,,,,,,,,,,,,,,,,,,,,,
alien_welcome,638569,null,null,,,,,,,,,76,15,92,35,44,47,28,100,53,88,72,21,27,42,114,26,43,85,25,99,57,97,34,56,117,73,94,80,68,103,98,32,84,116,22,86,120,3,93,9,19,115,109,71,30,40,24
land,639071,null,null,,,99,,19,,,,,,,,,,,,,,,,,,,,,,,,,,,,,,,,,,,,,,,,,,,,,,,,,,
dig,641075,,,,,,[],19,,,,,,,,,,,,,,,,,,,,,,,,,,,,,,,,,,,,,,,,,,,,,,,,,,
harvest,642576,null,null,,,28,,19,,,,,,99,0.283072196,0.282828283,,,,,,,,,,,,,,,,,,,,,,,,,,,,,,,,,,,,,,,,,,
decision,644578,null,null,,,28,,19,,,,,,,,,56084,2,0,FALSE,,,,,,,,,,,,,,,,,,,,,,,,,,,,,,,,,,,,,,
time_out,646582,null,null,,,28,,,,,,,,,,,,,,,,,,,,,,,,,,,,,,,,,,,,,,,,,,,,,,,,,,,,
decision,647704,1120.7,76,,,28,,19,,,,,,,,,59211,2,0,TRUE,,,,,,,,,,,,,,,,,,,,,,,,,,,,,,,,,,,,,,
travel,656583,,,,,,[],19,,,,,,,,,,,,,,,,,,,,,,,,,,,,,,,,,,,,,,,,,,,,,,,,,,
alien_welcome,661586,null,null,,,,,,,,,38,15,92,35,44,47,28,100,53,88,72,21,27,42,114,26,43,85,25,99,57,97,34,56,117,73,94,80,68,103,98,32,84,116,22,86,120,3,93,9,19,115,109,71,30,40,24
land,662103,null,null,,,96,,20,,,,,,,,,,,,,,,,,,,,,,,,,,,,,,,,,,,,,,,,,,,,,,,,,,
dig,664107,,,,,,[],20,,,,,,,,,,,,,,,,,,,,,,,,,,,,,,,,,,,,,,,,,,,,,,,,,,
harvest,665611,null,null,,,74,,20,,,,,,96,0.771907179,0.770833333,,,,,,,,,,,,,,,,,,,,,,,,,,,,,,,,,,,,,,,,,,
decision,666985,1372.6,65,,,74,,20,,,,,,,,,78491,2,0,FALSE,,,,,,,,,,,,,,,,,,,,,,,,,,,,,,,,,,,,,,
dig,667622,,,,,,[],20,,,,,,,,,,,,,,,,,,,,,,,,,,,,,,,,,,,,,,,,,,,,,,,,,,
harvest,669124,null,null,,,62,,20,,,,,,74,0.832466614,0.837837838,,,,,,,,,,,,,,,,,,,,,,,,,,,,,,,,,,,,,,,,,,
decision,669577,451.2,76,,,62,,20,,,,,,,,,81083,2,1,TRUE,,,,,,,,,,,,,,,,,,,,,,,,,,,,,,,,,,,,,,
travel,679124,,,,,,[],20,,,,,,,,,,,,,,,,,,,,,,,,,,,,,,,,,,,,,,,,,,,,,,,,,,
alien_welcome,684126,null,null,,,,,,,,,118,15,92,35,44,47,28,100,53,88,72,21,27,42,114,26,43,85,25,99,57,97,34,56,117,73,94,80,68,103,98,32,84,116,22,86,120,3,93,9,19,115,109,71,30,40,24
land,684629,null,null,,,103,,21,,,,,,,,,,,,,,,,,,,,,,,,,,,,,,,,,,,,,,,,,,,,,,,,,,
dig,686633,,,,,,[],21,,,,,,,,,,,,,,,,,,,,,,,,,,,,,,,,,,,,,,,,,,,,,,,,,,
harvest,688135,null,null,,,82,,21,,,,,,103,0.797704671,0.796116505,,,,,,,,,,,,,,,,,,,,,,,,,,,,,,,,,,,,,,,,,,
decision,689545,1408.7,65,,,82,,21,,,,,,,,,101051,2,0,FALSE,,,,,,,,,,,,,,,,,,,,,,,,,,,,,,,,,,,,,,
dig,690143,,,,,,[],21,,,,,,,,,,,,,,,,,,,,,,,,,,,,,,,,,,,,,,,,,,,,,,,,,,
harvest,691645,null,null,,,64,,21,,,,,,82,0.784697515,0.780487805,,,,,,,,,,,,,,,,,,,,,,,,,,,,,,,,,,,,,,,,,,
decision,691769,121.9,76,,,64,,21,,,,,,,,,103275,2,1,TRUE,,,,,,,,,,,,,,,,,,,,,,,,,,,,,,,,,,,,,,
travel,701648,,,,,,[],21,,,,,,,,,,,,,,,,,,,,,,,,,,,,,,,,,,,,,,,,,,,,,,,,,,
alien_welcome,706650,null,null,,,,,,,,,65,15,92,35,44,47,28,100,53,88,72,21,27,42,114,26,43,85,25,99,57,97,34,56,117,73,94,80,68,103,98,32,84,116,22,86,120,3,93,9,19,115,109,71,30,40,24
land,707153,null,null,,,96,,22,,,,,,,,,,,,,,,,,,,,,,,,,,,,,,,,,,,,,,,,,,,,,,,,,,
dig,709157,,,,,,[],22,,,,,,,,,,,,,,,,,,,,,,,,,,,,,,,,,,,,,,,,,,,,,,,,,,
harvest,710659,null,null,,,72,,22,,,,,,96,0.745614841,0.75,,,,,,,,,,,,,,,,,,,,,,,,,,,,,,,,,,,,,,,,,,
decision,711112,451.6,65,,,72,,22,,,,,,,,,122618,2,0,FALSE,,,,,,,,,,,,,,,,,,,,,,,,,,,,,,,,,,,,,,
dig,712665,,,,,,[],22,,,,,,,,,,,,,,,,,,,,,,,,,,,,,,,,,,,,,,,,,,,,,,,,,,
harvest,714167,null,null,,,60,,22,,,,,,72,0.830249522,0.833333333,,,,,,,,,,,,,,,,,,,,,,,,,,,,,,,,,,,,,,,,,,
decision,714968,800.2,76,,,60,,22,,,,,,,,,126474,2,1,TRUE,,,,,,,,,,,,,,,,,,,,,,,,,,,,,,,,,,,,,,
travel,724173,,,,,,[],22,,,,,,,,,,,,,,,,,,,,,,,,,,,,,,,,,,,,,,,,,,,,,,,,,,
alien_welcome,729176,null,null,,,,,,,,,67,15,92,35,44,47,28,100,53,88,72,21,27,42,114,26,43,85,25,99,57,97,34,56,117,73,94,80,68,103,98,32,84,116,22,86,120,3,93,9,19,115,109,71,30,40,24
land,729678,null,null,,,91,,23,,,,,,,,,,,,,,,,,,,,,,,,,,,,,,,,,,,,,,,,,,,,,,,,,,
dig,731681,,,,,,[],23,,,,,,,,,,,,,,,,,,,,,,,,,,,,,,,,,,,,,,,,,,,,,,,,,,
harvest,733183,null,null,,,64,,23,,,,,,91,0.704301151,0.703296703,,,,,,,,,,,,,,,,,,,,,,,,,,,,,,,,,,,,,,,,,,
decision,735185,null,null,,,64,,23,,,,,,,,,146691,2,0,FALSE,,,,,,,,,,,,,,,,,,,,,,,,,,,,,,,,,,,,,,
time_out,737189,null,null,,,64,,,,,,,,,,,,,,,,,,,,,,,,,,,,,,,,,,,,,,,,,,,,,,,,,,,,
decision,737720,528.7,76,,,64,,23,,,,,,,,,149226,2,0,TRUE,,,,,,,,,,,,,,,,,,,,,,,,,,,,,,,,,,,,,,
travel,747194,,,,,,[],23,,,,,,,,,,,,,,,,,,,,,,,,,,,,,,,,,,,,,,,,,,,,,,,,,,
alien_welcome,752196,null,null,,,,,,,,,7,15,92,35,44,47,28,100,53,88,72,21,27,42,114,26,43,85,25,99,57,97,34,56,117,73,94,80,68,103,98,32,84,116,22,86,120,3,93,9,19,115,109,71,30,40,24
land,752698,null,null,,,100,,24,,,,,,,,,,,,,,,,,,,,,,,,,,,,,,,,,,,,,,,,,,,,,,,,,,
dig,754702,,,,,,[],24,,,,,,,,,,,,,,,,,,,,,,,,,,,,,,,,,,,,,,,,,,,,,,,,,,
harvest,756209,null,null,,,80,,24,,,,,,100,0.804244241,0.8,,,,,,,,,,,,,,,,,,,,,,,,,,,,,,,,,,,,,,,,,,
decision,758212,null,null,,,80,,24,,,,,,,,,169718,2,0,FALSE,,,,,,,,,,,,,,,,,,,,,,,,,,,,,,,,,,,,,,
time_out,760215,null,null,,,80,,,,,,,,,,,,,,,,,,,,,,,,,,,,,,,,,,,,,,,,,,,,,,,,,,,,
decision,760839,623,65,,,80,,24,,,,,,,,,172346,2,0,FALSE,,,,,,,,,,,,,,,,,,,,,,,,,,,,,,,,,,,,,,
dig,762224,,,,,,[],24,,,,,,,,,,,,,,,,,,,,,,,,,,,,,,,,,,,,,,,,,,,,,,,,,,
harvest,763726,null,null,,,65,,24,,,,,,80,0.818731034,0.8125,,,,,,,,,,,,,,,,,,,,,,,,,,,,,,,,,,,,,,,,,,
decision,764039,312,76,,,65,,24,,,,,,,,,175546,2,1,TRUE,,,,,,,,,,,,,,,,,,,,,,,,,,,,,,,,,,,,,,
travel,773734,,,,,,[],24,,,,,,,,,,,,,,,,,,,,,,,,,,,,,,,,,,,,,,,,,,,,,,,,,,
alien_welcome,778736,null,null,,,,,,,,,13,15,92,35,44,47,28,100,53,88,72,21,27,42,114,26,43,85,25,99,57,97,34,56,117,73,94,80,68,103,98,32,84,116,22,86,120,3,93,9,19,115,109,71,30,40,24
land,779239,null,null,,,99,,25,,,,,,,,,,,,,,,,,,,,,,,,,,,,,,,,,,,,,,,,,,,,,,,,,,
dig,781243,,,,,,[],25,,,,,,,,,,,,,,,,,,,,,,,,,,,,,,,,,,,,,,,,,,,,,,,,,,
harvest,782745,null,null,,,47,,25,,,,,,99,0.472207523,0.474747475,,,,,,,,,,,,,,,,,,,,,,,,,,,,,,,,,,,,,,,,,,
decision,784343,1596.7,65,,,47,,25,,,,,,,,,195849,2,0,FALSE,,,,,,,,,,,,,,,,,,,,,,,,,,,,,,,,,,,,,,
dig,784752,,,,,,[],25,,,,,,,,,,,,,,,,,,,,,,,,,,,,,,,,,,,,,,,,,,,,,,,,,,
harvest,786254,null,null,,,29,,25,,,,,,47,0.620454223,0.617021277,,,,,,,,,,,,,,,,,,,,,,,,,,,,,,,,,,,,,,,,,,
decision,788256,null,null,,,29,,25,,,,,,,,,199762,2,1,FALSE,,,,,,,,,,,,,,,,,,,,,,,,,,,,,,,,,,,,,,
time_out,790260,null,null,,,29,,,,,,,,,,,,,,,,,,,,,,,,,,,,,,,,,,,,,,,,,,,,,,,,,,,,
decision,791703,1441.2,65,,,29,,25,,,,,,,,,203209,2,1,FALSE,,,,,,,,,,,,,,,,,,,,,,,,,,,,,,,,,,,,,,
dig,792269,,,,,,[],25,,,,,,,,,,,,,,,,,,,,,,,,,,,,,,,,,,,,,,,,,,,,,,,,,,
harvest,793770,null,null,,,15,,25,,,,,,29,0.505140391,0.517241379,,,,,,,,,,,,,,,,,,,,,,,,,,,,,,,,,,,,,,,,,,
decision,795773,null,null,,,15,,25,,,,,,,,,207279,2,2,FALSE,,,,,,,,,,,,,,,,,,,,,,,,,,,,,,,,,,,,,,
time_out,797779,null,null,,,15,,,,,,,,,,,,,,,,,,,,,,,,,,,,,,,,,,,,,,,,,,,,,,,,,,,,
decision,798327,546.5,65,,,15,,25,,,,,,,,,209833,2,2,FALSE,,,,,,,,,,,,,,,,,,,,,,,,,,,,,,,,,,,,,,
dig,799784,,,,,,[],25,,,,,,,,,,,,,,,,,,,,,,,,,,,,,,,,,,,,,,,,,,,,,,,,,,
harvest,801287,null,null,,,7,,25,,,,,,15,0.439456514,0.466666667,,,,,,,,,,,,,,,,,,,,,,,,,,,,,,,,,,,,,,,,,,
decision,801575,286.4,76,,,7,,25,,,,,,,,,213081,2,3,TRUE,,,,,,,,,,,,,,,,,,,,,,,,,,,,,,,,,,,,,,
travel,811292,,,,,,[],25,,,,,,,,,,,,,,,,,,,,,,,,,,,,,,,,,,,,,,,,,,,,,,,,,,
alien_welcome,816295,null,null,,,,,,,,,4,15,92,35,44,47,28,100,53,88,72,21,27,42,114,26,43,85,25,99,57,97,34,56,117,73,94,80,68,103,98,32,84,116,22,86,120,3,93,9,19,115,109,71,30,40,24
land,816797,null,null,,,92,,26,,,,,,,,,,,,,,,,,,,,,,,,,,,,,,,,,,,,,,,,,,,,,,,,,,
dig,818802,,,,,,[],26,,,,,,,,,,,,,,,,,,,,,,,,,,,,,,,,,,,,,,,,,,,,,,,,,,
harvest,820304,null,null,,,68,,26,,,,,,92,0.738835392,0.739130435,,,,,,,,,,,,,,,,,,,,,,,,,,,,,,,,,,,,,,,,,,
decision,821687,1381.8,65,,,68,,26,,,,,,,,,233193,2,0,FALSE,,,,,,,,,,,,,,,,,,,,,,,,,,,,,,,,,,,,,,
dig,822312,,,,,,[],26,,,,,,,,,,,,,,,,,,,,,,,,,,,,,,,,,,,,,,,,,,,,,,,,,,
harvest,823814,null,null,,,50,,26,,,,,,68,0.73676126,0.735294118,,,,,,,,,,,,,,,,,,,,,,,,,,,,,,,,,,,,,,,,,,
decision,824423,606.9,65,,,50,,26,,,,,,,,,235929,2,1,FALSE,,,,,,,,,,,,,,,,,,,,,,,,,,,,,,,,,,,,,,
dig,825821,,,,,,[],26,,,,,,,,,,,,,,,,,,,,,,,,,,,,,,,,,,,,,,,,,,,,,,,,,,
harvest,827324,null,null,,,45,,26,,,,,,50,0.904817913,0.9,,,,,,,,,,,,,,,,,,,,,,,,,,,,,,,,,,,,,,,,,,
decision,827735,409.1,76,,,45,,26,,,,,,,,,239241,2,2,TRUE,,,,,,,,,,,,,,,,,,,,,,,,,,,,,,,,,,,,,,
travel,837327,,,,,,[],26,,,,,,,,,,,,,,,,,,,,,,,,,,,,,,,,,,,,,,,,,,,,,,,,,,
alien_welcome,842329,null,null,,,,,,,,,39,15,92,35,44,47,28,100,53,88,72,21,27,42,114,26,43,85,25,99,57,97,34,56,117,73,94,80,68,103,98,32,84,116,22,86,120,3,93,9,19,115,109,71,30,40,24
land,842832,null,null,,,103,,27,,,,,,,,,,,,,,,,,,,,,,,,,,,,,,,,,,,,,,,,,,,,,,,,,,
dig,844836,,,,,,[],27,,,,,,,,,,,,,,,,,,,,,,,,,,,,,,,,,,,,,,,,,,,,,,,,,,
harvest,846338,null,null,,,88,,27,,,,,,103,0.858479543,0.854368932,,,,,,,,,,,,,,,,,,,,,,,,,,,,,,,,,,,,,,,,,,
decision,846550,211.4,65,,,88,,27,,,,,,,,,258056,2,0,FALSE,,,,,,,,,,,,,,,,,,,,,,,,,,,,,,,,,,,,,,
dig,848342,,,,,,[],27,,,,,,,,,,,,,,,,,,,,,,,,,,,,,,,,,,,,,,,,,,,,,,,,,,
harvest,849845,null,null,,,76,,27,,,,,,88,0.862912768,0.863636364,,,,,,,,,,,,,,,,,,,,,,,,,,,,,,,,,,,,,,,,,,
decision,850166,320.3,65,,,76,,27,,,,,,,,,261672,2,1,FALSE,,,,,,,,,,,,,,,,,,,,,,,,,,,,,,,,,,,,,,
dig,851848,,,,,,[],27,,,,,,,,,,,,,,,,,,,,,,,,,,,,,,,,,,,,,,,,,,,,,,,,,,
harvest,853358,null,null,,,62,,27,,,,,,76,0.817230773,0.815789474,,,,,,,,,,,,,,,,,,,,,,,,,,,,,,,,,,,,,,,,,,
decision,853670,311.1,76,,,62,,27,,,,,,,,,265176,2,2,TRUE,,,,,,,,,,,,,,,,,,,,,,,,,,,,,,,,,,,,,,
travel,863359,,,,,,[],27,,,,,,,,,,,,,,,,,,,,,,,,,,,,,,,,,,,,,,,,,,,,,,,,,,
alien_welcome,868362,null,null,,,,,,,,,64,15,92,35,44,47,28,100,53,88,72,21,27,42,114,26,43,85,25,99,57,97,34,56,117,73,94,80,68,103,98,32,84,116,22,86,120,3,93,9,19,115,109,71,30,40,24
land,868865,null,null,,,104,,28,,,,,,,,,,,,,,,,,,,,,,,,,,,,,,,,,,,,,,,,,,,,,,,,,,
dig,870870,,,,,,[],28,,,,,,,,,,,,,,,,,,,,,,,,,,,,,,,,,,,,,,,,,,,,,,,,,,
harvest,872371,null,null,,,14,,28,,,,,,104,0.135224355,0.134615385,,,,,,,,,,,,,,,,,,,,,,,,,,,,,,,,,,,,,,,,,,
decision,872678,305.7,65,,,14,,28,,,,,,,,,284185,2,0,FALSE,,,,,,,,,,,,,,,,,,,,,,,,,,,,,,,,,,,,,,
dig,874378,,,,,,[],28,,,,,,,,,,,,,,,,,,,,,,,,,,,,,,,,,,,,,,,,,,,,,,,,,,
harvest,875880,null,null,,,3,,28,,,,,,14,0.188460653,0.214285714,,,,,,,,,,,,,,,,,,,,,,,,,,,,,,,,,,,,,,,,,,
decision,876246,364.8,65,,,3,,28,,,,,,,,,287753,2,1,FALSE,,,,,,,,,,,,,,,,,,,,,,,,,,,,,,,,,,,,,,
dig,877889,,,,,,[],28,,,,,,,,,,,,,,,,,,,,,,,,,,,,,,,,,,,,,,,,,,,,,,,,,,
harvest,879391,null,null,,,1,,28,,,,,,3,0.231399675,0.333333333,,,,,,,,,,,,,,,,,,,,,,,,,,,,,,,,,,,,,,,,,,
decision,879718,325.5,76,,,1,,28,,,,,,,,,291224,2,2,TRUE,,,,,,,,,,,,,,,,,,,,,,,,,,,,,,,,,,,,,,
travel,889390,,,,,,[],28,,,,,,,,,,,,,,,,,,,,,,,,,,,,,,,,,,,,,,,,,,,,,,,,,,
alien_welcome,894395,null,null,,,,,,,,,89,15,92,35,44,47,28,100,53,88,72,21,27,42,114,26,43,85,25,99,57,97,34,56,117,73,94,80,68,103,98,32,84,116,22,86,120,3,93,9,19,115,109,71,30,40,24
land,894897,null,null,,,98,,29,,,,,,,,,,,,,,,,,,,,,,,,,,,,,,,,,,,,,,,,,,,,,,,,,,
dig,896902,,,,,,[],29,,,,,,,,,,,,,,,,,,,,,,,,,,,,,,,,,,,,,,,,,,,,,,,,,,
harvest,898404,null,null,,,15,,29,,,,,,98,0.151198646,0.153061224,,,,,,,,,,,,,,,,,,,,,,,,,,,,,,,,,,,,,,,,,,
decision,899286,880.9,65,,,15,,29,,,,,,,,,310792,2,0,FALSE,,,,,,,,,,,,,,,,,,,,,,,,,,,,,,,,,,,,,,
dig,900413,,,,,,[],29,,,,,,,,,,,,,,,,,,,,,,,,,,,,,,,,,,,,,,,,,,,,,,,,,,
harvest,901914,null,null,,,1,,29,,,,,,15,0.09651023,0.066666667,,,,,,,,,,,,,,,,,,,,,,,,,,,,,,,,,,,,,,,,,,
decision,902310,394,76,,,1,,29,,,,,,,,,313816,2,1,TRUE,,,,,,,,,,,,,,,,,,,,,,,,,,,,,,,,,,,,,,
travel,911918,,,,,,[],29,,,,,,,,,,,,,,,,,,,,,,,,,,,,,,,,,,,,,,,,,,,,,,,,,,
alien_welcome,916921,null,null,,,,,,,,,51,15,92,35,44,47,28,100,53,88,72,21,27,42,114,26,43,85,25,99,57,97,34,56,117,73,94,80,68,103,98,32,84,116,22,86,120,3,93,9,19,115,109,71,30,40,24
land,917424,null,null,,,104,,30,,,,,,,,,,,,,,,,,,,,,,,,,,,,,,,,,,,,,,,,,,,,,,,,,,
dig,919429,,,,,,[],30,,,,,,,,,,,,,,,,,,,,,,,,,,,,,,,,,,,,,,,,,,,,,,,,,,
harvest,920931,null,null,,,22,,30,,,,,,104,0.208873969,0.211538462,,,,,,,,,,,,,,,,,,,,,,,,,,,,,,,,,,,,,,,,,,
decision,921509,576.7,65,,,22,,30,,,,,,,,,333016,2,0,FALSE,,,,,,,,,,,,,,,,,,,,,,,,,,,,,,,,,,,,,,
dig,922940,,,,,,[],30,,,,,,,,,,,,,,,,,,,,,,,,,,,,,,,,,,,,,,,,,,,,,,,,,,
harvest,924443,null,null,,,6,,30,,,,,,22,0.270161446,0.272727273,,,,,,,,,,,,,,,,,,,,,,,,,,,,,,,,,,,,,,,,,,
decision,925078,633.6,65,,,6,,30,,,,,,,,,336584,2,1,FALSE,,,,,,,,,,,,,,,,,,,,,,,,,,,,,,,,,,,,,,
dig,926450,,,,,,[],30,,,,,,,,,,,,,,,,,,,,,,,,,,,,,,,,,,,,,,,,,,,,,,,,,,
harvest,927953,null,null,,,1,,30,,,,,,6,0.136724095,0.166666667,,,,,,,,,,,,,,,,,,,,,,,,,,,,,,,,,,,,,,,,,,
decision,928357,401.9,76,,,1,,30,,,,,,,,,339864,2,2,TRUE,,,,,,,,,,,,,,,,,,,,,,,,,,,,,,,,,,,,,,
travel,937960,,,,,,[],30,,,,,,,,,,,,,,,,,,,,,,,,,,,,,,,,,,,,,,,,,,,,,,,,,,
alien_welcome,942963,null,null,,,,,,,,,16,15,92,35,44,47,28,100,53,88,72,21,27,42,114,26,43,85,25,99,57,97,34,56,117,73,94,80,68,103,98,32,84,116,22,86,120,3,93,9,19,115,109,71,30,40,24
land,943465,null,null,,,98,,31,,,,,,,,,,,,,,,,,,,,,,,,,,,,,,,,,,,,,,,,,,,,,,,,,,
dig,945470,,,,,,[],31,,,,,,,,,,,,,,,,,,,,,,,,,,,,,,,,,,,,,,,,,,,,,,,,,,
harvest,946972,null,null,,,27,,31,,,,,,98,0.270985045,0.275510204,,,,,,,,,,,,,,,,,,,,,,,,,,,,,,,,,,,,,,,,,,
decision,947749,776.3,65,,,27,,31,,,,,,,,,359255,2,0,FALSE,,,,,,,,,,,,,,,,,,,,,,,,,,,,,,,,,,,,,,
dig,948978,,,,,,[],31,,,,,,,,,,,,,,,,,,,,,,,,,,,,,,,,,,,,,,,,,,,,,,,,,,
harvest,950480,null,null,,,6,,31,,,,,,27,0.218554697,0.222222222,,,,,,,,,,,,,,,,,,,,,,,,,,,,,,,,,,,,,,,,,,
decision,951749,1267.1,76,,,6,,31,,,,,,,,,363256,2,1,TRUE,,,,,,,,,,,,,,,,,,,,,,,,,,,,,,,,,,,,,,
end_of_block,953206,1449.4,32,,,,,,,,,,,,,,,,,,,,,,,,,,,,,,,,,,,,,,,,,,,,,,,,,,,,,,,
alien_welcome,958230,null,null,,,,,,,,,102,15,92,35,44,47,28,100,53,88,72,21,27,42,114,26,43,85,25,99,57,97,34,56,117,73,94,80,68,103,98,32,84,116,22,86,120,3,93,9,19,115,109,71,30,40,24
land,958732,null,null,,,107,,32,,,,,,,,,,,,,,,,,,,,,,,,,,,,,,,,,,,,,,,,,,,,,,,,,,
dig,960737,,,,,,[],32,,,,,,,,,,,,,,,,,,,,,,,,,,,,,,,,,,,,,,,,,,,,,,,,,,
harvest,962251,null,null,,,48,,32,,,,,,107,0.445481005,0.448598131,,,,,,,,,,,,,,,,,,,,,,,,,,,,,,,,,,,,,,,,,,
decision,962885,631.8,65,,,48,,32,,,,,,,,,9675,3,0,FALSE,,,,,,,,,,,,,,,,,,,,,,,,,,,,,,,,,,,,,,
dig,964259,,,,,,[],32,,,,,,,,,,,,,,,,,,,,,,,,,,,,,,,,,,,,,,,,,,,,,,,,,,
harvest,965761,null,null,,,26,,32,,,,,,48,0.542672723,0.541666667,,,,,,,,,,,,,,,,,,,,,,,,,,,,,,,,,,,,,,,,,,
decision,967762,null,null,,,26,,32,,,,,,,,,14553,3,1,FALSE,,,,,,,,,,,,,,,,,,,,,,,,,,,,,,,,,,,,,,
time_out,969769,null,null,,,26,,,,,,,,,,,,,,,,,,,,,,,,,,,,,,,,,,,,,,,,,,,,,,,,,,,,
decision,970149,378.3,76,,,26,,32,,,,,,,,,16939,3,1,TRUE,,,,,,,,,,,,,,,,,,,,,,,,,,,,,,,,,,,,,,
travel,979776,,,,,,[],32,,,,,,,,,,,,,,,,,,,,,,,,,,,,,,,,,,,,,,,,,,,,,,,,,,
alien_welcome,984778,null,null,,,,,,,,,33,15,92,35,44,47,28,100,53,88,72,21,27,42,114,26,43,85,25,99,57,97,34,56,117,73,94,80,68,103,98,32,84,116,22,86,120,3,93,9,19,115,109,71,30,40,24
land,985280,null,null,,,97,,33,,,,,,,,,,,,,,,,,,,,,,,,,,,,,,,,,,,,,,,,,,,,,,,,,,
dig,987285,,,,,,[],33,,,,,,,,,,,,,,,,,,,,,,,,,,,,,,,,,,,,,,,,,,,,,,,,,,
harvest,988788,null,null,,,82,,33,,,,,,97,0.842539548,0.845360825,,,,,,,,,,,,,,,,,,,,,,,,,,,,,,,,,,,,,,,,,,
decision,989205,416.3,65,,,82,,33,,,,,,,,,35996,3,0,FALSE,,,,,,,,,,,,,,,,,,,,,,,,,,,,,,,,,,,,,,
dig,990802,,,,,,[],33,,,,,,,,,,,,,,,,,,,,,,,,,,,,,,,,,,,,,,,,,,,,,,,,,,
harvest,992304,null,null,,,66,,33,,,,,,82,0.804422035,0.804878049,,,,,,,,,,,,,,,,,,,,,,,,,,,,,,,,,,,,,,,,,,
decision,992901,595.5,76,,,66,,33,,,,,,,,,39691,3,1,TRUE,,,,,,,,,,,,,,,,,,,,,,,,,,,,,,,,,,,,,,
travel,1002306,,,,,,[],33,,,,,,,,,,,,,,,,,,,,,,,,,,,,,,,,,,,,,,,,,,,,,,,,,,
alien_welcome,1007309,null,null,,,,,,,,,101,15,92,35,44,47,28,100,53,88,72,21,27,42,114,26,43,85,25,99,57,97,34,56,117,73,94,80,68,103,98,32,84,116,22,86,120,3,93,9,19,115,109,71,30,40,24
land,1007811,null,null,,,95,,34,,,,,,,,,,,,,,,,,,,,,,,,,,,,,,,,,,,,,,,,,,,,,,,,,,
dig,1009815,,,,,,[],34,,,,,,,,,,,,,,,,,,,,,,,,,,,,,,,,,,,,,,,,,,,,,,,,,,
harvest,1011317,null,null,,,47,,34,,,,,,95,0.493222877,0.494736842,,,,,,,,,,,,,,,,,,,,,,,,,,,,,,,,,,,,,,,,,,
decision,1011749,430.3,65,,,47,,34,,,,,,,,,58539,3,0,FALSE,,,,,,,,,,,,,,,,,,,,,,,,,,,,,,,,,,,,,,
dig,1013326,,,,,,[],34,,,,,,,,,,,,,,,,,,,,,,,,,,,,,,,,,,,,,,,,,,,,,,,,,,
harvest,1014829,null,null,,,23,,34,,,,,,47,0.489323576,0.489361702,,,,,,,,,,,,,,,,,,,,,,,,,,,,,,,,,,,,,,,,,,
decision,1016005,1174.6,65,,,23,,34,,,,,,,,,62795,3,1,FALSE,,,,,,,,,,,,,,,,,,,,,,,,,,,,,,,,,,,,,,
dig,1016836,,,,,,[],34,,,,,,,,,,,,,,,,,,,,,,,,,,,,,,,,,,,,,,,,,,,,,,,,,,
harvest,1018339,null,null,,,12,,34,,,,,,23,0.530754281,0.52173913,,,,,,,,,,,,,,,,,,,,,,,,,,,,,,,,,,,,,,,,,,
decision,1020341,2000,76,,,12,,34,,,,,,,,,67132,3,2,TRUE,,,,,,,,,,,,,,,,,,,,,,,,,,,,,,,,,,,,,,
travel,1028342,,,,,,[],34,,,,,,,,,,,,,,,,,,,,,,,,,,,,,,,,,,,,,,,,,,,,,,,,,,
alien_welcome,1033345,null,null,,,,,,,,,50,15,92,35,44,47,28,100,53,88,72,21,27,42,114,26,43,85,25,99,57,97,34,56,117,73,94,80,68,103,98,32,84,116,22,86,120,3,93,9,19,115,109,71,30,40,24
land,1033847,null,null,,,102,,35,,,,,,,,,,,,,,,,,,,,,,,,,,,,,,,,,,,,,,,,,,,,,,,,,,
dig,1035851,,,,,,[],35,,,,,,,,,,,,,,,,,,,,,,,,,,,,,,,,,,,,,,,,,,,,,,,,,,
harvest,1037354,null,null,,,52,,35,,,,,,102,0.509039828,0.509803922,,,,,,,,,,,,,,,,,,,,,,,,,,,,,,,,,,,,,,,,,,
decision,1039357,null,null,,,52,,35,,,,,,,,,86148,3,0,FALSE,,,,,,,,,,,,,,,,,,,,,,,,,,,,,,,,,,,,,,
time_out,1041367,null,null,,,52,,,,,,,,,,,,,,,,,,,,,,,,,,,,,,,,,,,,,,,,,,,,,,,,,,,,
decision,1042069,699.3,65,,,52,,35,,,,,,,,,88859,3,0,FALSE,,,,,,,,,,,,,,,,,,,,,,,,,,,,,,,,,,,,,,
dig,1043376,,,,,,[],35,,,,,,,,,,,,,,,,,,,,,,,,,,,,,,,,,,,,,,,,,,,,,,,,,,
harvest,1044879,null,null,,,26,,35,,,,,,52,0.509221922,0.5,,,,,,,,,,,,,,,,,,,,,,,,,,,,,,,,,,,,,,,,,,
decision,1045845,964.6,65,,,26,,35,,,,,,,,,92635,3,1,FALSE,,,,,,,,,,,,,,,,,,,,,,,,,,,,,,,,,,,,,,
dig,1046888,,,,,,[],35,,,,,,,,,,,,,,,,,,,,,,,,,,,,,,,,,,,,,,,,,,,,,,,,,,
harvest,1048391,null,null,,,13,,35,,,,,,26,0.48583373,0.5,,,,,,,,,,,,,,,,,,,,,,,,,,,,,,,,,,,,,,,,,,
decision,1048900,508.5,65,,,13,,35,,,,,,,,,95691,3,2,FALSE,,,,,,,,,,,,,,,,,,,,,,,,,,,,,,,,,,,,,,
dig,1050399,,,,,,[],35,,,,,,,,,,,,,,,,,,,,,,,,,,,,,,,,,,,,,,,,,,,,,,,,,,
harvest,1051902,null,null,,,7,,35,,,,,,13,0.528593295,0.538461538,,,,,,,,,,,,,,,,,,,,,,,,,,,,,,,,,,,,,,,,,,
decision,1053076,1172.8,76,,,7,,35,,,,,,,,,99867,3,3,TRUE,,,,,,,,,,,,,,,,,,,,,,,,,,,,,,,,,,,,,,
travel,1061904,,,,,,[],35,,,,,,,,,,,,,,,,,,,,,,,,,,,,,,,,,,,,,,,,,,,,,,,,,,
alien_welcome,1066906,null,null,,,,,,,,,96,15,92,35,44,47,28,100,53,88,72,21,27,42,114,26,43,85,25,99,57,97,34,56,117,73,94,80,68,103,98,32,84,116,22,86,120,3,93,9,19,115,109,71,30,40,24
land,1067408,null,null,,,99,,36,,,,,,,,,,,,,,,,,,,,,,,,,,,,,,,,,,,,,,,,,,,,,,,,,,
dig,1069413,,,,,,[],36,,,,,,,,,,,,,,,,,,,,,,,,,,,,,,,,,,,,,,,,,,,,,,,,,,
harvest,1070915,null,null,,,48,,36,,,,,,99,0.487330489,0.484848485,,,,,,,,,,,,,,,,,,,,,,,,,,,,,,,,,,,,,,,,,,
decision,1071588,671.7,65,,,48,,36,,,,,,,,,118379,3,0,FALSE,,,,,,,,,,,,,,,,,,,,,,,,,,,,,,,,,,,,,,
dig,1072922,,,,,,[],36,,,,,,,,,,,,,,,,,,,,,,,,,,,,,,,,,,,,,,,,,,,,,,,,,,
harvest,1074424,null,null,,,26,,36,,,,,,48,0.550702778,0.541666667,,,,,,,,,,,,,,,,,,,,,,,,,,,,,,,,,,,,,,,,,,
decision,1074964,538.1,76,,,26,,36,,,,,,,,,121754,3,1,TRUE,,,,,,,,,,,,,,,,,,,,,,,,,,,,,,,,,,,,,,
travel,1084428,,,,,,[],36,,,,,,,,,,,,,,,,,,,,,,,,,,,,,,,,,,,,,,,,,,,,,,,,,,
alien_welcome,1089429,null,null,,,,,,,,,111,15,92,35,44,47,28,100,53,88,72,21,27,42,114,26,43,85,25,99,57,97,34,56,117,73,94,80,68,103,98,32,84,116,22,86,120,3,93,9,19,115,109,71,30,40,24
land,1089932,null,null,,,97,,37,,,,,,,,,,,,,,,,,,,,,,,,,,,,,,,,,,,,,,,,,,,,,,,,,,
dig,1091935,,,,,,[],37,,,,,,,,,,,,,,,,,,,,,,,,,,,,,,,,,,,,,,,,,,,,,,,,,,
harvest,1093438,null,null,,,46,,37,,,,,,97,0.478640763,0.474226804,,,,,,,,,,,,,,,,,,,,,,,,,,,,,,,,,,,,,,,,,,
decision,1094051,611.8,65,,,46,,37,,,,,,,,,140841,3,0,FALSE,,,,,,,,,,,,,,,,,,,,,,,,,,,,,,,,,,,,,,
dig,1095448,,,,,,[],37,,,,,,,,,,,,,,,,,,,,,,,,,,,,,,,,,,,,,,,,,,,,,,,,,,
harvest,1096950,null,null,,,23,,37,,,,,,46,0.510143577,0.5,,,,,,,,,,,,,,,,,,,,,,,,,,,,,,,,,,,,,,,,,,
decision,1097459,507.9,65,,,23,,37,,,,,,,,,144250,3,1,FALSE,,,,,,,,,,,,,,,,,,,,,,,,,,,,,,,,,,,,,,
dig,1098958,,,,,,[],37,,,,,,,,,,,,,,,,,,,,,,,,,,,,,,,,,,,,,,,,,,,,,,,,,,
harvest,1100461,null,null,,,12,,37,,,,,,23,0.506590878,0.52173913,,,,,,,,,,,,,,,,,,,,,,,,,,,,,,,,,,,,,,,,,,
decision,1100563,101.1,76,,,12,,37,,,,,,,,,147354,3,2,TRUE,,,,,,,,,,,,,,,,,,,,,,,,,,,,,,,,,,,,,,
travel,1110462,,,,,,[],37,,,,,,,,,,,,,,,,,,,,,,,,,,,,,,,,,,,,,,,,,,,,,,,,,,
alien_welcome,1115465,null,null,,,,,,,,,63,15,92,35,44,47,28,100,53,88,72,21,27,42,114,26,43,85,25,99,57,97,34,56,117,73,94,80,68,103,98,32,84,116,22,86,120,3,93,9,19,115,109,71,30,40,24
land,1115968,null,null,,,100,,38,,,,,,,,,,,,,,,,,,,,,,,,,,,,,,,,,,,,,,,,,,,,,,,,,,
dig,1117972,,,,,,[],38,,,,,,,,,,,,,,,,,,,,,,,,,,,,,,,,,,,,,,,,,,,,,,,,,,
harvest,1119475,null,null,,,88,,38,,,,,,100,0.879956384,0.88,,,,,,,,,,,,,,,,,,,,,,,,,,,,,,,,,,,,,,,,,,
decision,1120403,926.9,65,,,88,,38,,,,,,,,,167193,3,0,FALSE,,,,,,,,,,,,,,,,,,,,,,,,,,,,,,,,,,,,,,
dig,1121483,,,,,,[],38,,,,,,,,,,,,,,,,,,,,,,,,,,,,,,,,,,,,,,,,,,,,,,,,,,
harvest,1122986,null,null,,,76,,38,,,,,,88,0.864930501,0.863636364,,,,,,,,,,,,,,,,,,,,,,,,,,,,,,,,,,,,,,,,,,
decision,1123476,487.9,65,,,76,,38,,,,,,,,,170266,3,1,FALSE,,,,,,,,,,,,,,,,,,,,,,,,,,,,,,,,,,,,,,
dig,1124997,,,,,,[],38,,,,,,,,,,,,,,,,,,,,,,,,,,,,,,,,,,,,,,,,,,,,,,,,,,
harvest,1126498,null,null,,,56,,38,,,,,,76,0.739022343,0.736842105,,,,,,,,,,,,,,,,,,,,,,,,,,,,,,,,,,,,,,,,,,
decision,1127107,607.1,76,,,56,,38,,,,,,,,,173897,3,2,TRUE,,,,,,,,,,,,,,,,,,,,,,,,,,,,,,,,,,,,,,
travel,1136500,,,,,,[],38,,,,,,,,,,,,,,,,,,,,,,,,,,,,,,,,,,,,,,,,,,,,,,,,,,
alien_welcome,1141503,null,null,,,,,,,,,41,15,92,35,44,47,28,100,53,88,72,21,27,42,114,26,43,85,25,99,57,97,34,56,117,73,94,80,68,103,98,32,84,116,22,86,120,3,93,9,19,115,109,71,30,40,24
land,1142005,null,null,,,101,,39,,,,,,,,,,,,,,,,,,,,,,,,,,,,,,,,,,,,,,,,,,,,,,,,,,
dig,1144009,,,,,,[],39,,,,,,,,,,,,,,,,,,,,,,,,,,,,,,,,,,,,,,,,,,,,,,,,,,
harvest,1145511,null,null,,,85,,39,,,,,,101,0.843269576,0.841584158,,,,,,,,,,,,,,,,,,,,,,,,,,,,,,,,,,,,,,,,,,
decision,1146771,1258.6,65,,,85,,39,,,,,,,,,193561,3,0,FALSE,,,,,,,,,,,,,,,,,,,,,,,,,,,,,,,,,,,,,,
dig,1147521,,,,,,[],39,,,,,,,,,,,,,,,,,,,,,,,,,,,,,,,,,,,,,,,,,,,,,,,,,,
harvest,1149023,null,null,,,63,,39,,,,,,85,0.743053642,0.741176471,,,,,,,,,,,,,,,,,,,,,,,,,,,,,,,,,,,,,,,,,,
decision,1149603,578.7,65,,,63,,39,,,,,,,,,196393,3,1,FALSE,,,,,,,,,,,,,,,,,,,,,,,,,,,,,,,,,,,,,,
dig,1151030,,,,,,[],39,,,,,,,,,,,,,,,,,,,,,,,,,,,,,,,,,,,,,,,,,,,,,,,,,,
harvest,1152533,null,null,,,50,,39,,,,,,63,0.793312723,0.793650794,,,,,,,,,,,,,,,,,,,,,,,,,,,,,,,,,,,,,,,,,,
decision,1152899,364.2,65,,,50,,39,,,,,,,,,199689,3,2,FALSE,,,,,,,,,,,,,,,,,,,,,,,,,,,,,,,,,,,,,,
dig,1154543,,,,,,[],39,,,,,,,,,,,,,,,,,,,,,,,,,,,,,,,,,,,,,,,,,,,,,,,,,,
harvest,1156046,null,null,,,40,,39,,,,,,50,0.801576742,0.8,,,,,,,,,,,,,,,,,,,,,,,,,,,,,,,,,,,,,,,,,,
decision,1156883,835.3,76,,,40,,39,,,,,,,,,203673,3,3,TRUE,,,,,,,,,,,,,,,,,,,,,,,,,,,,,,,,,,,,,,
travel,1166054,,,,,,[],39,,,,,,,,,,,,,,,,,,,,,,,,,,,,,,,,,,,,,,,,,,,,,,,,,,
alien_welcome,1171057,null,null,,,,,,,,,69,15,92,35,44,47,28,100,53,88,72,21,27,42,114,26,43,85,25,99,57,97,34,56,117,73,94,80,68,103,98,32,84,116,22,86,120,3,93,9,19,115,109,71,30,40,24
land,1171560,null,null,,,103,,40,,,,,,,,,,,,,,,,,,,,,,,,,,,,,,,,,,,,,,,,,,,,,,,,,,
dig,1173564,,,,,,[],40,,,,,,,,,,,,,,,,,,,,,,,,,,,,,,,,,,,,,,,,,,,,,,,,,,
harvest,1175066,null,null,,,62,,40,,,,,,103,0.601029139,0.601941748,,,,,,,,,,,,,,,,,,,,,,,,,,,,,,,,,,,,,,,,,,
decision,1175666,599.2,65,,,62,,40,,,,,,,,,222457,3,0,FALSE,,,,,,,,,,,,,,,,,,,,,,,,,,,,,,,,,,,,,,
dig,1177070,,,,,,[],40,,,,,,,,,,,,,,,,,,,,,,,,,,,,,,,,,,,,,,,,,,,,,,,,,,
harvest,1178572,null,null,,,27,,40,,,,,,62,0.440052128,0.435483871,,,,,,,,,,,,,,,,,,,,,,,,,,,,,,,,,,,,,,,,,,
decision,1179059,485.3,65,,,27,,40,,,,,,,,,225849,3,1,FALSE,,,,,,,,,,,,,,,,,,,,,,,,,,,,,,,,,,,,,,
dig,1180580,,,,,,[],40,,,,,,,,,,,,,,,,,,,,,,,,,,,,,,,,,,,,,,,,,,,,,,,,,,
harvest,1182083,null,null,,,14,,40,,,,,,27,0.530965344,0.518518519,,,,,,,,,,,,,,,,,,,,,,,,,,,,,,,,,,,,,,,,,,
decision,1182275,190.4,65,,,14,,40,,,,,,,,,229065,3,2,FALSE,,,,,,,,,,,,,,,,,,,,,,,,,,,,,,,,,,,,,,
dig,1184092,,,,,,[],40,,,,,,,,,,,,,,,,,,,,,,,,,,,,,,,,,,,,,,,,,,,,,,,,,,
harvest,1185594,null,null,,,7,,40,,,,,,14,0.515163548,0.5,,,,,,,,,,,,,,,,,,,,,,,,,,,,,,,,,,,,,,,,,,
decision,1186467,871.2,76,,,7,,40,,,,,,,,,233257,3,3,TRUE,,,,,,,,,,,,,,,,,,,,,,,,,,,,,,,,,,,,,,
travel,1195600,,,,,,[],40,,,,,,,,,,,,,,,,,,,,,,,,,,,,,,,,,,,,,,,,,,,,,,,,,,
alien_welcome,1200612,null,null,,,,,,,,,82,15,92,35,44,47,28,100,53,88,72,21,27,42,114,26,43,85,25,99,57,97,34,56,117,73,94,80,68,103,98,32,84,116,22,86,120,3,93,9,19,115,109,71,30,40,24
land,1201114,null,null,,,99,,41,,,,,,,,,,,,,,,,,,,,,,,,,,,,,,,,,,,,,,,,,,,,,,,,,,
dig,1203119,,,,,,[],41,,,,,,,,,,,,,,,,,,,,,,,,,,,,,,,,,,,,,,,,,,,,,,,,,,
harvest,1204621,null,null,,,56,,41,,,,,,99,0.563630428,0.565656566,,,,,,,,,,,,,,,,,,,,,,,,,,,,,,,,,,,,,,,,,,
decision,1206623,null,null,,,56,,41,,,,,,,,,253413,3,0,FALSE,,,,,,,,,,,,,,,,,,,,,,,,,,,,,,,,,,,,,,
time_out,1208629,null,null,,,56,,,,,,,,,,,,,,,,,,,,,,,,,,,,,,,,,,,,,,,,,,,,,,,,,,,,
decision,1209074,443.8,65,,,56,,41,,,,,,,,,255864,3,0,FALSE,,,,,,,,,,,,,,,,,,,,,,,,,,,,,,,,,,,,,,
dig,1210636,,,,,,[],41,,,,,,,,,,,,,,,,,,,,,,,,,,,,,,,,,,,,,,,,,,,,,,,,,,
harvest,1212140,null,null,,,31,,41,,,,,,56,0.548083272,0.553571429,,,,,,,,,,,,,,,,,,,,,,,,,,,,,,,,,,,,,,,,,,
decision,1212882,740.2,65,,,31,,41,,,,,,,,,259672,3,1,FALSE,,,,,,,,,,,,,,,,,,,,,,,,,,,,,,,,,,,,,,
dig,1214146,,,,,,[],41,,,,,,,,,,,,,,,,,,,,,,,,,,,,,,,,,,,,,,,,,,,,,,,,,,
harvest,1215649,null,null,,,14,,41,,,,,,31,0.465437761,0.451612903,,,,,,,,,,,,,,,,,,,,,,,,,,,,,,,,,,,,,,,,,,
decision,1216739,1087.9,65,,,14,,41,,,,,,,,,263529,3,2,FALSE,,,,,,,,,,,,,,,,,,,,,,,,,,,,,,,,,,,,,,
dig,1217661,,,,,,[],41,,,,,,,,,,,,,,,,,,,,,,,,,,,,,,,,,,,,,,,,,,,,,,,,,,
harvest,1219163,null,null,,,7,,41,,,,,,14,0.472789977,0.5,,,,,,,,,,,,,,,,,,,,,,,,,,,,,,,,,,,,,,,,,,
decision,1219602,437.5,76,,,7,,41,,,,,,,,,266393,3,3,TRUE,,,,,,,,,,,,,,,,,,,,,,,,,,,,,,,,,,,,,,
travel,1229168,,,,,,[],41,,,,,,,,,,,,,,,,,,,,,,,,,,,,,,,,,,,,,,,,,,,,,,,,,,
alien_welcome,1234171,null,null,,,,,,,,,10,15,92,35,44,47,28,100,53,88,72,21,27,42,114,26,43,85,25,99,57,97,34,56,117,73,94,80,68,103,98,32,84,116,22,86,120,3,93,9,19,115,109,71,30,40,24
land,1234673,null,null,,,99,,42,,,,,,,,,,,,,,,,,,,,,,,,,,,,,,,,,,,,,,,,,,,,,,,,,,
dig,1236677,,,,,,[],42,,,,,,,,,,,,,,,,,,,,,,,,,,,,,,,,,,,,,,,,,,,,,,,,,,
harvest,1238179,null,null,,,80,,42,,,,,,99,0.803832645,0.808080808,,,,,,,,,,,,,,,,,,,,,,,,,,,,,,,,,,,,,,,,,,
decision,1238305,124.8,65,,,80,,42,,,,,,,,,285096,3,0,FALSE,,,,,,,,,,,,,,,,,,,,,,,,,,,,,,,,,,,,,,
dig,1240188,,,,,,[],42,,,,,,,,,,,,,,,,,,,,,,,,,,,,,,,,,,,,,,,,,,,,,,,,,,
harvest,1241690,null,null,,,69,,42,,,,,,80,0.864850393,0.8625,,,,,,,,,,,,,,,,,,,,,,,,,,,,,,,,,,,,,,,,,,
decision,1241890,198.8,65,,,69,,42,,,,,,,,,288680,3,1,FALSE,,,,,,,,,,,,,,,,,,,,,,,,,,,,,,,,,,,,,,
dig,1243699,,,,,,[],42,,,,,,,,,,,,,,,,,,,,,,,,,,,,,,,,,,,,,,,,,,,,,,,,,,
harvest,1245202,null,null,,,55,,42,,,,,,69,0.80028311,0.797101449,,,,,,,,,,,,,,,,,,,,,,,,,,,,,,,,,,,,,,,,,,
decision,1245490,287,76,,,55,,42,,,,,,,,,292280,3,2,TRUE,,,,,,,,,,,,,,,,,,,,,,,,,,,,,,,,,,,,,,
travel,1255211,,,,,,[],42,,,,,,,,,,,,,,,,,,,,,,,,,,,,,,,,,,,,,,,,,,,,,,,,,,
alien_welcome,1260214,null,null,,,,,,,,,58,15,92,35,44,47,28,100,53,88,72,21,27,42,114,26,43,85,25,99,57,97,34,56,117,73,94,80,68,103,98,32,84,116,22,86,120,3,93,9,19,115,109,71,30,40,24
land,1260716,null,null,,,99,,43,,,,,,,,,,,,,,,,,,,,,,,,,,,,,,,,,,,,,,,,,,,,,,,,,,
dig,1262721,,,,,,[],43,,,,,,,,,,,,,,,,,,,,,,,,,,,,,,,,,,,,,,,,,,,,,,,,,,
harvest,1264224,null,null,,,83,,43,,,,,,99,0.836910106,0.838383838,,,,,,,,,,,,,,,,,,,,,,,,,,,,,,,,,,,,,,,,,,
decision,1266066,1840.9,65,,,83,,43,,,,,,,,,312856,3,0,FALSE,,,,,,,,,,,,,,,,,,,,,,,,,,,,,,,,,,,,,,
dig,1266233,,,,,,[],43,,,,,,,,,,,,,,,,,,,,,,,,,,,,,,,,,,,,,,,,,,,,,,,,,,
harvest,1267736,null,null,,,62,,43,,,,,,83,0.749621474,0.746987952,,,,,,,,,,,,,,,,,,,,,,,,,,,,,,,,,,,,,,,,,,
decision,1268161,423.4,65,,,62,,43,,,,,,,,,314951,3,1,FALSE,,,,,,,,,,,,,,,,,,,,,,,,,,,,,,,,,,,,,,
dig,1269746,,,,,,[],43,,,,,,,,,,,,,,,,,,,,,,,,,,,,,,,,,,,,,,,,,,,,,,,,,,
harvest,1271248,null,null,,,50,,43,,,,,,62,0.809111226,0.806451613,,,,,,,,,,,,,,,,,,,,,,,,,,,,,,,,,,,,,,,,,,
decision,1272273,1023.2,65,,,50,,43,,,,,,,,,319063,3,2,FALSE,,,,,,,,,,,,,,,,,,,,,,,,,,,,,,,,,,,,,,
dig,1273258,,,,,,[],43,,,,,,,,,,,,,,,,,,,,,,,,,,,,,,,,,,,,,,,,,,,,,,,,,,
harvest,1274760,null,null,,,38,,43,,,,,,50,0.75735117,0.76,,,,,,,,,,,,,,,,,,,,,,,,,,,,,,,,,,,,,,,,,,
decision,1274849,87,65,,,38,,43,,,,,,,,,321639,3,3,FALSE,,,,,,,,,,,,,,,,,,,,,,,,,,,,,,,,,,,,,,
dig,1276765,,,,,,[],43,,,,,,,,,,,,,,,,,,,,,,,,,,,,,,,,,,,,,,,,,,,,,,,,,,
harvest,1278268,null,null,,,31,,43,,,,,,38,0.827219207,0.815789474,,,,,,,,,,,,,,,,,,,,,,,,,,,,,,,,,,,,,,,,,,
decision,1278529,259.5,65,,,31,,43,,,,,,,,,325319,3,4,FALSE,,,,,,,,,,,,,,,,,,,,,,,,,,,,,,,,,,,,,,
dig,1280277,,,,,,[],43,,,,,,,,,,,,,,,,,,,,,,,,,,,,,,,,,,,,,,,,,,,,,,,,,,
harvest,1281779,null,null,,,25,,43,,,,,,31,0.805451023,0.806451613,,,,,,,,,,,,,,,,,,,,,,,,,,,,,,,,,,,,,,,,,,
decision,1282385,604.5,76,,,25,,43,,,,,,,,,329176,3,5,TRUE,,,,,,,,,,,,,,,,,,,,,,,,,,,,,,,,,,,,,,
travel,1291783,,,,,,[],43,,,,,,,,,,,,,,,,,,,,,,,,,,,,,,,,,,,,,,,,,,,,,,,,,,
alien_welcome,1296787,null,null,,,,,,,,,48,15,92,35,44,47,28,100,53,88,72,21,27,42,114,26,43,85,25,99,57,97,34,56,117,73,94,80,68,103,98,32,84,116,22,86,120,3,93,9,19,115,109,71,30,40,24
land,1297289,null,null,,,96,,44,,,,,,,,,,,,,,,,,,,,,,,,,,,,,,,,,,,,,,,,,,,,,,,,,,
dig,1299293,,,,,,[],44,,,,,,,,,,,,,,,,,,,,,,,,,,,,,,,,,,,,,,,,,,,,,,,,,,
harvest,1300796,null,null,,,81,,44,,,,,,96,0.841744732,0.84375,,,,,,,,,,,,,,,,,,,,,,,,,,,,,,,,,,,,,,,,,,
decision,1302798,null,null,,,81,,44,,,,,,,,,349589,3,0,FALSE,,,,,,,,,,,,,,,,,,,,,,,,,,,,,,,,,,,,,,
time_out,1304806,null,null,,,81,,,,,,,,,,,,,,,,,,,,,,,,,,,,,,,,,,,,,,,,,,,,,,,,,,,,
decision,1305329,521,65,,,81,,44,,,,,,,,,352119,3,0,FALSE,,,,,,,,,,,,,,,,,,,,,,,,,,,,,,,,,,,,,,
dig,1306819,,,,,,[],44,,,,,,,,,,,,,,,,,,,,,,,,,,,,,,,,,,,,,,,,,,,,,,,,,,
harvest,1308321,null,null,,,58,,44,,,,,,81,0.719653223,0.716049383,,,,,,,,,,,,,,,,,,,,,,,,,,,,,,,,,,,,,,,,,,
decision,1309041,718.3,65,,,58,,44,,,,,,,,,355831,3,1,FALSE,,,,,,,,,,,,,,,,,,,,,,,,,,,,,,,,,,,,,,
dig,1310332,,,,,,[],44,,,,,,,,,,,,,,,,,,,,,,,,,,,,,,,,,,,,,,,,,,,,,,,,,,
harvest,1311834,null,null,,,49,,44,,,,,,58,0.850272825,0.844827586,,,,,,,,,,,,,,,,,,,,,,,,,,,,,,,,,,,,,,,,,,
decision,1312465,629.2,76,,,49,,44,,,,,,,,,359255,3,2,TRUE,,,,,,,,,,,,,,,,,,,,,,,,,,,,,,,,,,,,,,
travel,1321844,,,,,,[],44,,,,,,,,,,,,,,,,,,,,,,,,,,,,,,,,,,,,,,,,,,,,,,,,,,
alien_welcome,1326847,null,null,,,,,,,,,87,15,92,35,44,47,28,100,53,88,72,21,27,42,114,26,43,85,25,99,57,97,34,56,117,73,94,80,68,103,98,32,84,116,22,86,120,3,93,9,19,115,109,71,30,40,24
land,1327350,null,null,,,105,,45,,,,,,,,,,,,,,,,,,,,,,,,,,,,,,,,,,,,,,,,,,,,,,,,,,
dig,1329353,,,,,,[],45,,,,,,,,,,,,,,,,,,,,,,,,,,,,,,,,,,,,,,,,,,,,,,,,,,
harvest,1330856,null,null,,,93,,45,,,,,,105,0.888246987,0.885714286,,,,,,,,,,,,,,,,,,,,,,,,,,,,,,,,,,,,,,,,,,
decision,1331808,951.7,65,,,93,,45,,,,,,,,,378599,3,0,TRUE,,,,,,,,,,,,,,,,,,,,,,,,,,,,,,,,,,,,,,
end_of_block,1333040,1226,32,,,,,,,,,,,,,,,,,,,,,,,,,,,,,,,,,,,,,,,,,,,,,,,,,,,,,,,
alien_welcome,1338061,null,null,,,,,,,,,61,15,92,35,44,47,28,100,53,88,72,21,27,42,114,26,43,85,25,99,57,97,34,56,117,73,94,80,68,103,98,32,84,116,22,86,120,3,93,9,19,115,109,71,30,40,24
land,1338565,null,null,,,113,,46,,,,,,,,,,,,,,,,,,,,,,,,,,,,,,,,,,,,,,,,,,,,,,,,,,
dig,1340570,,,,,,[],46,,,,,,,,,,,,,,,,,,,,,,,,,,,,,,,,,,,,,,,,,,,,,,,,,,
harvest,1342073,null,null,,,30,,46,,,,,,113,0.261582842,0.265486726,,,,,,,,,,,,,,,,,,,,,,,,,,,,,,,,,,,,,,,,,,
decision,1342993,918.1,65,,,30,,46,,,,,,,,,9949,4,0,FALSE,,,,,,,,,,,,,,,,,,,,,,,,,,,,,,,,,,,,,,
dig,1344083,,,,,,[],46,,,,,,,,,,,,,,,,,,,,,,,,,,,,,,,,,,,,,,,,,,,,,,,,,,
harvest,1345585,null,null,,,7,,46,,,,,,30,0.247428821,0.233333333,,,,,,,,,,,,,,,,,,,,,,,,,,,,,,,,,,,,,,,,,,
decision,1346401,814.5,65,,,7,,46,,,,,,,,,13357,4,1,FALSE,,,,,,,,,,,,,,,,,,,,,,,,,,,,,,,,,,,,,,
dig,1347595,,,,,,[],46,,,,,,,,,,,,,,,,,,,,,,,,,,,,,,,,,,,,,,,,,,,,,,,,,,
harvest,1349098,null,null,,,1,,46,,,,,,7,0.153723853,0.142857143,,,,,,,,,,,,,,,,,,,,,,,,,,,,,,,,,,,,,,,,,,
decision,1349760,660.9,76,,,1,,46,,,,,,,,,16717,4,2,TRUE,,,,,,,,,,,,,,,,,,,,,,,,,,,,,,,,,,,,,,
travel,1359103,,,,,,[],46,,,,,,,,,,,,,,,,,,,,,,,,,,,,,,,,,,,,,,,,,,,,,,,,,,
alien_welcome,1364117,null,null,,,,,,,,,83,15,92,35,44,47,28,100,53,88,72,21,27,42,114,26,43,85,25,99,57,97,34,56,117,73,94,80,68,103,98,32,84,116,22,86,120,3,93,9,19,115,109,71,30,40,24
land,1364621,null,null,,,95,,47,,,,,,,,,,,,,,,,,,,,,,,,,,,,,,,,,,,,,,,,,,,,,,,,,,
dig,1366626,,,,,,[],47,,,,,,,,,,,,,,,,,,,,,,,,,,,,,,,,,,,,,,,,,,,,,,,,,,
harvest,1368128,null,null,,,17,,47,,,,,,95,0.182048566,0.178947368,,,,,,,,,,,,,,,,,,,,,,,,,,,,,,,,,,,,,,,,,,
decision,1368688,558.3,65,,,17,,47,,,,,,,,,35645,4,0,FALSE,,,,,,,,,,,,,,,,,,,,,,,,,,,,,,,,,,,,,,
dig,1370144,,,,,,[],47,,,,,,,,,,,,,,,,,,,,,,,,,,,,,,,,,,,,,,,,,,,,,,,,,,
harvest,1371646,null,null,,,3,,47,,,,,,17,0.158076897,0.176470588,,,,,,,,,,,,,,,,,,,,,,,,,,,,,,,,,,,,,,,,,,
decision,1371872,225,65,,,3,,47,,,,,,,,,38829,4,1,FALSE,,,,,,,,,,,,,,,,,,,,,,,,,,,,,,,,,,,,,,
dig,1373655,,,,,,[],47,,,,,,,,,,,,,,,,,,,,,,,,,,,,,,,,,,,,,,,,,,,,,,,,,,
harvest,1375158,null,null,,,1,,47,,,,,,3,0.166933045,0.333333333,,,,,,,,,,,,,,,,,,,,,,,,,,,,,,,,,,,,,,,,,,
decision,1375600,440.5,76,,,1,,47,,,,,,,,,42556,4,2,TRUE,,,,,,,,,,,,,,,,,,,,,,,,,,,,,,,,,,,,,,
travel,1385169,,,,,,[],47,,,,,,,,,,,,,,,,,,,,,,,,,,,,,,,,,,,,,,,,,,,,,,,,,,
alien_welcome,1390172,null,null,,,,,,,,,2,15,92,35,44,47,28,100,53,88,72,21,27,42,114,26,43,85,25,99,57,97,34,56,117,73,94,80,68,103,98,32,84,116,22,86,120,3,93,9,19,115,109,71,30,40,24
land,1390675,null,null,,,109,,48,,,,,,,,,,,,,,,,,,,,,,,,,,,,,,,,,,,,,,,,,,,,,,,,,,
dig,1392680,,,,,,[],48,,,,,,,,,,,,,,,,,,,,,,,,,,,,,,,,,,,,,,,,,,,,,,,,,,
harvest,1394183,null,null,,,18,,48,,,,,,109,0.163294858,0.165137615,,,,,,,,,,,,,,,,,,,,,,,,,,,,,,,,,,,,,,,,,,
decision,1395520,1336.2,65,,,18,,48,,,,,,,,,62476,4,0,FALSE,,,,,,,,,,,,,,,,,,,,,,,,,,,,,,,,,,,,,,
dig,1396194,,,,,,[],48,,,,,,,,,,,,,,,,,,,,,,,,,,,,,,,,,,,,,,,,,,,,,,,,,,
harvest,1397696,null,null,,,4,,48,,,,,,18,0.213831314,0.222222222,,,,,,,,,,,,,,,,,,,,,,,,,,,,,,,,,,,,,,,,,,
decision,1399088,1390.8,76,,,4,,48,,,,,,,,,66044,4,1,TRUE,,,,,,,,,,,,,,,,,,,,,,,,,,,,,,,,,,,,,,
travel,1407702,,,,,,[],48,,,,,,,,,,,,,,,,,,,,,,,,,,,,,,,,,,,,,,,,,,,,,,,,,,
alien_welcome,1412705,null,null,,,,,,,,,60,15,92,35,44,47,28,100,53,88,72,21,27,42,114,26,43,85,25,99,57,97,34,56,117,73,94,80,68,103,98,32,84,116,22,86,120,3,93,9,19,115,109,71,30,40,24
land,1413208,null,null,,,102,,49,,,,,,,,,,,,,,,,,,,,,,,,,,,,,,,,,,,,,,,,,,,,,,,,,,
dig,1415214,,,,,,[],49,,,,,,,,,,,,,,,,,,,,,,,,,,,,,,,,,,,,,,,,,,,,,,,,,,
harvest,1416717,null,null,,,80,,49,,,,,,102,0.784478138,0.784313725,,,,,,,,,,,,,,,,,,,,,,,,,,,,,,,,,,,,,,,,,,
decision,1416864,145.4,65,,,80,,49,,,,,,,,,83820,4,0,FALSE,,,,,,,,,,,,,,,,,,,,,,,,,,,,,,,,,,,,,,
dig,1418729,,,,,,[],49,,,,,,,,,,,,,,,,,,,,,,,,,,,,,,,,,,,,,,,,,,,,,,,,,,
harvest,1420231,null,null,,,59,,49,,,,,,80,0.736797377,0.7375,,,,,,,,,,,,,,,,,,,,,,,,,,,,,,,,,,,,,,,,,,
decision,1422233,null,null,,,59,,49,,,,,,,,,89189,4,1,FALSE,,,,,,,,,,,,,,,,,,,,,,,,,,,,,,,,,,,,,,
time_out,1424241,null,null,,,59,,,,,,,,,,,,,,,,,,,,,,,,,,,,,,,,,,,,,,,,,,,,,,,,,,,,
decision,1424688,444.8,76,,,59,,49,,,,,,,,,91644,4,1,TRUE,,,,,,,,,,,,,,,,,,,,,,,,,,,,,,,,,,,,,,
travel,1434246,,,,,,[],49,,,,,,,,,,,,,,,,,,,,,,,,,,,,,,,,,,,,,,,,,,,,,,,,,,
alien_welcome,1439250,null,null,,,,,,,,,105,15,92,35,44,47,28,100,53,88,72,21,27,42,114,26,43,85,25,99,57,97,34,56,117,73,94,80,68,103,98,32,84,116,22,86,120,3,93,9,19,115,109,71,30,40,24
land,1439751,null,null,,,92,,50,,,,,,,,,,,,,,,,,,,,,,,,,,,,,,,,,,,,,,,,,,,,,,,,,,
dig,1441755,,,,,,[],50,,,,,,,,,,,,,,,,,,,,,,,,,,,,,,,,,,,,,,,,,,,,,,,,,,
harvest,1443258,null,null,,,68,,50,,,,,,92,0.744328888,0.739130435,,,,,,,,,,,,,,,,,,,,,,,,,,,,,,,,,,,,,,,,,,
decision,1443567,308.2,65,,,68,,50,,,,,,,,,110523,4,0,FALSE,,,,,,,,,,,,,,,,,,,,,,,,,,,,,,,,,,,,,,
dig,1445267,,,,,,[],50,,,,,,,,,,,,,,,,,,,,,,,,,,,,,,,,,,,,,,,,,,,,,,,,,,
harvest,1446770,null,null,,,57,,50,,,,,,68,0.831291533,0.838235294,,,,,,,,,,,,,,,,,,,,,,,,,,,,,,,,,,,,,,,,,,
decision,1446943,172,65,,,57,,50,,,,,,,,,113899,4,1,FALSE,,,,,,,,,,,,,,,,,,,,,,,,,,,,,,,,,,,,,,
dig,1448777,,,,,,[],50,,,,,,,,,,,,,,,,,,,,,,,,,,,,,,,,,,,,,,,,,,,,,,,,,,
harvest,1450280,null,null,,,45,,50,,,,,,57,0.793926221,0.789473684,,,,,,,,,,,,,,,,,,,,,,,,,,,,,,,,,,,,,,,,,,
decision,1450703,421.8,76,,,45,,50,,,,,,,,,117659,4,2,TRUE,,,,,,,,,,,,,,,,,,,,,,,,,,,,,,,,,,,,,,
travel,1460286,,,,,,[],50,,,,,,,,,,,,,,,,,,,,,,,,,,,,,,,,,,,,,,,,,,,,,,,,,,
alien_welcome,1465290,null,null,,,,,,,,,62,15,92,35,44,47,28,100,53,88,72,21,27,42,114,26,43,85,25,99,57,97,34,56,117,73,94,80,68,103,98,32,84,116,22,86,120,3,93,9,19,115,109,71,30,40,24
land,1465792,null,null,,,92,,51,,,,,,,,,,,,,,,,,,,,,,,,,,,,,,,,,,,,,,,,,,,,,,,,,,
dig,1467796,,,,,,[],51,,,,,,,,,,,,,,,,,,,,,,,,,,,,,,,,,,,,,,,,,,,,,,,,,,
harvest,1469298,null,null,,,68,,51,,,,,,92,0.743484692,0.739130435,,,,,,,,,,,,,,,,,,,,,,,,,,,,,,,,,,,,,,,,,,
decision,1470320,1019.8,65,,,68,,51,,,,,,,,,137276,4,0,FALSE,,,,,,,,,,,,,,,,,,,,,,,,,,,,,,,,,,,,,,
dig,1471311,,,,,,[],51,,,,,,,,,,,,,,,,,,,,,,,,,,,,,,,,,,,,,,,,,,,,,,,,,,
harvest,1472814,null,null,,,50,,51,,,,,,68,0.730575671,0.735294118,,,,,,,,,,,,,,,,,,,,,,,,,,,,,,,,,,,,,,,,,,
decision,1473519,703.9,65,,,50,,51,,,,,,,,,140475,4,1,FALSE,,,,,,,,,,,,,,,,,,,,,,,,,,,,,,,,,,,,,,
dig,1474825,,,,,,[],51,,,,,,,,,,,,,,,,,,,,,,,,,,,,,,,,,,,,,,,,,,,,,,,,,,
harvest,1476326,null,null,,,38,,51,,,,,,50,0.750449452,0.76,,,,,,,,,,,,,,,,,,,,,,,,,,,,,,,,,,,,,,,,,,
decision,1476607,278.8,76,,,38,,51,,,,,,,,,143563,4,2,TRUE,,,,,,,,,,,,,,,,,,,,,,,,,,,,,,,,,,,,,,
travel,1486333,,,,,,[],51,,,,,,,,,,,,,,,,,,,,,,,,,,,,,,,,,,,,,,,,,,,,,,,,,,
alien_welcome,1491335,null,null,,,,,,,,,49,15,92,35,44,47,28,100,53,88,72,21,27,42,114,26,43,85,25,99,57,97,34,56,117,73,94,80,68,103,98,32,84,116,22,86,120,3,93,9,19,115,109,71,30,40,24
land,1491838,null,null,,,99,,52,,,,,,,,,,,,,,,,,,,,,,,,,,,,,,,,,,,,,,,,,,,,,,,,,,
dig,1493843,,,,,,[],52,,,,,,,,,,,,,,,,,,,,,,,,,,,,,,,,,,,,,,,,,,,,,,,,,,
harvest,1495346,null,null,,,84,,52,,,,,,99,0.853270597,0.848484848,,,,,,,,,,,,,,,,,,,,,,,,,,,,,,,,,,,,,,,,,,
decision,1495711,363.5,65,,,84,,52,,,,,,,,,162667,4,0,FALSE,,,,,,,,,,,,,,,,,,,,,,,,,,,,,,,,,,,,,,
dig,1497356,,,,,,[],52,,,,,,,,,,,,,,,,,,,,,,,,,,,,,,,,,,,,,,,,,,,,,,,,,,
harvest,1498858,null,null,,,67,,52,,,,,,84,0.793404671,0.797619048,,,,,,,,,,,,,,,,,,,,,,,,,,,,,,,,,,,,,,,,,,
decision,1499087,227.2,65,,,67,,52,,,,,,,,,166043,4,1,FALSE,,,,,,,,,,,,,,,,,,,,,,,,,,,,,,,,,,,,,,
dig,1500867,,,,,,[],52,,,,,,,,,,,,,,,,,,,,,,,,,,,,,,,,,,,,,,,,,,,,,,,,,,
harvest,1502370,null,null,,,47,,52,,,,,,67,0.706904282,0.701492537,,,,,,,,,,,,,,,,,,,,,,,,,,,,,,,,,,,,,,,,,,
decision,1503167,795.9,76,,,47,,52,,,,,,,,,170123,4,2,TRUE,,,,,,,,,,,,,,,,,,,,,,,,,,,,,,,,,,,,,,
travel,1512376,,,,,,[],52,,,,,,,,,,,,,,,,,,,,,,,,,,,,,,,,,,,,,,,,,,,,,,,,,,
alien_welcome,1517379,null,null,,,,,,,,,52,15,92,35,44,47,28,100,53,88,72,21,27,42,114,26,43,85,25,99,57,97,34,56,117,73,94,80,68,103,98,32,84,116,22,86,120,3,93,9,19,115,109,71,30,40,24
land,1517881,null,null,,,101,,53,,,,,,,,,,,,,,,,,,,,,,,,,,,,,,,,,,,,,,,,,,,,,,,,,,
dig,1519886,,,,,,[],53,,,,,,,,,,,,,,,,,,,,,,,,,,,,,,,,,,,,,,,,,,,,,,,,,,
harvest,1521389,null,null,,,82,,53,,,,,,101,0.808166736,0.811881188,,,,,,,,,,,,,,,,,,,,,,,,,,,,,,,,,,,,,,,,,,
decision,1521951,560.3,65,,,82,,53,,,,,,,,,188907,4,0,FALSE,,,,,,,,,,,,,,,,,,,,,,,,,,,,,,,,,,,,,,
dig,1523398,,,,,,[],53,,,,,,,,,,,,,,,,,,,,,,,,,,,,,,,,,,,,,,,,,,,,,,,,,,
harvest,1524901,null,null,,,68,,53,,,,,,82,0.834211796,0.829268293,,,,,,,,,,,,,,,,,,,,,,,,,,,,,,,,,,,,,,,,,,
decision,1525039,136.4,65,,,68,,53,,,,,,,,,191996,4,1,FALSE,,,,,,,,,,,,,,,,,,,,,,,,,,,,,,,,,,,,,,
dig,1526916,,,,,,[],53,,,,,,,,,,,,,,,,,,,,,,,,,,,,,,,,,,,,,,,,,,,,,,,,,,
harvest,1528419,null,null,,,54,,53,,,,,,68,0.792803233,0.794117647,,,,,,,,,,,,,,,,,,,,,,,,,,,,,,,,,,,,,,,,,,
decision,1529535,1114.1,76,,,54,,53,,,,,,,,,196491,4,2,TRUE,,,,,,,,,,,,,,,,,,,,,,,,,,,,,,,,,,,,,,
travel,1538428,,,,,,[],53,,,,,,,,,,,,,,,,,,,,,,,,,,,,,,,,,,,,,,,,,,,,,,,,,,
alien_welcome,1543431,null,null,,,,,,,,,78,15,92,35,44,47,28,100,53,88,72,21,27,42,114,26,43,85,25,99,57,97,34,56,117,73,94,80,68,103,98,32,84,116,22,86,120,3,93,9,19,115,109,71,30,40,24
land,1543934,null,null,,,95,,54,,,,,,,,,,,,,,,,,,,,,,,,,,,,,,,,,,,,,,,,,,,,,,,,,,
dig,1545939,,,,,,[],54,,,,,,,,,,,,,,,,,,,,,,,,,,,,,,,,,,,,,,,,,,,,,,,,,,
harvest,1547442,null,null,,,70,,54,,,,,,95,0.741206922,0.736842105,,,,,,,,,,,,,,,,,,,,,,,,,,,,,,,,,,,,,,,,,,
decision,1548671,1227.2,65,,,70,,54,,,,,,,,,215627,4,0,FALSE,,,,,,,,,,,,,,,,,,,,,,,,,,,,,,,,,,,,,,
dig,1549452,,,,,,[],54,,,,,,,,,,,,,,,,,,,,,,,,,,,,,,,,,,,,,,,,,,,,,,,,,,
harvest,1550954,null,null,,,54,,54,,,,,,70,0.772133854,0.771428571,,,,,,,,,,,,,,,,,,,,,,,,,,,,,,,,,,,,,,,,,,
decision,1552967,null,null,,,54,,54,,,,,,,,,219923,4,1,FALSE,,,,,,,,,,,,,,,,,,,,,,,,,,,,,,,,,,,,,,
time_out,1554977,null,null,,,54,,,,,,,,,,,,,,,,,,,,,,,,,,,,,,,,,,,,,,,,,,,,,,,,,,,,
decision,1555871,891.7,76,,,54,,54,,,,,,,,,222827,4,1,TRUE,,,,,,,,,,,,,,,,,,,,,,,,,,,,,,,,,,,,,,
travel,1564993,,,,,,[],54,,,,,,,,,,,,,,,,,,,,,,,,,,,,,,,,,,,,,,,,,,,,,,,,,,
alien_welcome,1569996,null,null,,,,,,,,,12,15,92,35,44,47,28,100,53,88,72,21,27,42,114,26,43,85,25,99,57,97,34,56,117,73,94,80,68,103,98,32,84,116,22,86,120,3,93,9,19,115,109,71,30,40,24
land,1570499,null,null,,,106,,55,,,,,,,,,,,,,,,,,,,,,,,,,,,,,,,,,,,,,,,,,,,,,,,,,,
dig,1572504,,,,,,[],55,,,,,,,,,,,,,,,,,,,,,,,,,,,,,,,,,,,,,,,,,,,,,,,,,,
harvest,1574006,null,null,,,19,,55,,,,,,106,0.181178879,0.179245283,,,,,,,,,,,,,,,,,,,,,,,,,,,,,,,,,,,,,,,,,,
decision,1574958,950.7,65,,,19,,55,,,,,,,,,241915,4,0,FALSE,,,,,,,,,,,,,,,,,,,,,,,,,,,,,,,,,,,,,,
dig,1576013,,,,,,[],55,,,,,,,,,,,,,,,,,,,,,,,,,,,,,,,,,,,,,,,,,,,,,,,,,,
harvest,1577517,null,null,,,4,,55,,,,,,19,0.2128762,0.210526316,,,,,,,,,,,,,,,,,,,,,,,,,,,,,,,,,,,,,,,,,,
decision,1577838,319.9,65,,,4,,55,,,,,,,,,244795,4,1,FALSE,,,,,,,,,,,,,,,,,,,,,,,,,,,,,,,,,,,,,,
dig,1579532,,,,,,[],55,,,,,,,,,,,,,,,,,,,,,,,,,,,,,,,,,,,,,,,,,,,,,,,,,,
harvest,1581035,null,null,,,1,,55,,,,,,4,0.202381286,0.25,,,,,,,,,,,,,,,,,,,,,,,,,,,,,,,,,,,,,,,,,,
decision,1581534,497,76,,,1,,55,,,,,,,,,248490,4,2,TRUE,,,,,,,,,,,,,,,,,,,,,,,,,,,,,,,,,,,,,,
travel,1591039,,,,,,[],55,,,,,,,,,,,,,,,,,,,,,,,,,,,,,,,,,,,,,,,,,,,,,,,,,,
alien_welcome,1596043,null,null,,,,,,,,,29,15,92,35,44,47,28,100,53,88,72,21,27,42,114,26,43,85,25,99,57,97,34,56,117,73,94,80,68,103,98,32,84,116,22,86,120,3,93,9,19,115,109,71,30,40,24
land,1596547,null,null,,,104,,56,,,,,,,,,,,,,,,,,,,,,,,,,,,,,,,,,,,,,,,,,,,,,,,,,,
dig,1598551,,,,,,[],56,,,,,,,,,,,,,,,,,,,,,,,,,,,,,,,,,,,,,,,,,,,,,,,,,,
harvest,1600054,null,null,,,24,,56,,,,,,104,0.227480493,0.230769231,,,,,,,,,,,,,,,,,,,,,,,,,,,,,,,,,,,,,,,,,,
decision,1600670,614,65,,,24,,56,,,,,,,,,267626,4,0,FALSE,,,,,,,,,,,,,,,,,,,,,,,,,,,,,,,,,,,,,,
dig,1602067,,,,,,[],56,,,,,,,,,,,,,,,,,,,,,,,,,,,,,,,,,,,,,,,,,,,,,,,,,,
harvest,1603570,null,null,,,5,,56,,,,,,24,0.20461557,0.208333333,,,,,,,,,,,,,,,,,,,,,,,,,,,,,,,,,,,,,,,,,,
decision,1604366,794.9,76,,,5,,56,,,,,,,,,271322,4,1,TRUE,,,,,,,,,,,,,,,,,,,,,,,,,,,,,,,,,,,,,,
travel,1613575,,,,,,[],56,,,,,,,,,,,,,,,,,,,,,,,,,,,,,,,,,,,,,,,,,,,,,,,,,,
alien_welcome,1618578,null,null,,,,,,,,,95,15,92,35,44,47,28,100,53,88,72,21,27,42,114,26,43,85,25,99,57,97,34,56,117,73,94,80,68,103,98,32,84,116,22,86,120,3,93,9,19,115,109,71,30,40,24
land,1619080,null,null,,,102,,57,,,,,,,,,,,,,,,,,,,,,,,,,,,,,,,,,,,,,,,,,,,,,,,,,,
dig,1621084,,,,,,[],57,,,,,,,,,,,,,,,,,,,,,,,,,,,,,,,,,,,,,,,,,,,,,,,,,,
harvest,1622587,null,null,,,85,,57,,,,,,102,0.8338784,0.833333333,,,,,,,,,,,,,,,,,,,,,,,,,,,,,,,,,,,,,,,,,,
decision,1623085,496.3,65,,,85,,57,,,,,,,,,290042,4,0,FALSE,,,,,,,,,,,,,,,,,,,,,,,,,,,,,,,,,,,,,,
dig,1624598,,,,,,[],57,,,,,,,,,,,,,,,,,,,,,,,,,,,,,,,,,,,,,,,,,,,,,,,,,,
harvest,1626100,null,null,,,71,,57,,,,,,85,0.838876639,0.835294118,,,,,,,,,,,,,,,,,,,,,,,,,,,,,,,,,,,,,,,,,,
decision,1626717,616,65,,,71,,57,,,,,,,,,293674,4,1,FALSE,,,,,,,,,,,,,,,,,,,,,,,,,,,,,,,,,,,,,,
dig,1628111,,,,,,[],57,,,,,,,,,,,,,,,,,,,,,,,,,,,,,,,,,,,,,,,,,,,,,,,,,,
harvest,1629613,null,null,,,57,,57,,,,,,71,0.797372884,0.802816901,,,,,,,,,,,,,,,,,,,,,,,,,,,,,,,,,,,,,,,,,,
decision,1630301,686.8,76,,,57,,57,,,,,,,,,297258,4,2,TRUE,,,,,,,,,,,,,,,,,,,,,,,,,,,,,,,,,,,,,,
travel,1639619,,,,,,[],57,,,,,,,,,,,,,,,,,,,,,,,,,,,,,,,,,,,,,,,,,,,,,,,,,,
alien_welcome,1644621,null,null,,,,,,,,,74,15,92,35,44,47,28,100,53,88,72,21,27,42,114,26,43,85,25,99,57,97,34,56,117,73,94,80,68,103,98,32,84,116,22,86,120,3,93,9,19,115,109,71,30,40,24
land,1645133,null,null,,,90,,58,,,,,,,,,,,,,,,,,,,,,,,,,,,,,,,,,,,,,,,,,,,,,,,,,,
dig,1647137,,,,,,[],58,,,,,,,,,,,,,,,,,,,,,,,,,,,,,,,,,,,,,,,,,,,,,,,,,,
harvest,1648639,null,null,,,77,,58,,,,,,90,0.850074149,0.855555556,,,,,,,,,,,,,,,,,,,,,,,,,,,,,,,,,,,,,,,,,,
decision,1649964,1323.4,65,,,77,,58,,,,,,,,,316921,4,0,FALSE,,,,,,,,,,,,,,,,,,,,,,,,,,,,,,,,,,,,,,
dig,1650648,,,,,,[],58,,,,,,,,,,,,,,,,,,,,,,,,,,,,,,,,,,,,,,,,,,,,,,,,,,
harvest,1652149,null,null,,,64,,58,,,,,,77,0.83045072,0.831168831,,,,,,,,,,,,,,,,,,,,,,,,,,,,,,,,,,,,,,,,,,
decision,1653629,1478,76,,,64,,58,,,,,,,,,320585,4,1,TRUE,,,,,,,,,,,,,,,,,,,,,,,,,,,,,,,,,,,,,,
travel,1662154,,,,,,[],58,,,,,,,,,,,,,,,,,,,,,,,,,,,,,,,,,,,,,,,,,,,,,,,,,,
alien_welcome,1667157,null,null,,,,,,,,,31,15,92,35,44,47,28,100,53,88,72,21,27,42,114,26,43,85,25,99,57,97,34,56,117,73,94,80,68,103,98,32,84,116,22,86,120,3,93,9,19,115,109,71,30,40,24
land,1667660,null,null,,,102,,59,,,,,,,,,,,,,,,,,,,,,,,,,,,,,,,,,,,,,,,,,,,,,,,,,,
dig,1669665,,,,,,[],59,,,,,,,,,,,,,,,,,,,,,,,,,,,,,,,,,,,,,,,,,,,,,,,,,,
harvest,1671168,null,null,,,77,,59,,,,,,102,0.756672943,0.754901961,,,,,,,,,,,,,,,,,,,,,,,,,,,,,,,,,,,,,,,,,,
decision,1672797,1627,65,,,77,,59,,,,,,,,,339753,4,0,FALSE,,,,,,,,,,,,,,,,,,,,,,,,,,,,,,,,,,,,,,
dig,1673181,,,,,,[],59,,,,,,,,,,,,,,,,,,,,,,,,,,,,,,,,,,,,,,,,,,,,,,,,,,
harvest,1674683,null,null,,,61,,59,,,,,,77,0.792815639,0.792207792,,,,,,,,,,,,,,,,,,,,,,,,,,,,,,,,,,,,,,,,,,
decision,1675164,479.5,65,,,61,,59,,,,,,,,,342120,4,1,FALSE,,,,,,,,,,,,,,,,,,,,,,,,,,,,,,,,,,,,,,
dig,1676704,,,,,,[],59,,,,,,,,,,,,,,,,,,,,,,,,,,,,,,,,,,,,,,,,,,,,,,,,,,
harvest,1678205,null,null,,,45,,59,,,,,,61,0.740358938,0.737704918,,,,,,,,,,,,,,,,,,,,,,,,,,,,,,,,,,,,,,,,,,
decision,1680208,null,null,,,45,,59,,,,,,,,,347164,4,2,FALSE,,,,,,,,,,,,,,,,,,,,,,,,,,,,,,,,,,,,,,
time_out,1682216,null,null,,,45,,,,,,,,,,,,,,,,,,,,,,,,,,,,,,,,,,,,,,,,,,,,,,,,,,,,
decision,1682540,322.8,65,,,45,,59,,,,,,,,,349496,4,2,FALSE,,,,,,,,,,,,,,,,,,,,,,,,,,,,,,,,,,,,,,
dig,1684223,,,,,,[],59,,,,,,,,,,,,,,,,,,,,,,,,,,,,,,,,,,,,,,,,,,,,,,,,,,
harvest,1685725,null,null,,,34,,59,,,,,,45,0.759939118,0.755555556,,,,,,,,,,,,,,,,,,,,,,,,,,,,,,,,,,,,,,,,,,
decision,1686380,653.9,65,,,34,,59,,,,,,,,,353336,4,3,FALSE,,,,,,,,,,,,,,,,,,,,,,,,,,,,,,,,,,,,,,
dig,1687733,,,,,,[],59,,,,,,,,,,,,,,,,,,,,,,,,,,,,,,,,,,,,,,,,,,,,,,,,,,
harvest,1689236,null,null,,,28,,59,,,,,,34,0.812146858,0.823529412,,,,,,,,,,,,,,,,,,,,,,,,,,,,,,,,,,,,,,,,,,
decision,1689484,247,76,,,28,,59,,,,,,,,,356440,4,4,TRUE,,,,,,,,,,,,,,,,,,,,,,,,,,,,,,,,,,,,,,
travel,1699240,,,,,,[],59,,,,,,,,,,,,,,,,,,,,,,,,,,,,,,,,,,,,,,,,,,,,,,,,,,
alien_welcome,1704242,null,null,,,,,,,,,54,15,92,35,44,47,28,100,53,88,72,21,27,42,114,26,43,85,25,99,57,97,34,56,117,73,94,80,68,103,98,32,84,116,22,86,120,3,93,9,19,115,109,71,30,40,24
land,1704745,null,null,,,99,,60,,,,,,,,,,,,,,,,,,,,,,,,,,,,,,,,,,,,,,,,,,,,,,,,,,
dig,1706749,,,,,,[],60,,,,,,,,,,,,,,,,,,,,,,,,,,,,,,,,,,,,,,,,,,,,,,,,,,
harvest,1708263,null,null,,,81,,60,,,,,,99,0.818515074,0.818181818,,,,,,,,,,,,,,,,,,,,,,,,,,,,,,,,,,,,,,,,,,
decision,1709532,1267.4,65,,,81,,60,,,,,,,,,376488,4,0,TRUE,,,,,,,,,,,,,,,,,,,,,,,,,,,,,,,,,,,,,,
end_of_block,1710780,1239,32,,,,,,,,,,,,,,,,,,,,,,,,,,,,,,,,,,,,,,,,,,,,,,,,,,,,,,,
alien_welcome,1715810,null,null,,,,,,,,,75,15,92,35,44,47,28,100,53,88,72,21,27,42,114,26,43,85,25,99,57,97,34,56,117,73,94,80,68,103,98,32,84,116,22,86,120,3,93,9,19,115,109,71,30,40,24
land,1716312,null,null,,,106,,61,,,,,,,,,,,,,,,,,,,,,,,,,,,,,,,,,,,,,,,,,,,,,,,,,,
dig,1718317,,,,,,[],61,,,,,,,,,,,,,,,,,,,,,,,,,,,,,,,,,,,,,,,,,,,,,,,,,,
harvest,1719821,null,null,,,60,,61,,,,,,106,0.563661454,0.566037736,,,,,,,,,,,,,,,,,,,,,,,,,,,,,,,,,,,,,,,,,,
decision,1720540,717.2,65,,,60,,61,,,,,,,,,9752,5,0,FALSE,,,,,,,,,,,,,,,,,,,,,,,,,,,,,,,,,,,,,,
dig,1721833,,,,,,[],61,,,,,,,,,,,,,,,,,,,,,,,,,,,,,,,,,,,,,,,,,,,,,,,,,,
harvest,1723336,null,null,,,32,,61,,,,,,60,0.533646067,0.533333333,,,,,,,,,,,,,,,,,,,,,,,,,,,,,,,,,,,,,,,,,,
decision,1723804,466,65,,,32,,61,,,,,,,,,13016,5,1,FALSE,,,,,,,,,,,,,,,,,,,,,,,,,,,,,,,,,,,,,,
dig,1725356,,,,,,[],61,,,,,,,,,,,,,,,,,,,,,,,,,,,,,,,,,,,,,,,,,,,,,,,,,,
harvest,1726858,null,null,,,14,,61,,,,,,32,0.444163719,0.4375,,,,,,,,,,,,,,,,,,,,,,,,,,,,,,,,,,,,,,,,,,
decision,1727260,400.7,76,,,14,,61,,,,,,,,,16472,5,2,TRUE,,,,,,,,,,,,,,,,,,,,,,,,,,,,,,,,,,,,,,
travel,1736866,,,,,,[],61,,,,,,,,,,,,,,,,,,,,,,,,,,,,,,,,,,,,,,,,,,,,,,,,,,
alien_welcome,1741869,null,null,,,,,,,,,23,15,92,35,44,47,28,100,53,88,72,21,27,42,114,26,43,85,25,99,57,97,34,56,117,73,94,80,68,103,98,32,84,116,22,86,120,3,93,9,19,115,109,71,30,40,24
land,1742371,null,null,,,109,,62,,,,,,,,,,,,,,,,,,,,,,,,,,,,,,,,,,,,,,,,,,,,,,,,,,
dig,1744375,,,,,,[],62,,,,,,,,,,,,,,,,,,,,,,,,,,,,,,,,,,,,,,,,,,,,,,,,,,
harvest,1745877,null,null,,,51,,62,,,,,,109,0.464682692,0.467889908,,,,,,,,,,,,,,,,,,,,,,,,,,,,,,,,,,,,,,,,,,
decision,1746956,1076.7,65,,,51,,62,,,,,,,,,36168,5,0,FALSE,,,,,,,,,,,,,,,,,,,,,,,,,,,,,,,,,,,,,,
dig,1747890,,,,,,[],62,,,,,,,,,,,,,,,,,,,,,,,,,,,,,,,,,,,,,,,,,,,,,,,,,,
harvest,1749392,null,null,,,29,,62,,,,,,51,0.571549772,0.568627451,,,,,,,,,,,,,,,,,,,,,,,,,,,,,,,,,,,,,,,,,,
decision,1750588,1194.2,65,,,29,,62,,,,,,,,,39800,5,1,FALSE,,,,,,,,,,,,,,,,,,,,,,,,,,,,,,,,,,,,,,
dig,1751405,,,,,,[],62,,,,,,,,,,,,,,,,,,,,,,,,,,,,,,,,,,,,,,,,,,,,,,,,,,
harvest,1752907,null,null,,,15,,62,,,,,,29,0.522813102,0.517241379,,,,,,,,,,,,,,,,,,,,,,,,,,,,,,,,,,,,,,,,,,
decision,1754909,null,null,,,15,,62,,,,,,,,,44122,5,2,FALSE,,,,,,,,,,,,,,,,,,,,,,,,,,,,,,,,,,,,,,
time_out,1756923,null,null,,,15,,,,,,,,,,,,,,,,,,,,,,,,,,,,,,,,,,,,,,,,,,,,,,,,,,,,
decision,1757372,447,76,,,15,,62,,,,,,,,,46584,5,2,TRUE,,,,,,,,,,,,,,,,,,,,,,,,,,,,,,,,,,,,,,
travel,1766933,,,,,,[],62,,,,,,,,,,,,,,,,,,,,,,,,,,,,,,,,,,,,,,,,,,,,,,,,,,
alien_welcome,1771935,null,null,,,,,,,,,90,15,92,35,44,47,28,100,53,88,72,21,27,42,114,26,43,85,25,99,57,97,34,56,117,73,94,80,68,103,98,32,84,116,22,86,120,3,93,9,19,115,109,71,30,40,24
land,1772439,null,null,,,101,,63,,,,,,,,,,,,,,,,,,,,,,,,,,,,,,,,,,,,,,,,,,,,,,,,,,
dig,1774443,,,,,,[],63,,,,,,,,,,,,,,,,,,,,,,,,,,,,,,,,,,,,,,,,,,,,,,,,,,
harvest,1775945,null,null,,,49,,63,,,,,,101,0.489800933,0.485148515,,,,,,,,,,,,,,,,,,,,,,,,,,,,,,,,,,,,,,,,,,
decision,1777228,1280.4,65,,,49,,63,,,,,,,,,66440,5,0,FALSE,,,,,,,,,,,,,,,,,,,,,,,,,,,,,,,,,,,,,,
dig,1777957,,,,,,[],63,,,,,,,,,,,,,,,,,,,,,,,,,,,,,,,,,,,,,,,,,,,,,,,,,,
harvest,1779459,null,null,,,26,,63,,,,,,49,0.537956641,0.530612245,,,,,,,,,,,,,,,,,,,,,,,,,,,,,,,,,,,,,,,,,,
decision,1780571,1110.6,65,,,26,,63,,,,,,,,,69784,5,1,FALSE,,,,,,,,,,,,,,,,,,,,,,,,,,,,,,,,,,,,,,
dig,1781472,,,,,,[],63,,,,,,,,,,,,,,,,,,,,,,,,,,,,,,,,,,,,,,,,,,,,,,,,,,
harvest,1782975,null,null,,,14,,63,,,,,,26,0.540922675,0.538461538,,,,,,,,,,,,,,,,,,,,,,,,,,,,,,,,,,,,,,,,,,
decision,1783404,427.4,76,,,14,,63,,,,,,,,,72616,5,2,TRUE,,,,,,,,,,,,,,,,,,,,,,,,,,,,,,,,,,,,,,
travel,1792984,,,,,,[],63,,,,,,,,,,,,,,,,,,,,,,,,,,,,,,,,,,,,,,,,,,,,,,,,,,
alien_welcome,1797988,null,null,,,,,,,,,112,15,92,35,44,47,28,100,53,88,72,21,27,42,114,26,43,85,25,99,57,97,34,56,117,73,94,80,68,103,98,32,84,116,22,86,120,3,93,9,19,115,109,71,30,40,24
land,1798491,null,null,,,98,,64,,,,,,,,,,,,,,,,,,,,,,,,,,,,,,,,,,,,,,,,,,,,,,,,,,
dig,1800495,,,,,,[],64,,,,,,,,,,,,,,,,,,,,,,,,,,,,,,,,,,,,,,,,,,,,,,,,,,
harvest,1801997,null,null,,,53,,64,,,,,,98,0.538662712,0.540816327,,,,,,,,,,,,,,,,,,,,,,,,,,,,,,,,,,,,,,,,,,
decision,1803531,1532.8,65,,,53,,64,,,,,,,,,92743,5,0,FALSE,,,,,,,,,,,,,,,,,,,,,,,,,,,,,,,,,,,,,,
dig,1804004,,,,,,[],64,,,,,,,,,,,,,,,,,,,,,,,,,,,,,,,,,,,,,,,,,,,,,,,,,,
harvest,1805507,null,null,,,24,,64,,,,,,53,0.447242357,0.452830189,,,,,,,,,,,,,,,,,,,,,,,,,,,,,,,,,,,,,,,,,,
decision,1807510,null,null,,,24,,64,,,,,,,,,96722,5,1,FALSE,,,,,,,,,,,,,,,,,,,,,,,,,,,,,,,,,,,,,,
time_out,1809517,null,null,,,24,,,,,,,,,,,,,,,,,,,,,,,,,,,,,,,,,,,,,,,,,,,,,,,,,,,,
decision,1810091,571.8,76,,,24,,64,,,,,,,,,99303,5,1,TRUE,,,,,,,,,,,,,,,,,,,,,,,,,,,,,,,,,,,,,,
travel,1819521,,,,,,[],64,,,,,,,,,,,,,,,,,,,,,,,,,,,,,,,,,,,,,,,,,,,,,,,,,,
alien_welcome,1824525,null,null,,,,,,,,,70,15,92,35,44,47,28,100,53,88,72,21,27,42,114,26,43,85,25,99,57,97,34,56,117,73,94,80,68,103,98,32,84,116,22,86,120,3,93,9,19,115,109,71,30,40,24
land,1825027,null,null,,,110,,65,,,,,,,,,,,,,,,,,,,,,,,,,,,,,,,,,,,,,,,,,,,,,,,,,,
dig,1827032,,,,,,[],65,,,,,,,,,,,,,,,,,,,,,,,,,,,,,,,,,,,,,,,,,,,,,,,,,,
harvest,1828536,null,null,,,58,,65,,,,,,110,0.531152915,0.527272727,,,,,,,,,,,,,,,,,,,,,,,,,,,,,,,,,,,,,,,,,,
decision,1830539,null,null,,,58,,65,,,,,,,,,119751,5,0,FALSE,,,,,,,,,,,,,,,,,,,,,,,,,,,,,,,,,,,,,,
time_out,1832551,null,null,,,58,,,,,,,,,,,,,,,,,,,,,,,,,,,,,,,,,,,,,,,,,,,,,,,,,,,,
decision,1832939,385.5,65,,,58,,65,,,,,,,,,122151,5,0,FALSE,,,,,,,,,,,,,,,,,,,,,,,,,,,,,,,,,,,,,,
dig,1834566,,,,,,[],65,,,,,,,,,,,,,,,,,,,,,,,,,,,,,,,,,,,,,,,,,,,,,,,,,,
harvest,1836068,null,null,,,29,,65,,,,,,58,0.500709291,0.5,,,,,,,,,,,,,,,,,,,,,,,,,,,,,,,,,,,,,,,,,,
decision,1836459,389.1,65,,,29,,65,,,,,,,,,125671,5,1,FALSE,,,,,,,,,,,,,,,,,,,,,,,,,,,,,,,,,,,,,,
dig,1838080,,,,,,[],65,,,,,,,,,,,,,,,,,,,,,,,,,,,,,,,,,,,,,,,,,,,,,,,,,,
harvest,1839583,null,null,,,15,,65,,,,,,29,0.500135337,0.517241379,,,,,,,,,,,,,,,,,,,,,,,,,,,,,,,,,,,,,,,,,,
decision,1840251,666.3,65,,,15,,65,,,,,,,,,129463,5,2,FALSE,,,,,,,,,,,,,,,,,,,,,,,,,,,,,,,,,,,,,,
dig,1841596,,,,,,[],65,,,,,,,,,,,,,,,,,,,,,,,,,,,,,,,,,,,,,,,,,,,,,,,,,,
harvest,1843098,null,null,,,8,,65,,,,,,15,0.53612395,0.533333333,,,,,,,,,,,,,,,,,,,,,,,,,,,,,,,,,,,,,,,,,,
decision,1843643,543.3,76,,,8,,65,,,,,,,,,132855,5,3,TRUE,,,,,,,,,,,,,,,,,,,,,,,,,,,,,,,,,,,,,,
travel,1853106,,,,,,[],65,,,,,,,,,,,,,,,,,,,,,,,,,,,,,,,,,,,,,,,,,,,,,,,,,,
alien_welcome,1858108,null,null,,,,,,,,,36,15,92,35,44,47,28,100,53,88,72,21,27,42,114,26,43,85,25,99,57,97,34,56,117,73,94,80,68,103,98,32,84,116,22,86,120,3,93,9,19,115,109,71,30,40,24
land,1858610,null,null,,,101,,66,,,,,,,,,,,,,,,,,,,,,,,,,,,,,,,,,,,,,,,,,,,,,,,,,,
dig,1860614,,,,,,[],66,,,,,,,,,,,,,,,,,,,,,,,,,,,,,,,,,,,,,,,,,,,,,,,,,,
harvest,1862116,null,null,,,55,,66,,,,,,101,0.543135048,0.544554455,,,,,,,,,,,,,,,,,,,,,,,,,,,,,,,,,,,,,,,,,,
decision,1862746,629,65,,,55,,66,,,,,,,,,151958,5,0,FALSE,,,,,,,,,,,,,,,,,,,,,,,,,,,,,,,,,,,,,,
dig,1864126,,,,,,[],66,,,,,,,,,,,,,,,,,,,,,,,,,,,,,,,,,,,,,,,,,,,,,,,,,,
harvest,1865629,null,null,,,24,,66,,,,,,55,0.442409379,0.436363636,,,,,,,,,,,,,,,,,,,,,,,,,,,,,,,,,,,,,,,,,,
decision,1866202,571.9,65,,,24,,66,,,,,,,,,155415,5,1,FALSE,,,,,,,,,,,,,,,,,,,,,,,,,,,,,,,,,,,,,,
dig,1867644,,,,,,[],66,,,,,,,,,,,,,,,,,,,,,,,,,,,,,,,,,,,,,,,,,,,,,,,,,,
harvest,1869148,null,null,,,11,,66,,,,,,24,0.442082615,0.458333333,,,,,,,,,,,,,,,,,,,,,,,,,,,,,,,,,,,,,,,,,,
decision,1869738,588.7,76,,,11,,66,,,,,,,,,158951,5,2,TRUE,,,,,,,,,,,,,,,,,,,,,,,,,,,,,,,,,,,,,,
travel,1879158,,,,,,[],66,,,,,,,,,,,,,,,,,,,,,,,,,,,,,,,,,,,,,,,,,,,,,,,,,,
alien_welcome,1884167,null,null,,,,,,,,,11,15,92,35,44,47,28,100,53,88,72,21,27,42,114,26,43,85,25,99,57,97,34,56,117,73,94,80,68,103,98,32,84,116,22,86,120,3,93,9,19,115,109,71,30,40,24
land,1884669,null,null,,,103,,67,,,,,,,,,,,,,,,,,,,,,,,,,,,,,,,,,,,,,,,,,,,,,,,,,,
dig,1886674,,,,,,[],67,,,,,,,,,,,,,,,,,,,,,,,,,,,,,,,,,,,,,,,,,,,,,,,,,,
harvest,1888177,null,null,,,53,,67,,,,,,103,0.514426563,0.514563107,,,,,,,,,,,,,,,,,,,,,,,,,,,,,,,,,,,,,,,,,,
decision,1890186,null,null,,,53,,67,,,,,,,,,179398,5,0,FALSE,,,,,,,,,,,,,,,,,,,,,,,,,,,,,,,,,,,,,,
time_out,1892206,null,null,,,53,,,,,,,,,,,,,,,,,,,,,,,,,,,,,,,,,,,,,,,,,,,,,,,,,,,,
decision,1892555,347.1,65,,,53,,67,,,,,,,,,181767,5,0,FALSE,,,,,,,,,,,,,,,,,,,,,,,,,,,,,,,,,,,,,,
dig,1894218,,,,,,[],67,,,,,,,,,,,,,,,,,,,,,,,,,,,,,,,,,,,,,,,,,,,,,,,,,,
harvest,1895721,null,null,,,27,,67,,,,,,53,0.513870982,0.509433962,,,,,,,,,,,,,,,,,,,,,,,,,,,,,,,,,,,,,,,,,,
decision,1896091,368.4,65,,,27,,67,,,,,,,,,185303,5,1,FALSE,,,,,,,,,,,,,,,,,,,,,,,,,,,,,,,,,,,,,,
dig,1897733,,,,,,[],67,,,,,,,,,,,,,,,,,,,,,,,,,,,,,,,,,,,,,,,,,,,,,,,,,,
harvest,1899236,null,null,,,14,,67,,,,,,27,0.521562891,0.518518519,,,,,,,,,,,,,,,,,,,,,,,,,,,,,,,,,,,,,,,,,,
decision,1899578,340.1,76,,,14,,67,,,,,,,,,188790,5,2,TRUE,,,,,,,,,,,,,,,,,,,,,,,,,,,,,,,,,,,,,,
travel,1909244,,,,,,[],67,,,,,,,,,,,,,,,,,,,,,,,,,,,,,,,,,,,,,,,,,,,,,,,,,,
alien_welcome,1914248,null,null,,,,,,,,,55,15,92,35,44,47,28,100,53,88,72,21,27,42,114,26,43,85,25,99,57,97,34,56,117,73,94,80,68,103,98,32,84,116,22,86,120,3,93,9,19,115,109,71,30,40,24
land,1914750,null,null,,,96,,68,,,,,,,,,,,,,,,,,,,,,,,,,,,,,,,,,,,,,,,,,,,,,,,,,,
dig,1916755,,,,,,[],68,,,,,,,,,,,,,,,,,,,,,,,,,,,,,,,,,,,,,,,,,,,,,,,,,,
harvest,1918257,null,null,,,50,,68,,,,,,96,0.524786816,0.520833333,,,,,,,,,,,,,,,,,,,,,,,,,,,,,,,,,,,,,,,,,,
decision,1919050,791.3,76,,,50,,68,,,,,,,,,208262,5,0,TRUE,,,,,,,,,,,,,,,,,,,,,,,,,,,,,,,,,,,,,,
travel,1928266,,,,,,[],68,,,,,,,,,,,,,,,,,,,,,,,,,,,,,,,,,,,,,,,,,,,,,,,,,,
alien_welcome,1933268,null,null,,,,,,,,,77,15,92,35,44,47,28,100,53,88,72,21,27,42,114,26,43,85,25,99,57,97,34,56,117,73,94,80,68,103,98,32,84,116,22,86,120,3,93,9,19,115,109,71,30,40,24
land,1933770,null,null,,,107,,69,,,,,,,,,,,,,,,,,,,,,,,,,,,,,,,,,,,,,,,,,,,,,,,,,,
dig,1935775,,,,,,[],69,,,,,,,,,,,,,,,,,,,,,,,,,,,,,,,,,,,,,,,,,,,,,,,,,,
harvest,1937279,null,null,,,49,,69,,,,,,107,0.460006037,0.457943925,,,,,,,,,,,,,,,,,,,,,,,,,,,,,,,,,,,,,,,,,,
decision,1937578,298.1,65,,,49,,69,,,,,,,,,226791,5,0,FALSE,,,,,,,,,,,,,,,,,,,,,,,,,,,,,,,,,,,,,,
dig,1939292,,,,,,[],69,,,,,,,,,,,,,,,,,,,,,,,,,,,,,,,,,,,,,,,,,,,,,,,,,,
harvest,1940793,null,null,,,26,,69,,,,,,49,0.540775031,0.530612245,,,,,,,,,,,,,,,,,,,,,,,,,,,,,,,,,,,,,,,,,,
decision,1941258,463.7,76,,,26,,69,,,,,,,,,230471,5,1,TRUE,,,,,,,,,,,,,,,,,,,,,,,,,,,,,,,,,,,,,,
travel,1950810,,,,,,[],69,,,,,,,,,,,,,,,,,,,,,,,,,,,,,,,,,,,,,,,,,,,,,,,,,,
alien_welcome,1955813,null,null,,,,,,,,,45,15,92,35,44,47,28,100,53,88,72,21,27,42,114,26,43,85,25,99,57,97,34,56,117,73,94,80,68,103,98,32,84,116,22,86,120,3,93,9,19,115,109,71,30,40,24
land,1956316,null,null,,,102,,70,,,,,,,,,,,,,,,,,,,,,,,,,,,,,,,,,,,,,,,,,,,,,,,,,,
dig,1958320,,,,,,[],70,,,,,,,,,,,,,,,,,,,,,,,,,,,,,,,,,,,,,,,,,,,,,,,,,,
harvest,1959824,null,null,,,51,,70,,,,,,102,0.49566748,0.5,,,,,,,,,,,,,,,,,,,,,,,,,,,,,,,,,,,,,,,,,,
decision,1960234,408.4,65,,,51,,70,,,,,,,,,249446,5,0,FALSE,,,,,,,,,,,,,,,,,,,,,,,,,,,,,,,,,,,,,,
dig,1961837,,,,,,[],70,,,,,,,,,,,,,,,,,,,,,,,,,,,,,,,,,,,,,,,,,,,,,,,,,,
harvest,1963340,null,null,,,29,,70,,,,,,51,0.564462854,0.568627451,,,,,,,,,,,,,,,,,,,,,,,,,,,,,,,,,,,,,,,,,,
decision,1963834,491.9,65,,,29,,70,,,,,,,,,253046,5,1,FALSE,,,,,,,,,,,,,,,,,,,,,,,,,,,,,,,,,,,,,,
dig,1965354,,,,,,[],70,,,,,,,,,,,,,,,,,,,,,,,,,,,,,,,,,,,,,,,,,,,,,,,,,,
harvest,1966857,null,null,,,14,,70,,,,,,29,0.487035095,0.482758621,,,,,,,,,,,,,,,,,,,,,,,,,,,,,,,,,,,,,,,,,,
decision,1967369,510.7,76,,,14,,70,,,,,,,,,256582,5,2,TRUE,,,,,,,,,,,,,,,,,,,,,,,,,,,,,,,,,,,,,,
travel,1976865,,,,,,[],70,,,,,,,,,,,,,,,,,,,,,,,,,,,,,,,,,,,,,,,,,,,,,,,,,,
alien_welcome,1981867,null,null,,,,,,,,,104,15,92,35,44,47,28,100,53,88,72,21,27,42,114,26,43,85,25,99,57,97,34,56,117,73,94,80,68,103,98,32,84,116,22,86,120,3,93,9,19,115,109,71,30,40,24
land,1982369,null,null,,,99,,71,,,,,,,,,,,,,,,,,,,,,,,,,,,,,,,,,,,,,,,,,,,,,,,,,,
dig,1984375,,,,,,[],71,,,,,,,,,,,,,,,,,,,,,,,,,,,,,,,,,,,,,,,,,,,,,,,,,,
harvest,1985878,null,null,,,46,,71,,,,,,99,0.460331749,0.464646465,,,,,,,,,,,,,,,,,,,,,,,,,,,,,,,,,,,,,,,,,,
decision,1987081,1202.1,65,,,46,,71,,,,,,,,,276294,5,0,FALSE,,,,,,,,,,,,,,,,,,,,,,,,,,,,,,,,,,,,,,
dig,1987891,,,,,,[],71,,,,,,,,,,,,,,,,,,,,,,,,,,,,,,,,,,,,,,,,,,,,,,,,,,
harvest,1989393,null,null,,,22,,71,,,,,,46,0.482769001,0.47826087,,,,,,,,,,,,,,,,,,,,,,,,,,,,,,,,,,,,,,,,,,
decision,1989866,471.1,65,,,22,,71,,,,,,,,,279078,5,1,FALSE,,,,,,,,,,,,,,,,,,,,,,,,,,,,,,,,,,,,,,
dig,1991412,,,,,,[],71,,,,,,,,,,,,,,,,,,,,,,,,,,,,,,,,,,,,,,,,,,,,,,,,,,
harvest,1992915,null,null,,,11,,71,,,,,,22,0.518164369,0.5,,,,,,,,,,,,,,,,,,,,,,,,,,,,,,,,,,,,,,,,,,
decision,1993450,532.3,76,,,11,,71,,,,,,,,,282662,5,2,TRUE,,,,,,,,,,,,,,,,,,,,,,,,,,,,,,,,,,,,,,
travel,2002923,,,,,,[],71,,,,,,,,,,,,,,,,,,,,,,,,,,,,,,,,,,,,,,,,,,,,,,,,,,
alien_welcome,2007925,null,null,,,,,,,,,79,15,92,35,44,47,28,100,53,88,72,21,27,42,114,26,43,85,25,99,57,97,34,56,117,73,94,80,68,103,98,32,84,116,22,86,120,3,93,9,19,115,109,71,30,40,24
land,2008428,null,null,,,97,,72,,,,,,,,,,,,,,,,,,,,,,,,,,,,,,,,,,,,,,,,,,,,,,,,,,
dig,2010434,,,,,,[],72,,,,,,,,,,,,,,,,,,,,,,,,,,,,,,,,,,,,,,,,,,,,,,,,,,
harvest,2011937,null,null,,,43,,72,,,,,,97,0.4449437,0.443298969,,,,,,,,,,,,,,,,,,,,,,,,,,,,,,,,,,,,,,,,,,
decision,2012489,550.3,65,,,43,,72,,,,,,,,,301702,5,0,FALSE,,,,,,,,,,,,,,,,,,,,,,,,,,,,,,,,,,,,,,
dig,2013951,,,,,,[],72,,,,,,,,,,,,,,,,,,,,,,,,,,,,,,,,,,,,,,,,,,,,,,,,,,
harvest,2015454,null,null,,,24,,72,,,,,,43,0.552060265,0.558139535,,,,,,,,,,,,,,,,,,,,,,,,,,,,,,,,,,,,,,,,,,
decision,2015753,297.2,65,,,24,,72,,,,,,,,,304966,5,1,FALSE,,,,,,,,,,,,,,,,,,,,,,,,,,,,,,,,,,,,,,
dig,2017469,,,,,,[],72,,,,,,,,,,,,,,,,,,,,,,,,,,,,,,,,,,,,,,,,,,,,,,,,,,
harvest,2018972,null,null,,,15,,72,,,,,,24,0.610577405,0.625,,,,,,,,,,,,,,,,,,,,,,,,,,,,,,,,,,,,,,,,,,
decision,2019129,155.4,65,,,15,,72,,,,,,,,,308342,5,2,FALSE,,,,,,,,,,,,,,,,,,,,,,,,,,,,,,,,,,,,,,
dig,2020996,,,,,,[],72,,,,,,,,,,,,,,,,,,,,,,,,,,,,,,,,,,,,,,,,,,,,,,,,,,
harvest,2022498,null,null,,,7,,72,,,,,,15,0.499705329,0.466666667,,,,,,,,,,,,,,,,,,,,,,,,,,,,,,,,,,,,,,,,,,
decision,2023113,613.2,65,,,7,,72,,,,,,,,,312326,5,3,FALSE,,,,,,,,,,,,,,,,,,,,,,,,,,,,,,,,,,,,,,
dig,2024515,,,,,,[],72,,,,,,,,,,,,,,,,,,,,,,,,,,,,,,,,,,,,,,,,,,,,,,,,,,
harvest,2026018,null,null,,,3,,72,,,,,,7,0.448319828,0.428571429,,,,,,,,,,,,,,,,,,,,,,,,,,,,,,,,,,,,,,,,,,
decision,2028020,null,null,,,3,,72,,,,,,,,,317232,5,4,FALSE,,,,,,,,,,,,,,,,,,,,,,,,,,,,,,,,,,,,,,
time_out,2030032,null,null,,,3,,,,,,,,,,,,,,,,,,,,,,,,,,,,,,,,,,,,,,,,,,,,,,,,,,,,
decision,2030745,711.2,76,,,3,,72,,,,,,,,,319957,5,4,TRUE,,,,,,,,,,,,,,,,,,,,,,,,,,,,,,,,,,,,,,
travel,2040048,,,,,,[],72,,,,,,,,,,,,,,,,,,,,,,,,,,,,,,,,,,,,,,,,,,,,,,,,,,
alien_welcome,2045051,null,null,,,,,,,,,17,15,92,35,44,47,28,100,53,88,72,21,27,42,114,26,43,85,25,99,57,97,34,56,117,73,94,80,68,103,98,32,84,116,22,86,120,3,93,9,19,115,109,71,30,40,24
land,2045554,null,null,,,102,,73,,,,,,,,,,,,,,,,,,,,,,,,,,,,,,,,,,,,,,,,,,,,,,,,,,
dig,2047558,,,,,,[],73,,,,,,,,,,,,,,,,,,,,,,,,,,,,,,,,,,,,,,,,,,,,,,,,,,
harvest,2049060,null,null,,,56,,73,,,,,,102,0.546487156,0.549019608,,,,,,,,,,,,,,,,,,,,,,,,,,,,,,,,,,,,,,,,,,
decision,2049752,691.3,65,,,56,,73,,,,,,,,,338965,5,0,FALSE,,,,,,,,,,,,,,,,,,,,,,,,,,,,,,,,,,,,,,
dig,2051069,,,,,,[],73,,,,,,,,,,,,,,,,,,,,,,,,,,,,,,,,,,,,,,,,,,,,,,,,,,
harvest,2052572,null,null,,,28,,73,,,,,,56,0.502584781,0.5,,,,,,,,,,,,,,,,,,,,,,,,,,,,,,,,,,,,,,,,,,
decision,2054574,null,null,,,28,,73,,,,,,,,,343787,5,1,FALSE,,,,,,,,,,,,,,,,,,,,,,,,,,,,,,,,,,,,,,
time_out,2056583,null,null,,,28,,,,,,,,,,,,,,,,,,,,,,,,,,,,,,,,,,,,,,,,,,,,,,,,,,,,
decision,2058586,null,null,,,28,,73,,,,,,,,,347798,5,1,FALSE,,,,,,,,,,,,,,,,,,,,,,,,,,,,,,,,,,,,,,
time_out,2060599,null,null,,,28,,,,,,,,,,,,,,,,,,,,,,,,,,,,,,,,,,,,,,,,,,,,,,,,,,,,
decision,2061193,592,76,,,28,,73,,,,,,,,,350405,5,1,TRUE,,,,,,,,,,,,,,,,,,,,,,,,,,,,,,,,,,,,,,
travel,2070611,,,,,,[],73,,,,,,,,,,,,,,,,,,,,,,,,,,,,,,,,,,,,,,,,,,,,,,,,,,
alien_welcome,2075615,null,null,,,,,,,,,20,15,92,35,44,47,28,100,53,88,72,21,27,42,114,26,43,85,25,99,57,97,34,56,117,73,94,80,68,103,98,32,84,116,22,86,120,3,93,9,19,115,109,71,30,40,24
land,2076117,null,null,,,94,,74,,,,,,,,,,,,,,,,,,,,,,,,,,,,,,,,,,,,,,,,,,,,,,,,,,
dig,2078123,,,,,,[],74,,,,,,,,,,,,,,,,,,,,,,,,,,,,,,,,,,,,,,,,,,,,,,,,,,
harvest,2079626,null,null,,,44,,74,,,,,,94,0.472649452,0.468085106,,,,,,,,,,,,,,,,,,,,,,,,,,,,,,,,,,,,,,,,,,
decision,2081629,null,null,,,44,,74,,,,,,,,,370841,5,0,TRUE,,,,,,,,,,,,,,,,,,,,,,,,,,,,,,,,,,,,,,
catch,2085769,4127.7,90,,,44,,,,,,,,,,,,,,,,,,,,,,,,,,,,,,,,,,,,,,,,,,,,,,,,,,,,
debrief,2096238,10466.8,,,,,{planet_threshold:yes,planet_threshold_desc:,dig_threshold:yes,dig_threshold_desc:,surprise:yes,surprise_desc:,dynamic:yes,dynamic_desc:,other:yes,other_desc:,feedback:GOOD},,,,,,,,,,,,,,,,,,,,,,,,,,,,,,,,,,,,,,,,,
demo,2102765,6458.7,,,,,{age:62,gender:female},,,,,,,,,,,,,,,,,,,,,,,,,,,,,,,,,,,,,,,,,,,,,,,,,,
end_of_exp,2134216,31448.7,32,,,,,,,,,,,,,,,,,,3,0,,,,,,,,,,,,,,,,,,,,,,,,,,,,,,,,,,,,