trial_type,time_elapsed,rt,key_press,condition,subject_id,next_reward,responses,planet,curr_prac_trial,n_prac_rounds,button_pressed,alien,aliens,reward_received,decay_rate_actual,decay_rate_exp,time_in_block,block_num,prt,last_trial_on_planet,bonus,num_failures,,,,,,,,,,,,,,,,,,,,,,,,,,,,
fullscreen,3964,,,,,,,,,,,,,,,,,,,,,,,,,,,,,,,,,,,,,,,,,,,,,,,,,
instruc_welcome,7275,3308.5,32,1,A17TCSKI0MZU8X,,,,,,,,,,,,,,,,,,,,,,,,,,,,,,,,,,,,,,,,,,,,,
instruc_goal,8578,1301.1,32,,,,,,,,,,,,,,,,,,,,,,,,,,,,,,,,,,,,,,,,,,,,,,,
instruc_dig,10553,1974.8,65,,,100,,,,,,,,,,,,,,,,,,,,,,,,,,,,,,,,,,,,,,,,,,,,
dig_instruc,12565,,,,,,[],,,,,,,,,,,,,,,,,,,,,,,,,,,,,,,,,,,,,,,,,,,
harvest_instruc,14067,null,null,,,,,,,,,,,,,,,,,,,,,,,,,,,,,,,,,,,,,,,,,,,,,,,
instruc_travel,15538,1469.9,76,,,,,,,,,,,,,,,,,,,,,,,,,,,,,,,,,,,,,,,,,,,,,,,
travel_prac,25542,,,,,,[],0,,,,,,,,,,,,,,,,,,,,,,,,,,,,,,,,,,,,,,,,,,
instruc_alien_greet,27434,1891.3,32,,,,,,,,,,,,,,,,,,,,,,,,,,,,,,,,,,,,,,,,,,,,,,,
time_out,32691,5255.5,32,,,,,,,,,,,,,,,,,,,,,,,,,,,,,,,,,,,,,,,,,,,,,,,
instruc_break,34148,1455.5,32,,,,,,,,,,,,,,,,,,,,,,,,,,,,,,,,,,,,,,,,,,,,,,,
quiz_prac,41428,7278.7,,,,,{Q0:C,Q1:B,Q2:B},,,,,,,,,,,,,,,,,,,,,,,,,,,,,,,,,,,,,,,,,
quiz_correct,43700,2265.5,,,,,{Q0:C,Q1:B,Q2:B},,,,,,,,,,,,,,,,,,,,,,,,,,,,,,,,,,,,,,,,,
instruc_prac_game,45259,1557.9,32,,,,,,,,,,,,,,,,,,,,,,,,,,,,,,,,,,,,,,,,,,,,,,,
alien_welcome_prac,50260,null,null,,,,,,,,,,,,,,,,,,,,,,,,,,,,,,,,,,,,,,,,,,,,,,,
land_prac,50763,null,null,,,97,,0,,,,,,,,,,,,,,,,,,,,,,,,,,,,,,,,,,,,,,,,,,
dig_prac,52768,,,,,,[],,,,,,,,,,,,,,,,,,,,,,,,,,,,,,,,,,,,,,,,,,,
harvest_prac,54269,null,null,,,,,,,,,,,,,,,,,,,,,,,,,,,,,,,,,,,,,,,,,,,,,,,
decision_prac,55515,1244.8,76,,,,,,1,,,,,,,,,,,,,,,,,,,,,,,,,,,,,,,,,,,,,,,,,
travel,64269,,,,,,[],0,,,,,,,,,,,,,,,,,,,,,,,,,,,,,,,,,,,,,,,,,,
alien_welcome_prac,69272,null,null,,,,,,,,,,,,,,,,,,,,,,,,,,,,,,,,,,,,,,,,,,,,,,,
land_prac,69774,null,null,,,95,,0,,,,,,,,,,,,,,,,,,,,,,,,,,,,,,,,,,,,,,,,,,
dig_prac,71779,,,,,,[],,,,,,,,,,,,,,,,,,,,,,,,,,,,,,,,,,,,,,,,,,,
harvest_prac,73281,null,null,,,,,,,,,,,,,,,,,,,,,,,,,,,,,,,,,,,,,,,,,,,,,,,
decision_prac,75283,null,null,,,,,,2,,,,,,,,,,,,,,,,,,,,,,,,,,,,,,,,,,,,,,,,,
time_out,77286,null,null,,,,,,,,,,,,,,,,,,,,,,,,,,,,,,,,,,,,,,,,,,,,,,,
decision_prac,79288,null,null,,,,,,3,,,,,,,,,,,,,,,,,,,,,,,,,,,,,,,,,,,,,,,,,
time_out,81292,null,null,,,,,,,,,,,,,,,,,,,,,,,,,,,,,,,,,,,,,,,,,,,,,,,
decision_prac,83293,null,null,,,,,,4,,,,,,,,,,,,,,,,,,,,,,,,,,,,,,,,,,,,,,,,,
time_out,85296,null,null,,,,,,,,,,,,,,,,,,,,,,,,,,,,,,,,,,,,,,,,,,,,,,,
decision_prac,87298,null,null,,,,,,,1,,,,,,,,,,,,,,,,,,,,,,,,,,,,,,,,,,,,,,,,
instruc_begin_exp,92878,5576,,,,,,,,1,1,,,,,,,,,,,,,,,,,,,,,,,,,,,,,,,,,,,,,,,
alien_welcome,97884,null,null,,,,,,,,,36,25,24,71,77,117,108,61,3,46,7,96,74,50,35,102,26,17,92,67,68,52,19,22,53,111,38,48,101,97,78,118,5,57,28,82,66,55,114
land,98386,null,null,,,99,,1,,,,,,,,,,,,,,,,,,,,,,,,,,,,,,,,,,,,,,,,,,
dig,100391,,,,,,[],1,,,,,,,,,,,,,,,,,,,,,,,,,,,,,,,,,,,,,,,,,,
harvest,101894,null,null,,,24,,1,,,,,,99,0.244943807,0.242424242,,,,,,,,,,,,,,,,,,,,,,,,,,,,,,,,,,
decision,103004,1108.3,76,,,24,,1,,,,,,,,,10125,1,0,TRUE,,,,,,,,,,,,,,,,,,,,,,,,,,,,,,
travel,111893,,,,,,[],1,,,,,,,,,,,,,,,,,,,,,,,,,,,,,,,,,,,,,,,,,,
alien_welcome,116896,null,null,,,,,,,,,65,25,24,71,77,117,108,61,3,46,7,96,74,50,35,102,26,17,92,67,68,52,19,22,53,111,38,48,101,97,78,118,5,57,28,82,66,55,114
land,117399,null,null,,,96,,2,,,,,,,,,,,,,,,,,,,,,,,,,,,,,,,,,,,,,,,,,,
dig,119402,,,,,,[],2,,,,,,,,,,,,,,,,,,,,,,,,,,,,,,,,,,,,,,,,,,
harvest,120904,null,null,,,13,,2,,,,,,96,0.134987889,0.135416667,,,,,,,,,,,,,,,,,,,,,,,,,,,,,,,,,,
decision,122115,1209.8,76,,,13,,2,,,,,,,,,29235,1,0,TRUE,,,,,,,,,,,,,,,,,,,,,,,,,,,,,,
travel,130904,,,,,,[],2,,,,,,,,,,,,,,,,,,,,,,,,,,,,,,,,,,,,,,,,,,
alien_welcome,135906,null,null,,,,,,,,,21,25,24,71,77,117,108,61,3,46,7,96,74,50,35,102,26,17,92,67,68,52,19,22,53,111,38,48,101,97,78,118,5,57,28,82,66,55,114
land,136409,null,null,,,104,,3,,,,,,,,,,,,,,,,,,,,,,,,,,,,,,,,,,,,,,,,,,
dig,138414,,,,,,[],3,,,,,,,,,,,,,,,,,,,,,,,,,,,,,,,,,,,,,,,,,,
harvest,139916,null,null,,,46,,3,,,,,,104,0.438602288,0.442307692,,,,,,,,,,,,,,,,,,,,,,,,,,,,,,,,,,
decision,141742,1824.7,76,,,46,,3,,,,,,,,,48862,1,0,TRUE,,,,,,,,,,,,,,,,,,,,,,,,,,,,,,
travel,149919,,,,,,[],3,,,,,,,,,,,,,,,,,,,,,,,,,,,,,,,,,,,,,,,,,,
alien_welcome,154922,null,null,,,,,,,,,1,25,24,71,77,117,108,61,3,46,7,96,74,50,35,102,26,17,92,67,68,52,19,22,53,111,38,48,101,97,78,118,5,57,28,82,66,55,114
land,155425,null,null,,,91,,4,,,,,,,,,,,,,,,,,,,,,,,,,,,,,,,,,,,,,,,,,,
dig,157429,,,,,,[],4,,,,,,,,,,,,,,,,,,,,,,,,,,,,,,,,,,,,,,,,,,
harvest,158931,null,null,,,52,,4,,,,,,91,0.565988971,0.571428571,,,,,,,,,,,,,,,,,,,,,,,,,,,,,,,,,,
decision,160245,1313,76,,,52,,4,,,,,,,,,67365,1,0,TRUE,,,,,,,,,,,,,,,,,,,,,,,,,,,,,,
travel,168935,,,,,,[],4,,,,,,,,,,,,,,,,,,,,,,,,,,,,,,,,,,,,,,,,,,
alien_welcome,173937,null,null,,,,,,,,,42,25,24,71,77,117,108,61,3,46,7,96,74,50,35,102,26,17,92,67,68,52,19,22,53,111,38,48,101,97,78,118,5,57,28,82,66,55,114
land,174439,null,null,,,100,,5,,,,,,,,,,,,,,,,,,,,,,,,,,,,,,,,,,,,,,,,,,
dig,176443,,,,,,[],5,,,,,,,,,,,,,,,,,,,,,,,,,,,,,,,,,,,,,,,,,,
harvest,177945,null,null,,,42,,5,,,,,,100,0.424497621,0.42,,,,,,,,,,,,,,,,,,,,,,,,,,,,,,,,,,
decision,179645,1698.7,76,,,42,,5,,,,,,,,,86765,1,0,TRUE,,,,,,,,,,,,,,,,,,,,,,,,,,,,,,
travel,187947,,,,,,[],5,,,,,,,,,,,,,,,,,,,,,,,,,,,,,,,,,,,,,,,,,,
alien_welcome,192949,null,null,,,,,,,,,8,25,24,71,77,117,108,61,3,46,7,96,74,50,35,102,26,17,92,67,68,52,19,22,53,111,38,48,101,97,78,118,5,57,28,82,66,55,114
land,193451,null,null,,,96,,6,,,,,,,,,,,,,,,,,,,,,,,,,,,,,,,,,,,,,,,,,,
dig,195455,,,,,,[],6,,,,,,,,,,,,,,,,,,,,,,,,,,,,,,,,,,,,,,,,,,
harvest,196956,null,null,,,84,,6,,,,,,96,0.871806078,0.875,,,,,,,,,,,,,,,,,,,,,,,,,,,,,,,,,,
decision,197773,815.7,76,,,84,,6,,,,,,,,,104894,1,0,TRUE,,,,,,,,,,,,,,,,,,,,,,,,,,,,,,
travel,206959,,,,,,[],6,,,,,,,,,,,,,,,,,,,,,,,,,,,,,,,,,,,,,,,,,,
alien_welcome,211962,null,null,,,,,,,,,16,25,24,71,77,117,108,61,3,46,7,96,74,50,35,102,26,17,92,67,68,52,19,22,53,111,38,48,101,97,78,118,5,57,28,82,66,55,114
land,212463,null,null,,,95,,7,,,,,,,,,,,,,,,,,,,,,,,,,,,,,,,,,,,,,,,,,,
dig,214467,,,,,,[],7,,,,,,,,,,,,,,,,,,,,,,,,,,,,,,,,,,,,,,,,,,
harvest,215969,null,null,,,74,,7,,,,,,95,0.776464702,0.778947368,,,,,,,,,,,,,,,,,,,,,,,,,,,,,,,,,,
decision,216013,42.7,76,,,74,,7,,,,,,,,,123133,1,0,TRUE,,,,,,,,,,,,,,,,,,,,,,,,,,,,,,
travel,225972,,,,,,[],7,,,,,,,,,,,,,,,,,,,,,,,,,,,,,,,,,,,,,,,,,,
alien_welcome,230974,null,null,,,,,,,,,119,25,24,71,77,117,108,61,3,46,7,96,74,50,35,102,26,17,92,67,68,52,19,22,53,111,38,48,101,97,78,118,5,57,28,82,66,55,114
land,231476,null,null,,,101,,8,,,,,,,,,,,,,,,,,,,,,,,,,,,,,,,,,,,,,,,,,,
dig,233480,,,,,,[],8,,,,,,,,,,,,,,,,,,,,,,,,,,,,,,,,,,,,,,,,,,
harvest,234982,null,null,,,93,,8,,,,,,101,0.922450279,0.920792079,,,,,,,,,,,,,,,,,,,,,,,,,,,,,,,,,,
decision,236984,null,null,,,93,,8,,,,,,,,,144105,1,0,FALSE,,,,,,,,,,,,,,,,,,,,,,,,,,,,,,
time_out,238989,null,null,,,93,,,,,,,,,,,,,,,,,,,,,,,,,,,,,,,,,,,,,,,,,,,,
decision,239142,151.6,76,,,93,,8,,,,,,,,,146262,1,0,TRUE,,,,,,,,,,,,,,,,,,,,,,,,,,,,,,
travel,248993,,,,,,[],8,,,,,,,,,,,,,,,,,,,,,,,,,,,,,,,,,,,,,,,,,,
alien_welcome,253995,null,null,,,,,,,,,115,25,24,71,77,117,108,61,3,46,7,96,74,50,35,102,26,17,92,67,68,52,19,22,53,111,38,48,101,97,78,118,5,57,28,82,66,55,114
land,254497,null,null,,,108,,9,,,,,,,,,,,,,,,,,,,,,,,,,,,,,,,,,,,,,,,,,,
dig,256502,,,,,,[],9,,,,,,,,,,,,,,,,,,,,,,,,,,,,,,,,,,,,,,,,,,
harvest,258004,null,null,,,15,,9,,,,,,108,0.139554736,0.138888889,,,,,,,,,,,,,,,,,,,,,,,,,,,,,,,,,,
decision,258054,49.2,76,,,15,,9,,,,,,,,,165175,1,0,TRUE,,,,,,,,,,,,,,,,,,,,,,,,,,,,,,
travel,268005,,,,,,[],9,,,,,,,,,,,,,,,,,,,,,,,,,,,,,,,,,,,,,,,,,,
alien_welcome,273007,null,null,,,,,,,,,47,25,24,71,77,117,108,61,3,46,7,96,74,50,35,102,26,17,92,67,68,52,19,22,53,111,38,48,101,97,78,118,5,57,28,82,66,55,114
land,273510,null,null,,,95,,10,,,,,,,,,,,,,,,,,,,,,,,,,,,,,,,,,,,,,,,,,,
dig,275515,,,,,,[],10,,,,,,,,,,,,,,,,,,,,,,,,,,,,,,,,,,,,,,,,,,
harvest,277016,null,null,,,15,,10,,,,,,95,0.153909308,0.157894737,,,,,,,,,,,,,,,,,,,,,,,,,,,,,,,,,,
decision,278247,1229,76,,,15,,10,,,,,,,,,185367,1,0,TRUE,,,,,,,,,,,,,,,,,,,,,,,,,,,,,,
travel,287015,,,,,,[],10,,,,,,,,,,,,,,,,,,,,,,,,,,,,,,,,,,,,,,,,,,
alien_welcome,292017,null,null,,,,,,,,,37,25,24,71,77,117,108,61,3,46,7,96,74,50,35,102,26,17,92,67,68,52,19,22,53,111,38,48,101,97,78,118,5,57,28,82,66,55,114
land,292520,null,null,,,102,,11,,,,,,,,,,,,,,,,,,,,,,,,,,,,,,,,,,,,,,,,,,
dig,294524,,,,,,[],11,,,,,,,,,,,,,,,,,,,,,,,,,,,,,,,,,,,,,,,,,,
harvest,296026,null,null,,,16,,11,,,,,,102,0.16161892,0.156862745,,,,,,,,,,,,,,,,,,,,,,,,,,,,,,,,,,
decision,296994,967.1,76,,,16,,11,,,,,,,,,204114,1,0,TRUE,,,,,,,,,,,,,,,,,,,,,,,,,,,,,,
travel,306026,,,,,,[],11,,,,,,,,,,,,,,,,,,,,,,,,,,,,,,,,,,,,,,,,,,
alien_welcome,311028,null,null,,,,,,,,,87,25,24,71,77,117,108,61,3,46,7,96,74,50,35,102,26,17,92,67,68,52,19,22,53,111,38,48,101,97,78,118,5,57,28,82,66,55,114
land,311530,null,null,,,100,,12,,,,,,,,,,,,,,,,,,,,,,,,,,,,,,,,,,,,,,,,,,
dig,313535,,,,,,[],12,,,,,,,,,,,,,,,,,,,,,,,,,,,,,,,,,,,,,,,,,,
harvest,315037,null,null,,,22,,12,,,,,,100,0.22498894,0.22,,,,,,,,,,,,,,,,,,,,,,,,,,,,,,,,,,
decision,316143,1104.9,76,,,22,,12,,,,,,,,,223263,1,0,TRUE,,,,,,,,,,,,,,,,,,,,,,,,,,,,,,
travel,325040,,,,,,[],12,,,,,,,,,,,,,,,,,,,,,,,,,,,,,,,,,,,,,,,,,,
alien_welcome,330042,null,null,,,,,,,,,95,25,24,71,77,117,108,61,3,46,7,96,74,50,35,102,26,17,92,67,68,52,19,22,53,111,38,48,101,97,78,118,5,57,28,82,66,55,114
land,330543,null,null,,,101,,13,,,,,,,,,,,,,,,,,,,,,,,,,,,,,,,,,,,,,,,,,,
dig,332548,,,,,,[],13,,,,,,,,,,,,,,,,,,,,,,,,,,,,,,,,,,,,,,,,,,
harvest,334050,null,null,,,12,,13,,,,,,101,0.121679753,0.118811881,,,,,,,,,,,,,,,,,,,,,,,,,,,,,,,,,,
decision,335399,1348.6,76,,,12,,13,,,,,,,,,242520,1,0,TRUE,,,,,,,,,,,,,,,,,,,,,,,,,,,,,,
travel,344054,,,,,,[],13,,,,,,,,,,,,,,,,,,,,,,,,,,,,,,,,,,,,,,,,,,
alien_welcome,349057,null,null,,,,,,,,,59,25,24,71,77,117,108,61,3,46,7,96,74,50,35,102,26,17,92,67,68,52,19,22,53,111,38,48,101,97,78,118,5,57,28,82,66,55,114
land,349559,null,null,,,104,,14,,,,,,,,,,,,,,,,,,,,,,,,,,,,,,,,,,,,,,,,,,
dig,351564,,,,,,[],14,,,,,,,,,,,,,,,,,,,,,,,,,,,,,,,,,,,,,,,,,,
harvest,353065,null,null,,,90,,14,,,,,,104,0.861010727,0.865384615,,,,,,,,,,,,,,,,,,,,,,,,,,,,,,,,,,
decision,353080,13.7,76,,,90,,14,,,,,,,,,260200,1,0,TRUE,,,,,,,,,,,,,,,,,,,,,,,,,,,,,,
travel,363066,,,,,,[],14,,,,,,,,,,,,,,,,,,,,,,,,,,,,,,,,,,,,,,,,,,
alien_welcome,368069,null,null,,,,,,,,,79,25,24,71,77,117,108,61,3,46,7,96,74,50,35,102,26,17,92,67,68,52,19,22,53,111,38,48,101,97,78,118,5,57,28,82,66,55,114
land,368572,null,null,,,105,,15,,,,,,,,,,,,,,,,,,,,,,,,,,,,,,,,,,,,,,,,,,
dig,370576,,,,,,[],15,,,,,,,,,,,,,,,,,,,,,,,,,,,,,,,,,,,,,,,,,,
harvest,372079,null,null,,,93,,15,,,,,,105,0.882223667,0.885714286,,,,,,,,,,,,,,,,,,,,,,,,,,,,,,,,,,
decision,374082,null,null,,,93,,15,,,,,,,,,281202,1,0,FALSE,,,,,,,,,,,,,,,,,,,,,,,,,,,,,,
time_out,376086,null,null,,,93,,,,,,,,,,,,,,,,,,,,,,,,,,,,,,,,,,,,,,,,,,,,
decision,378089,null,null,,,93,,15,,,,,,,,,285209,1,0,FALSE,,,,,,,,,,,,,,,,,,,,,,,,,,,,,,
time_out,380093,null,null,,,93,,,,,,,,,,,,,,,,,,,,,,,,,,,,,,,,,,,,,,,,,,,,
decision,380442,348.3,76,,,93,,15,,,,,,,,,287563,1,0,TRUE,,,,,,,,,,,,,,,,,,,,,,,,,,,,,,
travel,390096,,,,,,[],15,,,,,,,,,,,,,,,,,,,,,,,,,,,,,,,,,,,,,,,,,,
alien_welcome,395098,null,null,,,,,,,,,10,25,24,71,77,117,108,61,3,46,7,96,74,50,35,102,26,17,92,67,68,52,19,22,53,111,38,48,101,97,78,118,5,57,28,82,66,55,114
land,395601,null,null,,,92,,16,,,,,,,,,,,,,,,,,,,,,,,,,,,,,,,,,,,,,,,,,,
dig,397604,,,,,,[],16,,,,,,,,,,,,,,,,,,,,,,,,,,,,,,,,,,,,,,,,,,
harvest,399106,null,null,,,49,,16,,,,,,92,0.531685133,0.532608696,,,,,,,,,,,,,,,,,,,,,,,,,,,,,,,,,,
decision,401107,null,null,,,49,,16,,,,,,,,,308227,1,0,FALSE,,,,,,,,,,,,,,,,,,,,,,,,,,,,,,
time_out,403111,null,null,,,49,,,,,,,,,,,,,,,,,,,,,,,,,,,,,,,,,,,,,,,,,,,,
decision,405113,null,null,,,49,,16,,,,,,,,,312233,1,0,FALSE,,,,,,,,,,,,,,,,,,,,,,,,,,,,,,
time_out,407117,null,null,,,49,,,,,,,,,,,,,,,,,,,,,,,,,,,,,,,,,,,,,,,,,,,,
decision,408352,1234.4,76,,,49,,16,,,,,,,,,315473,1,0,TRUE,,,,,,,,,,,,,,,,,,,,,,,,,,,,,,
travel,417115,,,,,,[],16,,,,,,,,,,,,,,,,,,,,,,,,,,,,,,,,,,,,,,,,,,
alien_welcome,422117,null,null,,,,,,,,,15,25,24,71,77,117,108,61,3,46,7,96,74,50,35,102,26,17,92,67,68,52,19,22,53,111,38,48,101,97,78,118,5,57,28,82,66,55,114
land,422619,null,null,,,95,,17,,,,,,,,,,,,,,,,,,,,,,,,,,,,,,,,,,,,,,,,,,
dig,424623,,,,,,[],17,,,,,,,,,,,,,,,,,,,,,,,,,,,,,,,,,,,,,,,,,,
harvest,426125,null,null,,,77,,17,,,,,,95,0.811882006,0.810526316,,,,,,,,,,,,,,,,,,,,,,,,,,,,,,,,,,
decision,428128,null,null,,,77,,17,,,,,,,,,335249,1,0,FALSE,,,,,,,,,,,,,,,,,,,,,,,,,,,,,,
time_out,430132,null,null,,,77,,,,,,,,,,,,,,,,,,,,,,,,,,,,,,,,,,,,,,,,,,,,
decision,431984,1851.3,76,,,77,,17,,,,,,,,,339105,1,0,TRUE,,,,,,,,,,,,,,,,,,,,,,,,,,,,,,
travel,440135,,,,,,[],17,,,,,,,,,,,,,,,,,,,,,,,,,,,,,,,,,,,,,,,,,,
alien_welcome,445137,null,null,,,,,,,,,120,25,24,71,77,117,108,61,3,46,7,96,74,50,35,102,26,17,92,67,68,52,19,22,53,111,38,48,101,97,78,118,5,57,28,82,66,55,114
land,445640,null,null,,,97,,18,,,,,,,,,,,,,,,,,,,,,,,,,,,,,,,,,,,,,,,,,,
dig,447644,,,,,,[],18,,,,,,,,,,,,,,,,,,,,,,,,,,,,,,,,,,,,,,,,,,
harvest,449147,null,null,,,75,,18,,,,,,97,0.768958695,0.773195876,,,,,,,,,,,,,,,,,,,,,,,,,,,,,,,,,,
decision,449656,508.4,76,,,75,,18,,,,,,,,,356776,1,0,TRUE,,,,,,,,,,,,,,,,,,,,,,,,,,,,,,
travel,459147,,,,,,[],18,,,,,,,,,,,,,,,,,,,,,,,,,,,,,,,,,,,,,,,,,,
alien_welcome,464150,null,null,,,,,,,,,23,25,24,71,77,117,108,61,3,46,7,96,74,50,35,102,26,17,92,67,68,52,19,22,53,111,38,48,101,97,78,118,5,57,28,82,66,55,114
land,464653,null,null,,,96,,19,,,,,,,,,,,,,,,,,,,,,,,,,,,,,,,,,,,,,,,,,,
dig,466658,,,,,,[],19,,,,,,,,,,,,,,,,,,,,,,,,,,,,,,,,,,,,,,,,,,
harvest,468160,null,null,,,71,,19,,,,,,96,0.736048605,0.739583333,,,,,,,,,,,,,,,,,,,,,,,,,,,,,,,,,,
decision,468168,6.899999999,76,,,71,,19,,,,,,,,,375288,1,0,TRUE,,,,,,,,,,,,,,,,,,,,,,,,,,,,,,
catch,472466,4294.4,90,,,71,,,,,,,,,,,,,,,,,,,,,,,,,,,,,,,,,,,,,,,,,,,,
end_of_block,474137,1669.6,32,,,,,,,,,,,,,,,,,,,,,,,,,,,,,,,,,,,,,,,,,,,,,,,
alien_welcome,479152,null,null,,,,,,,,,60,25,24,71,77,117,108,61,3,46,7,96,74,50,35,102,26,17,92,67,68,52,19,22,53,111,38,48,101,97,78,118,5,57,28,82,66,55,114
land,479654,null,null,,,98,,20,,,,,,,,,,,,,,,,,,,,,,,,,,,,,,,,,,,,,,,,,,
dig,481658,,,,,,[],20,,,,,,,,,,,,,,,,,,,,,,,,,,,,,,,,,,,,,,,,,,
harvest,483160,null,null,,,20,,20,,,,,,98,0.200427859,0.204081633,,,,,,,,,,,,,,,,,,,,,,,,,,,,,,,,,,
decision,484690,1529.6,76,,,20,,20,,,,,,,,,10552,2,0,TRUE,,,,,,,,,,,,,,,,,,,,,,,,,,,,,,
travel,493165,,,,,,[],20,,,,,,,,,,,,,,,,,,,,,,,,,,,,,,,,,,,,,,,,,,
alien_welcome,498168,null,null,,,,,,,,,93,25,24,71,77,117,108,61,3,46,7,96,74,50,35,102,26,17,92,67,68,52,19,22,53,111,38,48,101,97,78,118,5,57,28,82,66,55,114
land,498670,null,null,,,99,,21,,,,,,,,,,,,,,,,,,,,,,,,,,,,,,,,,,,,,,,,,,
dig,500675,,,,,,[],21,,,,,,,,,,,,,,,,,,,,,,,,,,,,,,,,,,,,,,,,,,
harvest,502177,null,null,,,22,,21,,,,,,99,0.223451155,0.222222222,,,,,,,,,,,,,,,,,,,,,,,,,,,,,,,,,,
decision,504179,null,null,,,22,,21,,,,,,,,,30040,2,0,FALSE,,,,,,,,,,,,,,,,,,,,,,,,,,,,,,
time_out,506183,null,null,,,22,,,,,,,,,,,,,,,,,,,,,,,,,,,,,,,,,,,,,,,,,,,,
decision,506626,441.1,76,,,22,,21,,,,,,,,,32487,2,0,TRUE,,,,,,,,,,,,,,,,,,,,,,,,,,,,,,
travel,516189,,,,,,[],21,,,,,,,,,,,,,,,,,,,,,,,,,,,,,,,,,,,,,,,,,,
alien_welcome,521192,null,null,,,,,,,,,88,25,24,71,77,117,108,61,3,46,7,96,74,50,35,102,26,17,92,67,68,52,19,22,53,111,38,48,101,97,78,118,5,57,28,82,66,55,114
land,521694,null,null,,,100,,22,,,,,,,,,,,,,,,,,,,,,,,,,,,,,,,,,,,,,,,,,,
dig,523697,,,,,,[],22,,,,,,,,,,,,,,,,,,,,,,,,,,,,,,,,,,,,,,,,,,
harvest,525200,null,null,,,23,,22,,,,,,100,0.226905578,0.23,,,,,,,,,,,,,,,,,,,,,,,,,,,,,,,,,,
decision,526467,1266,76,,,23,,22,,,,,,,,,52328,2,0,TRUE,,,,,,,,,,,,,,,,,,,,,,,,,,,,,,
travel,535202,,,,,,[],22,,,,,,,,,,,,,,,,,,,,,,,,,,,,,,,,,,,,,,,,,,
alien_welcome,540204,null,null,,,,,,,,,83,25,24,71,77,117,108,61,3,46,7,96,74,50,35,102,26,17,92,67,68,52,19,22,53,111,38,48,101,97,78,118,5,57,28,82,66,55,114
land,540707,null,null,,,99,,23,,,,,,,,,,,,,,,,,,,,,,,,,,,,,,,,,,,,,,,,,,
dig,542711,,,,,,[],23,,,,,,,,,,,,,,,,,,,,,,,,,,,,,,,,,,,,,,,,,,
harvest,544213,null,null,,,83,,23,,,,,,99,0.836638609,0.838383838,,,,,,,,,,,,,,,,,,,,,,,,,,,,,,,,,,
decision,546215,null,null,,,83,,23,,,,,,,,,72076,2,0,FALSE,,,,,,,,,,,,,,,,,,,,,,,,,,,,,,
time_out,548219,null,null,,,83,,,,,,,,,,,,,,,,,,,,,,,,,,,,,,,,,,,,,,,,,,,,
decision,550222,null,null,,,83,,23,,,,,,,,,76083,2,0,FALSE,,,,,,,,,,,,,,,,,,,,,,,,,,,,,,
time_out,552227,null,null,,,83,,,,,,,,,,,,,,,,,,,,,,,,,,,,,,,,,,,,,,,,,,,,
decision,554228,null,null,,,83,,23,,,,,,,,,80090,2,0,FALSE,,,,,,,,,,,,,,,,,,,,,,,,,,,,,,
time_out,556232,null,null,,,83,,,,,,,,,,,,,,,,,,,,,,,,,,,,,,,,,,,,,,,,,,,,
decision,558235,null,null,,,83,,23,,,,,,,,,84096,2,0,FALSE,,,,,,,,,,,,,,,,,,,,,,,,,,,,,,
time_out,560239,null,null,,,83,,,,,,,,,,,,,,,,,,,,,,,,,,,,,,,,,,,,,,,,,,,,
decision,562241,null,null,,,83,,23,,,,,,,,,88102,2,0,FALSE,,,,,,,,,,,,,,,,,,,,,,,,,,,,,,
time_out,564246,null,null,,,83,,,,,,,,,,,,,,,,,,,,,,,,,,,,,,,,,,,,,,,,,,,,
decision,566248,null,null,,,83,,23,,,,,,,,,92109,2,0,FALSE,,,,,,,,,,,,,,,,,,,,,,,,,,,,,,
time_out,568252,null,null,,,83,,,,,,,,,,,,,,,,,,,,,,,,,,,,,,,,,,,,,,,,,,,,
decision,570254,null,null,,,83,,23,,,,,,,,,96116,2,0,FALSE,,,,,,,,,,,,,,,,,,,,,,,,,,,,,,
time_out,572258,null,null,,,83,,,,,,,,,,,,,,,,,,,,,,,,,,,,,,,,,,,,,,,,,,,,
decision,574261,null,null,,,83,,23,,,,,,,,,100122,2,0,FALSE,,,,,,,,,,,,,,,,,,,,,,,,,,,,,,
time_out,576265,null,null,,,83,,,,,,,,,,,,,,,,,,,,,,,,,,,,,,,,,,,,,,,,,,,,
decision,578268,null,null,,,83,,23,,,,,,,,,104129,2,0,FALSE,,,,,,,,,,,,,,,,,,,,,,,,,,,,,,
time_out,580272,null,null,,,83,,,,,,,,,,,,,,,,,,,,,,,,,,,,,,,,,,,,,,,,,,,,
decision,582274,null,null,,,83,,23,,,,,,,,,108136,2,0,FALSE,,,,,,,,,,,,,,,,,,,,,,,,,,,,,,
time_out,584279,null,null,,,83,,,,,,,,,,,,,,,,,,,,,,,,,,,,,,,,,,,,,,,,,,,,
decision,584484,204,76,,,83,,23,,,,,,,,,110345,2,0,TRUE,,,,,,,,,,,,,,,,,,,,,,,,,,,,,,
travel,594282,,,,,,[],23,,,,,,,,,,,,,,,,,,,,,,,,,,,,,,,,,,,,,,,,,,
alien_welcome,599285,null,null,,,,,,,,,43,25,24,71,77,117,108,61,3,46,7,96,74,50,35,102,26,17,92,67,68,52,19,22,53,111,38,48,101,97,78,118,5,57,28,82,66,55,114
land,599788,null,null,,,101,,24,,,,,,,,,,,,,,,,,,,,,,,,,,,,,,,,,,,,,,,,,,
dig,601792,,,,,,[],24,,,,,,,,,,,,,,,,,,,,,,,,,,,,,,,,,,,,,,,,,,
harvest,603294,null,null,,,77,,24,,,,,,101,0.76150639,0.762376238,,,,,,,,,,,,,,,,,,,,,,,,,,,,,,,,,,
decision,603396,100.7,76,,,77,,24,,,,,,,,,129257,2,0,TRUE,,,,,,,,,,,,,,,,,,,,,,,,,,,,,,
travel,613293,,,,,,[],24,,,,,,,,,,,,,,,,,,,,,,,,,,,,,,,,,,,,,,,,,,
alien_welcome,618296,null,null,,,,,,,,,40,25,24,71,77,117,108,61,3,46,7,96,74,50,35,102,26,17,92,67,68,52,19,22,53,111,38,48,101,97,78,118,5,57,28,82,66,55,114
land,618798,null,null,,,104,,25,,,,,,,,,,,,,,,,,,,,,,,,,,,,,,,,,,,,,,,,,,
dig,620802,,,,,,[],25,,,,,,,,,,,,,,,,,,,,,,,,,,,,,,,,,,,,,,,,,,
harvest,622304,null,null,,,87,,25,,,,,,104,0.840637763,0.836538462,,,,,,,,,,,,,,,,,,,,,,,,,,,,,,,,,,
decision,622756,450.5,76,,,87,,25,,,,,,,,,148617,2,0,TRUE,,,,,,,,,,,,,,,,,,,,,,,,,,,,,,
travel,632310,,,,,,[],25,,,,,,,,,,,,,,,,,,,,,,,,,,,,,,,,,,,,,,,,,,
alien_welcome,637313,null,null,,,,,,,,,112,25,24,71,77,117,108,61,3,46,7,96,74,50,35,102,26,17,92,67,68,52,19,22,53,111,38,48,101,97,78,118,5,57,28,82,66,55,114
land,637816,null,null,,,102,,26,,,,,,,,,,,,,,,,,,,,,,,,,,,,,,,,,,,,,,,,,,
dig,639820,,,,,,[],26,,,,,,,,,,,,,,,,,,,,,,,,,,,,,,,,,,,,,,,,,,
harvest,641323,null,null,,,87,,26,,,,,,102,0.848164419,0.852941176,,,,,,,,,,,,,,,,,,,,,,,,,,,,,,,,,,
decision,641780,455.8,76,,,87,,26,,,,,,,,,167641,2,0,TRUE,,,,,,,,,,,,,,,,,,,,,,,,,,,,,,
travel,651325,,,,,,[],26,,,,,,,,,,,,,,,,,,,,,,,,,,,,,,,,,,,,,,,,,,
alien_welcome,656327,null,null,,,,,,,,,41,25,24,71,77,117,108,61,3,46,7,96,74,50,35,102,26,17,92,67,68,52,19,22,53,111,38,48,101,97,78,118,5,57,28,82,66,55,114
land,656829,null,null,,,95,,27,,,,,,,,,,,,,,,,,,,,,,,,,,,,,,,,,,,,,,,,,,
dig,658833,,,,,,[],27,,,,,,,,,,,,,,,,,,,,,,,,,,,,,,,,,,,,,,,,,,
harvest,660335,null,null,,,79,,27,,,,,,95,0.834150886,0.831578947,,,,,,,,,,,,,,,,,,,,,,,,,,,,,,,,,,
decision,661885,1548.1,76,,,79,,27,,,,,,,,,187746,2,0,TRUE,,,,,,,,,,,,,,,,,,,,,,,,,,,,,,
travel,670342,,,,,,[],27,,,,,,,,,,,,,,,,,,,,,,,,,,,,,,,,,,,,,,,,,,
alien_welcome,675344,null,null,,,,,,,,,81,25,24,71,77,117,108,61,3,46,7,96,74,50,35,102,26,17,92,67,68,52,19,22,53,111,38,48,101,97,78,118,5,57,28,82,66,55,114
land,675847,null,null,,,101,,28,,,,,,,,,,,,,,,,,,,,,,,,,,,,,,,,,,,,,,,,,,
dig,677851,,,,,,[],28,,,,,,,,,,,,,,,,,,,,,,,,,,,,,,,,,,,,,,,,,,
harvest,679353,null,null,,,50,,28,,,,,,101,0.494445682,0.495049505,,,,,,,,,,,,,,,,,,,,,,,,,,,,,,,,,,
decision,681356,null,null,,,50,,28,,,,,,,,,207217,2,0,FALSE,,,,,,,,,,,,,,,,,,,,,,,,,,,,,,
time_out,683360,null,null,,,50,,,,,,,,,,,,,,,,,,,,,,,,,,,,,,,,,,,,,,,,,,,,
decision,685362,null,null,,,50,,28,,,,,,,,,211224,2,0,FALSE,,,,,,,,,,,,,,,,,,,,,,,,,,,,,,
time_out,687367,null,null,,,50,,,,,,,,,,,,,,,,,,,,,,,,,,,,,,,,,,,,,,,,,,,,
decision,687821,452.1,76,,,50,,28,,,,,,,,,213682,2,0,TRUE,,,,,,,,,,,,,,,,,,,,,,,,,,,,,,
travel,697367,,,,,,[],28,,,,,,,,,,,,,,,,,,,,,,,,,,,,,,,,,,,,,,,,,,
alien_welcome,702370,null,null,,,,,,,,,76,25,24,71,77,117,108,61,3,46,7,96,74,50,35,102,26,17,92,67,68,52,19,22,53,111,38,48,101,97,78,118,5,57,28,82,66,55,114
land,702872,null,null,,,99,,29,,,,,,,,,,,,,,,,,,,,,,,,,,,,,,,,,,,,,,,,,,
dig,704876,,,,,,[],29,,,,,,,,,,,,,,,,,,,,,,,,,,,,,,,,,,,,,,,,,,
harvest,706378,null,null,,,86,,29,,,,,,99,0.8660904,0.868686869,,,,,,,,,,,,,,,,,,,,,,,,,,,,,,,,,,
decision,708381,null,null,,,86,,29,,,,,,,,,234242,2,0,FALSE,,,,,,,,,,,,,,,,,,,,,,,,,,,,,,
time_out,710385,null,null,,,86,,,,,,,,,,,,,,,,,,,,,,,,,,,,,,,,,,,,,,,,,,,,
decision,710965,579,76,,,86,,29,,,,,,,,,236827,2,0,TRUE,,,,,,,,,,,,,,,,,,,,,,,,,,,,,,
travel,720387,,,,,,[],29,,,,,,,,,,,,,,,,,,,,,,,,,,,,,,,,,,,,,,,,,,
alien_welcome,725389,null,null,,,,,,,,,91,25,24,71,77,117,108,61,3,46,7,96,74,50,35,102,26,17,92,67,68,52,19,22,53,111,38,48,101,97,78,118,5,57,28,82,66,55,114
land,725891,null,null,,,100,,30,,,,,,,,,,,,,,,,,,,,,,,,,,,,,,,,,,,,,,,,,,
dig,727895,,,,,,[],30,,,,,,,,,,,,,,,,,,,,,,,,,,,,,,,,,,,,,,,,,,
harvest,729397,null,null,,,90,,30,,,,,,100,0.901603773,0.9,,,,,,,,,,,,,,,,,,,,,,,,,,,,,,,,,,
decision,730437,1038.1,76,,,90,,30,,,,,,,,,256298,2,0,TRUE,,,,,,,,,,,,,,,,,,,,,,,,,,,,,,
travel,739399,,,,,,[],30,,,,,,,,,,,,,,,,,,,,,,,,,,,,,,,,,,,,,,,,,,
alien_welcome,744401,null,null,,,,,,,,,33,25,24,71,77,117,108,61,3,46,7,96,74,50,35,102,26,17,92,67,68,52,19,22,53,111,38,48,101,97,78,118,5,57,28,82,66,55,114
land,744904,null,null,,,111,,31,,,,,,,,,,,,,,,,,,,,,,,,,,,,,,,,,,,,,,,,,,
dig,746908,,,,,,[],31,,,,,,,,,,,,,,,,,,,,,,,,,,,,,,,,,,,,,,,,,,
harvest,748410,null,null,,,33,,31,,,,,,111,0.294842134,0.297297297,,,,,,,,,,,,,,,,,,,,,,,,,,,,,,,,,,
decision,748766,354.2,76,,,33,,31,,,,,,,,,274627,2,0,TRUE,,,,,,,,,,,,,,,,,,,,,,,,,,,,,,
travel,758411,,,,,,[],31,,,,,,,,,,,,,,,,,,,,,,,,,,,,,,,,,,,,,,,,,,
alien_welcome,763414,null,null,,,,,,,,,56,25,24,71,77,117,108,61,3,46,7,96,74,50,35,102,26,17,92,67,68,52,19,22,53,111,38,48,101,97,78,118,5,57,28,82,66,55,114
land,763916,null,null,,,102,,32,,,,,,,,,,,,,,,,,,,,,,,,,,,,,,,,,,,,,,,,,,
dig,765920,,,,,,[],32,,,,,,,,,,,,,,,,,,,,,,,,,,,,,,,,,,,,,,,,,,
harvest,767423,null,null,,,15,,32,,,,,,102,0.142858201,0.147058824,,,,,,,,,,,,,,,,,,,,,,,,,,,,,,,,,,
decision,769426,null,null,,,15,,32,,,,,,,,,295287,2,0,FALSE,,,,,,,,,,,,,,,,,,,,,,,,,,,,,,
time_out,771431,null,null,,,15,,,,,,,,,,,,,,,,,,,,,,,,,,,,,,,,,,,,,,,,,,,,
decision,771582,148.9,76,,,15,,32,,,,,,,,,297443,2,0,TRUE,,,,,,,,,,,,,,,,,,,,,,,,,,,,,,
travel,781435,,,,,,[],32,,,,,,,,,,,,,,,,,,,,,,,,,,,,,,,,,,,,,,,,,,
alien_welcome,786438,null,null,,,,,,,,,34,25,24,71,77,117,108,61,3,46,7,96,74,50,35,102,26,17,92,67,68,52,19,22,53,111,38,48,101,97,78,118,5,57,28,82,66,55,114
land,786941,null,null,,,100,,33,,,,,,,,,,,,,,,,,,,,,,,,,,,,,,,,,,,,,,,,,,
dig,788945,,,,,,[],33,,,,,,,,,,,,,,,,,,,,,,,,,,,,,,,,,,,,,,,,,,
harvest,790447,null,null,,,18,,33,,,,,,100,0.181097016,0.18,,,,,,,,,,,,,,,,,,,,,,,,,,,,,,,,,,
decision,791318,870.1,76,,,18,,33,,,,,,,,,317179,2,0,TRUE,,,,,,,,,,,,,,,,,,,,,,,,,,,,,,
travel,800450,,,,,,[],33,,,,,,,,,,,,,,,,,,,,,,,,,,,,,,,,,,,,,,,,,,
alien_welcome,805452,null,null,,,,,,,,,116,25,24,71,77,117,108,61,3,46,7,96,74,50,35,102,26,17,92,67,68,52,19,22,53,111,38,48,101,97,78,118,5,57,28,82,66,55,114
land,805955,null,null,,,97,,34,,,,,,,,,,,,,,,,,,,,,,,,,,,,,,,,,,,,,,,,,,
dig,807959,,,,,,[],34,,,,,,,,,,,,,,,,,,,,,,,,,,,,,,,,,,,,,,,,,,
harvest,809461,null,null,,,21,,34,,,,,,97,0.212090429,0.216494845,,,,,,,,,,,,,,,,,,,,,,,,,,,,,,,,,,
decision,811464,null,null,,,21,,34,,,,,,,,,337325,2,0,FALSE,,,,,,,,,,,,,,,,,,,,,,,,,,,,,,
time_out,813470,null,null,,,21,,,,,,,,,,,,,,,,,,,,,,,,,,,,,,,,,,,,,,,,,,,,
decision,815472,null,null,,,21,,34,,,,,,,,,341334,2,0,FALSE,,,,,,,,,,,,,,,,,,,,,,,,,,,,,,
time_out,817477,null,null,,,21,,,,,,,,,,,,,,,,,,,,,,,,,,,,,,,,,,,,,,,,,,,,
decision,819479,null,null,,,21,,34,,,,,,,,,345340,2,0,FALSE,,,,,,,,,,,,,,,,,,,,,,,,,,,,,,
time_out,821485,null,null,,,21,,,,,,,,,,,,,,,,,,,,,,,,,,,,,,,,,,,,,,,,,,,,
decision,823488,null,null,,,21,,34,,,,,,,,,349349,2,0,FALSE,,,,,,,,,,,,,,,,,,,,,,,,,,,,,,
time_out,825492,null,null,,,21,,,,,,,,,,,,,,,,,,,,,,,,,,,,,,,,,,,,,,,,,,,,
decision,827495,null,null,,,21,,34,,,,,,,,,353356,2,0,FALSE,,,,,,,,,,,,,,,,,,,,,,,,,,,,,,
time_out,829500,null,null,,,21,,,,,,,,,,,,,,,,,,,,,,,,,,,,,,,,,,,,,,,,,,,,
decision,831503,null,null,,,21,,34,,,,,,,,,357364,2,0,FALSE,,,,,,,,,,,,,,,,,,,,,,,,,,,,,,
time_out,833509,null,null,,,21,,,,,,,,,,,,,,,,,,,,,,,,,,,,,,,,,,,,,,,,,,,,
decision,835511,null,null,,,21,,34,,,,,,,,,361373,2,0,TRUE,,,,,,,,,,,,,,,,,,,,,,,,,,,,,,
end_of_block,838144,2627.8,32,,,,,,,,,,,,,,,,,,,,,,,,,,,,,,,,,,,,,,,,,,,,,,,
alien_welcome,843160,null,null,,,,,,,,,89,25,24,71,77,117,108,61,3,46,7,96,74,50,35,102,26,17,92,67,68,52,19,22,53,111,38,48,101,97,78,118,5,57,28,82,66,55,114
land,843663,null,null,,,98,,35,,,,,,,,,,,,,,,,,,,,,,,,,,,,,,,,,,,,,,,,,,
dig,845667,,,,,,[],35,,,,,,,,,,,,,,,,,,,,,,,,,,,,,,,,,,,,,,,,,,
harvest,847170,null,null,,,50,,35,,,,,,98,0.510295533,0.510204082,,,,,,,,,,,,,,,,,,,,,,,,,,,,,,,,,,
decision,847375,203.2,76,,,50,,35,,,,,,,,,9228,3,0,TRUE,,,,,,,,,,,,,,,,,,,,,,,,,,,,,,
travel,857174,,,,,,[],35,,,,,,,,,,,,,,,,,,,,,,,,,,,,,,,,,,,,,,,,,,
alien_welcome,862177,null,null,,,,,,,,,94,25,24,71,77,117,108,61,3,46,7,96,74,50,35,102,26,17,92,67,68,52,19,22,53,111,38,48,101,97,78,118,5,57,28,82,66,55,114
land,862679,null,null,,,107,,36,,,,,,,,,,,,,,,,,,,,,,,,,,,,,,,,,,,,,,,,,,
dig,864684,,,,,,[],36,,,,,,,,,,,,,,,,,,,,,,,,,,,,,,,,,,,,,,,,,,
harvest,866187,null,null,,,82,,36,,,,,,107,0.768422403,0.76635514,,,,,,,,,,,,,,,,,,,,,,,,,,,,,,,,,,
decision,868189,null,null,,,82,,36,,,,,,,,,30042,3,0,FALSE,,,,,,,,,,,,,,,,,,,,,,,,,,,,,,
time_out,870194,null,null,,,82,,,,,,,,,,,,,,,,,,,,,,,,,,,,,,,,,,,,,,,,,,,,
decision,872196,null,null,,,82,,36,,,,,,,,,34049,3,0,FALSE,,,,,,,,,,,,,,,,,,,,,,,,,,,,,,
time_out,874202,null,null,,,82,,,,,,,,,,,,,,,,,,,,,,,,,,,,,,,,,,,,,,,,,,,,
decision,874440,236.2,76,,,82,,36,,,,,,,,,36293,3,0,TRUE,,,,,,,,,,,,,,,,,,,,,,,,,,,,,,
travel,884202,,,,,,[],36,,,,,,,,,,,,,,,,,,,,,,,,,,,,,,,,,,,,,,,,,,
alien_welcome,889205,null,null,,,,,,,,,104,25,24,71,77,117,108,61,3,46,7,96,74,50,35,102,26,17,92,67,68,52,19,22,53,111,38,48,101,97,78,118,5,57,28,82,66,55,114
land,889707,null,null,,,92,,37,,,,,,,,,,,,,,,,,,,,,,,,,,,,,,,,,,,,,,,,,,
dig,891712,,,,,,[],37,,,,,,,,,,,,,,,,,,,,,,,,,,,,,,,,,,,,,,,,,,
harvest,893215,null,null,,,47,,37,,,,,,92,0.506810538,0.510869565,,,,,,,,,,,,,,,,,,,,,,,,,,,,,,,,,,
decision,894479,1263.1,76,,,47,,37,,,,,,,,,56332,3,0,TRUE,,,,,,,,,,,,,,,,,,,,,,,,,,,,,,
travel,903215,,,,,,[],37,,,,,,,,,,,,,,,,,,,,,,,,,,,,,,,,,,,,,,,,,,
alien_welcome,908217,null,null,,,,,,,,,113,25,24,71,77,117,108,61,3,46,7,96,74,50,35,102,26,17,92,67,68,52,19,22,53,111,38,48,101,97,78,118,5,57,28,82,66,55,114
land,908719,null,null,,,86,,38,,,,,,,,,,,,,,,,,,,,,,,,,,,,,,,,,,,,,,,,,,
dig,910723,,,,,,[],38,,,,,,,,,,,,,,,,,,,,,,,,,,,,,,,,,,,,,,,,,,
harvest,912225,null,null,,,46,,38,,,,,,86,0.539960366,0.534883721,,,,,,,,,,,,,,,,,,,,,,,,,,,,,,,,,,
decision,914227,null,null,,,46,,38,,,,,,,,,76080,3,0,FALSE,,,,,,,,,,,,,,,,,,,,,,,,,,,,,,
time_out,916232,null,null,,,46,,,,,,,,,,,,,,,,,,,,,,,,,,,,,,,,,,,,,,,,,,,,
decision,916881,648,76,,,46,,38,,,,,,,,,78734,3,0,TRUE,,,,,,,,,,,,,,,,,,,,,,,,,,,,,,
travel,926240,,,,,,[],38,,,,,,,,,,,,,,,,,,,,,,,,,,,,,,,,,,,,,,,,,,
alien_welcome,931242,null,null,,,,,,,,,69,25,24,71,77,117,108,61,3,46,7,96,74,50,35,102,26,17,92,67,68,52,19,22,53,111,38,48,101,97,78,118,5,57,28,82,66,55,114
land,931744,null,null,,,101,,39,,,,,,,,,,,,,,,,,,,,,,,,,,,,,,,,,,,,,,,,,,
dig,933749,,,,,,[],39,,,,,,,,,,,,,,,,,,,,,,,,,,,,,,,,,,,,,,,,,,
harvest,935251,null,null,,,50,,39,,,,,,101,0.495259893,0.495049505,,,,,,,,,,,,,,,,,,,,,,,,,,,,,,,,,,
decision,936320,1068.3,76,,,50,,39,,,,,,,,,98173,3,0,TRUE,,,,,,,,,,,,,,,,,,,,,,,,,,,,,,
travel,945255,,,,,,[],39,,,,,,,,,,,,,,,,,,,,,,,,,,,,,,,,,,,,,,,,,,
alien_welcome,950257,null,null,,,,,,,,,20,25,24,71,77,117,108,61,3,46,7,96,74,50,35,102,26,17,92,67,68,52,19,22,53,111,38,48,101,97,78,118,5,57,28,82,66,55,114
land,950759,null,null,,,94,,40,,,,,,,,,,,,,,,,,,,,,,,,,,,,,,,,,,,,,,,,,,
dig,952762,,,,,,[],40,,,,,,,,,,,,,,,,,,,,,,,,,,,,,,,,,,,,,,,,,,
harvest,954265,null,null,,,38,,40,,,,,,94,0.408505335,0.404255319,,,,,,,,,,,,,,,,,,,,,,,,,,,,,,,,,,
decision,955352,1085.7,76,,,38,,40,,,,,,,,,117205,3,0,TRUE,,,,,,,,,,,,,,,,,,,,,,,,,,,,,,
travel,964265,,,,,,[],40,,,,,,,,,,,,,,,,,,,,,,,,,,,,,,,,,,,,,,,,,,
alien_welcome,969268,null,null,,,,,,,,,31,25,24,71,77,117,108,61,3,46,7,96,74,50,35,102,26,17,92,67,68,52,19,22,53,111,38,48,101,97,78,118,5,57,28,82,66,55,114
land,969770,null,null,,,87,,41,,,,,,,,,,,,,,,,,,,,,,,,,,,,,,,,,,,,,,,,,,
dig,971775,,,,,,[],41,,,,,,,,,,,,,,,,,,,,,,,,,,,,,,,,,,,,,,,,,,
harvest,973278,null,null,,,72,,41,,,,,,87,0.828217894,0.827586207,,,,,,,,,,,,,,,,,,,,,,,,,,,,,,,,,,
decision,974169,890,76,,,72,,41,,,,,,,,,136023,3,0,TRUE,,,,,,,,,,,,,,,,,,,,,,,,,,,,,,
travel,983285,,,,,,[],41,,,,,,,,,,,,,,,,,,,,,,,,,,,,,,,,,,,,,,,,,,
alien_welcome,988287,null,null,,,,,,,,,75,25,24,71,77,117,108,61,3,46,7,96,74,50,35,102,26,17,92,67,68,52,19,22,53,111,38,48,101,97,78,118,5,57,28,82,66,55,114
land,988790,null,null,,,98,,42,,,,,,,,,,,,,,,,,,,,,,,,,,,,,,,,,,,,,,,,,,
dig,990794,,,,,,[],42,,,,,,,,,,,,,,,,,,,,,,,,,,,,,,,,,,,,,,,,,,
harvest,992297,null,null,,,86,,42,,,,,,98,0.875690822,0.87755102,,,,,,,,,,,,,,,,,,,,,,,,,,,,,,,,,,
decision,992433,135.1,76,,,86,,42,,,,,,,,,154286,3,0,TRUE,,,,,,,,,,,,,,,,,,,,,,,,,,,,,,
travel,1002305,,,,,,[],42,,,,,,,,,,,,,,,,,,,,,,,,,,,,,,,,,,,,,,,,,,
alien_welcome,1007308,null,null,,,,,,,,,90,25,24,71,77,117,108,61,3,46,7,96,74,50,35,102,26,17,92,67,68,52,19,22,53,111,38,48,101,97,78,118,5,57,28,82,66,55,114
land,1007811,null,null,,,104,,43,,,,,,,,,,,,,,,,,,,,,,,,,,,,,,,,,,,,,,,,,,
dig,1009816,,,,,,[],43,,,,,,,,,,,,,,,,,,,,,,,,,,,,,,,,,,,,,,,,,,
harvest,1011318,null,null,,,41,,43,,,,,,104,0.397196286,0.394230769,,,,,,,,,,,,,,,,,,,,,,,,,,,,,,,,,,
decision,1012682,1362.6,76,,,41,,43,,,,,,,,,174535,3,0,TRUE,,,,,,,,,,,,,,,,,,,,,,,,,,,,,,
travel,1021320,,,,,,[],43,,,,,,,,,,,,,,,,,,,,,,,,,,,,,,,,,,,,,,,,,,
alien_welcome,1026322,null,null,,,,,,,,,80,25,24,71,77,117,108,61,3,46,7,96,74,50,35,102,26,17,92,67,68,52,19,22,53,111,38,48,101,97,78,118,5,57,28,82,66,55,114
land,1026824,null,null,,,101,,44,,,,,,,,,,,,,,,,,,,,,,,,,,,,,,,,,,,,,,,,,,
dig,1028828,,,,,,[],44,,,,,,,,,,,,,,,,,,,,,,,,,,,,,,,,,,,,,,,,,,
harvest,1030331,null,null,,,54,,44,,,,,,101,0.530699516,0.534653465,,,,,,,,,,,,,,,,,,,,,,,,,,,,,,,,,,
decision,1030723,390.1,76,,,54,,44,,,,,,,,,192576,3,0,TRUE,,,,,,,,,,,,,,,,,,,,,,,,,,,,,,
travel,1040334,,,,,,[],44,,,,,,,,,,,,,,,,,,,,,,,,,,,,,,,,,,,,,,,,,,
alien_welcome,1045336,null,null,,,,,,,,,63,25,24,71,77,117,108,61,3,46,7,96,74,50,35,102,26,17,92,67,68,52,19,22,53,111,38,48,101,97,78,118,5,57,28,82,66,55,114
land,1045839,null,null,,,105,,45,,,,,,,,,,,,,,,,,,,,,,,,,,,,,,,,,,,,,,,,,,
dig,1047843,,,,,,[],45,,,,,,,,,,,,,,,,,,,,,,,,,,,,,,,,,,,,,,,,,,
harvest,1049346,null,null,,,83,,45,,,,,,105,0.791155394,0.79047619,,,,,,,,,,,,,,,,,,,,,,,,,,,,,,,,,,
decision,1051349,null,null,,,83,,45,,,,,,,,,213202,3,0,FALSE,,,,,,,,,,,,,,,,,,,,,,,,,,,,,,
time_out,1053355,null,null,,,83,,,,,,,,,,,,,,,,,,,,,,,,,,,,,,,,,,,,,,,,,,,,
decision,1055356,null,null,,,83,,45,,,,,,,,,217210,3,0,FALSE,,,,,,,,,,,,,,,,,,,,,,,,,,,,,,
time_out,1057362,null,null,,,83,,,,,,,,,,,,,,,,,,,,,,,,,,,,,,,,,,,,,,,,,,,,
decision,1059364,null,null,,,83,,45,,,,,,,,,221217,3,0,FALSE,,,,,,,,,,,,,,,,,,,,,,,,,,,,,,
time_out,1061369,null,null,,,83,,,,,,,,,,,,,,,,,,,,,,,,,,,,,,,,,,,,,,,,,,,,
decision,1061715,343.8,76,,,83,,45,,,,,,,,,223568,3,0,TRUE,,,,,,,,,,,,,,,,,,,,,,,,,,,,,,
travel,1071370,,,,,,[],45,,,,,,,,,,,,,,,,,,,,,,,,,,,,,,,,,,,,,,,,,,
alien_welcome,1076373,null,null,,,,,,,,,49,25,24,71,77,117,108,61,3,46,7,96,74,50,35,102,26,17,92,67,68,52,19,22,53,111,38,48,101,97,78,118,5,57,28,82,66,55,114
land,1076875,null,null,,,94,,46,,,,,,,,,,,,,,,,,,,,,,,,,,,,,,,,,,,,,,,,,,
dig,1078880,,,,,,[],46,,,,,,,,,,,,,,,,,,,,,,,,,,,,,,,,,,,,,,,,,,
harvest,1080382,null,null,,,81,,46,,,,,,94,0.866677729,0.861702128,,,,,,,,,,,,,,,,,,,,,,,,,,,,,,,,,,
decision,1082385,null,null,,,81,,46,,,,,,,,,244238,3,0,FALSE,,,,,,,,,,,,,,,,,,,,,,,,,,,,,,
time_out,1084391,null,null,,,81,,,,,,,,,,,,,,,,,,,,,,,,,,,,,,,,,,,,,,,,,,,,
decision,1086394,null,null,,,81,,46,,,,,,,,,248247,3,0,FALSE,,,,,,,,,,,,,,,,,,,,,,,,,,,,,,
time_out,1088400,null,null,,,81,,,,,,,,,,,,,,,,,,,,,,,,,,,,,,,,,,,,,,,,,,,,
decision,1090401,null,null,,,81,,46,,,,,,,,,252255,3,0,FALSE,,,,,,,,,,,,,,,,,,,,,,,,,,,,,,
time_out,1092407,null,null,,,81,,,,,,,,,,,,,,,,,,,,,,,,,,,,,,,,,,,,,,,,,,,,
decision,1094410,null,null,,,81,,46,,,,,,,,,256263,3,0,FALSE,,,,,,,,,,,,,,,,,,,,,,,,,,,,,,
time_out,1096416,null,null,,,81,,,,,,,,,,,,,,,,,,,,,,,,,,,,,,,,,,,,,,,,,,,,
decision,1098419,null,null,,,81,,46,,,,,,,,,260273,3,0,FALSE,,,,,,,,,,,,,,,,,,,,,,,,,,,,,,
time_out,1100426,null,null,,,81,,,,,,,,,,,,,,,,,,,,,,,,,,,,,,,,,,,,,,,,,,,,
decision,1102428,null,null,,,81,,46,,,,,,,,,264281,3,0,FALSE,,,,,,,,,,,,,,,,,,,,,,,,,,,,,,
time_out,1104434,null,null,,,81,,,,,,,,,,,,,,,,,,,,,,,,,,,,,,,,,,,,,,,,,,,,
decision,1106436,null,null,,,81,,46,,,,,,,,,268290,3,0,FALSE,,,,,,,,,,,,,,,,,,,,,,,,,,,,,,
time_out,1108444,null,null,,,81,,,,,,,,,,,,,,,,,,,,,,,,,,,,,,,,,,,,,,,,,,,,
decision,1110446,null,null,,,81,,46,,,,,,,,,272300,3,0,FALSE,,,,,,,,,,,,,,,,,,,,,,,,,,,,,,
time_out,1112453,null,null,,,81,,,,,,,,,,,,,,,,,,,,,,,,,,,,,,,,,,,,,,,,,,,,
decision,1114456,null,null,,,81,,46,,,,,,,,,276309,3,0,FALSE,,,,,,,,,,,,,,,,,,,,,,,,,,,,,,
time_out,1116463,null,null,,,81,,,,,,,,,,,,,,,,,,,,,,,,,,,,,,,,,,,,,,,,,,,,
decision,1118465,null,null,,,81,,46,,,,,,,,,280318,3,0,FALSE,,,,,,,,,,,,,,,,,,,,,,,,,,,,,,
time_out,1120471,null,null,,,81,,,,,,,,,,,,,,,,,,,,,,,,,,,,,,,,,,,,,,,,,,,,
decision,1122474,null,null,,,81,,46,,,,,,,,,284327,3,0,FALSE,,,,,,,,,,,,,,,,,,,,,,,,,,,,,,
time_out,1124480,null,null,,,81,,,,,,,,,,,,,,,,,,,,,,,,,,,,,,,,,,,,,,,,,,,,
decision,1126483,null,null,,,81,,46,,,,,,,,,288336,3,0,FALSE,,,,,,,,,,,,,,,,,,,,,,,,,,,,,,
time_out,1128490,null,null,,,81,,,,,,,,,,,,,,,,,,,,,,,,,,,,,,,,,,,,,,,,,,,,
decision,1130492,null,null,,,81,,46,,,,,,,,,292346,3,0,FALSE,,,,,,,,,,,,,,,,,,,,,,,,,,,,,,
time_out,1132498,null,null,,,81,,,,,,,,,,,,,,,,,,,,,,,,,,,,,,,,,,,,,,,,,,,,
decision,1134500,null,null,,,81,,46,,,,,,,,,296353,3,0,FALSE,,,,,,,,,,,,,,,,,,,,,,,,,,,,,,
time_out,1136506,null,null,,,81,,,,,,,,,,,,,,,,,,,,,,,,,,,,,,,,,,,,,,,,,,,,
decision,1138508,null,null,,,81,,46,,,,,,,,,300362,3,0,FALSE,,,,,,,,,,,,,,,,,,,,,,,,,,,,,,
time_out,1140516,null,null,,,81,,,,,,,,,,,,,,,,,,,,,,,,,,,,,,,,,,,,,,,,,,,,
decision,1142518,null,null,,,81,,46,,,,,,,,,304372,3,0,FALSE,,,,,,,,,,,,,,,,,,,,,,,,,,,,,,
time_out,1144524,null,null,,,81,,,,,,,,,,,,,,,,,,,,,,,,,,,,,,,,,,,,,,,,,,,,
decision,1146526,null,null,,,81,,46,,,,,,,,,308380,3,0,FALSE,,,,,,,,,,,,,,,,,,,,,,,,,,,,,,
time_out,1148532,null,null,,,81,,,,,,,,,,,,,,,,,,,,,,,,,,,,,,,,,,,,,,,,,,,,
decision,1150535,null,null,,,81,,46,,,,,,,,,312388,3,0,FALSE,,,,,,,,,,,,,,,,,,,,,,,,,,,,,,
time_out,1152542,null,null,,,81,,,,,,,,,,,,,,,,,,,,,,,,,,,,,,,,,,,,,,,,,,,,
decision,1154544,null,null,,,81,,46,,,,,,,,,316398,3,0,FALSE,,,,,,,,,,,,,,,,,,,,,,,,,,,,,,
time_out,1156552,null,null,,,81,,,,,,,,,,,,,,,,,,,,,,,,,,,,,,,,,,,,,,,,,,,,
decision,1158555,null,null,,,81,,46,,,,,,,,,320408,3,0,FALSE,,,,,,,,,,,,,,,,,,,,,,,,,,,,,,
time_out,1160560,null,null,,,81,,,,,,,,,,,,,,,,,,,,,,,,,,,,,,,,,,,,,,,,,,,,
decision,1162563,null,null,,,81,,46,,,,,,,,,324416,3,0,FALSE,,,,,,,,,,,,,,,,,,,,,,,,,,,,,,
time_out,1164570,null,null,,,81,,,,,,,,,,,,,,,,,,,,,,,,,,,,,,,,,,,,,,,,,,,,
decision,1166572,null,null,,,81,,46,,,,,,,,,328425,3,0,FALSE,,,,,,,,,,,,,,,,,,,,,,,,,,,,,,
time_out,1168580,null,null,,,81,,,,,,,,,,,,,,,,,,,,,,,,,,,,,,,,,,,,,,,,,,,,
decision,1170583,null,null,,,81,,46,,,,,,,,,332436,3,0,FALSE,,,,,,,,,,,,,,,,,,,,,,,,,,,,,,
time_out,1172590,null,null,,,81,,,,,,,,,,,,,,,,,,,,,,,,,,,,,,,,,,,,,,,,,,,,
decision,1174593,null,null,,,81,,46,,,,,,,,,336446,3,0,FALSE,,,,,,,,,,,,,,,,,,,,,,,,,,,,,,
time_out,1176599,null,null,,,81,,,,,,,,,,,,,,,,,,,,,,,,,,,,,,,,,,,,,,,,,,,,
decision,1178602,null,null,,,81,,46,,,,,,,,,340455,3,0,FALSE,,,,,,,,,,,,,,,,,,,,,,,,,,,,,,
time_out,1180610,null,null,,,81,,,,,,,,,,,,,,,,,,,,,,,,,,,,,,,,,,,,,,,,,,,,
decision,1182612,null,null,,,81,,46,,,,,,,,,344465,3,0,FALSE,,,,,,,,,,,,,,,,,,,,,,,,,,,,,,
time_out,1184619,null,null,,,81,,,,,,,,,,,,,,,,,,,,,,,,,,,,,,,,,,,,,,,,,,,,
decision,1185540,919.9,76,,,81,,46,,,,,,,,,347393,3,0,TRUE,,,,,,,,,,,,,,,,,,,,,,,,,,,,,,
travel,1194620,,,,,,[],46,,,,,,,,,,,,,,,,,,,,,,,,,,,,,,,,,,,,,,,,,,
alien_welcome,1199622,null,null,,,,,,,,,99,25,24,71,77,117,108,61,3,46,7,96,74,50,35,102,26,17,92,67,68,52,19,22,53,111,38,48,101,97,78,118,5,57,28,82,66,55,114
land,1200125,null,null,,,105,,47,,,,,,,,,,,,,,,,,,,,,,,,,,,,,,,,,,,,,,,,,,
dig,1202129,,,,,,[],47,,,,,,,,,,,,,,,,,,,,,,,,,,,,,,,,,,,,,,,,,,
harvest,1203631,null,null,,,85,,47,,,,,,105,0.808842052,0.80952381,,,,,,,,,,,,,,,,,,,,,,,,,,,,,,,,,,
decision,1204294,661.7,76,,,85,,47,,,,,,,,,366147,3,0,TRUE,,,,,,,,,,,,,,,,,,,,,,,,,,,,,,
end_of_block,1225790,21490,32,,,,,,,,,,,,,,,,,,,,,,,,,,,,,,,,,,,,,,,,,,,,,,,
alien_welcome,1230810,null,null,,,,,,,,,12,25,24,71,77,117,108,61,3,46,7,96,74,50,35,102,26,17,92,67,68,52,19,22,53,111,38,48,101,97,78,118,5,57,28,82,66,55,114
land,1231313,null,null,,,100,,48,,,,,,,,,,,,,,,,,,,,,,,,,,,,,,,,,,,,,,,,,,
dig,1233318,,,,,,[],48,,,,,,,,,,,,,,,,,,,,,,,,,,,,,,,,,,,,,,,,,,
harvest,1234821,null,null,,,20,,48,,,,,,100,0.204597449,0.2,,,,,,,,,,,,,,,,,,,,,,,,,,,,,,,,,,
decision,1235838,1015.1,76,,,20,,48,,,,,,,,,10044,4,0,TRUE,,,,,,,,,,,,,,,,,,,,,,,,,,,,,,
travel,1244829,,,,,,[],48,,,,,,,,,,,,,,,,,,,,,,,,,,,,,,,,,,,,,,,,,,
alien_welcome,1249831,null,null,,,,,,,,,11,25,24,71,77,117,108,61,3,46,7,96,74,50,35,102,26,17,92,67,68,52,19,22,53,111,38,48,101,97,78,118,5,57,28,82,66,55,114
land,1250333,null,null,,,96,,49,,,,,,,,,,,,,,,,,,,,,,,,,,,,,,,,,,,,,,,,,,
dig,1252337,,,,,,[],49,,,,,,,,,,,,,,,,,,,,,,,,,,,,,,,,,,,,,,,,,,
harvest,1253839,null,null,,,26,,49,,,,,,96,0.272422416,0.270833333,,,,,,,,,,,,,,,,,,,,,,,,,,,,,,,,,,
decision,1254743,902.6,76,,,26,,49,,,,,,,,,28950,4,0,TRUE,,,,,,,,,,,,,,,,,,,,,,,,,,,,,,
travel,1263841,,,,,,[],49,,,,,,,,,,,,,,,,,,,,,,,,,,,,,,,,,,,,,,,,,,
alien_welcome,1268844,null,null,,,,,,,,,84,25,24,71,77,117,108,61,3,46,7,96,74,50,35,102,26,17,92,67,68,52,19,22,53,111,38,48,101,97,78,118,5,57,28,82,66,55,114
land,1269347,null,null,,,101,,50,,,,,,,,,,,,,,,,,,,,,,,,,,,,,,,,,,,,,,,,,,
dig,1271351,,,,,,[],50,,,,,,,,,,,,,,,,,,,,,,,,,,,,,,,,,,,,,,,,,,
harvest,1272853,null,null,,,28,,50,,,,,,101,0.279896043,0.277227723,,,,,,,,,,,,,,,,,,,,,,,,,,,,,,,,,,
decision,1274855,null,null,,,28,,50,,,,,,,,,49061,4,0,FALSE,,,,,,,,,,,,,,,,,,,,,,,,,,,,,,
time_out,1276861,null,null,,,28,,,,,,,,,,,,,,,,,,,,,,,,,,,,,,,,,,,,,,,,,,,,
decision,1277414,551.6,76,,,28,,50,,,,,,,,,51620,4,0,TRUE,,,,,,,,,,,,,,,,,,,,,,,,,,,,,,
travel,1286864,,,,,,[],50,,,,,,,,,,,,,,,,,,,,,,,,,,,,,,,,,,,,,,,,,,
alien_welcome,1291867,null,null,,,,,,,,,86,25,24,71,77,117,108,61,3,46,7,96,74,50,35,102,26,17,92,67,68,52,19,22,53,111,38,48,101,97,78,118,5,57,28,82,66,55,114
land,1292370,null,null,,,100,,51,,,,,,,,,,,,,,,,,,,,,,,,,,,,,,,,,,,,,,,,,,
dig,1294374,,,,,,[],51,,,,,,,,,,,,,,,,,,,,,,,,,,,,,,,,,,,,,,,,,,
harvest,1295877,null,null,,,80,,51,,,,,,100,0.802521994,0.8,,,,,,,,,,,,,,,,,,,,,,,,,,,,,,,,,,
decision,1296072,194.3,76,,,80,,51,,,,,,,,,70279,4,0,TRUE,,,,,,,,,,,,,,,,,,,,,,,,,,,,,,
travel,1305882,,,,,,[],51,,,,,,,,,,,,,,,,,,,,,,,,,,,,,,,,,,,,,,,,,,
alien_welcome,1310884,null,null,,,,,,,,,110,25,24,71,77,117,108,61,3,46,7,96,74,50,35,102,26,17,92,67,68,52,19,22,53,111,38,48,101,97,78,118,5,57,28,82,66,55,114
land,1311387,null,null,,,100,,52,,,,,,,,,,,,,,,,,,,,,,,,,,,,,,,,,,,,,,,,,,
dig,1313392,,,,,,[],52,,,,,,,,,,,,,,,,,,,,,,,,,,,,,,,,,,,,,,,,,,
harvest,1314895,null,null,,,86,,52,,,,,,100,0.860501584,0.86,,,,,,,,,,,,,,,,,,,,,,,,,,,,,,,,,,
decision,1316897,null,null,,,86,,52,,,,,,,,,91103,4,0,FALSE,,,,,,,,,,,,,,,,,,,,,,,,,,,,,,
time_out,1318905,null,null,,,86,,,,,,,,,,,,,,,,,,,,,,,,,,,,,,,,,,,,,,,,,,,,
decision,1319751,844.2,76,,,86,,52,,,,,,,,,93957,4,0,TRUE,,,,,,,,,,,,,,,,,,,,,,,,,,,,,,
travel,1328913,,,,,,[],52,,,,,,,,,,,,,,,,,,,,,,,,,,,,,,,,,,,,,,,,,,
alien_welcome,1333916,null,null,,,,,,,,,100,25,24,71,77,117,108,61,3,46,7,96,74,50,35,102,26,17,92,67,68,52,19,22,53,111,38,48,101,97,78,118,5,57,28,82,66,55,114
land,1334419,null,null,,,97,,53,,,,,,,,,,,,,,,,,,,,,,,,,,,,,,,,,,,,,,,,,,
dig,1336423,,,,,,[],53,,,,,,,,,,,,,,,,,,,,,,,,,,,,,,,,,,,,,,,,,,
harvest,1337926,null,null,,,74,,53,,,,,,97,0.760577426,0.762886598,,,,,,,,,,,,,,,,,,,,,,,,,,,,,,,,,,
decision,1338320,392.5,76,,,74,,53,,,,,,,,,112526,4,0,TRUE,,,,,,,,,,,,,,,,,,,,,,,,,,,,,,
travel,1347932,,,,,,[],53,,,,,,,,,,,,,,,,,,,,,,,,,,,,,,,,,,,,,,,,,,
alien_welcome,1352934,null,null,,,,,,,,,39,25,24,71,77,117,108,61,3,46,7,96,74,50,35,102,26,17,92,67,68,52,19,22,53,111,38,48,101,97,78,118,5,57,28,82,66,55,114
land,1353437,null,null,,,99,,54,,,,,,,,,,,,,,,,,,,,,,,,,,,,,,,,,,,,,,,,,,
dig,1355441,,,,,,[],54,,,,,,,,,,,,,,,,,,,,,,,,,,,,,,,,,,,,,,,,,,
harvest,1356944,null,null,,,66,,54,,,,,,99,0.670954773,0.666666667,,,,,,,,,,,,,,,,,,,,,,,,,,,,,,,,,,
decision,1357527,582.2,76,,,66,,54,,,,,,,,,131734,4,0,TRUE,,,,,,,,,,,,,,,,,,,,,,,,,,,,,,
travel,1366951,,,,,,[],54,,,,,,,,,,,,,,,,,,,,,,,,,,,,,,,,,,,,,,,,,,
alien_welcome,1371953,null,null,,,,,,,,,64,25,24,71,77,117,108,61,3,46,7,96,74,50,35,102,26,17,92,67,68,52,19,22,53,111,38,48,101,97,78,118,5,57,28,82,66,55,114
land,1372455,null,null,,,97,,55,,,,,,,,,,,,,,,,,,,,,,,,,,,,,,,,,,,,,,,,,,
dig,1374459,,,,,,[],55,,,,,,,,,,,,,,,,,,,,,,,,,,,,,,,,,,,,,,,,,,
harvest,1375962,null,null,,,79,,55,,,,,,97,0.81866339,0.81443299,,,,,,,,,,,,,,,,,,,,,,,,,,,,,,,,,,
decision,1376520,556.8,76,,,79,,55,,,,,,,,,150726,4,0,TRUE,,,,,,,,,,,,,,,,,,,,,,,,,,,,,,
travel,1385971,,,,,,[],55,,,,,,,,,,,,,,,,,,,,,,,,,,,,,,,,,,,,,,,,,,
alien_welcome,1390973,null,null,,,,,,,,,58,25,24,71,77,117,108,61,3,46,7,96,74,50,35,102,26,17,92,67,68,52,19,22,53,111,38,48,101,97,78,118,5,57,28,82,66,55,114
land,1391475,null,null,,,105,,56,,,,,,,,,,,,,,,,,,,,,,,,,,,,,,,,,,,,,,,,,,
dig,1393480,,,,,,[],56,,,,,,,,,,,,,,,,,,,,,,,,,,,,,,,,,,,,,,,,,,
harvest,1394982,null,null,,,86,,56,,,,,,105,0.822840888,0.819047619,,,,,,,,,,,,,,,,,,,,,,,,,,,,,,,,,,
decision,1395303,319.6,76,,,86,,56,,,,,,,,,169509,4,0,TRUE,,,,,,,,,,,,,,,,,,,,,,,,,,,,,,
travel,1404988,,,,,,[],56,,,,,,,,,,,,,,,,,,,,,,,,,,,,,,,,,,,,,,,,,,
alien_welcome,1409990,null,null,,,,,,,,,2,25,24,71,77,117,108,61,3,46,7,96,74,50,35,102,26,17,92,67,68,52,19,22,53,111,38,48,101,97,78,118,5,57,28,82,66,55,114
land,1410492,null,null,,,102,,57,,,,,,,,,,,,,,,,,,,,,,,,,,,,,,,,,,,,,,,,,,
dig,1412496,,,,,,[],57,,,,,,,,,,,,,,,,,,,,,,,,,,,,,,,,,,,,,,,,,,
harvest,1413998,null,null,,,19,,57,,,,,,102,0.181572324,0.18627451,,,,,,,,,,,,,,,,,,,,,,,,,,,,,,,,,,
decision,1414432,431.7,76,,,19,,57,,,,,,,,,188638,4,0,TRUE,,,,,,,,,,,,,,,,,,,,,,,,,,,,,,
travel,1424008,,,,,,[],57,,,,,,,,,,,,,,,,,,,,,,,,,,,,,,,,,,,,,,,,,,
alien_welcome,1429011,null,null,,,,,,,,,18,25,24,71,77,117,108,61,3,46,7,96,74,50,35,102,26,17,92,67,68,52,19,22,53,111,38,48,101,97,78,118,5,57,28,82,66,55,114
land,1429513,null,null,,,105,,58,,,,,,,,,,,,,,,,,,,,,,,,,,,,,,,,,,,,,,,,,,
dig,1431516,,,,,,[],58,,,,,,,,,,,,,,,,,,,,,,,,,,,,,,,,,,,,,,,,,,
harvest,1433019,null,null,,,24,,58,,,,,,105,0.227901514,0.228571429,,,,,,,,,,,,,,,,,,,,,,,,,,,,,,,,,,
decision,1434440,1420.5,76,,,24,,58,,,,,,,,,208647,4,0,TRUE,,,,,,,,,,,,,,,,,,,,,,,,,,,,,,
travel,1443026,,,,,,[],58,,,,,,,,,,,,,,,,,,,,,,,,,,,,,,,,,,,,,,,,,,
alien_welcome,1448029,null,null,,,,,,,,,4,25,24,71,77,117,108,61,3,46,7,96,74,50,35,102,26,17,92,67,68,52,19,22,53,111,38,48,101,97,78,118,5,57,28,82,66,55,114
land,1448531,null,null,,,104,,59,,,,,,,,,,,,,,,,,,,,,,,,,,,,,,,,,,,,,,,,,,
dig,1450535,,,,,,[],59,,,,,,,,,,,,,,,,,,,,,,,,,,,,,,,,,,,,,,,,,,
harvest,1452036,null,null,,,64,,59,,,,,,104,0.616947616,0.615384615,,,,,,,,,,,,,,,,,,,,,,,,,,,,,,,,,,
decision,1452744,706.3,76,,,64,,59,,,,,,,,,226951,4,0,TRUE,,,,,,,,,,,,,,,,,,,,,,,,,,,,,,
travel,1462042,,,,,,[],59,,,,,,,,,,,,,,,,,,,,,,,,,,,,,,,,,,,,,,,,,,
alien_welcome,1467045,null,null,,,,,,,,,70,25,24,71,77,117,108,61,3,46,7,96,74,50,35,102,26,17,92,67,68,52,19,22,53,111,38,48,101,97,78,118,5,57,28,82,66,55,114
land,1467548,null,null,,,104,,60,,,,,,,,,,,,,,,,,,,,,,,,,,,,,,,,,,,,,,,,,,
dig,1469553,,,,,,[],60,,,,,,,,,,,,,,,,,,,,,,,,,,,,,,,,,,,,,,,,,,
harvest,1471054,null,null,,,85,,60,,,,,,104,0.819385235,0.817307692,,,,,,,,,,,,,,,,,,,,,,,,,,,,,,,,,,
decision,1471249,194.1,76,,,85,,60,,,,,,,,,245455,4,0,TRUE,,,,,,,,,,,,,,,,,,,,,,,,,,,,,,
travel,1481060,,,,,,[],60,,,,,,,,,,,,,,,,,,,,,,,,,,,,,,,,,,,,,,,,,,
alien_welcome,1486064,null,null,,,,,,,,,9,25,24,71,77,117,108,61,3,46,7,96,74,50,35,102,26,17,92,67,68,52,19,22,53,111,38,48,101,97,78,118,5,57,28,82,66,55,114
land,1486567,null,null,,,96,,61,,,,,,,,,,,,,,,,,,,,,,,,,,,,,,,,,,,,,,,,,,
dig,1488571,,,,,,[],61,,,,,,,,,,,,,,,,,,,,,,,,,,,,,,,,,,,,,,,,,,
harvest,1490074,null,null,,,78,,61,,,,,,96,0.814067376,0.8125,,,,,,,,,,,,,,,,,,,,,,,,,,,,,,,,,,
decision,1492076,null,null,,,78,,61,,,,,,,,,266282,4,0,FALSE,,,,,,,,,,,,,,,,,,,,,,,,,,,,,,
time_out,1494085,null,null,,,78,,,,,,,,,,,,,,,,,,,,,,,,,,,,,,,,,,,,,,,,,,,,
decision,1496087,null,null,,,78,,61,,,,,,,,,270293,4,0,FALSE,,,,,,,,,,,,,,,,,,,,,,,,,,,,,,
time_out,1498096,null,null,,,78,,,,,,,,,,,,,,,,,,,,,,,,,,,,,,,,,,,,,,,,,,,,
decision,1500098,null,null,,,78,,61,,,,,,,,,274304,4,0,FALSE,,,,,,,,,,,,,,,,,,,,,,,,,,,,,,
time_out,1502106,null,null,,,78,,,,,,,,,,,,,,,,,,,,,,,,,,,,,,,,,,,,,,,,,,,,
decision,1503877,1769.7,76,,,78,,61,,,,,,,,,278084,4,0,TRUE,,,,,,,,,,,,,,,,,,,,,,,,,,,,,,
travel,1512112,,,,,,[],61,,,,,,,,,,,,,,,,,,,,,,,,,,,,,,,,,,,,,,,,,,
alien_welcome,1517115,null,null,,,,,,,,,54,25,24,71,77,117,108,61,3,46,7,96,74,50,35,102,26,17,92,67,68,52,19,22,53,111,38,48,101,97,78,118,5,57,28,82,66,55,114
land,1517617,null,null,,,96,,62,,,,,,,,,,,,,,,,,,,,,,,,,,,,,,,,,,,,,,,,,,
dig,1519621,,,,,,[],62,,,,,,,,,,,,,,,,,,,,,,,,,,,,,,,,,,,,,,,,,,
harvest,1521124,null,null,,,78,,62,,,,,,96,0.813049272,0.8125,,,,,,,,,,,,,,,,,,,,,,,,,,,,,,,,,,
decision,1521290,164.5,76,,,78,,62,,,,,,,,,295497,4,0,TRUE,,,,,,,,,,,,,,,,,,,,,,,,,,,,,,
travel,1531128,,,,,,[],62,,,,,,,,,,,,,,,,,,,,,,,,,,,,,,,,,,,,,,,,,,
alien_welcome,1536130,null,null,,,,,,,,,29,25,24,71,77,117,108,61,3,46,7,96,74,50,35,102,26,17,92,67,68,52,19,22,53,111,38,48,101,97,78,118,5,57,28,82,66,55,114
land,1536633,null,null,,,93,,63,,,,,,,,,,,,,,,,,,,,,,,,,,,,,,,,,,,,,,,,,,
dig,1538638,,,,,,[],63,,,,,,,,,,,,,,,,,,,,,,,,,,,,,,,,,,,,,,,,,,
harvest,1540141,null,null,,,75,,63,,,,,,93,0.802415424,0.806451613,,,,,,,,,,,,,,,,,,,,,,,,,,,,,,,,,,
decision,1541210,1067.5,76,,,75,,63,,,,,,,,,315416,4,0,TRUE,,,,,,,,,,,,,,,,,,,,,,,,,,,,,,
travel,1550148,,,,,,[],63,,,,,,,,,,,,,,,,,,,,,,,,,,,,,,,,,,,,,,,,,,
alien_welcome,1555151,null,null,,,,,,,,,103,25,24,71,77,117,108,61,3,46,7,96,74,50,35,102,26,17,92,67,68,52,19,22,53,111,38,48,101,97,78,118,5,57,28,82,66,55,114
land,1555654,null,null,,,102,,64,,,,,,,,,,,,,,,,,,,,,,,,,,,,,,,,,,,,,,,,,,
dig,1557659,,,,,,[],64,,,,,,,,,,,,,,,,,,,,,,,,,,,,,,,,,,,,,,,,,,
harvest,1559162,null,null,,,77,,64,,,,,,102,0.751826689,0.754901961,,,,,,,,,,,,,,,,,,,,,,,,,,,,,,,,,,
decision,1561165,null,null,,,77,,64,,,,,,,,,335371,4,0,FALSE,,,,,,,,,,,,,,,,,,,,,,,,,,,,,,
time_out,1563174,null,null,,,77,,,,,,,,,,,,,,,,,,,,,,,,,,,,,,,,,,,,,,,,,,,,
decision,1563227,51.5,76,,,77,,64,,,,,,,,,337433,4,0,TRUE,,,,,,,,,,,,,,,,,,,,,,,,,,,,,,
travel,1573180,,,,,,[],64,,,,,,,,,,,,,,,,,,,,,,,,,,,,,,,,,,,,,,,,,,
alien_welcome,1578183,null,null,,,,,,,,,106,25,24,71,77,117,108,61,3,46,7,96,74,50,35,102,26,17,92,67,68,52,19,22,53,111,38,48,101,97,78,118,5,57,28,82,66,55,114
land,1578686,null,null,,,104,,65,,,,,,,,,,,,,,,,,,,,,,,,,,,,,,,,,,,,,,,,,,
dig,1580690,,,,,,[],65,,,,,,,,,,,,,,,,,,,,,,,,,,,,,,,,,,,,,,,,,,
harvest,1582192,null,null,,,88,,65,,,,,,104,0.849267388,0.846153846,,,,,,,,,,,,,,,,,,,,,,,,,,,,,,,,,,
decision,1582827,633.6,76,,,88,,65,,,,,,,,,357034,4,0,TRUE,,,,,,,,,,,,,,,,,,,,,,,,,,,,,,
travel,1592197,,,,,,[],65,,,,,,,,,,,,,,,,,,,,,,,,,,,,,,,,,,,,,,,,,,
alien_welcome,1597200,null,null,,,,,,,,,107,25,24,71,77,117,108,61,3,46,7,96,74,50,35,102,26,17,92,67,68,52,19,22,53,111,38,48,101,97,78,118,5,57,28,82,66,55,114
land,1597703,null,null,,,87,,66,,,,,,,,,,,,,,,,,,,,,,,,,,,,,,,,,,,,,,,,,,
dig,1599708,,,,,,[],66,,,,,,,,,,,,,,,,,,,,,,,,,,,,,,,,,,,,,,,,,,
harvest,1601211,null,null,,,68,,66,,,,,,87,0.777031553,0.781609195,,,,,,,,,,,,,,,,,,,,,,,,,,,,,,,,,,
decision,1602371,1158.5,76,,,68,,66,,,,,,,,,376577,4,0,TRUE,,,,,,,,,,,,,,,,,,,,,,,,,,,,,,
end_of_block,1612011,9631.9,32,,,,,,,,,,,,,,,,,,,,,,,,,,,,,,,,,,,,,,,,,,,,,,,
alien_welcome,1617033,null,null,,,,,,,,,27,25,24,71,77,117,108,61,3,46,7,96,74,50,35,102,26,17,92,67,68,52,19,22,53,111,38,48,101,97,78,118,5,57,28,82,66,55,114
land,1617535,null,null,,,100,,67,,,,,,,,,,,,,,,,,,,,,,,,,,,,,,,,,,,,,,,,,,
dig,1619539,,,,,,[],67,,,,,,,,,,,,,,,,,,,,,,,,,,,,,,,,,,,,,,,,,,
harvest,1621041,null,null,,,47,,67,,,,,,100,0.473003595,0.47,,,,,,,,,,,,,,,,,,,,,,,,,,,,,,,,,,
decision,1623044,null,null,,,47,,67,,,,,,,,,11026,5,0,FALSE,,,,,,,,,,,,,,,,,,,,,,,,,,,,,,
time_out,1625053,null,null,,,47,,,,,,,,,,,,,,,,,,,,,,,,,,,,,,,,,,,,,,,,,,,,
decision,1627055,null,null,,,47,,67,,,,,,,,,15037,5,0,FALSE,,,,,,,,,,,,,,,,,,,,,,,,,,,,,,
time_out,1629064,null,null,,,47,,,,,,,,,,,,,,,,,,,,,,,,,,,,,,,,,,,,,,,,,,,,
decision,1630316,1250.2,76,,,47,,67,,,,,,,,,18298,5,0,TRUE,,,,,,,,,,,,,,,,,,,,,,,,,,,,,,
travel,1639075,,,,,,[],67,,,,,,,,,,,,,,,,,,,,,,,,,,,,,,,,,,,,,,,,,,
alien_welcome,1644077,null,null,,,,,,,,,14,25,24,71,77,117,108,61,3,46,7,96,74,50,35,102,26,17,92,67,68,52,19,22,53,111,38,48,101,97,78,118,5,57,28,82,66,55,114
land,1644580,null,null,,,101,,68,,,,,,,,,,,,,,,,,,,,,,,,,,,,,,,,,,,,,,,,,,
dig,1646584,,,,,,[],68,,,,,,,,,,,,,,,,,,,,,,,,,,,,,,,,,,,,,,,,,,
harvest,1648086,null,null,,,50,,68,,,,,,101,0.497272215,0.495049505,,,,,,,,,,,,,,,,,,,,,,,,,,,,,,,,,,
decision,1650089,null,null,,,50,,68,,,,,,,,,38071,5,0,FALSE,,,,,,,,,,,,,,,,,,,,,,,,,,,,,,
time_out,1652097,null,null,,,50,,,,,,,,,,,,,,,,,,,,,,,,,,,,,,,,,,,,,,,,,,,,
decision,1654099,null,null,,,50,,68,,,,,,,,,42081,5,0,FALSE,,,,,,,,,,,,,,,,,,,,,,,,,,,,,,
time_out,1656108,null,null,,,50,,,,,,,,,,,,,,,,,,,,,,,,,,,,,,,,,,,,,,,,,,,,
decision,1658111,null,null,,,50,,68,,,,,,,,,46093,5,0,FALSE,,,,,,,,,,,,,,,,,,,,,,,,,,,,,,
time_out,1660120,null,null,,,50,,,,,,,,,,,,,,,,,,,,,,,,,,,,,,,,,,,,,,,,,,,,
decision,1662123,null,null,,,50,,68,,,,,,,,,50106,5,0,FALSE,,,,,,,,,,,,,,,,,,,,,,,,,,,,,,
time_out,1664132,null,null,,,50,,,,,,,,,,,,,,,,,,,,,,,,,,,,,,,,,,,,,,,,,,,,
decision,1666044,1910.8,76,,,50,,68,,,,,,,,,54027,5,0,TRUE,,,,,,,,,,,,,,,,,,,,,,,,,,,,,,
travel,1674138,,,,,,[],68,,,,,,,,,,,,,,,,,,,,,,,,,,,,,,,,,,,,,,,,,,
alien_welcome,1679140,null,null,,,,,,,,,32,25,24,71,77,117,108,61,3,46,7,96,74,50,35,102,26,17,92,67,68,52,19,22,53,111,38,48,101,97,78,118,5,57,28,82,66,55,114
land,1679642,null,null,,,104,,69,,,,,,,,,,,,,,,,,,,,,,,,,,,,,,,,,,,,,,,,,,
dig,1681646,,,,,,[],69,,,,,,,,,,,,,,,,,,,,,,,,,,,,,,,,,,,,,,,,,,
harvest,1683150,null,null,,,55,,69,,,,,,104,0.528491144,0.528846154,,,,,,,,,,,,,,,,,,,,,,,,,,,,,,,,,,
decision,1683269,117.8,76,,,55,,69,,,,,,,,,71251,5,0,TRUE,,,,,,,,,,,,,,,,,,,,,,,,,,,,,,
travel,1693161,,,,,,[],69,,,,,,,,,,,,,,,,,,,,,,,,,,,,,,,,,,,,,,,,,,
alien_welcome,1698164,null,null,,,,,,,,,13,25,24,71,77,117,108,61,3,46,7,96,74,50,35,102,26,17,92,67,68,52,19,22,53,111,38,48,101,97,78,118,5,57,28,82,66,55,114
land,1698667,null,null,,,104,,70,,,,,,,,,,,,,,,,,,,,,,,,,,,,,,,,,,,,,,,,,,
dig,1700672,,,,,,[],70,,,,,,,,,,,,,,,,,,,,,,,,,,,,,,,,,,,,,,,,,,
harvest,1702174,null,null,,,49,,70,,,,,,104,0.47301237,0.471153846,,,,,,,,,,,,,,,,,,,,,,,,,,,,,,,,,,
decision,1704176,null,null,,,49,,70,,,,,,,,,92158,5,0,FALSE,,,,,,,,,,,,,,,,,,,,,,,,,,,,,,
time_out,1706184,null,null,,,49,,,,,,,,,,,,,,,,,,,,,,,,,,,,,,,,,,,,,,,,,,,,
decision,1708187,null,null,,,49,,70,,,,,,,,,96170,5,0,FALSE,,,,,,,,,,,,,,,,,,,,,,,,,,,,,,
time_out,1710197,null,null,,,49,,,,,,,,,,,,,,,,,,,,,,,,,,,,,,,,,,,,,,,,,,,,
decision,1712200,null,null,,,49,,70,,,,,,,,,100182,5,0,FALSE,,,,,,,,,,,,,,,,,,,,,,,,,,,,,,
time_out,1714210,null,null,,,49,,,,,,,,,,,,,,,,,,,,,,,,,,,,,,,,,,,,,,,,,,,,
decision,1716212,null,null,,,49,,70,,,,,,,,,104194,5,0,FALSE,,,,,,,,,,,,,,,,,,,,,,,,,,,,,,
time_out,1718222,null,null,,,49,,,,,,,,,,,,,,,,,,,,,,,,,,,,,,,,,,,,,,,,,,,,
decision,1718807,583.3,76,,,49,,70,,,,,,,,,106789,5,0,TRUE,,,,,,,,,,,,,,,,,,,,,,,,,,,,,,
travel,1728230,,,,,,[],70,,,,,,,,,,,,,,,,,,,,,,,,,,,,,,,,,,,,,,,,,,
alien_welcome,1733233,null,null,,,,,,,,,51,25,24,71,77,117,108,61,3,46,7,96,74,50,35,102,26,17,92,67,68,52,19,22,53,111,38,48,101,97,78,118,5,57,28,82,66,55,114
land,1733736,null,null,,,102,,71,,,,,,,,,,,,,,,,,,,,,,,,,,,,,,,,,,,,,,,,,,
dig,1735740,,,,,,[],71,,,,,,,,,,,,,,,,,,,,,,,,,,,,,,,,,,,,,,,,,,
harvest,1737242,null,null,,,51,,71,,,,,,102,0.502998017,0.5,,,,,,,,,,,,,,,,,,,,,,,,,,,,,,,,,,
decision,1738309,1065.3,76,,,51,,71,,,,,,,,,126291,5,0,TRUE,,,,,,,,,,,,,,,,,,,,,,,,,,,,,,
travel,1747249,,,,,,[],71,,,,,,,,,,,,,,,,,,,,,,,,,,,,,,,,,,,,,,,,,,
alien_welcome,1752251,null,null,,,,,,,,,30,25,24,71,77,117,108,61,3,46,7,96,74,50,35,102,26,17,92,67,68,52,19,22,53,111,38,48,101,97,78,118,5,57,28,82,66,55,114
land,1752754,null,null,,,99,,72,,,,,,,,,,,,,,,,,,,,,,,,,,,,,,,,,,,,,,,,,,
dig,1754758,,,,,,[],72,,,,,,,,,,,,,,,,,,,,,,,,,,,,,,,,,,,,,,,,,,
harvest,1756261,null,null,,,39,,72,,,,,,99,0.390201063,0.393939394,,,,,,,,,,,,,,,,,,,,,,,,,,,,,,,,,,
decision,1756894,632.4,76,,,39,,72,,,,,,,,,144877,5,0,TRUE,,,,,,,,,,,,,,,,,,,,,,,,,,,,,,
travel,1766266,,,,,,[],72,,,,,,,,,,,,,,,,,,,,,,,,,,,,,,,,,,,,,,,,,,
alien_welcome,1771268,null,null,,,,,,,,,105,25,24,71,77,117,108,61,3,46,7,96,74,50,35,102,26,17,92,67,68,52,19,22,53,111,38,48,101,97,78,118,5,57,28,82,66,55,114
land,1771770,null,null,,,100,,73,,,,,,,,,,,,,,,,,,,,,,,,,,,,,,,,,,,,,,,,,,
dig,1773774,,,,,,[],73,,,,,,,,,,,,,,,,,,,,,,,,,,,,,,,,,,,,,,,,,,
harvest,1775277,null,null,,,58,,73,,,,,,100,0.577046249,0.58,,,,,,,,,,,,,,,,,,,,,,,,,,,,,,,,,,
decision,1776431,1151.8,76,,,58,,73,,,,,,,,,164413,5,0,TRUE,,,,,,,,,,,,,,,,,,,,,,,,,,,,,,
travel,1785289,,,,,,[],73,,,,,,,,,,,,,,,,,,,,,,,,,,,,,,,,,,,,,,,,,,
alien_welcome,1790292,null,null,,,,,,,,,109,25,24,71,77,117,108,61,3,46,7,96,74,50,35,102,26,17,92,67,68,52,19,22,53,111,38,48,101,97,78,118,5,57,28,82,66,55,114
land,1790796,null,null,,,100,,74,,,,,,,,,,,,,,,,,,,,,,,,,,,,,,,,,,,,,,,,,,
dig,1792801,,,,,,[],74,,,,,,,,,,,,,,,,,,,,,,,,,,,,,,,,,,,,,,,,,,
harvest,1794303,null,null,,,59,,74,,,,,,100,0.59203219,0.59,,,,,,,,,,,,,,,,,,,,,,,,,,,,,,,,,,
decision,1794503,198,76,,,59,,74,,,,,,,,,182485,5,0,TRUE,,,,,,,,,,,,,,,,,,,,,,,,,,,,,,
travel,1804314,,,,,,[],74,,,,,,,,,,,,,,,,,,,,,,,,,,,,,,,,,,,,,,,,,,
alien_welcome,1809316,null,null,,,,,,,,,62,25,24,71,77,117,108,61,3,46,7,96,74,50,35,102,26,17,92,67,68,52,19,22,53,111,38,48,101,97,78,118,5,57,28,82,66,55,114
land,1809819,null,null,,,105,,75,,,,,,,,,,,,,,,,,,,,,,,,,,,,,,,,,,,,,,,,,,
dig,1811823,,,,,,[],75,,,,,,,,,,,,,,,,,,,,,,,,,,,,,,,,,,,,,,,,,,
harvest,1813326,null,null,,,55,,75,,,,,,105,0.522736798,0.523809524,,,,,,,,,,,,,,,,,,,,,,,,,,,,,,,,,,
decision,1814487,1159.5,76,,,55,,75,,,,,,,,,202469,5,0,TRUE,,,,,,,,,,,,,,,,,,,,,,,,,,,,,,
travel,1823336,,,,,,[],75,,,,,,,,,,,,,,,,,,,,,,,,,,,,,,,,,,,,,,,,,,
alien_welcome,1828338,null,null,,,,,,,,,45,25,24,71,77,117,108,61,3,46,7,96,74,50,35,102,26,17,92,67,68,52,19,22,53,111,38,48,101,97,78,118,5,57,28,82,66,55,114
land,1828841,null,null,,,100,,76,,,,,,,,,,,,,,,,,,,,,,,,,,,,,,,,,,,,,,,,,,
dig,1830844,,,,,,[],76,,,,,,,,,,,,,,,,,,,,,,,,,,,,,,,,,,,,,,,,,,
harvest,1832347,null,null,,,55,,76,,,,,,100,0.550748705,0.55,,,,,,,,,,,,,,,,,,,,,,,,,,,,,,,,,,
decision,1832536,187.7,76,,,55,,76,,,,,,,,,220519,5,0,TRUE,,,,,,,,,,,,,,,,,,,,,,,,,,,,,,
travel,1842358,,,,,,[],76,,,,,,,,,,,,,,,,,,,,,,,,,,,,,,,,,,,,,,,,,,
alien_welcome,1847361,null,null,,,,,,,,,73,25,24,71,77,117,108,61,3,46,7,96,74,50,35,102,26,17,92,67,68,52,19,22,53,111,38,48,101,97,78,118,5,57,28,82,66,55,114
land,1847863,null,null,,,101,,77,,,,,,,,,,,,,,,,,,,,,,,,,,,,,,,,,,,,,,,,,,
dig,1849867,,,,,,[],77,,,,,,,,,,,,,,,,,,,,,,,,,,,,,,,,,,,,,,,,,,
harvest,1851370,null,null,,,45,,77,,,,,,101,0.448081204,0.445544554,,,,,,,,,,,,,,,,,,,,,,,,,,,,,,,,,,
decision,1851936,564.3,76,,,45,,77,,,,,,,,,239918,5,0,TRUE,,,,,,,,,,,,,,,,,,,,,,,,,,,,,,
travel,1861378,,,,,,[],77,,,,,,,,,,,,,,,,,,,,,,,,,,,,,,,,,,,,,,,,,,
alien_welcome,1866381,null,null,,,,,,,,,98,25,24,71,77,117,108,61,3,46,7,96,74,50,35,102,26,17,92,67,68,52,19,22,53,111,38,48,101,97,78,118,5,57,28,82,66,55,114
land,1866883,null,null,,,105,,78,,,,,,,,,,,,,,,,,,,,,,,,,,,,,,,,,,,,,,,,,,
dig,1868887,,,,,,[],78,,,,,,,,,,,,,,,,,,,,,,,,,,,,,,,,,,,,,,,,,,
harvest,1870390,null,null,,,39,,78,,,,,,105,0.371453178,0.371428571,,,,,,,,,,,,,,,,,,,,,,,,,,,,,,,,,,
decision,1872392,null,null,,,39,,78,,,,,,,,,260375,5,0,FALSE,,,,,,,,,,,,,,,,,,,,,,,,,,,,,,
time_out,1874403,null,null,,,39,,,,,,,,,,,,,,,,,,,,,,,,,,,,,,,,,,,,,,,,,,,,
decision,1876405,null,null,,,39,,78,,,,,,,,,264388,5,0,FALSE,,,,,,,,,,,,,,,,,,,,,,,,,,,,,,
time_out,1878416,null,null,,,39,,,,,,,,,,,,,,,,,,,,,,,,,,,,,,,,,,,,,,,,,,,,
decision,1880419,null,null,,,39,,78,,,,,,,,,268401,5,0,FALSE,,,,,,,,,,,,,,,,,,,,,,,,,,,,,,
time_out,1882430,null,null,,,39,,,,,,,,,,,,,,,,,,,,,,,,,,,,,,,,,,,,,,,,,,,,
decision,1884432,null,null,,,39,,78,,,,,,,,,272414,5,0,FALSE,,,,,,,,,,,,,,,,,,,,,,,,,,,,,,
time_out,1886441,null,null,,,39,,,,,,,,,,,,,,,,,,,,,,,,,,,,,,,,,,,,,,,,,,,,
decision,1888445,null,null,,,39,,78,,,,,,,,,276427,5,0,FALSE,,,,,,,,,,,,,,,,,,,,,,,,,,,,,,
time_out,1890455,null,null,,,39,,,,,,,,,,,,,,,,,,,,,,,,,,,,,,,,,,,,,,,,,,,,
decision,1892457,null,null,,,39,,78,,,,,,,,,280440,5,0,FALSE,,,,,,,,,,,,,,,,,,,,,,,,,,,,,,
time_out,1894474,null,null,,,39,,,,,,,,,,,,,,,,,,,,,,,,,,,,,,,,,,,,,,,,,,,,
decision,1896476,null,null,,,39,,78,,,,,,,,,284459,5,0,FALSE,,,,,,,,,,,,,,,,,,,,,,,,,,,,,,
time_out,1898487,null,null,,,39,,,,,,,,,,,,,,,,,,,,,,,,,,,,,,,,,,,,,,,,,,,,
decision,1899975,1485.7,76,,,39,,78,,,,,,,,,287957,5,0,TRUE,,,,,,,,,,,,,,,,,,,,,,,,,,,,,,
travel,1908500,,,,,,[],78,,,,,,,,,,,,,,,,,,,,,,,,,,,,,,,,,,,,,,,,,,
alien_welcome,1913503,null,null,,,,,,,,,85,25,24,71,77,117,108,61,3,46,7,96,74,50,35,102,26,17,92,67,68,52,19,22,53,111,38,48,101,97,78,118,5,57,28,82,66,55,114
land,1914006,null,null,,,103,,79,,,,,,,,,,,,,,,,,,,,,,,,,,,,,,,,,,,,,,,,,,
dig,1916011,,,,,,[],79,,,,,,,,,,,,,,,,,,,,,,,,,,,,,,,,,,,,,,,,,,
harvest,1917514,null,null,,,54,,79,,,,,,103,0.527415464,0.524271845,,,,,,,,,,,,,,,,,,,,,,,,,,,,,,,,,,
decision,1919429,1913.5,76,,,54,,79,,,,,,,,,307412,5,0,TRUE,,,,,,,,,,,,,,,,,,,,,,,,,,,,,,
travel,1927523,,,,,,[],79,,,,,,,,,,,,,,,,,,,,,,,,,,,,,,,,,,,,,,,,,,
alien_welcome,1932526,null,null,,,,,,,,,44,25,24,71,77,117,108,61,3,46,7,96,74,50,35,102,26,17,92,67,68,52,19,22,53,111,38,48,101,97,78,118,5,57,28,82,66,55,114
land,1933029,null,null,,,99,,80,,,,,,,,,,,,,,,,,,,,,,,,,,,,,,,,,,,,,,,,,,
dig,1935033,,,,,,[],80,,,,,,,,,,,,,,,,,,,,,,,,,,,,,,,,,,,,,,,,,,
harvest,1936536,null,null,,,45,,80,,,,,,99,0.45551125,0.454545455,,,,,,,,,,,,,,,,,,,,,,,,,,,,,,,,,,
decision,1938538,null,null,,,45,,80,,,,,,,,,326521,5,0,FALSE,,,,,,,,,,,,,,,,,,,,,,,,,,,,,,
time_out,1940548,null,null,,,45,,,,,,,,,,,,,,,,,,,,,,,,,,,,,,,,,,,,,,,,,,,,
decision,1942551,null,null,,,45,,80,,,,,,,,,330534,5,0,FALSE,,,,,,,,,,,,,,,,,,,,,,,,,,,,,,
time_out,1944563,null,null,,,45,,,,,,,,,,,,,,,,,,,,,,,,,,,,,,,,,,,,,,,,,,,,
decision,1946566,null,null,,,45,,80,,,,,,,,,334548,5,0,FALSE,,,,,,,,,,,,,,,,,,,,,,,,,,,,,,
time_out,1948578,null,null,,,45,,,,,,,,,,,,,,,,,,,,,,,,,,,,,,,,,,,,,,,,,,,,
decision,1950290,1710.5,65,,,45,,80,,,,,,,,,338272,5,0,FALSE,,,,,,,,,,,,,,,,,,,,,,,,,,,,,,
dig,1950589,,,,,,[],80,,,,,,,,,,,,,,,,,,,,,,,,,,,,,,,,,,,,,,,,,,
harvest,1952092,null,null,,,23,,80,,,,,,45,0.515400327,0.511111111,,,,,,,,,,,,,,,,,,,,,,,,,,,,,,,,,,
decision,1952283,189.3,76,,,23,,80,,,,,,,,,340266,5,1,TRUE,,,,,,,,,,,,,,,,,,,,,,,,,,,,,,
travel,1962106,,,,,,[],80,,,,,,,,,,,,,,,,,,,,,,,,,,,,,,,,,,,,,,,,,,
alien_welcome,1967109,null,null,,,,,,,,,6,25,24,71,77,117,108,61,3,46,7,96,74,50,35,102,26,17,92,67,68,52,19,22,53,111,38,48,101,97,78,118,5,57,28,82,66,55,114
land,1967612,null,null,,,103,,81,,,,,,,,,,,,,,,,,,,,,,,,,,,,,,,,,,,,,,,,,,
dig,1969617,,,,,,[],81,,,,,,,,,,,,,,,,,,,,,,,,,,,,,,,,,,,,,,,,,,
harvest,1971119,null,null,,,57,,81,,,,,,103,0.554834247,0.553398058,,,,,,,,,,,,,,,,,,,,,,,,,,,,,,,,,,
decision,1971140,19,76,,,57,,81,,,,,,,,,359122,5,0,TRUE,,,,,,,,,,,,,,,,,,,,,,,,,,,,,,
travel,1981130,,,,,,[],81,,,,,,,,,,,,,,,,,,,,,,,,,,,,,,,,,,,,,,,,,,
alien_welcome,1986133,null,null,,,,,,,,,72,25,24,71,77,117,108,61,3,46,7,96,74,50,35,102,26,17,92,67,68,52,19,22,53,111,38,48,101,97,78,118,5,57,28,82,66,55,114
land,1986636,null,null,,,96,,82,,,,,,,,,,,,,,,,,,,,,,,,,,,,,,,,,,,,,,,,,,
dig,1988641,,,,,,[],82,,,,,,,,,,,,,,,,,,,,,,,,,,,,,,,,,,,,,,,,,,
harvest,1990143,null,null,,,77,,82,,,,,,96,0.796940406,0.802083333,,,,,,,,,,,,,,,,,,,,,,,,,,,,,,,,,,
decision,1990346,200.8,76,,,77,,82,,,,,,,,,378328,5,0,TRUE,,,,,,,,,,,,,,,,,,,,,,,,,,,,,,
catch,1993291,2934.5,90,,,77,,,,,,,,,,,,,,,,,,,,,,,,,,,,,,,,,,,,,,,,,,,,
debrief,2008340,15046.4,,,,,{planet_threshold:yes,planet_threshold_desc:,dig_threshold:no,dig_threshold_desc:,surprise:no,surprise_desc:,dynamic:no,dynamic_desc:,other:no,other_desc:,feedback:no},,,,,,,,,,,,,,,,,,,,,,,,,,,,,,,,,
demo,2013658,5315.3,,,,,{age:45,gender:male},,,,,,,,,,,,,,,,,,,,,,,,,,,,,,,,,,,,,,,,,,
end_of_exp,2064692,51031.3,32,,,,,,,,,,,,,,,,,,2,0,,,,,,,,,,,,,,,,,,,,,,,,,,,,