trial_type,time_elapsed,rt,key_press,condition,subject_id,next_reward,responses,planet,curr_prac_trial,n_prac_rounds,button_pressed,alien,aliens,reward_received,decay_rate_actual,decay_rate_exp,time_in_block,block_num,prt,last_trial_on_planet,bonus,num_failures,,,,,,,,,,,,,,,,,,,,,,,,,,,,,,,,,,,,,,,,,
fullscreen,2894,,,,,,,,,,,,,,,,,,,,,,,,,,,,,,,,,,,,,,,,,,,,,,,,,,,,,,,,,,,,,,
instruc_welcome,8463,5562.1,32,1,A1JWEKRBLSPL8S,,,,,,,,,,,,,,,,,,,,,,,,,,,,,,,,,,,,,,,,,,,,,,,,,,,,,,,,,,
instruc_goal,12936,4472.3,32,,,,,,,,,,,,,,,,,,,,,,,,,,,,,,,,,,,,,,,,,,,,,,,,,,,,,,,,,,,,
instruc_dig,19285,6346.3,65,,,100,,,,,,,,,,,,,,,,,,,,,,,,,,,,,,,,,,,,,,,,,,,,,,,,,,,,,,,,,
dig_instruc,21310,,,,,,[],,,,,,,,,,,,,,,,,,,,,,,,,,,,,,,,,,,,,,,,,,,,,,,,,,,,,,,,
harvest_instruc,22815,null,null,,,,,,,,,,,,,,,,,,,,,,,,,,,,,,,,,,,,,,,,,,,,,,,,,,,,,,,,,,,,
instruc_travel,33675,10858.5,76,,,,,,,,,,,,,,,,,,,,,,,,,,,,,,,,,,,,,,,,,,,,,,,,,,,,,,,,,,,,
travel_prac,43678,,,,,,[],0,,,,,,,,,,,,,,,,,,,,,,,,,,,,,,,,,,,,,,,,,,,,,,,,,,,,,,,
instruc_alien_greet,48396,4715.5,32,,,,,,,,,,,,,,,,,,,,,,,,,,,,,,,,,,,,,,,,,,,,,,,,,,,,,,,,,,,,
time_out,55647,7249.5,32,,,,,,,,,,,,,,,,,,,,,,,,,,,,,,,,,,,,,,,,,,,,,,,,,,,,,,,,,,,,
instruc_break,67580,11931.1,32,,,,,,,,,,,,,,,,,,,,,,,,,,,,,,,,,,,,,,,,,,,,,,,,,,,,,,,,,,,,
quiz_prac,82495,14912.4,,,,,{Q0:C,Q1:B,Q2:B},,,,,,,,,,,,,,,,,,,,,,,,,,,,,,,,,,,,,,,,,,,,,,,,,,,,,,
quiz_correct,85568,3067.2,,,,,{Q0:C,Q1:B,Q2:B},,,,,,,,,,,,,,,,,,,,,,,,,,,,,,,,,,,,,,,,,,,,,,,,,,,,,,
instruc_prac_game,91378,5808.5,32,,,,,,,,,,,,,,,,,,,,,,,,,,,,,,,,,,,,,,,,,,,,,,,,,,,,,,,,,,,,
alien_welcome_prac,96383,null,null,,,,,,,,,,,,,,,,,,,,,,,,,,,,,,,,,,,,,,,,,,,,,,,,,,,,,,,,,,,,
land_prac,96886,null,null,,,101,,0,,,,,,,,,,,,,,,,,,,,,,,,,,,,,,,,,,,,,,,,,,,,,,,,,,,,,,,
dig_prac,98894,,,,,,[],,,,,,,,,,,,,,,,,,,,,,,,,,,,,,,,,,,,,,,,,,,,,,,,,,,,,,,,
harvest_prac,100400,null,null,,,,,,,,,,,,,,,,,,,,,,,,,,,,,,,,,,,,,,,,,,,,,,,,,,,,,,,,,,,,
decision_prac,102406,null,null,,,,,,1,,,,,,,,,,,,,,,,,,,,,,,,,,,,,,,,,,,,,,,,,,,,,,,,,,,,,,
time_out,104414,null,null,,,,,,,,,,,,,,,,,,,,,,,,,,,,,,,,,,,,,,,,,,,,,,,,,,,,,,,,,,,,
decision_prac,105487,1059.2,65,,,,,,2,,,,,,,,,,,,,,,,,,,,,,,,,,,,,,,,,,,,,,,,,,,,,,,,,,,,,,
dig_prac,107503,,,,,,[],,,,,,,,,,,,,,,,,,,,,,,,,,,,,,,,,,,,,,,,,,,,,,,,,,,,,,,,
harvest_prac,109007,null,null,,,,,,,,,,,,,,,,,,,,,,,,,,,,,,,,,,,,,,,,,,,,,,,,,,,,,,,,,,,,
decision_prac,109573,563.8,65,,,,,,3,,,,,,,,,,,,,,,,,,,,,,,,,,,,,,,,,,,,,,,,,,,,,,,,,,,,,,
dig_prac,111600,,,,,,[],,,,,,,,,,,,,,,,,,,,,,,,,,,,,,,,,,,,,,,,,,,,,,,,,,,,,,,,
harvest_prac,113103,null,null,,,,,,,,,,,,,,,,,,,,,,,,,,,,,,,,,,,,,,,,,,,,,,,,,,,,,,,,,,,,
decision_prac,113650,546.5,65,,,,,,4,,,,,,,,,,,,,,,,,,,,,,,,,,,,,,,,,,,,,,,,,,,,,,,,,,,,,,
dig_prac,115663,,,,,,[],,,,,,,,,,,,,,,,,,,,,,,,,,,,,,,,,,,,,,,,,,,,,,,,,,,,,,,,
harvest_prac,117167,null,null,,,,,,,,,,,,,,,,,,,,,,,,,,,,,,,,,,,,,,,,,,,,,,,,,,,,,,,,,,,,
decision_prac,117482,313.5,76,,,,,,,1,,,,,,,,,,,,,,,,,,,,,,,,,,,,,,,,,,,,,,,,,,,,,,,,,,,,,
instruc_begin_exp,122599,5112.3,,,,,,,,1,1,,,,,,,,,,,,,,,,,,,,,,,,,,,,,,,,,,,,,,,,,,,,,,,,,,,,
alien_welcome,127611,null,null,,,,,,,,,43,101,104,12,93,98,82,90,20,24,103,46,27,118,97,100,52,95,34,84,106,108,92,18,112,102,41,51,44,23,113,8,55,77,21,10,86,54,96,69,38,14,115,49,39,7,45,40,61,83,2,31
land,128118,null,null,,,115,,1,,,,,,,,,,,,,,,,,,,,,,,,,,,,,,,,,,,,,,,,,,,,,,,,,,,,,,,
dig,130126,,,,,,[],1,,,,,,,,,,,,,,,,,,,,,,,,,,,,,,,,,,,,,,,,,,,,,,,,,,,,,,,
harvest,131630,null,null,,,27,,1,,,,,,115,0.231036719,0.234782609,,,,,,,,,,,,,,,,,,,,,,,,,,,,,,,,,,,,,,,,,,,,,,,
decision,131830,191.7,65,,,27,,1,,,,,,,,,9230,1,0,FALSE,,,,,,,,,,,,,,,,,,,,,,,,,,,,,,,,,,,,,,,,,,,
dig,133646,,,,,,[],1,,,,,,,,,,,,,,,,,,,,,,,,,,,,,,,,,,,,,,,,,,,,,,,,,,,,,,,
harvest,135150,null,null,,,4,,1,,,,,,27,0.14376265,0.148148148,,,,,,,,,,,,,,,,,,,,,,,,,,,,,,,,,,,,,,,,,,,,,,,
decision,135680,529.1,65,,,4,,1,,,,,,,,,13080,1,1,FALSE,,,,,,,,,,,,,,,,,,,,,,,,,,,,,,,,,,,,,,,,,,,
dig,137158,,,,,,[],1,,,,,,,,,,,,,,,,,,,,,,,,,,,,,,,,,,,,,,,,,,,,,,,,,,,,,,,
harvest,138662,null,null,,,1,,1,,,,,,4,0.164589054,0.25,,,,,,,,,,,,,,,,,,,,,,,,,,,,,,,,,,,,,,,,,,,,,,,
decision,138876,210.9,65,,,1,,1,,,,,,,,,16275,1,2,FALSE,,,,,,,,,,,,,,,,,,,,,,,,,,,,,,,,,,,,,,,,,,,
dig,140686,,,,,,[],1,,,,,,,,,,,,,,,,,,,,,,,,,,,,,,,,,,,,,,,,,,,,,,,,,,,,,,,
harvest,142191,null,null,,,0,,1,,,,,,1,0.158253906,0,,,,,,,,,,,,,,,,,,,,,,,,,,,,,,,,,,,,,,,,,,,,,,,
decision,142310,116.9,65,,,0,,1,,,,,,,,,19709,1,3,FALSE,,,,,,,,,,,,,,,,,,,,,,,,,,,,,,,,,,,,,,,,,,,
dig,144212,,,,,,[],1,,,,,,,,,,,,,,,,,,,,,,,,,,,,,,,,,,,,,,,,,,,,,,,,,,,,,,,
harvest,145718,null,null,,,0,,1,,,,,,0,0.237889704,NaN,,,,,,,,,,,,,,,,,,,,,,,,,,,,,,,,,,,,,,,,,,,,,,,
decision,145908,188.5,76,,,0,,1,,,,,,,,,23308,1,4,TRUE,,,,,,,,,,,,,,,,,,,,,,,,,,,,,,,,,,,,,,,,,,,
travel,155726,,,,,,[],1,,,,,,,,,,,,,,,,,,,,,,,,,,,,,,,,,,,,,,,,,,,,,,,,,,,,,,,
alien_welcome,160734,null,null,,,,,,,,,59,101,104,12,93,98,82,90,20,24,103,46,27,118,97,100,52,95,34,84,106,108,92,18,112,102,41,51,44,23,113,8,55,77,21,10,86,54,96,69,38,14,115,49,39,7,45,40,61,83,2,31
land,161238,null,null,,,101,,2,,,,,,,,,,,,,,,,,,,,,,,,,,,,,,,,,,,,,,,,,,,,,,,,,,,,,,,
dig,163248,,,,,,[],2,,,,,,,,,,,,,,,,,,,,,,,,,,,,,,,,,,,,,,,,,,,,,,,,,,,,,,,
harvest,164750,null,null,,,21,,2,,,,,,101,0.204842648,0.207920792,,,,,,,,,,,,,,,,,,,,,,,,,,,,,,,,,,,,,,,,,,,,,,,
decision,165149,397.3,65,,,21,,2,,,,,,,,,42548,1,0,FALSE,,,,,,,,,,,,,,,,,,,,,,,,,,,,,,,,,,,,,,,,,,,
dig,166767,,,,,,[],2,,,,,,,,,,,,,,,,,,,,,,,,,,,,,,,,,,,,,,,,,,,,,,,,,,,,,,,
harvest,168270,null,null,,,7,,2,,,,,,21,0.311525667,0.333333333,,,,,,,,,,,,,,,,,,,,,,,,,,,,,,,,,,,,,,,,,,,,,,,
decision,168522,251,65,,,7,,2,,,,,,,,,45922,1,1,FALSE,,,,,,,,,,,,,,,,,,,,,,,,,,,,,,,,,,,,,,,,,,,
dig,170295,,,,,,[],2,,,,,,,,,,,,,,,,,,,,,,,,,,,,,,,,,,,,,,,,,,,,,,,,,,,,,,,
harvest,171801,null,null,,,1,,2,,,,,,7,0.178426596,0.142857143,,,,,,,,,,,,,,,,,,,,,,,,,,,,,,,,,,,,,,,,,,,,,,,
decision,171805,0.899999991,76,,,1,,2,,,,,,,,,49204,1,2,TRUE,,,,,,,,,,,,,,,,,,,,,,,,,,,,,,,,,,,,,,,,,,,
travel,181822,,,,,,[],2,,,,,,,,,,,,,,,,,,,,,,,,,,,,,,,,,,,,,,,,,,,,,,,,,,,,,,,
alien_welcome,186831,null,null,,,,,,,,,119,101,104,12,93,98,82,90,20,24,103,46,27,118,97,100,52,95,34,84,106,108,92,18,112,102,41,51,44,23,113,8,55,77,21,10,86,54,96,69,38,14,115,49,39,7,45,40,61,83,2,31
land,187335,null,null,,,94,,3,,,,,,,,,,,,,,,,,,,,,,,,,,,,,,,,,,,,,,,,,,,,,,,,,,,,,,,
dig,189345,,,,,,[],3,,,,,,,,,,,,,,,,,,,,,,,,,,,,,,,,,,,,,,,,,,,,,,,,,,,,,,,
harvest,190854,null,null,,,52,,3,,,,,,94,0.557706266,0.553191489,,,,,,,,,,,,,,,,,,,,,,,,,,,,,,,,,,,,,,,,,,,,,,,
decision,191194,338.3,65,,,52,,3,,,,,,,,,68595,1,0,FALSE,,,,,,,,,,,,,,,,,,,,,,,,,,,,,,,,,,,,,,,,,,,
dig,192872,,,,,,[],3,,,,,,,,,,,,,,,,,,,,,,,,,,,,,,,,,,,,,,,,,,,,,,,,,,,,,,,
harvest,194425,null,null,,,30,,3,,,,,,52,0.579737884,0.576923077,,,,,,,,,,,,,,,,,,,,,,,,,,,,,,,,,,,,,,,,,,,,,,,
decision,194573,146.7,65,,,30,,3,,,,,,,,,71973,1,1,FALSE,,,,,,,,,,,,,,,,,,,,,,,,,,,,,,,,,,,,,,,,,,,
dig,196440,,,,,,[],3,,,,,,,,,,,,,,,,,,,,,,,,,,,,,,,,,,,,,,,,,,,,,,,,,,,,,,,
harvest,197943,null,null,,,16,,3,,,,,,30,0.536826108,0.533333333,,,,,,,,,,,,,,,,,,,,,,,,,,,,,,,,,,,,,,,,,,,,,,,
decision,198128,182.1,65,,,16,,3,,,,,,,,,75527,1,2,FALSE,,,,,,,,,,,,,,,,,,,,,,,,,,,,,,,,,,,,,,,,,,,
dig,199958,,,,,,[],3,,,,,,,,,,,,,,,,,,,,,,,,,,,,,,,,,,,,,,,,,,,,,,,,,,,,,,,
harvest,201462,null,null,,,8,,3,,,,,,16,0.477264294,0.5,,,,,,,,,,,,,,,,,,,,,,,,,,,,,,,,,,,,,,,,,,,,,,,
decision,201648,184.6,76,,,8,,3,,,,,,,,,79048,1,3,TRUE,,,,,,,,,,,,,,,,,,,,,,,,,,,,,,,,,,,,,,,,,,,
travel,211470,,,,,,[],3,,,,,,,,,,,,,,,,,,,,,,,,,,,,,,,,,,,,,,,,,,,,,,,,,,,,,,,
alien_welcome,216479,null,null,,,,,,,,,37,101,104,12,93,98,82,90,20,24,103,46,27,118,97,100,52,95,34,84,106,108,92,18,112,102,41,51,44,23,113,8,55,77,21,10,86,54,96,69,38,14,115,49,39,7,45,40,61,83,2,31
land,216983,null,null,,,87,,4,,,,,,,,,,,,,,,,,,,,,,,,,,,,,,,,,,,,,,,,,,,,,,,,,,,,,,,
dig,218990,,,,,,[],4,,,,,,,,,,,,,,,,,,,,,,,,,,,,,,,,,,,,,,,,,,,,,,,,,,,,,,,
harvest,220497,null,null,,,43,,4,,,,,,87,0.491189985,0.494252874,,,,,,,,,,,,,,,,,,,,,,,,,,,,,,,,,,,,,,,,,,,,,,,
decision,220973,470.4,65,,,43,,4,,,,,,,,,98372,1,0,FALSE,,,,,,,,,,,,,,,,,,,,,,,,,,,,,,,,,,,,,,,,,,,
dig,222511,,,,,,[],4,,,,,,,,,,,,,,,,,,,,,,,,,,,,,,,,,,,,,,,,,,,,,,,,,,,,,,,
harvest,224014,null,null,,,23,,4,,,,,,43,0.544860344,0.534883721,,,,,,,,,,,,,,,,,,,,,,,,,,,,,,,,,,,,,,,,,,,,,,,
decision,224152,136,65,,,23,,4,,,,,,,,,101551,1,1,FALSE,,,,,,,,,,,,,,,,,,,,,,,,,,,,,,,,,,,,,,,,,,,
dig,226027,,,,,,[],4,,,,,,,,,,,,,,,,,,,,,,,,,,,,,,,,,,,,,,,,,,,,,,,,,,,,,,,
harvest,227534,null,null,,,12,,4,,,,,,23,0.508361333,0.52173913,,,,,,,,,,,,,,,,,,,,,,,,,,,,,,,,,,,,,,,,,,,,,,,
decision,227696,160.6,76,,,12,,4,,,,,,,,,105096,1,2,TRUE,,,,,,,,,,,,,,,,,,,,,,,,,,,,,,,,,,,,,,,,,,,
travel,237543,,,,,,[],4,,,,,,,,,,,,,,,,,,,,,,,,,,,,,,,,,,,,,,,,,,,,,,,,,,,,,,,
alien_welcome,242551,null,null,,,,,,,,,75,101,104,12,93,98,82,90,20,24,103,46,27,118,97,100,52,95,34,84,106,108,92,18,112,102,41,51,44,23,113,8,55,77,21,10,86,54,96,69,38,14,115,49,39,7,45,40,61,83,2,31
land,243054,null,null,,,98,,5,,,,,,,,,,,,,,,,,,,,,,,,,,,,,,,,,,,,,,,,,,,,,,,,,,,,,,,
dig,245062,,,,,,[],5,,,,,,,,,,,,,,,,,,,,,,,,,,,,,,,,,,,,,,,,,,,,,,,,,,,,,,,
harvest,246566,null,null,,,54,,5,,,,,,98,0.54843147,0.551020408,,,,,,,,,,,,,,,,,,,,,,,,,,,,,,,,,,,,,,,,,,,,,,,
decision,246635,67.59999999,65,,,54,,5,,,,,,,,,124034,1,0,FALSE,,,,,,,,,,,,,,,,,,,,,,,,,,,,,,,,,,,,,,,,,,,
dig,248575,,,,,,[],5,,,,,,,,,,,,,,,,,,,,,,,,,,,,,,,,,,,,,,,,,,,,,,,,,,,,,,,
harvest,250078,null,null,,,30,,5,,,,,,54,0.556981809,0.555555556,,,,,,,,,,,,,,,,,,,,,,,,,,,,,,,,,,,,,,,,,,,,,,,
decision,250255,174.7,76,,,30,,5,,,,,,,,,127655,1,1,TRUE,,,,,,,,,,,,,,,,,,,,,,,,,,,,,,,,,,,,,,,,,,,
travel,260089,,,,,,[],5,,,,,,,,,,,,,,,,,,,,,,,,,,,,,,,,,,,,,,,,,,,,,,,,,,,,,,,
alien_welcome,265095,null,null,,,,,,,,,71,101,104,12,93,98,82,90,20,24,103,46,27,118,97,100,52,95,34,84,106,108,92,18,112,102,41,51,44,23,113,8,55,77,21,10,86,54,96,69,38,14,115,49,39,7,45,40,61,83,2,31
land,265599,null,null,,,95,,6,,,,,,,,,,,,,,,,,,,,,,,,,,,,,,,,,,,,,,,,,,,,,,,,,,,,,,,
dig,267606,,,,,,[],6,,,,,,,,,,,,,,,,,,,,,,,,,,,,,,,,,,,,,,,,,,,,,,,,,,,,,,,
harvest,269110,null,null,,,75,,6,,,,,,95,0.790840634,0.789473684,,,,,,,,,,,,,,,,,,,,,,,,,,,,,,,,,,,,,,,,,,,,,,,
decision,269284,171.9,65,,,75,,6,,,,,,,,,146683,1,0,FALSE,,,,,,,,,,,,,,,,,,,,,,,,,,,,,,,,,,,,,,,,,,,
dig,271118,,,,,,[],6,,,,,,,,,,,,,,,,,,,,,,,,,,,,,,,,,,,,,,,,,,,,,,,,,,,,,,,
harvest,272625,null,null,,,58,,6,,,,,,75,0.772673869,0.773333333,,,,,,,,,,,,,,,,,,,,,,,,,,,,,,,,,,,,,,,,,,,,,,,
decision,272815,188.3,65,,,58,,6,,,,,,,,,150215,1,1,FALSE,,,,,,,,,,,,,,,,,,,,,,,,,,,,,,,,,,,,,,,,,,,
dig,274638,,,,,,[],6,,,,,,,,,,,,,,,,,,,,,,,,,,,,,,,,,,,,,,,,,,,,,,,,,,,,,,,
harvest,276148,null,null,,,49,,6,,,,,,58,0.846832171,0.844827586,,,,,,,,,,,,,,,,,,,,,,,,,,,,,,,,,,,,,,,,,,,,,,,
decision,276312,160.8,65,,,49,,6,,,,,,,,,153711,1,2,FALSE,,,,,,,,,,,,,,,,,,,,,,,,,,,,,,,,,,,,,,,,,,,
dig,278158,,,,,,[],6,,,,,,,,,,,,,,,,,,,,,,,,,,,,,,,,,,,,,,,,,,,,,,,,,,,,,,,
harvest,279663,null,null,,,37,,6,,,,,,49,0.759543163,0.755102041,,,,,,,,,,,,,,,,,,,,,,,,,,,,,,,,,,,,,,,,,,,,,,,
decision,279886,220.1,65,,,37,,6,,,,,,,,,157286,1,3,FALSE,,,,,,,,,,,,,,,,,,,,,,,,,,,,,,,,,,,,,,,,,,,
dig,281679,,,,,,[],6,,,,,,,,,,,,,,,,,,,,,,,,,,,,,,,,,,,,,,,,,,,,,,,,,,,,,,,
harvest,283191,null,null,,,27,,6,,,,,,37,0.737894285,0.72972973,,,,,,,,,,,,,,,,,,,,,,,,,,,,,,,,,,,,,,,,,,,,,,,
decision,283275,81.90000001,65,,,27,,6,,,,,,,,,160675,1,4,FALSE,,,,,,,,,,,,,,,,,,,,,,,,,,,,,,,,,,,,,,,,,,,
dig,285201,,,,,,[],6,,,,,,,,,,,,,,,,,,,,,,,,,,,,,,,,,,,,,,,,,,,,,,,,,,,,,,,
harvest,286710,null,null,,,21,,6,,,,,,27,0.782640882,0.777777778,,,,,,,,,,,,,,,,,,,,,,,,,,,,,,,,,,,,,,,,,,,,,,,
decision,286923,210.7,76,,,21,,6,,,,,,,,,164323,1,5,TRUE,,,,,,,,,,,,,,,,,,,,,,,,,,,,,,,,,,,,,,,,,,,
travel,296726,,,,,,[],6,,,,,,,,,,,,,,,,,,,,,,,,,,,,,,,,,,,,,,,,,,,,,,,,,,,,,,,
alien_welcome,301735,null,null,,,,,,,,,3,101,104,12,93,98,82,90,20,24,103,46,27,118,97,100,52,95,34,84,106,108,92,18,112,102,41,51,44,23,113,8,55,77,21,10,86,54,96,69,38,14,115,49,39,7,45,40,61,83,2,31
land,302239,null,null,,,96,,7,,,,,,,,,,,,,,,,,,,,,,,,,,,,,,,,,,,,,,,,,,,,,,,,,,,,,,,
dig,304247,,,,,,[],7,,,,,,,,,,,,,,,,,,,,,,,,,,,,,,,,,,,,,,,,,,,,,,,,,,,,,,,
harvest,305751,null,null,,,73,,7,,,,,,96,0.765235638,0.760416667,,,,,,,,,,,,,,,,,,,,,,,,,,,,,,,,,,,,,,,,,,,,,,,
decision,305803,50.3,65,,,73,,7,,,,,,,,,183202,1,0,FALSE,,,,,,,,,,,,,,,,,,,,,,,,,,,,,,,,,,,,,,,,,,,
dig,307758,,,,,,[],7,,,,,,,,,,,,,,,,,,,,,,,,,,,,,,,,,,,,,,,,,,,,,,,,,,,,,,,
harvest,309267,null,null,,,62,,7,,,,,,73,0.849094352,0.849315068,,,,,,,,,,,,,,,,,,,,,,,,,,,,,,,,,,,,,,,,,,,,,,,
decision,309520,251.8,65,,,62,,7,,,,,,,,,186920,1,1,FALSE,,,,,,,,,,,,,,,,,,,,,,,,,,,,,,,,,,,,,,,,,,,
dig,311280,,,,,,[],7,,,,,,,,,,,,,,,,,,,,,,,,,,,,,,,,,,,,,,,,,,,,,,,,,,,,,,,
harvest,312790,null,null,,,51,,7,,,,,,62,0.830339902,0.822580645,,,,,,,,,,,,,,,,,,,,,,,,,,,,,,,,,,,,,,,,,,,,,,,
decision,312876,84.2,65,,,51,,7,,,,,,,,,190275,1,2,FALSE,,,,,,,,,,,,,,,,,,,,,,,,,,,,,,,,,,,,,,,,,,,
dig,314799,,,,,,[],7,,,,,,,,,,,,,,,,,,,,,,,,,,,,,,,,,,,,,,,,,,,,,,,,,,,,,,,
harvest,316302,null,null,,,40,,7,,,,,,51,0.785075071,0.784313725,,,,,,,,,,,,,,,,,,,,,,,,,,,,,,,,,,,,,,,,,,,,,,,
decision,316320,16.7,65,,,40,,7,,,,,,,,,193719,1,3,FALSE,,,,,,,,,,,,,,,,,,,,,,,,,,,,,,,,,,,,,,,,,,,
dig,318322,,,,,,[],7,,,,,,,,,,,,,,,,,,,,,,,,,,,,,,,,,,,,,,,,,,,,,,,,,,,,,,,
harvest,319832,null,null,,,29,,7,,,,,,40,0.715333939,0.725,,,,,,,,,,,,,,,,,,,,,,,,,,,,,,,,,,,,,,,,,,,,,,,
decision,319967,127.6,76,,,29,,7,,,,,,,,,197368,1,4,TRUE,,,,,,,,,,,,,,,,,,,,,,,,,,,,,,,,,,,,,,,,,,,
travel,329847,,,,,,[],7,,,,,,,,,,,,,,,,,,,,,,,,,,,,,,,,,,,,,,,,,,,,,,,,,,,,,,,
alien_welcome,334860,null,null,,,,,,,,,116,101,104,12,93,98,82,90,20,24,103,46,27,118,97,100,52,95,34,84,106,108,92,18,112,102,41,51,44,23,113,8,55,77,21,10,86,54,96,69,38,14,115,49,39,7,45,40,61,83,2,31
land,335367,null,null,,,94,,8,,,,,,,,,,,,,,,,,,,,,,,,,,,,,,,,,,,,,,,,,,,,,,,,,,,,,,,
dig,337375,,,,,,[],8,,,,,,,,,,,,,,,,,,,,,,,,,,,,,,,,,,,,,,,,,,,,,,,,,,,,,,,
harvest,338878,null,null,,,77,,8,,,,,,94,0.823336609,0.819148936,,,,,,,,,,,,,,,,,,,,,,,,,,,,,,,,,,,,,,,,,,,,,,,
decision,339064,183.3,65,,,77,,8,,,,,,,,,216464,1,0,FALSE,,,,,,,,,,,,,,,,,,,,,,,,,,,,,,,,,,,,,,,,,,,
dig,340904,,,,,,[],8,,,,,,,,,,,,,,,,,,,,,,,,,,,,,,,,,,,,,,,,,,,,,,,,,,,,,,,
harvest,342414,null,null,,,63,,8,,,,,,77,0.816135747,0.818181818,,,,,,,,,,,,,,,,,,,,,,,,,,,,,,,,,,,,,,,,,,,,,,,
decision,342623,207,65,,,63,,8,,,,,,,,,220022,1,1,FALSE,,,,,,,,,,,,,,,,,,,,,,,,,,,,,,,,,,,,,,,,,,,
dig,344430,,,,,,[],8,,,,,,,,,,,,,,,,,,,,,,,,,,,,,,,,,,,,,,,,,,,,,,,,,,,,,,,
harvest,345935,null,null,,,53,,8,,,,,,63,0.839290522,0.841269841,,,,,,,,,,,,,,,,,,,,,,,,,,,,,,,,,,,,,,,,,,,,,,,
decision,346121,182.9,65,,,53,,8,,,,,,,,,223523,1,2,FALSE,,,,,,,,,,,,,,,,,,,,,,,,,,,,,,,,,,,,,,,,,,,
dig,347951,,,,,,[],8,,,,,,,,,,,,,,,,,,,,,,,,,,,,,,,,,,,,,,,,,,,,,,,,,,,,,,,
harvest,349461,null,null,,,43,,8,,,,,,53,0.818201051,0.811320755,,,,,,,,,,,,,,,,,,,,,,,,,,,,,,,,,,,,,,,,,,,,,,,
decision,349501,38.59999999,65,,,43,,8,,,,,,,,,226900,1,3,FALSE,,,,,,,,,,,,,,,,,,,,,,,,,,,,,,,,,,,,,,,,,,,
dig,351470,,,,,,[],8,,,,,,,,,,,,,,,,,,,,,,,,,,,,,,,,,,,,,,,,,,,,,,,,,,,,,,,
harvest,352974,null,null,,,33,,8,,,,,,43,0.766436206,0.76744186,,,,,,,,,,,,,,,,,,,,,,,,,,,,,,,,,,,,,,,,,,,,,,,
decision,353121,145.2,76,,,33,,8,,,,,,,,,230520,1,4,TRUE,,,,,,,,,,,,,,,,,,,,,,,,,,,,,,,,,,,,,,,,,,,
travel,362981,,,,,,[],8,,,,,,,,,,,,,,,,,,,,,,,,,,,,,,,,,,,,,,,,,,,,,,,,,,,,,,,
alien_welcome,367991,null,null,,,,,,,,,36,101,104,12,93,98,82,90,20,24,103,46,27,118,97,100,52,95,34,84,106,108,92,18,112,102,41,51,44,23,113,8,55,77,21,10,86,54,96,69,38,14,115,49,39,7,45,40,61,83,2,31
land,368494,null,null,,,102,,9,,,,,,,,,,,,,,,,,,,,,,,,,,,,,,,,,,,,,,,,,,,,,,,,,,,,,,,
dig,370502,,,,,,[],9,,,,,,,,,,,,,,,,,,,,,,,,,,,,,,,,,,,,,,,,,,,,,,,,,,,,,,,
harvest,372006,null,null,,,15,,9,,,,,,102,0.148161281,0.147058824,,,,,,,,,,,,,,,,,,,,,,,,,,,,,,,,,,,,,,,,,,,,,,,
decision,372415,407.1,65,,,15,,9,,,,,,,,,249815,1,0,FALSE,,,,,,,,,,,,,,,,,,,,,,,,,,,,,,,,,,,,,,,,,,,
dig,374015,,,,,,[],9,,,,,,,,,,,,,,,,,,,,,,,,,,,,,,,,,,,,,,,,,,,,,,,,,,,,,,,
harvest,375518,null,null,,,3,,9,,,,,,15,0.211162717,0.2,,,,,,,,,,,,,,,,,,,,,,,,,,,,,,,,,,,,,,,,,,,,,,,
decision,376086,566.1,65,,,3,,9,,,,,,,,,253486,1,1,FALSE,,,,,,,,,,,,,,,,,,,,,,,,,,,,,,,,,,,,,,,,,,,
dig,377534,,,,,,[],9,,,,,,,,,,,,,,,,,,,,,,,,,,,,,,,,,,,,,,,,,,,,,,,,,,,,,,,
harvest,379038,null,null,,,1,,9,,,,,,3,0.257011159,0.333333333,,,,,,,,,,,,,,,,,,,,,,,,,,,,,,,,,,,,,,,,,,,,,,,
decision,379385,345.9,76,,,1,,9,,,,,,,,,256787,1,2,TRUE,,,,,,,,,,,,,,,,,,,,,,,,,,,,,,,,,,,,,,,,,,,
travel,389046,,,,,,[],9,,,,,,,,,,,,,,,,,,,,,,,,,,,,,,,,,,,,,,,,,,,,,,,,,,,,,,,
alien_welcome,394054,null,null,,,,,,,,,11,101,104,12,93,98,82,90,20,24,103,46,27,118,97,100,52,95,34,84,106,108,92,18,112,102,41,51,44,23,113,8,55,77,21,10,86,54,96,69,38,14,115,49,39,7,45,40,61,83,2,31
land,394567,null,null,,,106,,10,,,,,,,,,,,,,,,,,,,,,,,,,,,,,,,,,,,,,,,,,,,,,,,,,,,,,,,
dig,396575,,,,,,[],10,,,,,,,,,,,,,,,,,,,,,,,,,,,,,,,,,,,,,,,,,,,,,,,,,,,,,,,
harvest,398079,null,null,,,18,,10,,,,,,106,0.165416561,0.169811321,,,,,,,,,,,,,,,,,,,,,,,,,,,,,,,,,,,,,,,,,,,,,,,
decision,398171,89.39999999,65,,,18,,10,,,,,,,,,275570,1,0,FALSE,,,,,,,,,,,,,,,,,,,,,,,,,,,,,,,,,,,,,,,,,,,
dig,400101,,,,,,[],10,,,,,,,,,,,,,,,,,,,,,,,,,,,,,,,,,,,,,,,,,,,,,,,,,,,,,,,
harvest,401606,null,null,,,3,,10,,,,,,18,0.191987204,0.166666667,,,,,,,,,,,,,,,,,,,,,,,,,,,,,,,,,,,,,,,,,,,,,,,
decision,402034,426.5,76,,,3,,10,,,,,,,,,279433,1,1,TRUE,,,,,,,,,,,,,,,,,,,,,,,,,,,,,,,,,,,,,,,,,,,
travel,411622,,,,,,[],10,,,,,,,,,,,,,,,,,,,,,,,,,,,,,,,,,,,,,,,,,,,,,,,,,,,,,,,
alien_welcome,416630,null,null,,,,,,,,,73,101,104,12,93,98,82,90,20,24,103,46,27,118,97,100,52,95,34,84,106,108,92,18,112,102,41,51,44,23,113,8,55,77,21,10,86,54,96,69,38,14,115,49,39,7,45,40,61,83,2,31
land,417134,null,null,,,102,,11,,,,,,,,,,,,,,,,,,,,,,,,,,,,,,,,,,,,,,,,,,,,,,,,,,,,,,,
dig,419143,,,,,,[],11,,,,,,,,,,,,,,,,,,,,,,,,,,,,,,,,,,,,,,,,,,,,,,,,,,,,,,,
harvest,420647,null,null,,,16,,11,,,,,,102,0.16093423,0.156862745,,,,,,,,,,,,,,,,,,,,,,,,,,,,,,,,,,,,,,,,,,,,,,,
decision,420877,228.9,65,,,16,,11,,,,,,,,,298276,1,0,FALSE,,,,,,,,,,,,,,,,,,,,,,,,,,,,,,,,,,,,,,,,,,,
dig,422655,,,,,,[],11,,,,,,,,,,,,,,,,,,,,,,,,,,,,,,,,,,,,,,,,,,,,,,,,,,,,,,,
harvest,424158,null,null,,,4,,11,,,,,,16,0.249532838,0.25,,,,,,,,,,,,,,,,,,,,,,,,,,,,,,,,,,,,,,,,,,,,,,,
decision,424350,190.2,76,,,4,,11,,,,,,,,,301749,1,1,TRUE,,,,,,,,,,,,,,,,,,,,,,,,,,,,,,,,,,,,,,,,,,,
travel,434158,,,,,,[],11,,,,,,,,,,,,,,,,,,,,,,,,,,,,,,,,,,,,,,,,,,,,,,,,,,,,,,,
alien_welcome,439166,null,null,,,,,,,,,29,101,104,12,93,98,82,90,20,24,103,46,27,118,97,100,52,95,34,84,106,108,92,18,112,102,41,51,44,23,113,8,55,77,21,10,86,54,96,69,38,14,115,49,39,7,45,40,61,83,2,31
land,439670,null,null,,,103,,12,,,,,,,,,,,,,,,,,,,,,,,,,,,,,,,,,,,,,,,,,,,,,,,,,,,,,,,
dig,441679,,,,,,[],12,,,,,,,,,,,,,,,,,,,,,,,,,,,,,,,,,,,,,,,,,,,,,,,,,,,,,,,
harvest,443183,null,null,,,12,,12,,,,,,103,0.113475401,0.116504854,,,,,,,,,,,,,,,,,,,,,,,,,,,,,,,,,,,,,,,,,,,,,,,
decision,443269,84.19999999,65,,,12,,12,,,,,,,,,320668,1,0,FALSE,,,,,,,,,,,,,,,,,,,,,,,,,,,,,,,,,,,,,,,,,,,
dig,445192,,,,,,[],12,,,,,,,,,,,,,,,,,,,,,,,,,,,,,,,,,,,,,,,,,,,,,,,,,,,,,,,
harvest,446695,null,null,,,2,,12,,,,,,12,0.180907362,0.166666667,,,,,,,,,,,,,,,,,,,,,,,,,,,,,,,,,,,,,,,,,,,,,,,
decision,446891,194,76,,,2,,12,,,,,,,,,324291,1,1,TRUE,,,,,,,,,,,,,,,,,,,,,,,,,,,,,,,,,,,,,,,,,,,
travel,456703,,,,,,[],12,,,,,,,,,,,,,,,,,,,,,,,,,,,,,,,,,,,,,,,,,,,,,,,,,,,,,,,
alien_welcome,461710,null,null,,,,,,,,,65,101,104,12,93,98,82,90,20,24,103,46,27,118,97,100,52,95,34,84,106,108,92,18,112,102,41,51,44,23,113,8,55,77,21,10,86,54,96,69,38,14,115,49,39,7,45,40,61,83,2,31
land,462214,null,null,,,106,,13,,,,,,,,,,,,,,,,,,,,,,,,,,,,,,,,,,,,,,,,,,,,,,,,,,,,,,,
dig,464222,,,,,,[],13,,,,,,,,,,,,,,,,,,,,,,,,,,,,,,,,,,,,,,,,,,,,,,,,,,,,,,,
harvest,465734,null,null,,,14,,13,,,,,,106,0.131909511,0.132075472,,,,,,,,,,,,,,,,,,,,,,,,,,,,,,,,,,,,,,,,,,,,,,,
decision,465968,232.1,65,,,14,,13,,,,,,,,,343367,1,0,FALSE,,,,,,,,,,,,,,,,,,,,,,,,,,,,,,,,,,,,,,,,,,,
dig,467743,,,,,,[],13,,,,,,,,,,,,,,,,,,,,,,,,,,,,,,,,,,,,,,,,,,,,,,,,,,,,,,,
harvest,469246,null,null,,,4,,13,,,,,,14,0.276411244,0.285714286,,,,,,,,,,,,,,,,,,,,,,,,,,,,,,,,,,,,,,,,,,,,,,,
decision,469459,211.8,76,,,4,,13,,,,,,,,,346859,1,1,TRUE,,,,,,,,,,,,,,,,,,,,,,,,,,,,,,,,,,,,,,,,,,,
travel,479255,,,,,,[],13,,,,,,,,,,,,,,,,,,,,,,,,,,,,,,,,,,,,,,,,,,,,,,,,,,,,,,,
alien_welcome,484263,null,null,,,,,,,,,78,101,104,12,93,98,82,90,20,24,103,46,27,118,97,100,52,95,34,84,106,108,92,18,112,102,41,51,44,23,113,8,55,77,21,10,86,54,96,69,38,14,115,49,39,7,45,40,61,83,2,31
land,484767,null,null,,,92,,14,,,,,,,,,,,,,,,,,,,,,,,,,,,,,,,,,,,,,,,,,,,,,,,,,,,,,,,
dig,486774,,,,,,[],14,,,,,,,,,,,,,,,,,,,,,,,,,,,,,,,,,,,,,,,,,,,,,,,,,,,,,,,
harvest,488279,null,null,,,63,,14,,,,,,92,0.689438806,0.684782609,,,,,,,,,,,,,,,,,,,,,,,,,,,,,,,,,,,,,,,,,,,,,,,
decision,488831,551.1,65,,,63,,14,,,,,,,,,366231,1,0,TRUE,,,,,,,,,,,,,,,,,,,,,,,,,,,,,,,,,,,,,,,,,,,
catch,492926,4089.9,90,,,63,,,,,,,,,,,,,,,,,,,,,,,,,,,,,,,,,,,,,,,,,,,,,,,,,,,,,,,,,
end_of_block,497114,4184.8,32,,,,,,,,,,,,,,,,,,,,,,,,,,,,,,,,,,,,,,,,,,,,,,,,,,,,,,,,,,,,
alien_welcome,502175,null,null,,,,,,,,,67,101,104,12,93,98,82,90,20,24,103,46,27,118,97,100,52,95,34,84,106,108,92,18,112,102,41,51,44,23,113,8,55,77,21,10,86,54,96,69,38,14,115,49,39,7,45,40,61,83,2,31
land,502679,null,null,,,94,,15,,,,,,,,,,,,,,,,,,,,,,,,,,,,,,,,,,,,,,,,,,,,,,,,,,,,,,,
dig,504686,,,,,,[],15,,,,,,,,,,,,,,,,,,,,,,,,,,,,,,,,,,,,,,,,,,,,,,,,,,,,,,,
harvest,506191,null,null,,,29,,15,,,,,,94,0.310943169,0.308510638,,,,,,,,,,,,,,,,,,,,,,,,,,,,,,,,,,,,,,,,,,,,,,,
decision,506277,83.8,65,,,29,,15,,,,,,,,,9160,2,0,FALSE,,,,,,,,,,,,,,,,,,,,,,,,,,,,,,,,,,,,,,,,,,,
dig,508198,,,,,,[],15,,,,,,,,,,,,,,,,,,,,,,,,,,,,,,,,,,,,,,,,,,,,,,,,,,,,,,,
harvest,509707,null,null,,,3,,15,,,,,,29,0.086915679,0.103448276,,,,,,,,,,,,,,,,,,,,,,,,,,,,,,,,,,,,,,,,,,,,,,,
decision,509769,59.5,76,,,3,,15,,,,,,,,,12652,2,1,TRUE,,,,,,,,,,,,,,,,,,,,,,,,,,,,,,,,,,,,,,,,,,,
travel,519710,,,,,,[],15,,,,,,,,,,,,,,,,,,,,,,,,,,,,,,,,,,,,,,,,,,,,,,,,,,,,,,,
alien_welcome,524718,null,null,,,,,,,,,17,101,104,12,93,98,82,90,20,24,103,46,27,118,97,100,52,95,34,84,106,108,92,18,112,102,41,51,44,23,113,8,55,77,21,10,86,54,96,69,38,14,115,49,39,7,45,40,61,83,2,31
land,525222,null,null,,,97,,16,,,,,,,,,,,,,,,,,,,,,,,,,,,,,,,,,,,,,,,,,,,,,,,,,,,,,,,
dig,527230,,,,,,[],16,,,,,,,,,,,,,,,,,,,,,,,,,,,,,,,,,,,,,,,,,,,,,,,,,,,,,,,
harvest,528737,null,null,,,34,,16,,,,,,97,0.352202321,0.350515464,,,,,,,,,,,,,,,,,,,,,,,,,,,,,,,,,,,,,,,,,,,,,,,
decision,529046,304.1,65,,,34,,16,,,,,,,,,31929,2,0,FALSE,,,,,,,,,,,,,,,,,,,,,,,,,,,,,,,,,,,,,,,,,,,
dig,530759,,,,,,[],16,,,,,,,,,,,,,,,,,,,,,,,,,,,,,,,,,,,,,,,,,,,,,,,,,,,,,,,
harvest,532263,null,null,,,7,,16,,,,,,34,0.212695619,0.205882353,,,,,,,,,,,,,,,,,,,,,,,,,,,,,,,,,,,,,,,,,,,,,,,
decision,532781,516.7,76,,,7,,16,,,,,,,,,35664,2,1,TRUE,,,,,,,,,,,,,,,,,,,,,,,,,,,,,,,,,,,,,,,,,,,
travel,542270,,,,,,[],16,,,,,,,,,,,,,,,,,,,,,,,,,,,,,,,,,,,,,,,,,,,,,,,,,,,,,,,
alien_welcome,547279,null,null,,,,,,,,,13,101,104,12,93,98,82,90,20,24,103,46,27,118,97,100,52,95,34,84,106,108,92,18,112,102,41,51,44,23,113,8,55,77,21,10,86,54,96,69,38,14,115,49,39,7,45,40,61,83,2,31
land,547782,null,null,,,104,,17,,,,,,,,,,,,,,,,,,,,,,,,,,,,,,,,,,,,,,,,,,,,,,,,,,,,,,,
dig,549790,,,,,,[],17,,,,,,,,,,,,,,,,,,,,,,,,,,,,,,,,,,,,,,,,,,,,,,,,,,,,,,,
harvest,551294,null,null,,,14,,17,,,,,,104,0.134706128,0.134615385,,,,,,,,,,,,,,,,,,,,,,,,,,,,,,,,,,,,,,,,,,,,,,,
decision,551570,273.9,65,,,14,,17,,,,,,,,,54453,2,0,FALSE,,,,,,,,,,,,,,,,,,,,,,,,,,,,,,,,,,,,,,,,,,,
dig,553302,,,,,,[],17,,,,,,,,,,,,,,,,,,,,,,,,,,,,,,,,,,,,,,,,,,,,,,,,,,,,,,,
harvest,554806,null,null,,,3,,17,,,,,,14,0.237029656,0.214285714,,,,,,,,,,,,,,,,,,,,,,,,,,,,,,,,,,,,,,,,,,,,,,,
decision,554921,111.3,76,,,3,,17,,,,,,,,,57804,2,1,TRUE,,,,,,,,,,,,,,,,,,,,,,,,,,,,,,,,,,,,,,,,,,,
travel,564814,,,,,,[],17,,,,,,,,,,,,,,,,,,,,,,,,,,,,,,,,,,,,,,,,,,,,,,,,,,,,,,,
alien_welcome,569823,null,null,,,,,,,,,109,101,104,12,93,98,82,90,20,24,103,46,27,118,97,100,52,95,34,84,106,108,92,18,112,102,41,51,44,23,113,8,55,77,21,10,86,54,96,69,38,14,115,49,39,7,45,40,61,83,2,31
land,570326,null,null,,,96,,18,,,,,,,,,,,,,,,,,,,,,,,,,,,,,,,,,,,,,,,,,,,,,,,,,,,,,,,
dig,572334,,,,,,[],18,,,,,,,,,,,,,,,,,,,,,,,,,,,,,,,,,,,,,,,,,,,,,,,,,,,,,,,
harvest,573839,null,null,,,75,,18,,,,,,96,0.779872793,0.78125,,,,,,,,,,,,,,,,,,,,,,,,,,,,,,,,,,,,,,,,,,,,,,,
decision,574071,231.2,65,,,75,,18,,,,,,,,,76955,2,0,FALSE,,,,,,,,,,,,,,,,,,,,,,,,,,,,,,,,,,,,,,,,,,,
dig,575846,,,,,,[],18,,,,,,,,,,,,,,,,,,,,,,,,,,,,,,,,,,,,,,,,,,,,,,,,,,,,,,,
harvest,577351,null,null,,,65,,18,,,,,,75,0.871003998,0.866666667,,,,,,,,,,,,,,,,,,,,,,,,,,,,,,,,,,,,,,,,,,,,,,,
decision,577401,48.59999999,65,,,65,,18,,,,,,,,,80284,2,1,FALSE,,,,,,,,,,,,,,,,,,,,,,,,,,,,,,,,,,,,,,,,,,,
dig,579359,,,,,,[],18,,,,,,,,,,,,,,,,,,,,,,,,,,,,,,,,,,,,,,,,,,,,,,,,,,,,,,,
harvest,580879,null,null,,,47,,18,,,,,,65,0.730537134,0.723076923,,,,,,,,,,,,,,,,,,,,,,,,,,,,,,,,,,,,,,,,,,,,,,,
decision,581176,295,65,,,47,,18,,,,,,,,,84059,2,2,FALSE,,,,,,,,,,,,,,,,,,,,,,,,,,,,,,,,,,,,,,,,,,,
dig,582903,,,,,,[],18,,,,,,,,,,,,,,,,,,,,,,,,,,,,,,,,,,,,,,,,,,,,,,,,,,,,,,,
harvest,584412,null,null,,,40,,18,,,,,,47,0.849488735,0.85106383,,,,,,,,,,,,,,,,,,,,,,,,,,,,,,,,,,,,,,,,,,,,,,,
decision,584836,420.1,76,,,40,,18,,,,,,,,,87719,2,3,TRUE,,,,,,,,,,,,,,,,,,,,,,,,,,,,,,,,,,,,,,,,,,,
travel,594423,,,,,,[],18,,,,,,,,,,,,,,,,,,,,,,,,,,,,,,,,,,,,,,,,,,,,,,,,,,,,,,,
alien_welcome,599431,null,null,,,,,,,,,48,101,104,12,93,98,82,90,20,24,103,46,27,118,97,100,52,95,34,84,106,108,92,18,112,102,41,51,44,23,113,8,55,77,21,10,86,54,96,69,38,14,115,49,39,7,45,40,61,83,2,31
land,599936,null,null,,,102,,19,,,,,,,,,,,,,,,,,,,,,,,,,,,,,,,,,,,,,,,,,,,,,,,,,,,,,,,
dig,601940,,,,,,[],19,,,,,,,,,,,,,,,,,,,,,,,,,,,,,,,,,,,,,,,,,,,,,,,,,,,,,,,
harvest,603447,null,null,,,78,,19,,,,,,102,0.763542443,0.764705882,,,,,,,,,,,,,,,,,,,,,,,,,,,,,,,,,,,,,,,,,,,,,,,
decision,605454,null,null,,,78,,19,,,,,,,,,108338,2,0,FALSE,,,,,,,,,,,,,,,,,,,,,,,,,,,,,,,,,,,,,,,,,,,
time_out,607467,null,null,,,78,,,,,,,,,,,,,,,,,,,,,,,,,,,,,,,,,,,,,,,,,,,,,,,,,,,,,,,,,
decision,607700,230.6,65,,,78,,19,,,,,,,,,110583,2,0,FALSE,,,,,,,,,,,,,,,,,,,,,,,,,,,,,,,,,,,,,,,,,,,
dig,609478,,,,,,[],19,,,,,,,,,,,,,,,,,,,,,,,,,,,,,,,,,,,,,,,,,,,,,,,,,,,,,,,
harvest,610983,null,null,,,65,,19,,,,,,78,0.837726682,0.833333333,,,,,,,,,,,,,,,,,,,,,,,,,,,,,,,,,,,,,,,,,,,,,,,
decision,611545,558.6,65,,,65,,19,,,,,,,,,114429,2,1,FALSE,,,,,,,,,,,,,,,,,,,,,,,,,,,,,,,,,,,,,,,,,,,
dig,613006,,,,,,[],19,,,,,,,,,,,,,,,,,,,,,,,,,,,,,,,,,,,,,,,,,,,,,,,,,,,,,,,
harvest,614512,null,null,,,52,,19,,,,,,65,0.793559233,0.8,,,,,,,,,,,,,,,,,,,,,,,,,,,,,,,,,,,,,,,,,,,,,,,
decision,614584,68,76,,,52,,19,,,,,,,,,117468,2,2,TRUE,,,,,,,,,,,,,,,,,,,,,,,,,,,,,,,,,,,,,,,,,,,
travel,624527,,,,,,[],19,,,,,,,,,,,,,,,,,,,,,,,,,,,,,,,,,,,,,,,,,,,,,,,,,,,,,,,
alien_welcome,629538,null,null,,,,,,,,,60,101,104,12,93,98,82,90,20,24,103,46,27,118,97,100,52,95,34,84,106,108,92,18,112,102,41,51,44,23,113,8,55,77,21,10,86,54,96,69,38,14,115,49,39,7,45,40,61,83,2,31
land,630047,null,null,,,112,,20,,,,,,,,,,,,,,,,,,,,,,,,,,,,,,,,,,,,,,,,,,,,,,,,,,,,,,,
dig,632055,,,,,,[],20,,,,,,,,,,,,,,,,,,,,,,,,,,,,,,,,,,,,,,,,,,,,,,,,,,,,,,,
harvest,633559,null,null,,,85,,20,,,,,,112,0.7620553,0.758928571,,,,,,,,,,,,,,,,,,,,,,,,,,,,,,,,,,,,,,,,,,,,,,,
decision,633637,76.80000001,65,,,85,,20,,,,,,,,,136520,2,0,FALSE,,,,,,,,,,,,,,,,,,,,,,,,,,,,,,,,,,,,,,,,,,,
dig,635567,,,,,,[],20,,,,,,,,,,,,,,,,,,,,,,,,,,,,,,,,,,,,,,,,,,,,,,,,,,,,,,,
harvest,637071,null,null,,,69,,20,,,,,,85,0.816405977,0.811764706,,,,,,,,,,,,,,,,,,,,,,,,,,,,,,,,,,,,,,,,,,,,,,,
decision,637222,149.5,65,,,69,,20,,,,,,,,,140106,2,1,FALSE,,,,,,,,,,,,,,,,,,,,,,,,,,,,,,,,,,,,,,,,,,,
dig,639078,,,,,,[],20,,,,,,,,,,,,,,,,,,,,,,,,,,,,,,,,,,,,,,,,,,,,,,,,,,,,,,,
harvest,640583,null,null,,,56,,20,,,,,,69,0.806714618,0.811594203,,,,,,,,,,,,,,,,,,,,,,,,,,,,,,,,,,,,,,,,,,,,,,,
decision,640715,130.2,65,,,56,,20,,,,,,,,,143604,2,2,FALSE,,,,,,,,,,,,,,,,,,,,,,,,,,,,,,,,,,,,,,,,,,,
dig,642622,,,,,,[],20,,,,,,,,,,,,,,,,,,,,,,,,,,,,,,,,,,,,,,,,,,,,,,,,,,,,,,,
harvest,644126,null,null,,,50,,20,,,,,,56,0.887820328,0.892857143,,,,,,,,,,,,,,,,,,,,,,,,,,,,,,,,,,,,,,,,,,,,,,,
decision,644143,14.59999999,65,,,50,,20,,,,,,,,,147029,2,3,FALSE,,,,,,,,,,,,,,,,,,,,,,,,,,,,,,,,,,,,,,,,,,,
dig,646148,,,,,,[],20,,,,,,,,,,,,,,,,,,,,,,,,,,,,,,,,,,,,,,,,,,,,,,,,,,,,,,,
harvest,647669,null,null,,,38,,20,,,,,,50,0.756402696,0.76,,,,,,,,,,,,,,,,,,,,,,,,,,,,,,,,,,,,,,,,,,,,,,,
decision,647792,121.2,65,,,38,,20,,,,,,,,,150680,2,4,FALSE,,,,,,,,,,,,,,,,,,,,,,,,,,,,,,,,,,,,,,,,,,,
dig,649686,,,,,,[],20,,,,,,,,,,,,,,,,,,,,,,,,,,,,,,,,,,,,,,,,,,,,,,,,,,,,,,,
harvest,651191,null,null,,,32,,20,,,,,,38,0.845473078,0.842105263,,,,,,,,,,,,,,,,,,,,,,,,,,,,,,,,,,,,,,,,,,,,,,,
decision,651394,201.9,76,,,32,,20,,,,,,,,,154278,2,5,TRUE,,,,,,,,,,,,,,,,,,,,,,,,,,,,,,,,,,,,,,,,,,,
travel,661199,,,,,,[],20,,,,,,,,,,,,,,,,,,,,,,,,,,,,,,,,,,,,,,,,,,,,,,,,,,,,,,,
alien_welcome,666207,null,null,,,,,,,,,15,101,104,12,93,98,82,90,20,24,103,46,27,118,97,100,52,95,34,84,106,108,92,18,112,102,41,51,44,23,113,8,55,77,21,10,86,54,96,69,38,14,115,49,39,7,45,40,61,83,2,31
land,666711,null,null,,,104,,21,,,,,,,,,,,,,,,,,,,,,,,,,,,,,,,,,,,,,,,,,,,,,,,,,,,,,,,
dig,668719,,,,,,[],21,,,,,,,,,,,,,,,,,,,,,,,,,,,,,,,,,,,,,,,,,,,,,,,,,,,,,,,
harvest,670222,null,null,,,88,,21,,,,,,104,0.845390175,0.846153846,,,,,,,,,,,,,,,,,,,,,,,,,,,,,,,,,,,,,,,,,,,,,,,
decision,670283,58.5,65,,,88,,21,,,,,,,,,173166,2,0,FALSE,,,,,,,,,,,,,,,,,,,,,,,,,,,,,,,,,,,,,,,,,,,
dig,672239,,,,,,[],21,,,,,,,,,,,,,,,,,,,,,,,,,,,,,,,,,,,,,,,,,,,,,,,,,,,,,,,
harvest,673768,null,null,,,71,,21,,,,,,88,0.809736978,0.806818182,,,,,,,,,,,,,,,,,,,,,,,,,,,,,,,,,,,,,,,,,,,,,,,
decision,673794,23.09999999,65,,,71,,21,,,,,,,,,176677,2,1,FALSE,,,,,,,,,,,,,,,,,,,,,,,,,,,,,,,,,,,,,,,,,,,
dig,675790,,,,,,[],21,,,,,,,,,,,,,,,,,,,,,,,,,,,,,,,,,,,,,,,,,,,,,,,,,,,,,,,
harvest,677311,null,null,,,59,,21,,,,,,71,0.825118421,0.830985915,,,,,,,,,,,,,,,,,,,,,,,,,,,,,,,,,,,,,,,,,,,,,,,
decision,677454,141.3,65,,,59,,21,,,,,,,,,180337,2,2,FALSE,,,,,,,,,,,,,,,,,,,,,,,,,,,,,,,,,,,,,,,,,,,
dig,679318,,,,,,[],21,,,,,,,,,,,,,,,,,,,,,,,,,,,,,,,,,,,,,,,,,,,,,,,,,,,,,,,
harvest,680823,null,null,,,51,,21,,,,,,59,0.856755864,0.86440678,,,,,,,,,,,,,,,,,,,,,,,,,,,,,,,,,,,,,,,,,,,,,,,
decision,680932,107.3,65,,,51,,21,,,,,,,,,183816,2,3,FALSE,,,,,,,,,,,,,,,,,,,,,,,,,,,,,,,,,,,,,,,,,,,
dig,682831,,,,,,[],21,,,,,,,,,,,,,,,,,,,,,,,,,,,,,,,,,,,,,,,,,,,,,,,,,,,,,,,
harvest,684335,null,null,,,36,,21,,,,,,51,0.707612318,0.705882353,,,,,,,,,,,,,,,,,,,,,,,,,,,,,,,,,,,,,,,,,,,,,,,
decision,684508,170.9,76,,,36,,21,,,,,,,,,187391,2,4,TRUE,,,,,,,,,,,,,,,,,,,,,,,,,,,,,,,,,,,,,,,,,,,
travel,694343,,,,,,[],21,,,,,,,,,,,,,,,,,,,,,,,,,,,,,,,,,,,,,,,,,,,,,,,,,,,,,,,
alien_welcome,699352,null,null,,,,,,,,,16,101,104,12,93,98,82,90,20,24,103,46,27,118,97,100,52,95,34,84,106,108,92,18,112,102,41,51,44,23,113,8,55,77,21,10,86,54,96,69,38,14,115,49,39,7,45,40,61,83,2,31
land,699855,null,null,,,99,,22,,,,,,,,,,,,,,,,,,,,,,,,,,,,,,,,,,,,,,,,,,,,,,,,,,,,,,,
dig,701870,,,,,,[],22,,,,,,,,,,,,,,,,,,,,,,,,,,,,,,,,,,,,,,,,,,,,,,,,,,,,,,,
harvest,703378,null,null,,,89,,22,,,,,,99,0.899901071,0.898989899,,,,,,,,,,,,,,,,,,,,,,,,,,,,,,,,,,,,,,,,,,,,,,,
decision,703650,269.5,65,,,89,,22,,,,,,,,,206534,2,0,FALSE,,,,,,,,,,,,,,,,,,,,,,,,,,,,,,,,,,,,,,,,,,,
dig,705403,,,,,,[],22,,,,,,,,,,,,,,,,,,,,,,,,,,,,,,,,,,,,,,,,,,,,,,,,,,,,,,,
harvest,706910,null,null,,,67,,22,,,,,,89,0.752048743,0.752808989,,,,,,,,,,,,,,,,,,,,,,,,,,,,,,,,,,,,,,,,,,,,,,,
decision,706981,68.89999999,65,,,67,,22,,,,,,,,,209864,2,1,FALSE,,,,,,,,,,,,,,,,,,,,,,,,,,,,,,,,,,,,,,,,,,,
dig,708934,,,,,,[],22,,,,,,,,,,,,,,,,,,,,,,,,,,,,,,,,,,,,,,,,,,,,,,,,,,,,,,,
harvest,710442,null,null,,,54,,22,,,,,,67,0.80295329,0.805970149,,,,,,,,,,,,,,,,,,,,,,,,,,,,,,,,,,,,,,,,,,,,,,,
decision,710511,66.5,65,,,54,,22,,,,,,,,,213394,2,2,FALSE,,,,,,,,,,,,,,,,,,,,,,,,,,,,,,,,,,,,,,,,,,,
dig,712454,,,,,,[],22,,,,,,,,,,,,,,,,,,,,,,,,,,,,,,,,,,,,,,,,,,,,,,,,,,,,,,,
harvest,713958,null,null,,,44,,22,,,,,,54,0.808534806,0.814814815,,,,,,,,,,,,,,,,,,,,,,,,,,,,,,,,,,,,,,,,,,,,,,,
decision,713990,29.8,65,,,44,,22,,,,,,,,,216873,2,3,FALSE,,,,,,,,,,,,,,,,,,,,,,,,,,,,,,,,,,,,,,,,,,,
dig,715966,,,,,,[],22,,,,,,,,,,,,,,,,,,,,,,,,,,,,,,,,,,,,,,,,,,,,,,,,,,,,,,,
harvest,717471,null,null,,,35,,22,,,,,,44,0.798411597,0.795454545,,,,,,,,,,,,,,,,,,,,,,,,,,,,,,,,,,,,,,,,,,,,,,,
decision,717519,47,76,,,35,,22,,,,,,,,,220403,2,4,TRUE,,,,,,,,,,,,,,,,,,,,,,,,,,,,,,,,,,,,,,,,,,,
travel,727472,,,,,,[],22,,,,,,,,,,,,,,,,,,,,,,,,,,,,,,,,,,,,,,,,,,,,,,,,,,,,,,,
alien_welcome,732478,null,null,,,,,,,,,32,101,104,12,93,98,82,90,20,24,103,46,27,118,97,100,52,95,34,84,106,108,92,18,112,102,41,51,44,23,113,8,55,77,21,10,86,54,96,69,38,14,115,49,39,7,45,40,61,83,2,31
land,732982,null,null,,,97,,23,,,,,,,,,,,,,,,,,,,,,,,,,,,,,,,,,,,,,,,,,,,,,,,,,,,,,,,
dig,734990,,,,,,[],23,,,,,,,,,,,,,,,,,,,,,,,,,,,,,,,,,,,,,,,,,,,,,,,,,,,,,,,
harvest,736494,null,null,,,47,,23,,,,,,97,0.483235374,0.484536082,,,,,,,,,,,,,,,,,,,,,,,,,,,,,,,,,,,,,,,,,,,,,,,
decision,736759,261.2,65,,,47,,23,,,,,,,,,239642,2,0,FALSE,,,,,,,,,,,,,,,,,,,,,,,,,,,,,,,,,,,,,,,,,,,
dig,738510,,,,,,[],23,,,,,,,,,,,,,,,,,,,,,,,,,,,,,,,,,,,,,,,,,,,,,,,,,,,,,,,
harvest,740019,null,null,,,26,,23,,,,,,47,0.543090119,0.553191489,,,,,,,,,,,,,,,,,,,,,,,,,,,,,,,,,,,,,,,,,,,,,,,
decision,740191,170.2,76,,,26,,23,,,,,,,,,243074,2,1,TRUE,,,,,,,,,,,,,,,,,,,,,,,,,,,,,,,,,,,,,,,,,,,
travel,750039,,,,,,[],23,,,,,,,,,,,,,,,,,,,,,,,,,,,,,,,,,,,,,,,,,,,,,,,,,,,,,,,
alien_welcome,755046,null,null,,,,,,,,,33,101,104,12,93,98,82,90,20,24,103,46,27,118,97,100,52,95,34,84,106,108,92,18,112,102,41,51,44,23,113,8,55,77,21,10,86,54,96,69,38,14,115,49,39,7,45,40,61,83,2,31
land,755551,null,null,,,104,,24,,,,,,,,,,,,,,,,,,,,,,,,,,,,,,,,,,,,,,,,,,,,,,,,,,,,,,,
dig,757558,,,,,,[],24,,,,,,,,,,,,,,,,,,,,,,,,,,,,,,,,,,,,,,,,,,,,,,,,,,,,,,,
harvest,759063,null,null,,,77,,24,,,,,,104,0.73633197,0.740384615,,,,,,,,,,,,,,,,,,,,,,,,,,,,,,,,,,,,,,,,,,,,,,,
decision,759129,63.40000001,65,,,77,,24,,,,,,,,,262012,2,0,FALSE,,,,,,,,,,,,,,,,,,,,,,,,,,,,,,,,,,,,,,,,,,,
dig,761078,,,,,,[],24,,,,,,,,,,,,,,,,,,,,,,,,,,,,,,,,,,,,,,,,,,,,,,,,,,,,,,,
harvest,762582,null,null,,,66,,24,,,,,,77,0.85892252,0.857142857,,,,,,,,,,,,,,,,,,,,,,,,,,,,,,,,,,,,,,,,,,,,,,,
decision,762801,216.9,65,,,66,,24,,,,,,,,,265685,2,1,FALSE,,,,,,,,,,,,,,,,,,,,,,,,,,,,,,,,,,,,,,,,,,,
dig,764598,,,,,,[],24,,,,,,,,,,,,,,,,,,,,,,,,,,,,,,,,,,,,,,,,,,,,,,,,,,,,,,,
harvest,766109,null,null,,,53,,24,,,,,,66,0.808099578,0.803030303,,,,,,,,,,,,,,,,,,,,,,,,,,,,,,,,,,,,,,,,,,,,,,,
decision,766192,79.89999999,65,,,53,,24,,,,,,,,,269075,2,2,FALSE,,,,,,,,,,,,,,,,,,,,,,,,,,,,,,,,,,,,,,,,,,,
dig,768118,,,,,,[],24,,,,,,,,,,,,,,,,,,,,,,,,,,,,,,,,,,,,,,,,,,,,,,,,,,,,,,,
harvest,769628,null,null,,,39,,24,,,,,,53,0.742836377,0.735849057,,,,,,,,,,,,,,,,,,,,,,,,,,,,,,,,,,,,,,,,,,,,,,,
decision,769769,138.3,65,,,39,,24,,,,,,,,,272652,2,3,FALSE,,,,,,,,,,,,,,,,,,,,,,,,,,,,,,,,,,,,,,,,,,,
dig,771647,,,,,,[],24,,,,,,,,,,,,,,,,,,,,,,,,,,,,,,,,,,,,,,,,,,,,,,,,,,,,,,,
harvest,773155,null,null,,,33,,24,,,,,,39,0.842791144,0.846153846,,,,,,,,,,,,,,,,,,,,,,,,,,,,,,,,,,,,,,,,,,,,,,,
decision,773340,182.2,76,,,33,,24,,,,,,,,,276223,2,4,TRUE,,,,,,,,,,,,,,,,,,,,,,,,,,,,,,,,,,,,,,,,,,,
travel,783175,,,,,,[],24,,,,,,,,,,,,,,,,,,,,,,,,,,,,,,,,,,,,,,,,,,,,,,,,,,,,,,,
alien_welcome,788183,null,null,,,,,,,,,9,101,104,12,93,98,82,90,20,24,103,46,27,118,97,100,52,95,34,84,106,108,92,18,112,102,41,51,44,23,113,8,55,77,21,10,86,54,96,69,38,14,115,49,39,7,45,40,61,83,2,31
land,788686,null,null,,,98,,25,,,,,,,,,,,,,,,,,,,,,,,,,,,,,,,,,,,,,,,,,,,,,,,,,,,,,,,
dig,790694,,,,,,[],25,,,,,,,,,,,,,,,,,,,,,,,,,,,,,,,,,,,,,,,,,,,,,,,,,,,,,,,
harvest,792199,null,null,,,82,,25,,,,,,98,0.836977955,0.836734694,,,,,,,,,,,,,,,,,,,,,,,,,,,,,,,,,,,,,,,,,,,,,,,
decision,792327,127,65,,,82,,25,,,,,,,,,295217,2,0,FALSE,,,,,,,,,,,,,,,,,,,,,,,,,,,,,,,,,,,,,,,,,,,
dig,794222,,,,,,[],25,,,,,,,,,,,,,,,,,,,,,,,,,,,,,,,,,,,,,,,,,,,,,,,,,,,,,,,
harvest,795726,null,null,,,66,,25,,,,,,82,0.804215953,0.804878049,,,,,,,,,,,,,,,,,,,,,,,,,,,,,,,,,,,,,,,,,,,,,,,
decision,795795,60.09999999,65,,,66,,25,,,,,,,,,298678,2,1,FALSE,,,,,,,,,,,,,,,,,,,,,,,,,,,,,,,,,,,,,,,,,,,
dig,797758,,,,,,[],25,,,,,,,,,,,,,,,,,,,,,,,,,,,,,,,,,,,,,,,,,,,,,,,,,,,,,,,
harvest,799276,null,null,,,57,,25,,,,,,66,0.856157128,0.863636364,,,,,,,,,,,,,,,,,,,,,,,,,,,,,,,,,,,,,,,,,,,,,,,
decision,799450,172.2,65,,,57,,25,,,,,,,,,302334,2,2,FALSE,,,,,,,,,,,,,,,,,,,,,,,,,,,,,,,,,,,,,,,,,,,
dig,801286,,,,,,[],25,,,,,,,,,,,,,,,,,,,,,,,,,,,,,,,,,,,,,,,,,,,,,,,,,,,,,,,
harvest,802791,null,null,,,50,,25,,,,,,57,0.874856985,0.877192982,,,,,,,,,,,,,,,,,,,,,,,,,,,,,,,,,,,,,,,,,,,,,,,
decision,803047,254.6,65,,,50,,25,,,,,,,,,305931,2,3,FALSE,,,,,,,,,,,,,,,,,,,,,,,,,,,,,,,,,,,,,,,,,,,
dig,804823,,,,,,[],25,,,,,,,,,,,,,,,,,,,,,,,,,,,,,,,,,,,,,,,,,,,,,,,,,,,,,,,
harvest,806327,null,null,,,40,,25,,,,,,50,0.805546514,0.8,,,,,,,,,,,,,,,,,,,,,,,,,,,,,,,,,,,,,,,,,,,,,,,
decision,806542,213,65,,,40,,25,,,,,,,,,309425,2,4,FALSE,,,,,,,,,,,,,,,,,,,,,,,,,,,,,,,,,,,,,,,,,,,
dig,808335,,,,,,[],25,,,,,,,,,,,,,,,,,,,,,,,,,,,,,,,,,,,,,,,,,,,,,,,,,,,,,,,
harvest,809838,null,null,,,33,,25,,,,,,40,0.815435968,0.825,,,,,,,,,,,,,,,,,,,,,,,,,,,,,,,,,,,,,,,,,,,,,,,
decision,809955,114.9,76,,,33,,25,,,,,,,,,312838,2,5,TRUE,,,,,,,,,,,,,,,,,,,,,,,,,,,,,,,,,,,,,,,,,,,
travel,819847,,,,,,[],25,,,,,,,,,,,,,,,,,,,,,,,,,,,,,,,,,,,,,,,,,,,,,,,,,,,,,,,
alien_welcome,824858,null,null,,,,,,,,,1,101,104,12,93,98,82,90,20,24,103,46,27,118,97,100,52,95,34,84,106,108,92,18,112,102,41,51,44,23,113,8,55,77,21,10,86,54,96,69,38,14,115,49,39,7,45,40,61,83,2,31
land,825368,null,null,,,97,,26,,,,,,,,,,,,,,,,,,,,,,,,,,,,,,,,,,,,,,,,,,,,,,,,,,,,,,,
dig,827379,,,,,,[],26,,,,,,,,,,,,,,,,,,,,,,,,,,,,,,,,,,,,,,,,,,,,,,,,,,,,,,,
harvest,828887,null,null,,,21,,26,,,,,,97,0.214382683,0.216494845,,,,,,,,,,,,,,,,,,,,,,,,,,,,,,,,,,,,,,,,,,,,,,,
decision,828954,65.10000001,65,,,21,,26,,,,,,,,,331838,2,0,FALSE,,,,,,,,,,,,,,,,,,,,,,,,,,,,,,,,,,,,,,,,,,,
dig,830905,,,,,,[],26,,,,,,,,,,,,,,,,,,,,,,,,,,,,,,,,,,,,,,,,,,,,,,,,,,,,,,,
harvest,832415,null,null,,,3,,26,,,,,,21,0.146116735,0.142857143,,,,,,,,,,,,,,,,,,,,,,,,,,,,,,,,,,,,,,,,,,,,,,,
decision,832521,104.6,76,,,3,,26,,,,,,,,,335405,2,1,TRUE,,,,,,,,,,,,,,,,,,,,,,,,,,,,,,,,,,,,,,,,,,,
travel,842423,,,,,,[],26,,,,,,,,,,,,,,,,,,,,,,,,,,,,,,,,,,,,,,,,,,,,,,,,,,,,,,,
alien_welcome,847431,null,null,,,,,,,,,28,101,104,12,93,98,82,90,20,24,103,46,27,118,97,100,52,95,34,84,106,108,92,18,112,102,41,51,44,23,113,8,55,77,21,10,86,54,96,69,38,14,115,49,39,7,45,40,61,83,2,31
land,847945,null,null,,,102,,27,,,,,,,,,,,,,,,,,,,,,,,,,,,,,,,,,,,,,,,,,,,,,,,,,,,,,,,
dig,849951,,,,,,[],27,,,,,,,,,,,,,,,,,,,,,,,,,,,,,,,,,,,,,,,,,,,,,,,,,,,,,,,
harvest,851454,null,null,,,24,,27,,,,,,102,0.234885042,0.235294118,,,,,,,,,,,,,,,,,,,,,,,,,,,,,,,,,,,,,,,,,,,,,,,
decision,851563,106.4,65,,,24,,27,,,,,,,,,354447,2,0,FALSE,,,,,,,,,,,,,,,,,,,,,,,,,,,,,,,,,,,,,,,,,,,
dig,853486,,,,,,[],27,,,,,,,,,,,,,,,,,,,,,,,,,,,,,,,,,,,,,,,,,,,,,,,,,,,,,,,
harvest,854992,null,null,,,4,,27,,,,,,24,0.167588527,0.166666667,,,,,,,,,,,,,,,,,,,,,,,,,,,,,,,,,,,,,,,,,,,,,,,
decision,855175,179.6,65,,,4,,27,,,,,,,,,358059,2,1,FALSE,,,,,,,,,,,,,,,,,,,,,,,,,,,,,,,,,,,,,,,,,,,
dig,857009,,,,,,[],27,,,,,,,,,,,,,,,,,,,,,,,,,,,,,,,,,,,,,,,,,,,,,,,,,,,,,,,
harvest,858519,null,null,,,1,,27,,,,,,4,0.198393402,0.25,,,,,,,,,,,,,,,,,,,,,,,,,,,,,,,,,,,,,,,,,,,,,,,
decision,858594,72.30000001,76,,,1,,27,,,,,,,,,361478,2,2,TRUE,,,,,,,,,,,,,,,,,,,,,,,,,,,,,,,,,,,,,,,,,,,
end_of_block,860659,2057,32,,,,,,,,,,,,,,,,,,,,,,,,,,,,,,,,,,,,,,,,,,,,,,,,,,,,,,,,,,,,
alien_welcome,865735,null,null,,,,,,,,,4,101,104,12,93,98,82,90,20,24,103,46,27,118,97,100,52,95,34,84,106,108,92,18,112,102,41,51,44,23,113,8,55,77,21,10,86,54,96,69,38,14,115,49,39,7,45,40,61,83,2,31
land,866239,null,null,,,101,,28,,,,,,,,,,,,,,,,,,,,,,,,,,,,,,,,,,,,,,,,,,,,,,,,,,,,,,,
dig,868247,,,,,,[],28,,,,,,,,,,,,,,,,,,,,,,,,,,,,,,,,,,,,,,,,,,,,,,,,,,,,,,,
harvest,869751,null,null,,,43,,28,,,,,,101,0.426235197,0.425742574,,,,,,,,,,,,,,,,,,,,,,,,,,,,,,,,,,,,,,,,,,,,,,,
decision,869793,40.2,65,,,43,,28,,,,,,,,,9127,3,0,FALSE,,,,,,,,,,,,,,,,,,,,,,,,,,,,,,,,,,,,,,,,,,,
dig,871767,,,,,,[],28,,,,,,,,,,,,,,,,,,,,,,,,,,,,,,,,,,,,,,,,,,,,,,,,,,,,,,,
harvest,873273,null,null,,,21,,28,,,,,,43,0.496472065,0.488372093,,,,,,,,,,,,,,,,,,,,,,,,,,,,,,,,,,,,,,,,,,,,,,,
decision,873420,144.5,76,,,21,,28,,,,,,,,,12754,3,1,TRUE,,,,,,,,,,,,,,,,,,,,,,,,,,,,,,,,,,,,,,,,,,,
travel,883289,,,,,,[],28,,,,,,,,,,,,,,,,,,,,,,,,,,,,,,,,,,,,,,,,,,,,,,,,,,,,,,,
alien_welcome,888294,null,null,,,,,,,,,63,101,104,12,93,98,82,90,20,24,103,46,27,118,97,100,52,95,34,84,106,108,92,18,112,102,41,51,44,23,113,8,55,77,21,10,86,54,96,69,38,14,115,49,39,7,45,40,61,83,2,31
land,888806,null,null,,,92,,29,,,,,,,,,,,,,,,,,,,,,,,,,,,,,,,,,,,,,,,,,,,,,,,,,,,,,,,
dig,890815,,,,,,[],29,,,,,,,,,,,,,,,,,,,,,,,,,,,,,,,,,,,,,,,,,,,,,,,,,,,,,,,
harvest,892319,null,null,,,79,,29,,,,,,92,0.8599523,0.858695652,,,,,,,,,,,,,,,,,,,,,,,,,,,,,,,,,,,,,,,,,,,,,,,
decision,892523,197.3,65,,,79,,29,,,,,,,,,31857,3,0,FALSE,,,,,,,,,,,,,,,,,,,,,,,,,,,,,,,,,,,,,,,,,,,
dig,894343,,,,,,[],29,,,,,,,,,,,,,,,,,,,,,,,,,,,,,,,,,,,,,,,,,,,,,,,,,,,,,,,
harvest,895847,null,null,,,70,,29,,,,,,79,0.882743428,0.886075949,,,,,,,,,,,,,,,,,,,,,,,,,,,,,,,,,,,,,,,,,,,,,,,
decision,895851,2.599999994,65,,,70,,29,,,,,,,,,35186,3,1,FALSE,,,,,,,,,,,,,,,,,,,,,,,,,,,,,,,,,,,,,,,,,,,
dig,897864,,,,,,[],29,,,,,,,,,,,,,,,,,,,,,,,,,,,,,,,,,,,,,,,,,,,,,,,,,,,,,,,
harvest,899375,null,null,,,55,,29,,,,,,70,0.784005847,0.785714286,,,,,,,,,,,,,,,,,,,,,,,,,,,,,,,,,,,,,,,,,,,,,,,
decision,899599,222.8,65,,,55,,29,,,,,,,,,38934,3,2,FALSE,,,,,,,,,,,,,,,,,,,,,,,,,,,,,,,,,,,,,,,,,,,
dig,901383,,,,,,[],29,,,,,,,,,,,,,,,,,,,,,,,,,,,,,,,,,,,,,,,,,,,,,,,,,,,,,,,
harvest,902886,null,null,,,49,,29,,,,,,55,0.893460061,0.890909091,,,,,,,,,,,,,,,,,,,,,,,,,,,,,,,,,,,,,,,,,,,,,,,
decision,903159,270.8,65,,,49,,29,,,,,,,,,42493,3,3,FALSE,,,,,,,,,,,,,,,,,,,,,,,,,,,,,,,,,,,,,,,,,,,
dig,904903,,,,,,[],29,,,,,,,,,,,,,,,,,,,,,,,,,,,,,,,,,,,,,,,,,,,,,,,,,,,,,,,
harvest,906418,null,null,,,39,,29,,,,,,49,0.802477619,0.795918367,,,,,,,,,,,,,,,,,,,,,,,,,,,,,,,,,,,,,,,,,,,,,,,
decision,906496,76.5,65,,,39,,29,,,,,,,,,45831,3,4,FALSE,,,,,,,,,,,,,,,,,,,,,,,,,,,,,,,,,,,,,,,,,,,
dig,908431,,,,,,[],29,,,,,,,,,,,,,,,,,,,,,,,,,,,,,,,,,,,,,,,,,,,,,,,,,,,,,,,
harvest,909940,null,null,,,33,,29,,,,,,39,0.838755605,0.846153846,,,,,,,,,,,,,,,,,,,,,,,,,,,,,,,,,,,,,,,,,,,,,,,
decision,909977,24,65,,,33,,29,,,,,,,,,49311,3,5,FALSE,,,,,,,,,,,,,,,,,,,,,,,,,,,,,,,,,,,,,,,,,,,
dig,911967,,,,,,[],29,,,,,,,,,,,,,,,,,,,,,,,,,,,,,,,,,,,,,,,,,,,,,,,,,,,,,,,
harvest,913471,null,null,,,27,,29,,,,,,33,0.826808682,0.818181818,,,,,,,,,,,,,,,,,,,,,,,,,,,,,,,,,,,,,,,,,,,,,,,
decision,913525,52.80000001,76,,,27,,29,,,,,,,,,52859,3,6,TRUE,,,,,,,,,,,,,,,,,,,,,,,,,,,,,,,,,,,,,,,,,,,
travel,923487,,,,,,[],29,,,,,,,,,,,,,,,,,,,,,,,,,,,,,,,,,,,,,,,,,,,,,,,,,,,,,,,
alien_welcome,928495,null,null,,,,,,,,,57,101,104,12,93,98,82,90,20,24,103,46,27,118,97,100,52,95,34,84,106,108,92,18,112,102,41,51,44,23,113,8,55,77,21,10,86,54,96,69,38,14,115,49,39,7,45,40,61,83,2,31
land,928998,null,null,,,99,,30,,,,,,,,,,,,,,,,,,,,,,,,,,,,,,,,,,,,,,,,,,,,,,,,,,,,,,,
dig,931007,,,,,,[],30,,,,,,,,,,,,,,,,,,,,,,,,,,,,,,,,,,,,,,,,,,,,,,,,,,,,,,,
harvest,932511,null,null,,,47,,30,,,,,,99,0.473287143,0.474747475,,,,,,,,,,,,,,,,,,,,,,,,,,,,,,,,,,,,,,,,,,,,,,,
decision,932662,148.8,65,,,47,,30,,,,,,,,,71996,3,0,FALSE,,,,,,,,,,,,,,,,,,,,,,,,,,,,,,,,,,,,,,,,,,,
dig,934522,,,,,,[],30,,,,,,,,,,,,,,,,,,,,,,,,,,,,,,,,,,,,,,,,,,,,,,,,,,,,,,,
harvest,936031,null,null,,,20,,30,,,,,,47,0.420586289,0.425531915,,,,,,,,,,,,,,,,,,,,,,,,,,,,,,,,,,,,,,,,,,,,,,,
decision,936267,233.9,76,,,20,,30,,,,,,,,,75602,3,1,TRUE,,,,,,,,,,,,,,,,,,,,,,,,,,,,,,,,,,,,,,,,,,,
travel,946046,,,,,,[],30,,,,,,,,,,,,,,,,,,,,,,,,,,,,,,,,,,,,,,,,,,,,,,,,,,,,,,,
alien_welcome,951055,null,null,,,,,,,,,70,101,104,12,93,98,82,90,20,24,103,46,27,118,97,100,52,95,34,84,106,108,92,18,112,102,41,51,44,23,113,8,55,77,21,10,86,54,96,69,38,14,115,49,39,7,45,40,61,83,2,31
land,951559,null,null,,,95,,31,,,,,,,,,,,,,,,,,,,,,,,,,,,,,,,,,,,,,,,,,,,,,,,,,,,,,,,
dig,953567,,,,,,[],31,,,,,,,,,,,,,,,,,,,,,,,,,,,,,,,,,,,,,,,,,,,,,,,,,,,,,,,
harvest,955079,null,null,,,42,,31,,,,,,95,0.439858051,0.442105263,,,,,,,,,,,,,,,,,,,,,,,,,,,,,,,,,,,,,,,,,,,,,,,
decision,955105,24.69999999,65,,,42,,31,,,,,,,,,94440,3,0,FALSE,,,,,,,,,,,,,,,,,,,,,,,,,,,,,,,,,,,,,,,,,,,
dig,957094,,,,,,[],31,,,,,,,,,,,,,,,,,,,,,,,,,,,,,,,,,,,,,,,,,,,,,,,,,,,,,,,
harvest,958600,null,null,,,21,,31,,,,,,42,0.501146019,0.5,,,,,,,,,,,,,,,,,,,,,,,,,,,,,,,,,,,,,,,,,,,,,,,
decision,958713,111.2,76,,,21,,31,,,,,,,,,98048,3,1,TRUE,,,,,,,,,,,,,,,,,,,,,,,,,,,,,,,,,,,,,,,,,,,
travel,968606,,,,,,[],31,,,,,,,,,,,,,,,,,,,,,,,,,,,,,,,,,,,,,,,,,,,,,,,,,,,,,,,
alien_welcome,973614,null,null,,,,,,,,,66,101,104,12,93,98,82,90,20,24,103,46,27,118,97,100,52,95,34,84,106,108,92,18,112,102,41,51,44,23,113,8,55,77,21,10,86,54,96,69,38,14,115,49,39,7,45,40,61,83,2,31
land,974118,null,null,,,101,,32,,,,,,,,,,,,,,,,,,,,,,,,,,,,,,,,,,,,,,,,,,,,,,,,,,,,,,,
dig,976128,,,,,,[],32,,,,,,,,,,,,,,,,,,,,,,,,,,,,,,,,,,,,,,,,,,,,,,,,,,,,,,,
harvest,977631,null,null,,,50,,32,,,,,,101,0.497772734,0.495049505,,,,,,,,,,,,,,,,,,,,,,,,,,,,,,,,,,,,,,,,,,,,,,,
decision,977786,153.3,65,,,50,,32,,,,,,,,,117120,3,0,FALSE,,,,,,,,,,,,,,,,,,,,,,,,,,,,,,,,,,,,,,,,,,,
dig,979662,,,,,,[],32,,,,,,,,,,,,,,,,,,,,,,,,,,,,,,,,,,,,,,,,,,,,,,,,,,,,,,,
harvest,981167,null,null,,,23,,32,,,,,,50,0.461655729,0.46,,,,,,,,,,,,,,,,,,,,,,,,,,,,,,,,,,,,,,,,,,,,,,,
decision,981458,289.4,76,,,23,,32,,,,,,,,,120793,3,1,TRUE,,,,,,,,,,,,,,,,,,,,,,,,,,,,,,,,,,,,,,,,,,,
travel,991175,,,,,,[],32,,,,,,,,,,,,,,,,,,,,,,,,,,,,,,,,,,,,,,,,,,,,,,,,,,,,,,,
alien_welcome,996183,null,null,,,,,,,,,47,101,104,12,93,98,82,90,20,24,103,46,27,118,97,100,52,95,34,84,106,108,92,18,112,102,41,51,44,23,113,8,55,77,21,10,86,54,96,69,38,14,115,49,39,7,45,40,61,83,2,31
land,996686,null,null,,,98,,33,,,,,,,,,,,,,,,,,,,,,,,,,,,,,,,,,,,,,,,,,,,,,,,,,,,,,,,
dig,998695,,,,,,[],33,,,,,,,,,,,,,,,,,,,,,,,,,,,,,,,,,,,,,,,,,,,,,,,,,,,,,,,
harvest,1000198,null,null,,,47,,33,,,,,,98,0.476050322,0.479591837,,,,,,,,,,,,,,,,,,,,,,,,,,,,,,,,,,,,,,,,,,,,,,,
decision,1000216,15.3,65,,,47,,33,,,,,,,,,139551,3,0,FALSE,,,,,,,,,,,,,,,,,,,,,,,,,,,,,,,,,,,,,,,,,,,
dig,1002255,,,,,,[],33,,,,,,,,,,,,,,,,,,,,,,,,,,,,,,,,,,,,,,,,,,,,,,,,,,,,,,,
harvest,1003762,null,null,,,22,,33,,,,,,47,0.477597248,0.468085106,,,,,,,,,,,,,,,,,,,,,,,,,,,,,,,,,,,,,,,,,,,,,,,
decision,1003944,180,76,,,22,,33,,,,,,,,,143278,3,1,TRUE,,,,,,,,,,,,,,,,,,,,,,,,,,,,,,,,,,,,,,,,,,,
travel,1013782,,,,,,[],33,,,,,,,,,,,,,,,,,,,,,,,,,,,,,,,,,,,,,,,,,,,,,,,,,,,,,,,
alien_welcome,1018792,null,null,,,,,,,,,56,101,104,12,93,98,82,90,20,24,103,46,27,118,97,100,52,95,34,84,106,108,92,18,112,102,41,51,44,23,113,8,55,77,21,10,86,54,96,69,38,14,115,49,39,7,45,40,61,83,2,31
land,1019303,null,null,,,98,,34,,,,,,,,,,,,,,,,,,,,,,,,,,,,,,,,,,,,,,,,,,,,,,,,,,,,,,,
dig,1021311,,,,,,[],34,,,,,,,,,,,,,,,,,,,,,,,,,,,,,,,,,,,,,,,,,,,,,,,,,,,,,,,
harvest,1022823,null,null,,,79,,34,,,,,,98,0.808744289,0.806122449,,,,,,,,,,,,,,,,,,,,,,,,,,,,,,,,,,,,,,,,,,,,,,,
decision,1022935,109.7,65,,,79,,34,,,,,,,,,162269,3,0,FALSE,,,,,,,,,,,,,,,,,,,,,,,,,,,,,,,,,,,,,,,,,,,
dig,1024839,,,,,,[],34,,,,,,,,,,,,,,,,,,,,,,,,,,,,,,,,,,,,,,,,,,,,,,,,,,,,,,,
harvest,1026345,null,null,,,69,,34,,,,,,79,0.873333951,0.873417722,,,,,,,,,,,,,,,,,,,,,,,,,,,,,,,,,,,,,,,,,,,,,,,
decision,1026440,92.5,65,,,69,,34,,,,,,,,,165774,3,1,FALSE,,,,,,,,,,,,,,,,,,,,,,,,,,,,,,,,,,,,,,,,,,,
dig,1028367,,,,,,[],34,,,,,,,,,,,,,,,,,,,,,,,,,,,,,,,,,,,,,,,,,,,,,,,,,,,,,,,
harvest,1029871,null,null,,,52,,34,,,,,,69,0.753409787,0.753623188,,,,,,,,,,,,,,,,,,,,,,,,,,,,,,,,,,,,,,,,,,,,,,,
decision,1030021,148.6,65,,,52,,34,,,,,,,,,169356,3,2,FALSE,,,,,,,,,,,,,,,,,,,,,,,,,,,,,,,,,,,,,,,,,,,
dig,1031886,,,,,,[],34,,,,,,,,,,,,,,,,,,,,,,,,,,,,,,,,,,,,,,,,,,,,,,,,,,,,,,,
harvest,1033398,null,null,,,41,,34,,,,,,52,0.791622054,0.788461538,,,,,,,,,,,,,,,,,,,,,,,,,,,,,,,,,,,,,,,,,,,,,,,
decision,1033560,160.2,65,,,41,,34,,,,,,,,,172895,3,3,FALSE,,,,,,,,,,,,,,,,,,,,,,,,,,,,,,,,,,,,,,,,,,,
dig,1035415,,,,,,[],34,,,,,,,,,,,,,,,,,,,,,,,,,,,,,,,,,,,,,,,,,,,,,,,,,,,,,,,
harvest,1036935,null,null,,,34,,34,,,,,,41,0.829210426,0.829268293,,,,,,,,,,,,,,,,,,,,,,,,,,,,,,,,,,,,,,,,,,,,,,,
decision,1037142,199.6,65,,,34,,34,,,,,,,,,176476,3,4,FALSE,,,,,,,,,,,,,,,,,,,,,,,,,,,,,,,,,,,,,,,,,,,
dig,1038958,,,,,,[],34,,,,,,,,,,,,,,,,,,,,,,,,,,,,,,,,,,,,,,,,,,,,,,,,,,,,,,,
harvest,1040462,null,null,,,29,,34,,,,,,34,0.851418315,0.852941176,,,,,,,,,,,,,,,,,,,,,,,,,,,,,,,,,,,,,,,,,,,,,,,
decision,1040640,175.1,76,,,29,,34,,,,,,,,,179974,3,5,TRUE,,,,,,,,,,,,,,,,,,,,,,,,,,,,,,,,,,,,,,,,,,,
travel,1050471,,,,,,[],34,,,,,,,,,,,,,,,,,,,,,,,,,,,,,,,,,,,,,,,,,,,,,,,,,,,,,,,
alien_welcome,1055479,null,null,,,,,,,,,91,101,104,12,93,98,82,90,20,24,103,46,27,118,97,100,52,95,34,84,106,108,92,18,112,102,41,51,44,23,113,8,55,77,21,10,86,54,96,69,38,14,115,49,39,7,45,40,61,83,2,31
land,1055987,null,null,,,91,,35,,,,,,,,,,,,,,,,,,,,,,,,,,,,,,,,,,,,,,,,,,,,,,,,,,,,,,,
dig,1057998,,,,,,[],35,,,,,,,,,,,,,,,,,,,,,,,,,,,,,,,,,,,,,,,,,,,,,,,,,,,,,,,
harvest,1059510,null,null,,,82,,35,,,,,,91,0.901255331,0.901098901,,,,,,,,,,,,,,,,,,,,,,,,,,,,,,,,,,,,,,,,,,,,,,,
decision,1059574,55.60000001,65,,,82,,35,,,,,,,,,198908,3,0,FALSE,,,,,,,,,,,,,,,,,,,,,,,,,,,,,,,,,,,,,,,,,,,
dig,1061545,,,,,,[],35,,,,,,,,,,,,,,,,,,,,,,,,,,,,,,,,,,,,,,,,,,,,,,,,,,,,,,,
harvest,1063055,null,null,,,65,,35,,,,,,82,0.798681976,0.792682927,,,,,,,,,,,,,,,,,,,,,,,,,,,,,,,,,,,,,,,,,,,,,,,
decision,1063193,135.5,65,,,65,,35,,,,,,,,,202528,3,1,FALSE,,,,,,,,,,,,,,,,,,,,,,,,,,,,,,,,,,,,,,,,,,,
dig,1065072,,,,,,[],35,,,,,,,,,,,,,,,,,,,,,,,,,,,,,,,,,,,,,,,,,,,,,,,,,,,,,,,
harvest,1066582,null,null,,,47,,35,,,,,,65,0.718001839,0.723076923,,,,,,,,,,,,,,,,,,,,,,,,,,,,,,,,,,,,,,,,,,,,,,,
decision,1066611,26,65,,,47,,35,,,,,,,,,205947,3,2,FALSE,,,,,,,,,,,,,,,,,,,,,,,,,,,,,,,,,,,,,,,,,,,
dig,1068599,,,,,,[],35,,,,,,,,,,,,,,,,,,,,,,,,,,,,,,,,,,,,,,,,,,,,,,,,,,,,,,,
harvest,1070102,null,null,,,32,,35,,,,,,47,0.687241237,0.680851064,,,,,,,,,,,,,,,,,,,,,,,,,,,,,,,,,,,,,,,,,,,,,,,
decision,1070268,162.5,76,,,32,,35,,,,,,,,,209602,3,3,TRUE,,,,,,,,,,,,,,,,,,,,,,,,,,,,,,,,,,,,,,,,,,,
travel,1080127,,,,,,[],35,,,,,,,,,,,,,,,,,,,,,,,,,,,,,,,,,,,,,,,,,,,,,,,,,,,,,,,
alien_welcome,1085135,null,null,,,,,,,,,25,101,104,12,93,98,82,90,20,24,103,46,27,118,97,100,52,95,34,84,106,108,92,18,112,102,41,51,44,23,113,8,55,77,21,10,86,54,96,69,38,14,115,49,39,7,45,40,61,83,2,31
land,1085641,null,null,,,95,,36,,,,,,,,,,,,,,,,,,,,,,,,,,,,,,,,,,,,,,,,,,,,,,,,,,,,,,,
dig,1087655,,,,,,[],36,,,,,,,,,,,,,,,,,,,,,,,,,,,,,,,,,,,,,,,,,,,,,,,,,,,,,,,
harvest,1089158,null,null,,,46,,36,,,,,,95,0.485337822,0.484210526,,,,,,,,,,,,,,,,,,,,,,,,,,,,,,,,,,,,,,,,,,,,,,,
decision,1089367,205.1,65,,,46,,36,,,,,,,,,228701,3,0,FALSE,,,,,,,,,,,,,,,,,,,,,,,,,,,,,,,,,,,,,,,,,,,
dig,1091190,,,,,,[],36,,,,,,,,,,,,,,,,,,,,,,,,,,,,,,,,,,,,,,,,,,,,,,,,,,,,,,,
harvest,1092699,null,null,,,20,,36,,,,,,46,0.424952908,0.434782609,,,,,,,,,,,,,,,,,,,,,,,,,,,,,,,,,,,,,,,,,,,,,,,
decision,1092766,65.69999999,65,,,20,,36,,,,,,,,,232102,3,1,FALSE,,,,,,,,,,,,,,,,,,,,,,,,,,,,,,,,,,,,,,,,,,,
dig,1094726,,,,,,[],36,,,,,,,,,,,,,,,,,,,,,,,,,,,,,,,,,,,,,,,,,,,,,,,,,,,,,,,
harvest,1096233,null,null,,,9,,36,,,,,,20,0.450752328,0.45,,,,,,,,,,,,,,,,,,,,,,,,,,,,,,,,,,,,,,,,,,,,,,,
decision,1096548,310.7,76,,,9,,36,,,,,,,,,235883,3,2,TRUE,,,,,,,,,,,,,,,,,,,,,,,,,,,,,,,,,,,,,,,,,,,
travel,1106255,,,,,,[],36,,,,,,,,,,,,,,,,,,,,,,,,,,,,,,,,,,,,,,,,,,,,,,,,,,,,,,,
alien_welcome,1111263,null,null,,,,,,,,,30,101,104,12,93,98,82,90,20,24,103,46,27,118,97,100,52,95,34,84,106,108,92,18,112,102,41,51,44,23,113,8,55,77,21,10,86,54,96,69,38,14,115,49,39,7,45,40,61,83,2,31
land,1111775,null,null,,,106,,37,,,,,,,,,,,,,,,,,,,,,,,,,,,,,,,,,,,,,,,,,,,,,,,,,,,,,,,
dig,1113782,,,,,,[],37,,,,,,,,,,,,,,,,,,,,,,,,,,,,,,,,,,,,,,,,,,,,,,,,,,,,,,,
harvest,1115287,null,null,,,56,,37,,,,,,106,0.528727545,0.528301887,,,,,,,,,,,,,,,,,,,,,,,,,,,,,,,,,,,,,,,,,,,,,,,
decision,1115358,69.19999999,65,,,56,,37,,,,,,,,,254692,3,0,FALSE,,,,,,,,,,,,,,,,,,,,,,,,,,,,,,,,,,,,,,,,,,,
dig,1117303,,,,,,[],37,,,,,,,,,,,,,,,,,,,,,,,,,,,,,,,,,,,,,,,,,,,,,,,,,,,,,,,
harvest,1118819,null,null,,,31,,37,,,,,,56,0.545500875,0.553571429,,,,,,,,,,,,,,,,,,,,,,,,,,,,,,,,,,,,,,,,,,,,,,,
decision,1119105,277.8,65,,,31,,37,,,,,,,,,258440,3,1,FALSE,,,,,,,,,,,,,,,,,,,,,,,,,,,,,,,,,,,,,,,,,,,
dig,1120862,,,,,,[],37,,,,,,,,,,,,,,,,,,,,,,,,,,,,,,,,,,,,,,,,,,,,,,,,,,,,,,,
harvest,1122367,null,null,,,16,,37,,,,,,31,0.518254235,0.516129032,,,,,,,,,,,,,,,,,,,,,,,,,,,,,,,,,,,,,,,,,,,,,,,
decision,1122427,57.7,76,,,16,,37,,,,,,,,,261761,3,2,TRUE,,,,,,,,,,,,,,,,,,,,,,,,,,,,,,,,,,,,,,,,,,,
travel,1132375,,,,,,[],37,,,,,,,,,,,,,,,,,,,,,,,,,,,,,,,,,,,,,,,,,,,,,,,,,,,,,,,
alien_welcome,1137382,null,null,,,,,,,,,72,101,104,12,93,98,82,90,20,24,103,46,27,118,97,100,52,95,34,84,106,108,92,18,112,102,41,51,44,23,113,8,55,77,21,10,86,54,96,69,38,14,115,49,39,7,45,40,61,83,2,31
land,1137886,null,null,,,103,,38,,,,,,,,,,,,,,,,,,,,,,,,,,,,,,,,,,,,,,,,,,,,,,,,,,,,,,,
dig,1139895,,,,,,[],38,,,,,,,,,,,,,,,,,,,,,,,,,,,,,,,,,,,,,,,,,,,,,,,,,,,,,,,
harvest,1141399,null,null,,,77,,38,,,,,,103,0.744834981,0.747572816,,,,,,,,,,,,,,,,,,,,,,,,,,,,,,,,,,,,,,,,,,,,,,,
decision,1141592,190.6,65,,,77,,38,,,,,,,,,280926,3,0,FALSE,,,,,,,,,,,,,,,,,,,,,,,,,,,,,,,,,,,,,,,,,,,
dig,1143415,,,,,,[],38,,,,,,,,,,,,,,,,,,,,,,,,,,,,,,,,,,,,,,,,,,,,,,,,,,,,,,,
harvest,1144919,null,null,,,53,,38,,,,,,77,0.684096849,0.688311688,,,,,,,,,,,,,,,,,,,,,,,,,,,,,,,,,,,,,,,,,,,,,,,
decision,1145102,181.1,65,,,53,,38,,,,,,,,,284437,3,1,FALSE,,,,,,,,,,,,,,,,,,,,,,,,,,,,,,,,,,,,,,,,,,,
dig,1146934,,,,,,[],38,,,,,,,,,,,,,,,,,,,,,,,,,,,,,,,,,,,,,,,,,,,,,,,,,,,,,,,
harvest,1148440,null,null,,,46,,38,,,,,,53,0.860481917,0.867924528,,,,,,,,,,,,,,,,,,,,,,,,,,,,,,,,,,,,,,,,,,,,,,,
decision,1148482,39.09999999,65,,,46,,38,,,,,,,,,287817,3,2,FALSE,,,,,,,,,,,,,,,,,,,,,,,,,,,,,,,,,,,,,,,,,,,
dig,1150455,,,,,,[],38,,,,,,,,,,,,,,,,,,,,,,,,,,,,,,,,,,,,,,,,,,,,,,,,,,,,,,,
harvest,1151961,null,null,,,34,,38,,,,,,46,0.745611639,0.739130435,,,,,,,,,,,,,,,,,,,,,,,,,,,,,,,,,,,,,,,,,,,,,,,
decision,1152061,97.3,76,,,34,,38,,,,,,,,,291395,3,3,TRUE,,,,,,,,,,,,,,,,,,,,,,,,,,,,,,,,,,,,,,,,,,,
travel,1161987,,,,,,[],38,,,,,,,,,,,,,,,,,,,,,,,,,,,,,,,,,,,,,,,,,,,,,,,,,,,,,,,
alien_welcome,1166999,null,null,,,,,,,,,6,101,104,12,93,98,82,90,20,24,103,46,27,118,97,100,52,95,34,84,106,108,92,18,112,102,41,51,44,23,113,8,55,77,21,10,86,54,96,69,38,14,115,49,39,7,45,40,61,83,2,31
land,1167502,null,null,,,98,,39,,,,,,,,,,,,,,,,,,,,,,,,,,,,,,,,,,,,,,,,,,,,,,,,,,,,,,,
dig,1169511,,,,,,[],39,,,,,,,,,,,,,,,,,,,,,,,,,,,,,,,,,,,,,,,,,,,,,,,,,,,,,,,
harvest,1171015,null,null,,,90,,39,,,,,,98,0.920798832,0.918367347,,,,,,,,,,,,,,,,,,,,,,,,,,,,,,,,,,,,,,,,,,,,,,,
decision,1171055,38.2,65,,,90,,39,,,,,,,,,310390,3,0,FALSE,,,,,,,,,,,,,,,,,,,,,,,,,,,,,,,,,,,,,,,,,,,
dig,1173030,,,,,,[],39,,,,,,,,,,,,,,,,,,,,,,,,,,,,,,,,,,,,,,,,,,,,,,,,,,,,,,,
harvest,1174535,null,null,,,77,,39,,,,,,90,0.85329027,0.855555556,,,,,,,,,,,,,,,,,,,,,,,,,,,,,,,,,,,,,,,,,,,,,,,
decision,1174568,31,65,,,77,,39,,,,,,,,,313902,3,1,FALSE,,,,,,,,,,,,,,,,,,,,,,,,,,,,,,,,,,,,,,,,,,,
dig,1176551,,,,,,[],39,,,,,,,,,,,,,,,,,,,,,,,,,,,,,,,,,,,,,,,,,,,,,,,,,,,,,,,
harvest,1178061,null,null,,,57,,39,,,,,,77,0.735327468,0.74025974,,,,,,,,,,,,,,,,,,,,,,,,,,,,,,,,,,,,,,,,,,,,,,,
decision,1178104,41.09999999,65,,,57,,39,,,,,,,,,317438,3,2,FALSE,,,,,,,,,,,,,,,,,,,,,,,,,,,,,,,,,,,,,,,,,,,
dig,1180078,,,,,,[],39,,,,,,,,,,,,,,,,,,,,,,,,,,,,,,,,,,,,,,,,,,,,,,,,,,,,,,,
harvest,1181591,null,null,,,47,,39,,,,,,57,0.827112712,0.824561404,,,,,,,,,,,,,,,,,,,,,,,,,,,,,,,,,,,,,,,,,,,,,,,
decision,1181647,53.7,65,,,47,,39,,,,,,,,,320981,3,3,FALSE,,,,,,,,,,,,,,,,,,,,,,,,,,,,,,,,,,,,,,,,,,,
dig,1183615,,,,,,[],39,,,,,,,,,,,,,,,,,,,,,,,,,,,,,,,,,,,,,,,,,,,,,,,,,,,,,,,
harvest,1185120,null,null,,,39,,39,,,,,,47,0.825336854,0.829787234,,,,,,,,,,,,,,,,,,,,,,,,,,,,,,,,,,,,,,,,,,,,,,,
decision,1185231,108.1,65,,,39,,39,,,,,,,,,324566,3,4,FALSE,,,,,,,,,,,,,,,,,,,,,,,,,,,,,,,,,,,,,,,,,,,
dig,1187142,,,,,,[],39,,,,,,,,,,,,,,,,,,,,,,,,,,,,,,,,,,,,,,,,,,,,,,,,,,,,,,,
harvest,1188647,null,null,,,32,,39,,,,,,39,0.809657339,0.820512821,,,,,,,,,,,,,,,,,,,,,,,,,,,,,,,,,,,,,,,,,,,,,,,
decision,1188688,35.90000001,76,,,32,,39,,,,,,,,,328022,3,5,TRUE,,,,,,,,,,,,,,,,,,,,,,,,,,,,,,,,,,,,,,,,,,,
travel,1198671,,,,,,[],39,,,,,,,,,,,,,,,,,,,,,,,,,,,,,,,,,,,,,,,,,,,,,,,,,,,,,,,
alien_welcome,1203679,null,null,,,,,,,,,19,101,104,12,93,98,82,90,20,24,103,46,27,118,97,100,52,95,34,84,106,108,92,18,112,102,41,51,44,23,113,8,55,77,21,10,86,54,96,69,38,14,115,49,39,7,45,40,61,83,2,31
land,1204183,null,null,,,99,,40,,,,,,,,,,,,,,,,,,,,,,,,,,,,,,,,,,,,,,,,,,,,,,,,,,,,,,,
dig,1206191,,,,,,[],40,,,,,,,,,,,,,,,,,,,,,,,,,,,,,,,,,,,,,,,,,,,,,,,,,,,,,,,
harvest,1207694,null,null,,,75,,40,,,,,,99,0.759078141,0.757575758,,,,,,,,,,,,,,,,,,,,,,,,,,,,,,,,,,,,,,,,,,,,,,,
decision,1207872,175.8,65,,,75,,40,,,,,,,,,347207,3,0,FALSE,,,,,,,,,,,,,,,,,,,,,,,,,,,,,,,,,,,,,,,,,,,
dig,1209713,,,,,,[],40,,,,,,,,,,,,,,,,,,,,,,,,,,,,,,,,,,,,,,,,,,,,,,,,,,,,,,,
harvest,1211222,null,null,,,61,,40,,,,,,75,0.810115126,0.813333333,,,,,,,,,,,,,,,,,,,,,,,,,,,,,,,,,,,,,,,,,,,,,,,
decision,1211382,157.3,65,,,61,,40,,,,,,,,,350716,3,1,FALSE,,,,,,,,,,,,,,,,,,,,,,,,,,,,,,,,,,,,,,,,,,,
dig,1213247,,,,,,[],40,,,,,,,,,,,,,,,,,,,,,,,,,,,,,,,,,,,,,,,,,,,,,,,,,,,,,,,
harvest,1214750,null,null,,,45,,40,,,,,,61,0.730397749,0.737704918,,,,,,,,,,,,,,,,,,,,,,,,,,,,,,,,,,,,,,,,,,,,,,,
decision,1214945,192.7,65,,,45,,40,,,,,,,,,354280,3,2,FALSE,,,,,,,,,,,,,,,,,,,,,,,,,,,,,,,,,,,,,,,,,,,
dig,1216774,,,,,,[],40,,,,,,,,,,,,,,,,,,,,,,,,,,,,,,,,,,,,,,,,,,,,,,,,,,,,,,,
harvest,1218278,null,null,,,37,,40,,,,,,45,0.812660136,0.822222222,,,,,,,,,,,,,,,,,,,,,,,,,,,,,,,,,,,,,,,,,,,,,,,
decision,1218309,27.90000001,65,,,37,,40,,,,,,,,,357643,3,3,FALSE,,,,,,,,,,,,,,,,,,,,,,,,,,,,,,,,,,,,,,,,,,,
dig,1220326,,,,,,[],40,,,,,,,,,,,,,,,,,,,,,,,,,,,,,,,,,,,,,,,,,,,,,,,,,,,,,,,
harvest,1221836,null,null,,,31,,40,,,,,,37,0.831243643,0.837837838,,,,,,,,,,,,,,,,,,,,,,,,,,,,,,,,,,,,,,,,,,,,,,,
decision,1222035,196.1,76,,,31,,40,,,,,,,,,361369,3,4,TRUE,,,,,,,,,,,,,,,,,,,,,,,,,,,,,,,,,,,,,,,,,,,
end_of_block,1223979,1933.7,32,,,,,,,,,,,,,,,,,,,,,,,,,,,,,,,,,,,,,,,,,,,,,,,,,,,,,,,,,,,,
alien_welcome,1229023,null,null,,,,,,,,,94,101,104,12,93,98,82,90,20,24,103,46,27,118,97,100,52,95,34,84,106,108,92,18,112,102,41,51,44,23,113,8,55,77,21,10,86,54,96,69,38,14,115,49,39,7,45,40,61,83,2,31
land,1229526,null,null,,,110,,41,,,,,,,,,,,,,,,,,,,,,,,,,,,,,,,,,,,,,,,,,,,,,,,,,,,,,,,
dig,1231535,,,,,,[],41,,,,,,,,,,,,,,,,,,,,,,,,,,,,,,,,,,,,,,,,,,,,,,,,,,,,,,,
harvest,1233042,null,null,,,26,,41,,,,,,110,0.23374596,0.236363636,,,,,,,,,,,,,,,,,,,,,,,,,,,,,,,,,,,,,,,,,,,,,,,
decision,1233278,233.3,65,,,26,,41,,,,,,,,,9292,4,0,FALSE,,,,,,,,,,,,,,,,,,,,,,,,,,,,,,,,,,,,,,,,,,,
dig,1235055,,,,,,[],41,,,,,,,,,,,,,,,,,,,,,,,,,,,,,,,,,,,,,,,,,,,,,,,,,,,,,,,
harvest,1236559,null,null,,,6,,41,,,,,,26,0.244822173,0.230769231,,,,,,,,,,,,,,,,,,,,,,,,,,,,,,,,,,,,,,,,,,,,,,,
decision,1236620,58.5,76,,,6,,41,,,,,,,,,12634,4,1,TRUE,,,,,,,,,,,,,,,,,,,,,,,,,,,,,,,,,,,,,,,,,,,
travel,1246566,,,,,,[],41,,,,,,,,,,,,,,,,,,,,,,,,,,,,,,,,,,,,,,,,,,,,,,,,,,,,,,,
alien_welcome,1251575,null,null,,,,,,,,,79,101,104,12,93,98,82,90,20,24,103,46,27,118,97,100,52,95,34,84,106,108,92,18,112,102,41,51,44,23,113,8,55,77,21,10,86,54,96,69,38,14,115,49,39,7,45,40,61,83,2,31
land,1252081,null,null,,,102,,42,,,,,,,,,,,,,,,,,,,,,,,,,,,,,,,,,,,,,,,,,,,,,,,,,,,,,,,
dig,1254102,,,,,,[],42,,,,,,,,,,,,,,,,,,,,,,,,,,,,,,,,,,,,,,,,,,,,,,,,,,,,,,,
harvest,1255609,null,null,,,18,,42,,,,,,102,0.173559892,0.176470588,,,,,,,,,,,,,,,,,,,,,,,,,,,,,,,,,,,,,,,,,,,,,,,
decision,1255680,69.60000001,65,,,18,,42,,,,,,,,,31695,4,0,FALSE,,,,,,,,,,,,,,,,,,,,,,,,,,,,,,,,,,,,,,,,,,,
dig,1257623,,,,,,[],42,,,,,,,,,,,,,,,,,,,,,,,,,,,,,,,,,,,,,,,,,,,,,,,,,,,,,,,
harvest,1259128,null,null,,,2,,42,,,,,,18,0.12382046,0.111111111,,,,,,,,,,,,,,,,,,,,,,,,,,,,,,,,,,,,,,,,,,,,,,,
decision,1259306,175.4,76,,,2,,42,,,,,,,,,35320,4,1,TRUE,,,,,,,,,,,,,,,,,,,,,,,,,,,,,,,,,,,,,,,,,,,
travel,1269143,,,,,,[],42,,,,,,,,,,,,,,,,,,,,,,,,,,,,,,,,,,,,,,,,,,,,,,,,,,,,,,,
alien_welcome,1274150,null,null,,,,,,,,,50,101,104,12,93,98,82,90,20,24,103,46,27,118,97,100,52,95,34,84,106,108,92,18,112,102,41,51,44,23,113,8,55,77,21,10,86,54,96,69,38,14,115,49,39,7,45,40,61,83,2,31
land,1274656,null,null,,,104,,43,,,,,,,,,,,,,,,,,,,,,,,,,,,,,,,,,,,,,,,,,,,,,,,,,,,,,,,
dig,1276668,,,,,,[],43,,,,,,,,,,,,,,,,,,,,,,,,,,,,,,,,,,,,,,,,,,,,,,,,,,,,,,,
harvest,1278185,null,null,,,24,,43,,,,,,104,0.232369872,0.230769231,,,,,,,,,,,,,,,,,,,,,,,,,,,,,,,,,,,,,,,,,,,,,,,
decision,1278336,146.4,65,,,24,,43,,,,,,,,,54351,4,0,FALSE,,,,,,,,,,,,,,,,,,,,,,,,,,,,,,,,,,,,,,,,,,,
dig,1280214,,,,,,[],43,,,,,,,,,,,,,,,,,,,,,,,,,,,,,,,,,,,,,,,,,,,,,,,,,,,,,,,
harvest,1281724,null,null,,,4,,43,,,,,,24,0.167124517,0.166666667,,,,,,,,,,,,,,,,,,,,,,,,,,,,,,,,,,,,,,,,,,,,,,,
decision,1281786,59.10000001,76,,,4,,43,,,,,,,,,57800,4,1,TRUE,,,,,,,,,,,,,,,,,,,,,,,,,,,,,,,,,,,,,,,,,,,
travel,1291751,,,,,,[],43,,,,,,,,,,,,,,,,,,,,,,,,,,,,,,,,,,,,,,,,,,,,,,,,,,,,,,,
alien_welcome,1296758,null,null,,,,,,,,,99,101,104,12,93,98,82,90,20,24,103,46,27,118,97,100,52,95,34,84,106,108,92,18,112,102,41,51,44,23,113,8,55,77,21,10,86,54,96,69,38,14,115,49,39,7,45,40,61,83,2,31
land,1297263,null,null,,,92,,44,,,,,,,,,,,,,,,,,,,,,,,,,,,,,,,,,,,,,,,,,,,,,,,,,,,,,,,
dig,1299270,,,,,,[],44,,,,,,,,,,,,,,,,,,,,,,,,,,,,,,,,,,,,,,,,,,,,,,,,,,,,,,,
harvest,1300776,null,null,,,67,,44,,,,,,92,0.724958449,0.72826087,,,,,,,,,,,,,,,,,,,,,,,,,,,,,,,,,,,,,,,,,,,,,,,
decision,1300841,56.40000001,65,,,67,,44,,,,,,,,,76856,4,0,FALSE,,,,,,,,,,,,,,,,,,,,,,,,,,,,,,,,,,,,,,,,,,,
dig,1302815,,,,,,[],44,,,,,,,,,,,,,,,,,,,,,,,,,,,,,,,,,,,,,,,,,,,,,,,,,,,,,,,
harvest,1304320,null,null,,,53,,44,,,,,,67,0.794222378,0.791044776,,,,,,,,,,,,,,,,,,,,,,,,,,,,,,,,,,,,,,,,,,,,,,,
decision,1304607,277.4,65,,,53,,44,,,,,,,,,80629,4,1,FALSE,,,,,,,,,,,,,,,,,,,,,,,,,,,,,,,,,,,,,,,,,,,
dig,1306375,,,,,,[],44,,,,,,,,,,,,,,,,,,,,,,,,,,,,,,,,,,,,,,,,,,,,,,,,,,,,,,,
harvest,1307893,null,null,,,43,,44,,,,,,53,0.815094473,0.811320755,,,,,,,,,,,,,,,,,,,,,,,,,,,,,,,,,,,,,,,,,,,,,,,
decision,1308031,136.3,76,,,43,,44,,,,,,,,,84046,4,2,TRUE,,,,,,,,,,,,,,,,,,,,,,,,,,,,,,,,,,,,,,,,,,,
travel,1317903,,,,,,[],44,,,,,,,,,,,,,,,,,,,,,,,,,,,,,,,,,,,,,,,,,,,,,,,,,,,,,,,
alien_welcome,1322909,null,null,,,,,,,,,42,101,104,12,93,98,82,90,20,24,103,46,27,118,97,100,52,95,34,84,106,108,92,18,112,102,41,51,44,23,113,8,55,77,21,10,86,54,96,69,38,14,115,49,39,7,45,40,61,83,2,31
land,1323415,null,null,,,99,,45,,,,,,,,,,,,,,,,,,,,,,,,,,,,,,,,,,,,,,,,,,,,,,,,,,,,,,,
dig,1325422,,,,,,[],45,,,,,,,,,,,,,,,,,,,,,,,,,,,,,,,,,,,,,,,,,,,,,,,,,,,,,,,
harvest,1326937,null,null,,,69,,45,,,,,,99,0.695861601,0.696969697,,,,,,,,,,,,,,,,,,,,,,,,,,,,,,,,,,,,,,,,,,,,,,,
decision,1327082,142.7,65,,,69,,45,,,,,,,,,103096,4,0,FALSE,,,,,,,,,,,,,,,,,,,,,,,,,,,,,,,,,,,,,,,,,,,
dig,1328958,,,,,,[],45,,,,,,,,,,,,,,,,,,,,,,,,,,,,,,,,,,,,,,,,,,,,,,,,,,,,,,,
harvest,1330462,null,null,,,55,,45,,,,,,69,0.792698512,0.797101449,,,,,,,,,,,,,,,,,,,,,,,,,,,,,,,,,,,,,,,,,,,,,,,
decision,1330624,158.8,65,,,55,,45,,,,,,,,,106638,4,1,FALSE,,,,,,,,,,,,,,,,,,,,,,,,,,,,,,,,,,,,,,,,,,,
dig,1332479,,,,,,[],45,,,,,,,,,,,,,,,,,,,,,,,,,,,,,,,,,,,,,,,,,,,,,,,,,,,,,,,
harvest,1333984,null,null,,,48,,45,,,,,,55,0.86608281,0.872727273,,,,,,,,,,,,,,,,,,,,,,,,,,,,,,,,,,,,,,,,,,,,,,,
decision,1334121,134.6,65,,,48,,45,,,,,,,,,110137,4,2,FALSE,,,,,,,,,,,,,,,,,,,,,,,,,,,,,,,,,,,,,,,,,,,
dig,1336015,,,,,,[],45,,,,,,,,,,,,,,,,,,,,,,,,,,,,,,,,,,,,,,,,,,,,,,,,,,,,,,,
harvest,1337520,null,null,,,36,,45,,,,,,48,0.740811931,0.75,,,,,,,,,,,,,,,,,,,,,,,,,,,,,,,,,,,,,,,,,,,,,,,
decision,1337563,40.8,65,,,36,,45,,,,,,,,,113577,4,3,FALSE,,,,,,,,,,,,,,,,,,,,,,,,,,,,,,,,,,,,,,,,,,,
dig,1339559,,,,,,[],45,,,,,,,,,,,,,,,,,,,,,,,,,,,,,,,,,,,,,,,,,,,,,,,,,,,,,,,
harvest,1341062,null,null,,,28,,45,,,,,,36,0.777552668,0.777777778,,,,,,,,,,,,,,,,,,,,,,,,,,,,,,,,,,,,,,,,,,,,,,,
decision,1341282,217,76,,,28,,45,,,,,,,,,117297,4,4,TRUE,,,,,,,,,,,,,,,,,,,,,,,,,,,,,,,,,,,,,,,,,,,
travel,1351079,,,,,,[],45,,,,,,,,,,,,,,,,,,,,,,,,,,,,,,,,,,,,,,,,,,,,,,,,,,,,,,,
alien_welcome,1356087,null,null,,,,,,,,,105,101,104,12,93,98,82,90,20,24,103,46,27,118,97,100,52,95,34,84,106,108,92,18,112,102,41,51,44,23,113,8,55,77,21,10,86,54,96,69,38,14,115,49,39,7,45,40,61,83,2,31
land,1356595,null,null,,,102,,46,,,,,,,,,,,,,,,,,,,,,,,,,,,,,,,,,,,,,,,,,,,,,,,,,,,,,,,
dig,1358608,,,,,,[],46,,,,,,,,,,,,,,,,,,,,,,,,,,,,,,,,,,,,,,,,,,,,,,,,,,,,,,,
harvest,1360111,null,null,,,81,,46,,,,,,102,0.790080263,0.794117647,,,,,,,,,,,,,,,,,,,,,,,,,,,,,,,,,,,,,,,,,,,,,,,
decision,1360146,32.39999999,65,,,81,,46,,,,,,,,,136161,4,0,FALSE,,,,,,,,,,,,,,,,,,,,,,,,,,,,,,,,,,,,,,,,,,,
dig,1362166,,,,,,[],46,,,,,,,,,,,,,,,,,,,,,,,,,,,,,,,,,,,,,,,,,,,,,,,,,,,,,,,
harvest,1363671,null,null,,,70,,46,,,,,,81,0.85982947,0.864197531,,,,,,,,,,,,,,,,,,,,,,,,,,,,,,,,,,,,,,,,,,,,,,,
decision,1363746,72.2,65,,,70,,46,,,,,,,,,139764,4,1,FALSE,,,,,,,,,,,,,,,,,,,,,,,,,,,,,,,,,,,,,,,,,,,
dig,1365719,,,,,,[],46,,,,,,,,,,,,,,,,,,,,,,,,,,,,,,,,,,,,,,,,,,,,,,,,,,,,,,,
harvest,1367222,null,null,,,56,,46,,,,,,70,0.79842941,0.8,,,,,,,,,,,,,,,,,,,,,,,,,,,,,,,,,,,,,,,,,,,,,,,
decision,1367387,161,65,,,56,,46,,,,,,,,,143402,4,2,FALSE,,,,,,,,,,,,,,,,,,,,,,,,,,,,,,,,,,,,,,,,,,,
dig,1369246,,,,,,[],46,,,,,,,,,,,,,,,,,,,,,,,,,,,,,,,,,,,,,,,,,,,,,,,,,,,,,,,
harvest,1370752,null,null,,,48,,46,,,,,,56,0.854585819,0.857142857,,,,,,,,,,,,,,,,,,,,,,,,,,,,,,,,,,,,,,,,,,,,,,,
decision,1370845,85.5,65,,,48,,46,,,,,,,,,146859,4,3,FALSE,,,,,,,,,,,,,,,,,,,,,,,,,,,,,,,,,,,,,,,,,,,
dig,1372783,,,,,,[],46,,,,,,,,,,,,,,,,,,,,,,,,,,,,,,,,,,,,,,,,,,,,,,,,,,,,,,,
harvest,1374288,null,null,,,38,,46,,,,,,48,0.791187843,0.791666667,,,,,,,,,,,,,,,,,,,,,,,,,,,,,,,,,,,,,,,,,,,,,,,
decision,1374314,21.69999999,65,,,38,,46,,,,,,,,,150328,4,4,FALSE,,,,,,,,,,,,,,,,,,,,,,,,,,,,,,,,,,,,,,,,,,,
dig,1376315,,,,,,[],46,,,,,,,,,,,,,,,,,,,,,,,,,,,,,,,,,,,,,,,,,,,,,,,,,,,,,,,
harvest,1377827,null,null,,,28,,46,,,,,,38,0.737379012,0.736842105,,,,,,,,,,,,,,,,,,,,,,,,,,,,,,,,,,,,,,,,,,,,,,,
decision,1377877,43.60000001,76,,,28,,46,,,,,,,,,153893,4,5,TRUE,,,,,,,,,,,,,,,,,,,,,,,,,,,,,,,,,,,,,,,,,,,
travel,1387855,,,,,,[],46,,,,,,,,,,,,,,,,,,,,,,,,,,,,,,,,,,,,,,,,,,,,,,,,,,,,,,,
alien_welcome,1392863,null,null,,,,,,,,,26,101,104,12,93,98,82,90,20,24,103,46,27,118,97,100,52,95,34,84,106,108,92,18,112,102,41,51,44,23,113,8,55,77,21,10,86,54,96,69,38,14,115,49,39,7,45,40,61,83,2,31
land,1393366,null,null,,,103,,47,,,,,,,,,,,,,,,,,,,,,,,,,,,,,,,,,,,,,,,,,,,,,,,,,,,,,,,
dig,1395380,,,,,,[],47,,,,,,,,,,,,,,,,,,,,,,,,,,,,,,,,,,,,,,,,,,,,,,,,,,,,,,,
harvest,1396886,null,null,,,83,,47,,,,,,103,0.806446905,0.805825243,,,,,,,,,,,,,,,,,,,,,,,,,,,,,,,,,,,,,,,,,,,,,,,
decision,1398895,null,null,,,83,,47,,,,,,,,,174910,4,0,FALSE,,,,,,,,,,,,,,,,,,,,,,,,,,,,,,,,,,,,,,,,,,,
time_out,1400911,null,null,,,83,,,,,,,,,,,,,,,,,,,,,,,,,,,,,,,,,,,,,,,,,,,,,,,,,,,,,,,,,
decision,1402152,1238.5,76,,,83,,47,,,,,,,,,178166,4,0,TRUE,,,,,,,,,,,,,,,,,,,,,,,,,,,,,,,,,,,,,,,,,,,
travel,1410927,,,,,,[],47,,,,,,,,,,,,,,,,,,,,,,,,,,,,,,,,,,,,,,,,,,,,,,,,,,,,,,,
alien_welcome,1415935,null,null,,,,,,,,,58,101,104,12,93,98,82,90,20,24,103,46,27,118,97,100,52,95,34,84,106,108,92,18,112,102,41,51,44,23,113,8,55,77,21,10,86,54,96,69,38,14,115,49,39,7,45,40,61,83,2,31
land,1416442,null,null,,,101,,48,,,,,,,,,,,,,,,,,,,,,,,,,,,,,,,,,,,,,,,,,,,,,,,,,,,,,,,
dig,1418455,,,,,,[],48,,,,,,,,,,,,,,,,,,,,,,,,,,,,,,,,,,,,,,,,,,,,,,,,,,,,,,,
harvest,1419975,null,null,,,81,,48,,,,,,101,0.799902966,0.801980198,,,,,,,,,,,,,,,,,,,,,,,,,,,,,,,,,,,,,,,,,,,,,,,
decision,1420239,260.4,65,,,81,,48,,,,,,,,,196253,4,0,FALSE,,,,,,,,,,,,,,,,,,,,,,,,,,,,,,,,,,,,,,,,,,,
dig,1421998,,,,,,[],48,,,,,,,,,,,,,,,,,,,,,,,,,,,,,,,,,,,,,,,,,,,,,,,,,,,,,,,
harvest,1423502,null,null,,,73,,48,,,,,,81,0.897872583,0.901234568,,,,,,,,,,,,,,,,,,,,,,,,,,,,,,,,,,,,,,,,,,,,,,,
decision,1423683,175.2,65,,,73,,48,,,,,,,,,199697,4,1,FALSE,,,,,,,,,,,,,,,,,,,,,,,,,,,,,,,,,,,,,,,,,,,
dig,1425535,,,,,,[],48,,,,,,,,,,,,,,,,,,,,,,,,,,,,,,,,,,,,,,,,,,,,,,,,,,,,,,,
harvest,1427038,null,null,,,58,,48,,,,,,73,0.795706199,0.794520548,,,,,,,,,,,,,,,,,,,,,,,,,,,,,,,,,,,,,,,,,,,,,,,
decision,1427201,159.2,65,,,58,,48,,,,,,,,,203215,4,2,FALSE,,,,,,,,,,,,,,,,,,,,,,,,,,,,,,,,,,,,,,,,,,,
dig,1429070,,,,,,[],48,,,,,,,,,,,,,,,,,,,,,,,,,,,,,,,,,,,,,,,,,,,,,,,,,,,,,,,
harvest,1430575,null,null,,,39,,48,,,,,,58,0.673816605,0.672413793,,,,,,,,,,,,,,,,,,,,,,,,,,,,,,,,,,,,,,,,,,,,,,,
decision,1430817,238.2,65,,,39,,48,,,,,,,,,206831,4,3,FALSE,,,,,,,,,,,,,,,,,,,,,,,,,,,,,,,,,,,,,,,,,,,
dig,1432599,,,,,,[],48,,,,,,,,,,,,,,,,,,,,,,,,,,,,,,,,,,,,,,,,,,,,,,,,,,,,,,,
harvest,1434106,null,null,,,32,,48,,,,,,39,0.828405931,0.820512821,,,,,,,,,,,,,,,,,,,,,,,,,,,,,,,,,,,,,,,,,,,,,,,
decision,1434195,83.7,76,,,32,,48,,,,,,,,,210209,4,4,TRUE,,,,,,,,,,,,,,,,,,,,,,,,,,,,,,,,,,,,,,,,,,,
travel,1444118,,,,,,[],48,,,,,,,,,,,,,,,,,,,,,,,,,,,,,,,,,,,,,,,,,,,,,,,,,,,,,,,
alien_welcome,1449128,null,null,,,,,,,,,22,101,104,12,93,98,82,90,20,24,103,46,27,118,97,100,52,95,34,84,106,108,92,18,112,102,41,51,44,23,113,8,55,77,21,10,86,54,96,69,38,14,115,49,39,7,45,40,61,83,2,31
land,1449639,null,null,,,104,,49,,,,,,,,,,,,,,,,,,,,,,,,,,,,,,,,,,,,,,,,,,,,,,,,,,,,,,,
dig,1451647,,,,,,[],49,,,,,,,,,,,,,,,,,,,,,,,,,,,,,,,,,,,,,,,,,,,,,,,,,,,,,,,
harvest,1453150,null,null,,,82,,49,,,,,,104,0.786837611,0.788461538,,,,,,,,,,,,,,,,,,,,,,,,,,,,,,,,,,,,,,,,,,,,,,,
decision,1453261,108.5,65,,,82,,49,,,,,,,,,229277,4,0,FALSE,,,,,,,,,,,,,,,,,,,,,,,,,,,,,,,,,,,,,,,,,,,
dig,1455168,,,,,,[],49,,,,,,,,,,,,,,,,,,,,,,,,,,,,,,,,,,,,,,,,,,,,,,,,,,,,,,,
harvest,1456679,null,null,,,64,,49,,,,,,82,0.785242506,0.780487805,,,,,,,,,,,,,,,,,,,,,,,,,,,,,,,,,,,,,,,,,,,,,,,
decision,1456851,168.6,65,,,64,,49,,,,,,,,,232865,4,1,FALSE,,,,,,,,,,,,,,,,,,,,,,,,,,,,,,,,,,,,,,,,,,,
dig,1458712,,,,,,[],49,,,,,,,,,,,,,,,,,,,,,,,,,,,,,,,,,,,,,,,,,,,,,,,,,,,,,,,
harvest,1460222,null,null,,,55,,49,,,,,,64,0.858367333,0.859375,,,,,,,,,,,,,,,,,,,,,,,,,,,,,,,,,,,,,,,,,,,,,,,
decision,1460343,114.9,65,,,55,,49,,,,,,,,,236358,4,2,FALSE,,,,,,,,,,,,,,,,,,,,,,,,,,,,,,,,,,,,,,,,,,,
dig,1462247,,,,,,[],49,,,,,,,,,,,,,,,,,,,,,,,,,,,,,,,,,,,,,,,,,,,,,,,,,,,,,,,
harvest,1463751,null,null,,,47,,49,,,,,,55,0.845835976,0.854545455,,,,,,,,,,,,,,,,,,,,,,,,,,,,,,,,,,,,,,,,,,,,,,,
decision,1463958,202.9,65,,,47,,49,,,,,,,,,239972,4,3,FALSE,,,,,,,,,,,,,,,,,,,,,,,,,,,,,,,,,,,,,,,,,,,
dig,1465767,,,,,,[],49,,,,,,,,,,,,,,,,,,,,,,,,,,,,,,,,,,,,,,,,,,,,,,,,,,,,,,,
harvest,1467277,null,null,,,41,,49,,,,,,47,0.87796522,0.872340426,,,,,,,,,,,,,,,,,,,,,,,,,,,,,,,,,,,,,,,,,,,,,,,
decision,1467342,61.8,65,,,41,,49,,,,,,,,,243357,4,4,FALSE,,,,,,,,,,,,,,,,,,,,,,,,,,,,,,,,,,,,,,,,,,,
dig,1469295,,,,,,[],49,,,,,,,,,,,,,,,,,,,,,,,,,,,,,,,,,,,,,,,,,,,,,,,,,,,,,,,
harvest,1470802,null,null,,,34,,49,,,,,,41,0.835384924,0.829268293,,,,,,,,,,,,,,,,,,,,,,,,,,,,,,,,,,,,,,,,,,,,,,,
decision,1471057,253.1,76,,,34,,49,,,,,,,,,247071,4,5,TRUE,,,,,,,,,,,,,,,,,,,,,,,,,,,,,,,,,,,,,,,,,,,
travel,1480824,,,,,,[],49,,,,,,,,,,,,,,,,,,,,,,,,,,,,,,,,,,,,,,,,,,,,,,,,,,,,,,,
alien_welcome,1485831,null,null,,,,,,,,,74,101,104,12,93,98,82,90,20,24,103,46,27,118,97,100,52,95,34,84,106,108,92,18,112,102,41,51,44,23,113,8,55,77,21,10,86,54,96,69,38,14,115,49,39,7,45,40,61,83,2,31
land,1486335,null,null,,,98,,50,,,,,,,,,,,,,,,,,,,,,,,,,,,,,,,,,,,,,,,,,,,,,,,,,,,,,,,
dig,1488344,,,,,,[],50,,,,,,,,,,,,,,,,,,,,,,,,,,,,,,,,,,,,,,,,,,,,,,,,,,,,,,,
harvest,1489847,null,null,,,23,,50,,,,,,98,0.230373929,0.234693878,,,,,,,,,,,,,,,,,,,,,,,,,,,,,,,,,,,,,,,,,,,,,,,
decision,1490064,213.7,65,,,23,,50,,,,,,,,,266079,4,0,FALSE,,,,,,,,,,,,,,,,,,,,,,,,,,,,,,,,,,,,,,,,,,,
dig,1491874,,,,,,[],50,,,,,,,,,,,,,,,,,,,,,,,,,,,,,,,,,,,,,,,,,,,,,,,,,,,,,,,
harvest,1493383,null,null,,,4,,50,,,,,,23,0.177371762,0.173913043,,,,,,,,,,,,,,,,,,,,,,,,,,,,,,,,,,,,,,,,,,,,,,,
decision,1493459,74,76,,,4,,50,,,,,,,,,269474,4,1,TRUE,,,,,,,,,,,,,,,,,,,,,,,,,,,,,,,,,,,,,,,,,,,
travel,1503391,,,,,,[],50,,,,,,,,,,,,,,,,,,,,,,,,,,,,,,,,,,,,,,,,,,,,,,,,,,,,,,,
alien_welcome,1508399,null,null,,,,,,,,,87,101,104,12,93,98,82,90,20,24,103,46,27,118,97,100,52,95,34,84,106,108,92,18,112,102,41,51,44,23,113,8,55,77,21,10,86,54,96,69,38,14,115,49,39,7,45,40,61,83,2,31
land,1508903,null,null,,,95,,51,,,,,,,,,,,,,,,,,,,,,,,,,,,,,,,,,,,,,,,,,,,,,,,,,,,,,,,
dig,1510910,,,,,,[],51,,,,,,,,,,,,,,,,,,,,,,,,,,,,,,,,,,,,,,,,,,,,,,,,,,,,,,,
harvest,1512415,null,null,,,21,,51,,,,,,95,0.215961955,0.221052632,,,,,,,,,,,,,,,,,,,,,,,,,,,,,,,,,,,,,,,,,,,,,,,
decision,1512617,198.6,65,,,21,,51,,,,,,,,,288631,4,0,FALSE,,,,,,,,,,,,,,,,,,,,,,,,,,,,,,,,,,,,,,,,,,,
dig,1514439,,,,,,[],51,,,,,,,,,,,,,,,,,,,,,,,,,,,,,,,,,,,,,,,,,,,,,,,,,,,,,,,
harvest,1515943,null,null,,,6,,51,,,,,,21,0.280604717,0.285714286,,,,,,,,,,,,,,,,,,,,,,,,,,,,,,,,,,,,,,,,,,,,,,,
decision,1516291,345.7,76,,,6,,51,,,,,,,,,292306,4,1,TRUE,,,,,,,,,,,,,,,,,,,,,,,,,,,,,,,,,,,,,,,,,,,
travel,1525967,,,,,,[],51,,,,,,,,,,,,,,,,,,,,,,,,,,,,,,,,,,,,,,,,,,,,,,,,,,,,,,,
alien_welcome,1530976,null,null,,,,,,,,,120,101,104,12,93,98,82,90,20,24,103,46,27,118,97,100,52,95,34,84,106,108,92,18,112,102,41,51,44,23,113,8,55,77,21,10,86,54,96,69,38,14,115,49,39,7,45,40,61,83,2,31
land,1531481,null,null,,,96,,52,,,,,,,,,,,,,,,,,,,,,,,,,,,,,,,,,,,,,,,,,,,,,,,,,,,,,,,
dig,1533486,,,,,,[],52,,,,,,,,,,,,,,,,,,,,,,,,,,,,,,,,,,,,,,,,,,,,,,,,,,,,,,,
harvest,1534995,null,null,,,83,,52,,,,,,96,0.860519182,0.864583333,,,,,,,,,,,,,,,,,,,,,,,,,,,,,,,,,,,,,,,,,,,,,,,
decision,1535150,152.8,65,,,83,,52,,,,,,,,,311165,4,0,FALSE,,,,,,,,,,,,,,,,,,,,,,,,,,,,,,,,,,,,,,,,,,,
dig,1537015,,,,,,[],52,,,,,,,,,,,,,,,,,,,,,,,,,,,,,,,,,,,,,,,,,,,,,,,,,,,,,,,
harvest,1538519,null,null,,,70,,52,,,,,,83,0.840497228,0.843373494,,,,,,,,,,,,,,,,,,,,,,,,,,,,,,,,,,,,,,,,,,,,,,,
decision,1538696,174.3,65,,,70,,52,,,,,,,,,314710,4,1,FALSE,,,,,,,,,,,,,,,,,,,,,,,,,,,,,,,,,,,,,,,,,,,
dig,1540542,,,,,,[],52,,,,,,,,,,,,,,,,,,,,,,,,,,,,,,,,,,,,,,,,,,,,,,,,,,,,,,,
harvest,1542046,null,null,,,58,,52,,,,,,70,0.834953271,0.828571429,,,,,,,,,,,,,,,,,,,,,,,,,,,,,,,,,,,,,,,,,,,,,,,
decision,1542261,211.4,65,,,58,,52,,,,,,,,,318275,4,2,FALSE,,,,,,,,,,,,,,,,,,,,,,,,,,,,,,,,,,,,,,,,,,,
dig,1544072,,,,,,[],52,,,,,,,,,,,,,,,,,,,,,,,,,,,,,,,,,,,,,,,,,,,,,,,,,,,,,,,
harvest,1545575,null,null,,,51,,52,,,,,,58,0.875431039,0.879310345,,,,,,,,,,,,,,,,,,,,,,,,,,,,,,,,,,,,,,,,,,,,,,,
decision,1545623,46,65,,,51,,52,,,,,,,,,321638,4,3,FALSE,,,,,,,,,,,,,,,,,,,,,,,,,,,,,,,,,,,,,,,,,,,
dig,1547623,,,,,,[],52,,,,,,,,,,,,,,,,,,,,,,,,,,,,,,,,,,,,,,,,,,,,,,,,,,,,,,,
harvest,1549127,null,null,,,42,,52,,,,,,51,0.828830616,0.823529412,,,,,,,,,,,,,,,,,,,,,,,,,,,,,,,,,,,,,,,,,,,,,,,
decision,1549184,54.5,65,,,42,,52,,,,,,,,,325198,4,4,FALSE,,,,,,,,,,,,,,,,,,,,,,,,,,,,,,,,,,,,,,,,,,,
dig,1551143,,,,,,[],52,,,,,,,,,,,,,,,,,,,,,,,,,,,,,,,,,,,,,,,,,,,,,,,,,,,,,,,
harvest,1552647,null,null,,,35,,52,,,,,,42,0.843586203,0.833333333,,,,,,,,,,,,,,,,,,,,,,,,,,,,,,,,,,,,,,,,,,,,,,,
decision,1552696,46.8,65,,,35,,52,,,,,,,,,328710,4,5,FALSE,,,,,,,,,,,,,,,,,,,,,,,,,,,,,,,,,,,,,,,,,,,
dig,1554663,,,,,,[],52,,,,,,,,,,,,,,,,,,,,,,,,,,,,,,,,,,,,,,,,,,,,,,,,,,,,,,,
harvest,1556167,null,null,,,26,,52,,,,,,35,0.735335206,0.742857143,,,,,,,,,,,,,,,,,,,,,,,,,,,,,,,,,,,,,,,,,,,,,,,
decision,1556279,110,76,,,26,,52,,,,,,,,,332294,4,6,TRUE,,,,,,,,,,,,,,,,,,,,,,,,,,,,,,,,,,,,,,,,,,,
travel,1566175,,,,,,[],52,,,,,,,,,,,,,,,,,,,,,,,,,,,,,,,,,,,,,,,,,,,,,,,,,,,,,,,
alien_welcome,1571183,null,null,,,,,,,,,81,101,104,12,93,98,82,90,20,24,103,46,27,118,97,100,52,95,34,84,106,108,92,18,112,102,41,51,44,23,113,8,55,77,21,10,86,54,96,69,38,14,115,49,39,7,45,40,61,83,2,31
land,1571688,null,null,,,104,,53,,,,,,,,,,,,,,,,,,,,,,,,,,,,,,,,,,,,,,,,,,,,,,,,,,,,,,,
dig,1573702,,,,,,[],53,,,,,,,,,,,,,,,,,,,,,,,,,,,,,,,,,,,,,,,,,,,,,,,,,,,,,,,
harvest,1575212,null,null,,,87,,53,,,,,,104,0.83887068,0.836538462,,,,,,,,,,,,,,,,,,,,,,,,,,,,,,,,,,,,,,,,,,,,,,,
decision,1575359,144,65,,,87,,53,,,,,,,,,351373,4,0,FALSE,,,,,,,,,,,,,,,,,,,,,,,,,,,,,,,,,,,,,,,,,,,
dig,1577231,,,,,,[],53,,,,,,,,,,,,,,,,,,,,,,,,,,,,,,,,,,,,,,,,,,,,,,,,,,,,,,,
harvest,1578740,null,null,,,67,,53,,,,,,87,0.772700348,0.770114943,,,,,,,,,,,,,,,,,,,,,,,,,,,,,,,,,,,,,,,,,,,,,,,
decision,1578793,51.40000001,65,,,67,,53,,,,,,,,,354808,4,1,FALSE,,,,,,,,,,,,,,,,,,,,,,,,,,,,,,,,,,,,,,,,,,,
dig,1580814,,,,,,[],53,,,,,,,,,,,,,,,,,,,,,,,,,,,,,,,,,,,,,,,,,,,,,,,,,,,,,,,
harvest,1582319,null,null,,,61,,53,,,,,,67,0.903432077,0.910447761,,,,,,,,,,,,,,,,,,,,,,,,,,,,,,,,,,,,,,,,,,,,,,,
decision,1582354,31.89999999,65,,,61,,53,,,,,,,,,358369,4,2,FALSE,,,,,,,,,,,,,,,,,,,,,,,,,,,,,,,,,,,,,,,,,,,
dig,1584359,,,,,,[],53,,,,,,,,,,,,,,,,,,,,,,,,,,,,,,,,,,,,,,,,,,,,,,,,,,,,,,,
harvest,1585863,null,null,,,53,,53,,,,,,61,0.861637713,0.868852459,,,,,,,,,,,,,,,,,,,,,,,,,,,,,,,,,,,,,,,,,,,,,,,
decision,1586104,236.1,65,,,53,,53,,,,,,,,,362119,4,3,TRUE,,,,,,,,,,,,,,,,,,,,,,,,,,,,,,,,,,,,,,,,,,,
end_of_block,1587438,1319.6,32,,,,,,,,,,,,,,,,,,,,,,,,,,,,,,,,,,,,,,,,,,,,,,,,,,,,,,,,,,,,
alien_welcome,1592484,null,null,,,,,,,,,53,101,104,12,93,98,82,90,20,24,103,46,27,118,97,100,52,95,34,84,106,108,92,18,112,102,41,51,44,23,113,8,55,77,21,10,86,54,96,69,38,14,115,49,39,7,45,40,61,83,2,31
land,1592991,null,null,,,97,,54,,,,,,,,,,,,,,,,,,,,,,,,,,,,,,,,,,,,,,,,,,,,,,,,,,,,,,,
dig,1594999,,,,,,[],54,,,,,,,,,,,,,,,,,,,,,,,,,,,,,,,,,,,,,,,,,,,,,,,,,,,,,,,
harvest,1596503,null,null,,,47,,54,,,,,,97,0.488605635,0.484536082,,,,,,,,,,,,,,,,,,,,,,,,,,,,,,,,,,,,,,,,,,,,,,,
decision,1596584,79.3,65,,,47,,54,,,,,,,,,9139,5,0,FALSE,,,,,,,,,,,,,,,,,,,,,,,,,,,,,,,,,,,,,,,,,,,
dig,1598550,,,,,,[],54,,,,,,,,,,,,,,,,,,,,,,,,,,,,,,,,,,,,,,,,,,,,,,,,,,,,,,,
harvest,1600055,null,null,,,23,,54,,,,,,47,0.481468841,0.489361702,,,,,,,,,,,,,,,,,,,,,,,,,,,,,,,,,,,,,,,,,,,,,,,
decision,1600184,125.2,76,,,23,,54,,,,,,,,,12739,5,1,TRUE,,,,,,,,,,,,,,,,,,,,,,,,,,,,,,,,,,,,,,,,,,,
travel,1610087,,,,,,[],54,,,,,,,,,,,,,,,,,,,,,,,,,,,,,,,,,,,,,,,,,,,,,,,,,,,,,,,
alien_welcome,1615095,null,null,,,,,,,,,68,101,104,12,93,98,82,90,20,24,103,46,27,118,97,100,52,95,34,84,106,108,92,18,112,102,41,51,44,23,113,8,55,77,21,10,86,54,96,69,38,14,115,49,39,7,45,40,61,83,2,31
land,1615599,null,null,,,99,,55,,,,,,,,,,,,,,,,,,,,,,,,,,,,,,,,,,,,,,,,,,,,,,,,,,,,,,,
dig,1617607,,,,,,[],55,,,,,,,,,,,,,,,,,,,,,,,,,,,,,,,,,,,,,,,,,,,,,,,,,,,,,,,
harvest,1619121,null,null,,,50,,55,,,,,,99,0.508601013,0.505050505,,,,,,,,,,,,,,,,,,,,,,,,,,,,,,,,,,,,,,,,,,,,,,,
decision,1619198,64.09999999,65,,,50,,55,,,,,,,,,31749,5,0,FALSE,,,,,,,,,,,,,,,,,,,,,,,,,,,,,,,,,,,,,,,,,,,
dig,1621151,,,,,,[],55,,,,,,,,,,,,,,,,,,,,,,,,,,,,,,,,,,,,,,,,,,,,,,,,,,,,,,,
harvest,1622655,null,null,,,28,,55,,,,,,50,0.56396223,0.56,,,,,,,,,,,,,,,,,,,,,,,,,,,,,,,,,,,,,,,,,,,,,,,
decision,1622806,148.7,76,,,28,,55,,,,,,,,,35357,5,1,TRUE,,,,,,,,,,,,,,,,,,,,,,,,,,,,,,,,,,,,,,,,,,,
travel,1632671,,,,,,[],55,,,,,,,,,,,,,,,,,,,,,,,,,,,,,,,,,,,,,,,,,,,,,,,,,,,,,,,
alien_welcome,1637679,null,null,,,,,,,,,107,101,104,12,93,98,82,90,20,24,103,46,27,118,97,100,52,95,34,84,106,108,92,18,112,102,41,51,44,23,113,8,55,77,21,10,86,54,96,69,38,14,115,49,39,7,45,40,61,83,2,31
land,1638183,null,null,,,109,,56,,,,,,,,,,,,,,,,,,,,,,,,,,,,,,,,,,,,,,,,,,,,,,,,,,,,,,,
dig,1640199,,,,,,[],56,,,,,,,,,,,,,,,,,,,,,,,,,,,,,,,,,,,,,,,,,,,,,,,,,,,,,,,
harvest,1641703,null,null,,,50,,56,,,,,,109,0.454244214,0.458715596,,,,,,,,,,,,,,,,,,,,,,,,,,,,,,,,,,,,,,,,,,,,,,,
decision,1641815,110.1,65,,,50,,56,,,,,,,,,54366,5,0,FALSE,,,,,,,,,,,,,,,,,,,,,,,,,,,,,,,,,,,,,,,,,,,
dig,1643734,,,,,,[],56,,,,,,,,,,,,,,,,,,,,,,,,,,,,,,,,,,,,,,,,,,,,,,,,,,,,,,,
harvest,1645239,null,null,,,21,,56,,,,,,50,0.42952937,0.42,,,,,,,,,,,,,,,,,,,,,,,,,,,,,,,,,,,,,,,,,,,,,,,
decision,1645292,51,65,,,21,,56,,,,,,,,,57843,5,1,FALSE,,,,,,,,,,,,,,,,,,,,,,,,,,,,,,,,,,,,,,,,,,,
dig,1647255,,,,,,[],56,,,,,,,,,,,,,,,,,,,,,,,,,,,,,,,,,,,,,,,,,,,,,,,,,,,,,,,
harvest,1648759,null,null,,,11,,56,,,,,,21,0.534501866,0.523809524,,,,,,,,,,,,,,,,,,,,,,,,,,,,,,,,,,,,,,,,,,,,,,,
decision,1648965,203.9,76,,,11,,56,,,,,,,,,61515,5,2,TRUE,,,,,,,,,,,,,,,,,,,,,,,,,,,,,,,,,,,,,,,,,,,
travel,1658791,,,,,,[],56,,,,,,,,,,,,,,,,,,,,,,,,,,,,,,,,,,,,,,,,,,,,,,,,,,,,,,,
alien_welcome,1663799,null,null,,,,,,,,,5,101,104,12,93,98,82,90,20,24,103,46,27,118,97,100,52,95,34,84,106,108,92,18,112,102,41,51,44,23,113,8,55,77,21,10,86,54,96,69,38,14,115,49,39,7,45,40,61,83,2,31
land,1664303,null,null,,,108,,57,,,,,,,,,,,,,,,,,,,,,,,,,,,,,,,,,,,,,,,,,,,,,,,,,,,,,,,
dig,1666320,,,,,,[],57,,,,,,,,,,,,,,,,,,,,,,,,,,,,,,,,,,,,,,,,,,,,,,,,,,,,,,,
harvest,1667829,null,null,,,52,,57,,,,,,108,0.478398806,0.481481481,,,,,,,,,,,,,,,,,,,,,,,,,,,,,,,,,,,,,,,,,,,,,,,
decision,1667949,117.8,65,,,52,,57,,,,,,,,,80501,5,0,FALSE,,,,,,,,,,,,,,,,,,,,,,,,,,,,,,,,,,,,,,,,,,,
dig,1669871,,,,,,[],57,,,,,,,,,,,,,,,,,,,,,,,,,,,,,,,,,,,,,,,,,,,,,,,,,,,,,,,
harvest,1671375,null,null,,,26,,57,,,,,,52,0.509239491,0.5,,,,,,,,,,,,,,,,,,,,,,,,,,,,,,,,,,,,,,,,,,,,,,,
decision,1671585,207.6,65,,,26,,57,,,,,,,,,84136,5,1,FALSE,,,,,,,,,,,,,,,,,,,,,,,,,,,,,,,,,,,,,,,,,,,
dig,1673407,,,,,,[],57,,,,,,,,,,,,,,,,,,,,,,,,,,,,,,,,,,,,,,,,,,,,,,,,,,,,,,,
harvest,1674911,null,null,,,12,,57,,,,,,26,0.48038835,0.461538462,,,,,,,,,,,,,,,,,,,,,,,,,,,,,,,,,,,,,,,,,,,,,,,
decision,1674949,30.90000001,76,,,12,,57,,,,,,,,,87499,5,2,TRUE,,,,,,,,,,,,,,,,,,,,,,,,,,,,,,,,,,,,,,,,,,,
travel,1684927,,,,,,[],57,,,,,,,,,,,,,,,,,,,,,,,,,,,,,,,,,,,,,,,,,,,,,,,,,,,,,,,
alien_welcome,1689935,null,null,,,,,,,,,89,101,104,12,93,98,82,90,20,24,103,46,27,118,97,100,52,95,34,84,106,108,92,18,112,102,41,51,44,23,113,8,55,77,21,10,86,54,96,69,38,14,115,49,39,7,45,40,61,83,2,31
land,1690447,null,null,,,106,,58,,,,,,,,,,,,,,,,,,,,,,,,,,,,,,,,,,,,,,,,,,,,,,,,,,,,,,,
dig,1692455,,,,,,[],58,,,,,,,,,,,,,,,,,,,,,,,,,,,,,,,,,,,,,,,,,,,,,,,,,,,,,,,
harvest,1693963,null,null,,,53,,58,,,,,,106,0.50436405,0.5,,,,,,,,,,,,,,,,,,,,,,,,,,,,,,,,,,,,,,,,,,,,,,,
decision,1694049,82.8,65,,,53,,58,,,,,,,,,106600,5,0,FALSE,,,,,,,,,,,,,,,,,,,,,,,,,,,,,,,,,,,,,,,,,,,
dig,1696016,,,,,,[],58,,,,,,,,,,,,,,,,,,,,,,,,,,,,,,,,,,,,,,,,,,,,,,,,,,,,,,,
harvest,1697521,null,null,,,28,,58,,,,,,53,0.535730011,0.528301887,,,,,,,,,,,,,,,,,,,,,,,,,,,,,,,,,,,,,,,,,,,,,,,
decision,1697563,39.89999999,65,,,28,,58,,,,,,,,,110114,5,1,FALSE,,,,,,,,,,,,,,,,,,,,,,,,,,,,,,,,,,,,,,,,,,,
dig,1699560,,,,,,[],58,,,,,,,,,,,,,,,,,,,,,,,,,,,,,,,,,,,,,,,,,,,,,,,,,,,,,,,
harvest,1701068,null,null,,,13,,58,,,,,,28,0.479058089,0.464285714,,,,,,,,,,,,,,,,,,,,,,,,,,,,,,,,,,,,,,,,,,,,,,,
decision,1701323,253.5,76,,,13,,58,,,,,,,,,113874,5,2,TRUE,,,,,,,,,,,,,,,,,,,,,,,,,,,,,,,,,,,,,,,,,,,
travel,1711079,,,,,,[],58,,,,,,,,,,,,,,,,,,,,,,,,,,,,,,,,,,,,,,,,,,,,,,,,,,,,,,,
alien_welcome,1716104,null,null,,,,,,,,,35,101,104,12,93,98,82,90,20,24,103,46,27,118,97,100,52,95,34,84,106,108,92,18,112,102,41,51,44,23,113,8,55,77,21,10,86,54,96,69,38,14,115,49,39,7,45,40,61,83,2,31
land,1716607,null,null,,,92,,59,,,,,,,,,,,,,,,,,,,,,,,,,,,,,,,,,,,,,,,,,,,,,,,,,,,,,,,
dig,1718615,,,,,,[],59,,,,,,,,,,,,,,,,,,,,,,,,,,,,,,,,,,,,,,,,,,,,,,,,,,,,,,,
harvest,1720120,null,null,,,44,,59,,,,,,92,0.474806889,0.47826087,,,,,,,,,,,,,,,,,,,,,,,,,,,,,,,,,,,,,,,,,,,,,,,
decision,1720281,158.6,65,,,44,,59,,,,,,,,,132832,5,0,FALSE,,,,,,,,,,,,,,,,,,,,,,,,,,,,,,,,,,,,,,,,,,,
dig,1722143,,,,,,[],59,,,,,,,,,,,,,,,,,,,,,,,,,,,,,,,,,,,,,,,,,,,,,,,,,,,,,,,
harvest,1723648,null,null,,,23,,59,,,,,,44,0.530735853,0.522727273,,,,,,,,,,,,,,,,,,,,,,,,,,,,,,,,,,,,,,,,,,,,,,,
decision,1723687,32.40000001,76,,,23,,59,,,,,,,,,136238,5,1,TRUE,,,,,,,,,,,,,,,,,,,,,,,,,,,,,,,,,,,,,,,,,,,
travel,1733711,,,,,,[],59,,,,,,,,,,,,,,,,,,,,,,,,,,,,,,,,,,,,,,,,,,,,,,,,,,,,,,,
alien_welcome,1738719,null,null,,,,,,,,,64,101,104,12,93,98,82,90,20,24,103,46,27,118,97,100,52,95,34,84,106,108,92,18,112,102,41,51,44,23,113,8,55,77,21,10,86,54,96,69,38,14,115,49,39,7,45,40,61,83,2,31
land,1739223,null,null,,,101,,60,,,,,,,,,,,,,,,,,,,,,,,,,,,,,,,,,,,,,,,,,,,,,,,,,,,,,,,
dig,1741231,,,,,,[],60,,,,,,,,,,,,,,,,,,,,,,,,,,,,,,,,,,,,,,,,,,,,,,,,,,,,,,,
harvest,1742745,null,null,,,58,,60,,,,,,101,0.570477467,0.574257426,,,,,,,,,,,,,,,,,,,,,,,,,,,,,,,,,,,,,,,,,,,,,,,
decision,1742934,187,65,,,58,,60,,,,,,,,,155485,5,0,FALSE,,,,,,,,,,,,,,,,,,,,,,,,,,,,,,,,,,,,,,,,,,,
dig,1744775,,,,,,[],60,,,,,,,,,,,,,,,,,,,,,,,,,,,,,,,,,,,,,,,,,,,,,,,,,,,,,,,
harvest,1746279,null,null,,,24,,60,,,,,,58,0.419561429,0.413793103,,,,,,,,,,,,,,,,,,,,,,,,,,,,,,,,,,,,,,,,,,,,,,,
decision,1746293,12.09999999,65,,,24,,60,,,,,,,,,158844,5,1,FALSE,,,,,,,,,,,,,,,,,,,,,,,,,,,,,,,,,,,,,,,,,,,
dig,1748295,,,,,,[],60,,,,,,,,,,,,,,,,,,,,,,,,,,,,,,,,,,,,,,,,,,,,,,,,,,,,,,,
harvest,1749800,null,null,,,13,,60,,,,,,24,0.523879822,0.541666667,,,,,,,,,,,,,,,,,,,,,,,,,,,,,,,,,,,,,,,,,,,,,,,
decision,1749858,54.89999999,76,,,13,,60,,,,,,,,,162409,5,2,TRUE,,,,,,,,,,,,,,,,,,,,,,,,,,,,,,,,,,,,,,,,,,,
travel,1759874,,,,,,[],60,,,,,,,,,,,,,,,,,,,,,,,,,,,,,,,,,,,,,,,,,,,,,,,,,,,,,,,
alien_welcome,1764879,null,null,,,,,,,,,117,101,104,12,93,98,82,90,20,24,103,46,27,118,97,100,52,95,34,84,106,108,92,18,112,102,41,51,44,23,113,8,55,77,21,10,86,54,96,69,38,14,115,49,39,7,45,40,61,83,2,31
land,1765383,null,null,,,100,,61,,,,,,,,,,,,,,,,,,,,,,,,,,,,,,,,,,,,,,,,,,,,,,,,,,,,,,,
dig,1767391,,,,,,[],61,,,,,,,,,,,,,,,,,,,,,,,,,,,,,,,,,,,,,,,,,,,,,,,,,,,,,,,
harvest,1768898,null,null,,,49,,61,,,,,,100,0.491399195,0.49,,,,,,,,,,,,,,,,,,,,,,,,,,,,,,,,,,,,,,,,,,,,,,,
decision,1768967,66.10000001,65,,,49,,61,,,,,,,,,181517,5,0,FALSE,,,,,,,,,,,,,,,,,,,,,,,,,,,,,,,,,,,,,,,,,,,
dig,1770911,,,,,,[],61,,,,,,,,,,,,,,,,,,,,,,,,,,,,,,,,,,,,,,,,,,,,,,,,,,,,,,,
harvest,1772415,null,null,,,28,,61,,,,,,49,0.572392916,0.571428571,,,,,,,,,,,,,,,,,,,,,,,,,,,,,,,,,,,,,,,,,,,,,,,
decision,1772593,175.2,65,,,28,,61,,,,,,,,,185145,5,1,FALSE,,,,,,,,,,,,,,,,,,,,,,,,,,,,,,,,,,,,,,,,,,,
dig,1774431,,,,,,[],61,,,,,,,,,,,,,,,,,,,,,,,,,,,,,,,,,,,,,,,,,,,,,,,,,,,,,,,
harvest,1775935,null,null,,,16,,61,,,,,,28,0.587712992,0.571428571,,,,,,,,,,,,,,,,,,,,,,,,,,,,,,,,,,,,,,,,,,,,,,,
decision,1776041,103.3,76,,,16,,61,,,,,,,,,188592,5,2,TRUE,,,,,,,,,,,,,,,,,,,,,,,,,,,,,,,,,,,,,,,,,,,
travel,1785951,,,,,,[],61,,,,,,,,,,,,,,,,,,,,,,,,,,,,,,,,,,,,,,,,,,,,,,,,,,,,,,,
alien_welcome,1790956,null,null,,,,,,,,,114,101,104,12,93,98,82,90,20,24,103,46,27,118,97,100,52,95,34,84,106,108,92,18,112,102,41,51,44,23,113,8,55,77,21,10,86,54,96,69,38,14,115,49,39,7,45,40,61,83,2,31
land,1791468,null,null,,,100,,62,,,,,,,,,,,,,,,,,,,,,,,,,,,,,,,,,,,,,,,,,,,,,,,,,,,,,,,
dig,1793479,,,,,,[],62,,,,,,,,,,,,,,,,,,,,,,,,,,,,,,,,,,,,,,,,,,,,,,,,,,,,,,,
harvest,1794982,null,null,,,54,,62,,,,,,100,0.540111802,0.54,,,,,,,,,,,,,,,,,,,,,,,,,,,,,,,,,,,,,,,,,,,,,,,
decision,1795082,96.8,65,,,54,,62,,,,,,,,,207632,5,0,FALSE,,,,,,,,,,,,,,,,,,,,,,,,,,,,,,,,,,,,,,,,,,,
dig,1796999,,,,,,[],62,,,,,,,,,,,,,,,,,,,,,,,,,,,,,,,,,,,,,,,,,,,,,,,,,,,,,,,
harvest,1798503,null,null,,,32,,62,,,,,,54,0.601454484,0.592592593,,,,,,,,,,,,,,,,,,,,,,,,,,,,,,,,,,,,,,,,,,,,,,,
decision,1798676,170.7,65,,,32,,62,,,,,,,,,211227,5,1,FALSE,,,,,,,,,,,,,,,,,,,,,,,,,,,,,,,,,,,,,,,,,,,
dig,1800517,,,,,,[],62,,,,,,,,,,,,,,,,,,,,,,,,,,,,,,,,,,,,,,,,,,,,,,,,,,,,,,,
harvest,1802023,null,null,,,14,,62,,,,,,32,0.451200542,0.4375,,,,,,,,,,,,,,,,,,,,,,,,,,,,,,,,,,,,,,,,,,,,,,,
decision,1802214,188.7,76,,,14,,62,,,,,,,,,214765,5,2,TRUE,,,,,,,,,,,,,,,,,,,,,,,,,,,,,,,,,,,,,,,,,,,
travel,1812039,,,,,,[],62,,,,,,,,,,,,,,,,,,,,,,,,,,,,,,,,,,,,,,,,,,,,,,,,,,,,,,,
alien_welcome,1817047,null,null,,,,,,,,,88,101,104,12,93,98,82,90,20,24,103,46,27,118,97,100,52,95,34,84,106,108,92,18,112,102,41,51,44,23,113,8,55,77,21,10,86,54,96,69,38,14,115,49,39,7,45,40,61,83,2,31
land,1817551,null,null,,,107,,63,,,,,,,,,,,,,,,,,,,,,,,,,,,,,,,,,,,,,,,,,,,,,,,,,,,,,,,
dig,1819559,,,,,,[],63,,,,,,,,,,,,,,,,,,,,,,,,,,,,,,,,,,,,,,,,,,,,,,,,,,,,,,,
harvest,1821063,null,null,,,49,,63,,,,,,107,0.455821602,0.457943925,,,,,,,,,,,,,,,,,,,,,,,,,,,,,,,,,,,,,,,,,,,,,,,
decision,1821145,79.59999999,65,,,49,,63,,,,,,,,,233696,5,0,FALSE,,,,,,,,,,,,,,,,,,,,,,,,,,,,,,,,,,,,,,,,,,,
dig,1823143,,,,,,[],63,,,,,,,,,,,,,,,,,,,,,,,,,,,,,,,,,,,,,,,,,,,,,,,,,,,,,,,
harvest,1824647,null,null,,,23,,63,,,,,,49,0.463990675,0.469387755,,,,,,,,,,,,,,,,,,,,,,,,,,,,,,,,,,,,,,,,,,,,,,,
decision,1824791,141.8,65,,,23,,63,,,,,,,,,237342,5,1,FALSE,,,,,,,,,,,,,,,,,,,,,,,,,,,,,,,,,,,,,,,,,,,
dig,1826679,,,,,,[],63,,,,,,,,,,,,,,,,,,,,,,,,,,,,,,,,,,,,,,,,,,,,,,,,,,,,,,,
harvest,1828183,null,null,,,12,,63,,,,,,23,0.539129218,0.52173913,,,,,,,,,,,,,,,,,,,,,,,,,,,,,,,,,,,,,,,,,,,,,,,
decision,1828301,114.8,76,,,12,,63,,,,,,,,,240851,5,2,TRUE,,,,,,,,,,,,,,,,,,,,,,,,,,,,,,,,,,,,,,,,,,,
travel,1838199,,,,,,[],63,,,,,,,,,,,,,,,,,,,,,,,,,,,,,,,,,,,,,,,,,,,,,,,,,,,,,,,
alien_welcome,1843207,null,null,,,,,,,,,111,101,104,12,93,98,82,90,20,24,103,46,27,118,97,100,52,95,34,84,106,108,92,18,112,102,41,51,44,23,113,8,55,77,21,10,86,54,96,69,38,14,115,49,39,7,45,40,61,83,2,31
land,1843714,null,null,,,108,,64,,,,,,,,,,,,,,,,,,,,,,,,,,,,,,,,,,,,,,,,,,,,,,,,,,,,,,,
dig,1845728,,,,,,[],64,,,,,,,,,,,,,,,,,,,,,,,,,,,,,,,,,,,,,,,,,,,,,,,,,,,,,,,
harvest,1847231,null,null,,,48,,64,,,,,,108,0.440643806,0.444444444,,,,,,,,,,,,,,,,,,,,,,,,,,,,,,,,,,,,,,,,,,,,,,,
decision,1847234,0.400000006,65,,,48,,64,,,,,,,,,259784,5,0,FALSE,,,,,,,,,,,,,,,,,,,,,,,,,,,,,,,,,,,,,,,,,,,
dig,1849255,,,,,,[],64,,,,,,,,,,,,,,,,,,,,,,,,,,,,,,,,,,,,,,,,,,,,,,,,,,,,,,,
harvest,1850762,null,null,,,27,,64,,,,,,48,0.552677881,0.5625,,,,,,,,,,,,,,,,,,,,,,,,,,,,,,,,,,,,,,,,,,,,,,,
decision,1850921,157.4,76,,,27,,64,,,,,,,,,263472,5,1,TRUE,,,,,,,,,,,,,,,,,,,,,,,,,,,,,,,,,,,,,,,,,,,
travel,1860784,,,,,,[],64,,,,,,,,,,,,,,,,,,,,,,,,,,,,,,,,,,,,,,,,,,,,,,,,,,,,,,,
alien_welcome,1865791,null,null,,,,,,,,,76,101,104,12,93,98,82,90,20,24,103,46,27,118,97,100,52,95,34,84,106,108,92,18,112,102,41,51,44,23,113,8,55,77,21,10,86,54,96,69,38,14,115,49,39,7,45,40,61,83,2,31
land,1866295,null,null,,,99,,65,,,,,,,,,,,,,,,,,,,,,,,,,,,,,,,,,,,,,,,,,,,,,,,,,,,,,,,
dig,1868303,,,,,,[],65,,,,,,,,,,,,,,,,,,,,,,,,,,,,,,,,,,,,,,,,,,,,,,,,,,,,,,,
harvest,1869807,null,null,,,49,,65,,,,,,99,0.49805289,0.494949495,,,,,,,,,,,,,,,,,,,,,,,,,,,,,,,,,,,,,,,,,,,,,,,
decision,1869883,74,65,,,49,,65,,,,,,,,,282435,5,0,FALSE,,,,,,,,,,,,,,,,,,,,,,,,,,,,,,,,,,,,,,,,,,,
dig,1871847,,,,,,[],65,,,,,,,,,,,,,,,,,,,,,,,,,,,,,,,,,,,,,,,,,,,,,,,,,,,,,,,
harvest,1873351,null,null,,,23,,65,,,,,,49,0.473367439,0.469387755,,,,,,,,,,,,,,,,,,,,,,,,,,,,,,,,,,,,,,,,,,,,,,,
decision,1873405,50.80000001,76,,,23,,65,,,,,,,,,285956,5,1,TRUE,,,,,,,,,,,,,,,,,,,,,,,,,,,,,,,,,,,,,,,,,,,
travel,1883383,,,,,,[],65,,,,,,,,,,,,,,,,,,,,,,,,,,,,,,,,,,,,,,,,,,,,,,,,,,,,,,,
alien_welcome,1888391,null,null,,,,,,,,,80,101,104,12,93,98,82,90,20,24,103,46,27,118,97,100,52,95,34,84,106,108,92,18,112,102,41,51,44,23,113,8,55,77,21,10,86,54,96,69,38,14,115,49,39,7,45,40,61,83,2,31
land,1888895,null,null,,,104,,66,,,,,,,,,,,,,,,,,,,,,,,,,,,,,,,,,,,,,,,,,,,,,,,,,,,,,,,
dig,1890903,,,,,,[],66,,,,,,,,,,,,,,,,,,,,,,,,,,,,,,,,,,,,,,,,,,,,,,,,,,,,,,,
harvest,1892407,null,null,,,44,,66,,,,,,104,0.425102568,0.423076923,,,,,,,,,,,,,,,,,,,,,,,,,,,,,,,,,,,,,,,,,,,,,,,
decision,1892493,82.7,65,,,44,,66,,,,,,,,,305043,5,0,FALSE,,,,,,,,,,,,,,,,,,,,,,,,,,,,,,,,,,,,,,,,,,,
dig,1894423,,,,,,[],66,,,,,,,,,,,,,,,,,,,,,,,,,,,,,,,,,,,,,,,,,,,,,,,,,,,,,,,
harvest,1895931,null,null,,,22,,66,,,,,,44,0.510905949,0.5,,,,,,,,,,,,,,,,,,,,,,,,,,,,,,,,,,,,,,,,,,,,,,,
decision,1896054,119.7,76,,,22,,66,,,,,,,,,308604,5,1,TRUE,,,,,,,,,,,,,,,,,,,,,,,,,,,,,,,,,,,,,,,,,,,
travel,1905943,,,,,,[],66,,,,,,,,,,,,,,,,,,,,,,,,,,,,,,,,,,,,,,,,,,,,,,,,,,,,,,,
alien_welcome,1910955,null,null,,,,,,,,,110,101,104,12,93,98,82,90,20,24,103,46,27,118,97,100,52,95,34,84,106,108,92,18,112,102,41,51,44,23,113,8,55,77,21,10,86,54,96,69,38,14,115,49,39,7,45,40,61,83,2,31
land,1911463,null,null,,,98,,67,,,,,,,,,,,,,,,,,,,,,,,,,,,,,,,,,,,,,,,,,,,,,,,,,,,,,,,
dig,1913471,,,,,,[],67,,,,,,,,,,,,,,,,,,,,,,,,,,,,,,,,,,,,,,,,,,,,,,,,,,,,,,,
harvest,1914977,null,null,,,50,,67,,,,,,98,0.505297693,0.510204082,,,,,,,,,,,,,,,,,,,,,,,,,,,,,,,,,,,,,,,,,,,,,,,
decision,1915120,140.3,65,,,50,,67,,,,,,,,,327671,5,0,FALSE,,,,,,,,,,,,,,,,,,,,,,,,,,,,,,,,,,,,,,,,,,,
dig,1916999,,,,,,[],67,,,,,,,,,,,,,,,,,,,,,,,,,,,,,,,,,,,,,,,,,,,,,,,,,,,,,,,
harvest,1918503,null,null,,,25,,67,,,,,,50,0.505622439,0.5,,,,,,,,,,,,,,,,,,,,,,,,,,,,,,,,,,,,,,,,,,,,,,,
decision,1918740,233.7,76,,,25,,67,,,,,,,,,331290,5,1,TRUE,,,,,,,,,,,,,,,,,,,,,,,,,,,,,,,,,,,,,,,,,,,
travel,1928519,,,,,,[],67,,,,,,,,,,,,,,,,,,,,,,,,,,,,,,,,,,,,,,,,,,,,,,,,,,,,,,,
alien_welcome,1933529,null,null,,,,,,,,,85,101,104,12,93,98,82,90,20,24,103,46,27,118,97,100,52,95,34,84,106,108,92,18,112,102,41,51,44,23,113,8,55,77,21,10,86,54,96,69,38,14,115,49,39,7,45,40,61,83,2,31
land,1934042,null,null,,,98,,68,,,,,,,,,,,,,,,,,,,,,,,,,,,,,,,,,,,,,,,,,,,,,,,,,,,,,,,
dig,1936055,,,,,,[],68,,,,,,,,,,,,,,,,,,,,,,,,,,,,,,,,,,,,,,,,,,,,,,,,,,,,,,,
harvest,1937567,null,null,,,44,,68,,,,,,98,0.44691049,0.448979592,,,,,,,,,,,,,,,,,,,,,,,,,,,,,,,,,,,,,,,,,,,,,,,
decision,1937707,137.5,65,,,44,,68,,,,,,,,,350258,5,0,FALSE,,,,,,,,,,,,,,,,,,,,,,,,,,,,,,,,,,,,,,,,,,,
dig,1939607,,,,,,[],68,,,,,,,,,,,,,,,,,,,,,,,,,,,,,,,,,,,,,,,,,,,,,,,,,,,,,,,
harvest,1941111,null,null,,,18,,68,,,,,,44,0.41262696,0.409090909,,,,,,,,,,,,,,,,,,,,,,,,,,,,,,,,,,,,,,,,,,,,,,,
decision,1941178,60.89999999,76,,,18,,68,,,,,,,,,353728,5,1,TRUE,,,,,,,,,,,,,,,,,,,,,,,,,,,,,,,,,,,,,,,,,,,
travel,1951151,,,,,,[],68,,,,,,,,,,,,,,,,,,,,,,,,,,,,,,,,,,,,,,,,,,,,,,,,,,,,,,,
alien_welcome,1956159,null,null,,,,,,,,,62,101,104,12,93,98,82,90,20,24,103,46,27,118,97,100,52,95,34,84,106,108,92,18,112,102,41,51,44,23,113,8,55,77,21,10,86,54,96,69,38,14,115,49,39,7,45,40,61,83,2,31
land,1956663,null,null,,,95,,69,,,,,,,,,,,,,,,,,,,,,,,,,,,,,,,,,,,,,,,,,,,,,,,,,,,,,,,
dig,1958671,,,,,,[],69,,,,,,,,,,,,,,,,,,,,,,,,,,,,,,,,,,,,,,,,,,,,,,,,,,,,,,,
harvest,1960181,null,null,,,74,,69,,,,,,95,0.778370409,0.778947368,,,,,,,,,,,,,,,,,,,,,,,,,,,,,,,,,,,,,,,,,,,,,,,
decision,1960303,115.9,65,,,74,,69,,,,,,,,,372853,5,0,TRUE,,,,,,,,,,,,,,,,,,,,,,,,,,,,,,,,,,,,,,,,,,,
catch,1962606,2284.3,90,,,74,,,,,,,,,,,,,,,,,,,,,,,,,,,,,,,,,,,,,,,,,,,,,,,,,,,,,,,,,
debrief,2006803,44178.8,,,,,{planet_threshold:no,planet_threshold_desc:,dig_threshold:yes,dig_threshold_desc:the entire time,surprise:no,surprise_desc:,dynamic:no,dynamic_desc:,other:no,other_desc:,feedback:},,,,,,,,,,,,,,,,,,,,,,,,,,,,,,,,,,,,,,,,,,,,,,
demo,2012257,5445.6,,,,,{age:60,gender:male},,,,,,,,,,,,,,,,,,,,,,,,,,,,,,,,,,,,,,,,,,,,,,,,,,,,,,,
end_of_exp,2018526,6263.2,32,,,,,,,,,,,,,,,,,,3,0,,,,,,,,,,,,,,,,,,,,,,,,,,,,,,,,,,,,,,,,,