trial_type,time_elapsed,rt,key_press,condition,subject_id,next_reward,responses,planet,curr_prac_trial,n_prac_rounds,button_pressed,alien,aliens,reward_received,decay_rate_actual,decay_rate_exp,time_in_block,block_num,prt,last_trial_on_planet,bonus,num_failures,,,,,,,,,,,,,,,,,,,,,,,,,,,,,
fullscreen,11007,,,,,,,,,,,,,,,,,,,,,,,,,,,,,,,,,,,,,,,,,,,,,,,,,,
instruc_welcome,29836,18826,32,1,A1U7H3XZZMI041,,,,,,,,,,,,,,,,,,,,,,,,,,,,,,,,,,,,,,,,,,,,,,
instruc_goal,31381,1544,32,,,,,,,,,,,,,,,,,,,,,,,,,,,,,,,,,,,,,,,,,,,,,,,,
instruc_dig,36642,5260,65,,,100,,,,,,,,,,,,,,,,,,,,,,,,,,,,,,,,,,,,,,,,,,,,,
dig_instruc,38657,,,,,,[],,,,,,,,,,,,,,,,,,,,,,,,,,,,,,,,,,,,,,,,,,,,
harvest_instruc,40161,null,null,,,,,,,,,,,,,,,,,,,,,,,,,,,,,,,,,,,,,,,,,,,,,,,,
instruc_travel,54707,14545,76,,,,,,,,,,,,,,,,,,,,,,,,,,,,,,,,,,,,,,,,,,,,,,,,
travel_prac,64711,,,,,,[],0,,,,,,,,,,,,,,,,,,,,,,,,,,,,,,,,,,,,,,,,,,,
instruc_alien_greet,67555,2843,32,,,,,,,,,,,,,,,,,,,,,,,,,,,,,,,,,,,,,,,,,,,,,,,,
time_out,68328,770,32,,,,,,,,,,,,,,,,,,,,,,,,,,,,,,,,,,,,,,,,,,,,,,,,
instruc_break,72426,4097,32,,,,,,,,,,,,,,,,,,,,,,,,,,,,,,,,,,,,,,,,,,,,,,,,
quiz_prac,102969,30538,,,,,{Q0:A,Q1:A,Q2:B},,,,,,,,,,,,,,,,,,,,,,,,,,,,,,,,,,,,,,,,,,
quiz_incorrect,106818,3845,,,,,{Q0:C,Q1:B,Q2:B},,,,,,,,,,,,,,,,,,,,,,,,,,,,,,,,,,,,,,,,,,
instruc_goal,110588,3767,32,,,,,,,,,,,,,,,,,,,,,,,,,,,,,,,,,,,,,,,,,,,,,,,,
instruc_dig,113451,2861,65,,,100,,,,,,,,,,,,,,,,,,,,,,,,,,,,,,,,,,,,,,,,,,,,,
dig_instruc,115459,,,,,,[],,,,,,,,,,,,,,,,,,,,,,,,,,,,,,,,,,,,,,,,,,,,
harvest_instruc,116963,null,null,,,,,,,,,,,,,,,,,,,,,,,,,,,,,,,,,,,,,,,,,,,,,,,,
instruc_travel,118886,1922,76,,,,,,,,,,,,,,,,,,,,,,,,,,,,,,,,,,,,,,,,,,,,,,,,
travel_prac,128887,,,,,,[],0,,,,,,,,,,,,,,,,,,,,,,,,,,,,,,,,,,,,,,,,,,,
time_out,132368,3479,32,,,,,,,,,,,,,,,,,,,,,,,,,,,,,,,,,,,,,,,,,,,,,,,,
instruc_break,134769,2399,32,,,,,,,,,,,,,,,,,,,,,,,,,,,,,,,,,,,,,,,,,,,,,,,,
quiz_prac,139610,4839,,,,,{Q0:A,Q1:A,Q2:A},,,,,,,,,,,,,,,,,,,,,,,,,,,,,,,,,,,,,,,,,,
quiz_incorrect,148012,8397,,,,,{Q0:C,Q1:B,Q2:B},,,,,,,,,,,,,,,,,,,,,,,,,,,,,,,,,,,,,,,,,,
instruc_goal,149572,1557,32,,,,,,,,,,,,,,,,,,,,,,,,,,,,,,,,,,,,,,,,,,,,,,,,
instruc_dig,151410,1836,65,,,100,,,,,,,,,,,,,,,,,,,,,,,,,,,,,,,,,,,,,,,,,,,,,
dig_instruc,153414,,,,,,[],,,,,,,,,,,,,,,,,,,,,,,,,,,,,,,,,,,,,,,,,,,,
harvest_instruc,154919,null,null,,,,,,,,,,,,,,,,,,,,,,,,,,,,,,,,,,,,,,,,,,,,,,,,
instruc_travel,156379,1459,76,,,,,,,,,,,,,,,,,,,,,,,,,,,,,,,,,,,,,,,,,,,,,,,,
travel_prac,166380,,,,,,[],0,,,,,,,,,,,,,,,,,,,,,,,,,,,,,,,,,,,,,,,,,,,
time_out,168510,2129,32,,,,,,,,,,,,,,,,,,,,,,,,,,,,,,,,,,,,,,,,,,,,,,,,
instruc_break,169968,1456,32,,,,,,,,,,,,,,,,,,,,,,,,,,,,,,,,,,,,,,,,,,,,,,,,
quiz_prac,172632,2662,,,,,{Q0:A,Q1:A,Q2:A},,,,,,,,,,,,,,,,,,,,,,,,,,,,,,,,,,,,,,,,,,
quiz_incorrect,173811,1176,,,,,{Q0:C,Q1:B,Q2:B},,,,,,,,,,,,,,,,,,,,,,,,,,,,,,,,,,,,,,,,,,
instruc_goal,175248,1435,32,,,,,,,,,,,,,,,,,,,,,,,,,,,,,,,,,,,,,,,,,,,,,,,,
instruc_dig,176820,1571,65,,,100,,,,,,,,,,,,,,,,,,,,,,,,,,,,,,,,,,,,,,,,,,,,,
dig_instruc,178823,,,,,,[],,,,,,,,,,,,,,,,,,,,,,,,,,,,,,,,,,,,,,,,,,,,
harvest_instruc,180328,null,null,,,,,,,,,,,,,,,,,,,,,,,,,,,,,,,,,,,,,,,,,,,,,,,,
instruc_travel,181340,1010,76,,,,,,,,,,,,,,,,,,,,,,,,,,,,,,,,,,,,,,,,,,,,,,,,
travel_prac,191341,,,,,,[],0,,,,,,,,,,,,,,,,,,,,,,,,,,,,,,,,,,,,,,,,,,,
time_out,193009,1667,32,,,,,,,,,,,,,,,,,,,,,,,,,,,,,,,,,,,,,,,,,,,,,,,,
instruc_break,194098,1088,32,,,,,,,,,,,,,,,,,,,,,,,,,,,,,,,,,,,,,,,,,,,,,,,,
quiz_prac,196156,2056,,,,,{Q0:A,Q1:A,Q2:A},,,,,,,,,,,,,,,,,,,,,,,,,,,,,,,,,,,,,,,,,,
quiz_incorrect,197601,1442,,,,,{Q0:C,Q1:B,Q2:B},,,,,,,,,,,,,,,,,,,,,,,,,,,,,,,,,,,,,,,,,,
instruc_goal,198890,1288,32,,,,,,,,,,,,,,,,,,,,,,,,,,,,,,,,,,,,,,,,,,,,,,,,
instruc_dig,200299,1408,65,,,100,,,,,,,,,,,,,,,,,,,,,,,,,,,,,,,,,,,,,,,,,,,,,
dig_instruc,202302,,,,,,[],,,,,,,,,,,,,,,,,,,,,,,,,,,,,,,,,,,,,,,,,,,,
harvest_instruc,203804,null,null,,,,,,,,,,,,,,,,,,,,,,,,,,,,,,,,,,,,,,,,,,,,,,,,
instruc_travel,204608,803,76,,,,,,,,,,,,,,,,,,,,,,,,,,,,,,,,,,,,,,,,,,,,,,,,
travel_prac,214613,,,,,,[],0,,,,,,,,,,,,,,,,,,,,,,,,,,,,,,,,,,,,,,,,,,,
time_out,218812,4197,32,,,,,,,,,,,,,,,,,,,,,,,,,,,,,,,,,,,,,,,,,,,,,,,,
instruc_break,221435,2622,32,,,,,,,,,,,,,,,,,,,,,,,,,,,,,,,,,,,,,,,,,,,,,,,,
quiz_prac,224502,3065,,,,,{Q0:A,Q1:A,Q2:A},,,,,,,,,,,,,,,,,,,,,,,,,,,,,,,,,,,,,,,,,,
quiz_incorrect,226111,1605,,,,,{Q0:C,Q1:B,Q2:B},,,,,,,,,,,,,,,,,,,,,,,,,,,,,,,,,,,,,,,,,,
instruc_goal,227008,895,32,,,,,,,,,,,,,,,,,,,,,,,,,,,,,,,,,,,,,,,,,,,,,,,,
instruc_dig,228191,1181,65,,,100,,,,,,,,,,,,,,,,,,,,,,,,,,,,,,,,,,,,,,,,,,,,,
dig_instruc,230195,,,,,,[],,,,,,,,,,,,,,,,,,,,,,,,,,,,,,,,,,,,,,,,,,,,
harvest_instruc,231697,null,null,,,,,,,,,,,,,,,,,,,,,,,,,,,,,,,,,,,,,,,,,,,,,,,,
instruc_travel,232085,384,76,,,,,,,,,,,,,,,,,,,,,,,,,,,,,,,,,,,,,,,,,,,,,,,,
travel_prac,242124,,,,,,[],0,,,,,,,,,,,,,,,,,,,,,,,,,,,,,,,,,,,,,,,,,,,
time_out,278779,36653,32,,,,,,,,,,,,,,,,,,,,,,,,,,,,,,,,,,,,,,,,,,,,,,,,
instruc_break,282469,3688,32,,,,,,,,,,,,,,,,,,,,,,,,,,,,,,,,,,,,,,,,,,,,,,,,
quiz_prac,287198,4727,,,,,{Q0:B,Q1:A,Q2:A},,,,,,,,,,,,,,,,,,,,,,,,,,,,,,,,,,,,,,,,,,
quiz_incorrect,315353,28152,,,,,{Q0:C,Q1:C,Q2:B},,,,,,,,,,,,,,,,,,,,,,,,,,,,,,,,,,,,,,,,,,
instruc_goal,316712,1357,32,,,,,,,,,,,,,,,,,,,,,,,,,,,,,,,,,,,,,,,,,,,,,,,,
instruc_dig,318552,1838,65,,,100,,,,,,,,,,,,,,,,,,,,,,,,,,,,,,,,,,,,,,,,,,,,,
dig_instruc,320556,,,,,,[],,,,,,,,,,,,,,,,,,,,,,,,,,,,,,,,,,,,,,,,,,,,
harvest_instruc,322058,null,null,,,,,,,,,,,,,,,,,,,,,,,,,,,,,,,,,,,,,,,,,,,,,,,,
instruc_travel,322111,52,76,,,,,,,,,,,,,,,,,,,,,,,,,,,,,,,,,,,,,,,,,,,,,,,,
travel_prac,332112,,,,,,[],0,,,,,,,,,,,,,,,,,,,,,,,,,,,,,,,,,,,,,,,,,,,
time_out,338073,5959,32,,,,,,,,,,,,,,,,,,,,,,,,,,,,,,,,,,,,,,,,,,,,,,,,
instruc_break,343032,4958,32,,,,,,,,,,,,,,,,,,,,,,,,,,,,,,,,,,,,,,,,,,,,,,,,
quiz_prac,367715,24680,,,,,{Q0:C,Q1:B,Q2:A},,,,,,,,,,,,,,,,,,,,,,,,,,,,,,,,,,,,,,,,,,
quiz_incorrect,376888,9169,,,,,{Q0:C,Q1:B,Q2:A},,,,,,,,,,,,,,,,,,,,,,,,,,,,,,,,,,,,,,,,,,
instruc_goal,377973,1084,32,,,,,,,,,,,,,,,,,,,,,,,,,,,,,,,,,,,,,,,,,,,,,,,,
instruc_dig,379335,1361,65,,,100,,,,,,,,,,,,,,,,,,,,,,,,,,,,,,,,,,,,,,,,,,,,,
dig_instruc,381338,,,,,,[],,,,,,,,,,,,,,,,,,,,,,,,,,,,,,,,,,,,,,,,,,,,
harvest_instruc,382839,null,null,,,,,,,,,,,,,,,,,,,,,,,,,,,,,,,,,,,,,,,,,,,,,,,,
instruc_travel,383433,593,76,,,,,,,,,,,,,,,,,,,,,,,,,,,,,,,,,,,,,,,,,,,,,,,,
travel_prac,393435,,,,,,[],0,,,,,,,,,,,,,,,,,,,,,,,,,,,,,,,,,,,,,,,,,,,
time_out,395634,2197,32,,,,,,,,,,,,,,,,,,,,,,,,,,,,,,,,,,,,,,,,,,,,,,,,
instruc_break,426783,31149,32,,,,,,,,,,,,,,,,,,,,,,,,,,,,,,,,,,,,,,,,,,,,,,,,
quiz_prac,430385,3601,,,,,{Q0:A,Q1:A,Q2:A},,,,,,,,,,,,,,,,,,,,,,,,,,,,,,,,,,,,,,,,,,
quiz_incorrect,433075,2686,,,,,{Q0:C,Q1:B,Q2:B},,,,,,,,,,,,,,,,,,,,,,,,,,,,,,,,,,,,,,,,,,
instruc_goal,450934,17858,32,,,,,,,,,,,,,,,,,,,,,,,,,,,,,,,,,,,,,,,,,,,,,,,,
instruc_dig,451993,1058,65,,,100,,,,,,,,,,,,,,,,,,,,,,,,,,,,,,,,,,,,,,,,,,,,,
dig_instruc,453997,,,,,,[],,,,,,,,,,,,,,,,,,,,,,,,,,,,,,,,,,,,,,,,,,,,
harvest_instruc,455504,null,null,,,,,,,,,,,,,,,,,,,,,,,,,,,,,,,,,,,,,,,,,,,,,,,,
instruc_travel,456773,1263,76,,,,,,,,,,,,,,,,,,,,,,,,,,,,,,,,,,,,,,,,,,,,,,,,
travel_prac,466776,,,,,,[],0,,,,,,,,,,,,,,,,,,,,,,,,,,,,,,,,,,,,,,,,,,,
time_out,518377,51599,32,,,,,,,,,,,,,,,,,,,,,,,,,,,,,,,,,,,,,,,,,,,,,,,,
instruc_break,522336,3958,32,,,,,,,,,,,,,,,,,,,,,,,,,,,,,,,,,,,,,,,,,,,,,,,,
quiz_prac,524717,2378,,,,,{Q0:A,Q1:A,Q2:A},,,,,,,,,,,,,,,,,,,,,,,,,,,,,,,,,,,,,,,,,,
quiz_incorrect,526756,2036,,,,,{Q0:C,Q1:B,Q2:B},,,,,,,,,,,,,,,,,,,,,,,,,,,,,,,,,,,,,,,,,,
instruc_goal,527675,917,32,,,,,,,,,,,,,,,,,,,,,,,,,,,,,,,,,,,,,,,,,,,,,,,,
instruc_dig,552675,24999,65,,,100,,,,,,,,,,,,,,,,,,,,,,,,,,,,,,,,,,,,,,,,,,,,,
dig_instruc,554679,,,,,,[],,,,,,,,,,,,,,,,,,,,,,,,,,,,,,,,,,,,,,,,,,,,
harvest_instruc,556205,null,null,,,,,,,,,,,,,,,,,,,,,,,,,,,,,,,,,,,,,,,,,,,,,,,,
instruc_travel,598335,42130,76,,,,,,,,,,,,,,,,,,,,,,,,,,,,,,,,,,,,,,,,,,,,,,,,
travel_prac,608337,,,,,,[],0,,,,,,,,,,,,,,,,,,,,,,,,,,,,,,,,,,,,,,,,,,,
time_out,616196,7857,32,,,,,,,,,,,,,,,,,,,,,,,,,,,,,,,,,,,,,,,,,,,,,,,,
instruc_break,617557,1359,32,,,,,,,,,,,,,,,,,,,,,,,,,,,,,,,,,,,,,,,,,,,,,,,,
quiz_prac,621471,3912,,,,,{Q0:A,Q1:A,Q2:A},,,,,,,,,,,,,,,,,,,,,,,,,,,,,,,,,,,,,,,,,,
quiz_incorrect,623132,1659,,,,,{Q0:C,Q1:B,Q2:B},,,,,,,,,,,,,,,,,,,,,,,,,,,,,,,,,,,,,,,,,,
instruc_goal,624455,1321,32,,,,,,,,,,,,,,,,,,,,,,,,,,,,,,,,,,,,,,,,,,,,,,,,
instruc_dig,625356,899,65,,,100,,,,,,,,,,,,,,,,,,,,,,,,,,,,,,,,,,,,,,,,,,,,,
dig_instruc,627365,,,,,,[],,,,,,,,,,,,,,,,,,,,,,,,,,,,,,,,,,,,,,,,,,,,
harvest_instruc,628923,null,null,,,,,,,,,,,,,,,,,,,,,,,,,,,,,,,,,,,,,,,,,,,,,,,,
instruc_travel,629786,863,76,,,,,,,,,,,,,,,,,,,,,,,,,,,,,,,,,,,,,,,,,,,,,,,,
travel_prac,639787,,,,,,[],0,,,,,,,,,,,,,,,,,,,,,,,,,,,,,,,,,,,,,,,,,,,
time_out,641995,2207,32,,,,,,,,,,,,,,,,,,,,,,,,,,,,,,,,,,,,,,,,,,,,,,,,
instruc_break,643296,1299,32,,,,,,,,,,,,,,,,,,,,,,,,,,,,,,,,,,,,,,,,,,,,,,,,
quiz_prac,657577,14279,,,,,{Q0:C,Q1:C,Q2:A},,,,,,,,,,,,,,,,,,,,,,,,,,,,,,,,,,,,,,,,,,
quiz_incorrect,679738,22157,,,,,{Q0:C,Q1:C,Q2:B},,,,,,,,,,,,,,,,,,,,,,,,,,,,,,,,,,,,,,,,,,
instruc_goal,680935,1195,32,,,,,,,,,,,,,,,,,,,,,,,,,,,,,,,,,,,,,,,,,,,,,,,,
instruc_dig,682652,1716,65,,,100,,,,,,,,,,,,,,,,,,,,,,,,,,,,,,,,,,,,,,,,,,,,,
dig_instruc,684657,,,,,,[],,,,,,,,,,,,,,,,,,,,,,,,,,,,,,,,,,,,,,,,,,,,
harvest_instruc,686166,null,null,,,,,,,,,,,,,,,,,,,,,,,,,,,,,,,,,,,,,,,,,,,,,,,,
instruc_travel,687515,1348,76,,,,,,,,,,,,,,,,,,,,,,,,,,,,,,,,,,,,,,,,,,,,,,,,
travel_prac,697517,,,,,,[],0,,,,,,,,,,,,,,,,,,,,,,,,,,,,,,,,,,,,,,,,,,,
time_out,698695,1176,32,,,,,,,,,,,,,,,,,,,,,,,,,,,,,,,,,,,,,,,,,,,,,,,,
instruc_break,699736,1040,32,,,,,,,,,,,,,,,,,,,,,,,,,,,,,,,,,,,,,,,,,,,,,,,,
quiz_prac,707438,7699,,,,,{Q0:C,Q1:B,Q2:A},,,,,,,,,,,,,,,,,,,,,,,,,,,,,,,,,,,,,,,,,,
quiz_incorrect,736218,28775,,,,,{Q0:C,Q1:B,Q2:B},,,,,,,,,,,,,,,,,,,,,,,,,,,,,,,,,,,,,,,,,,
instruc_goal,737528,1308,32,,,,,,,,,,,,,,,,,,,,,,,,,,,,,,,,,,,,,,,,,,,,,,,,
instruc_dig,739520,1991,65,,,100,,,,,,,,,,,,,,,,,,,,,,,,,,,,,,,,,,,,,,,,,,,,,
dig_instruc,741524,,,,,,[],,,,,,,,,,,,,,,,,,,,,,,,,,,,,,,,,,,,,,,,,,,,
harvest_instruc,743073,null,null,,,,,,,,,,,,,,,,,,,,,,,,,,,,,,,,,,,,,,,,,,,,,,,,
instruc_travel,744216,1122,76,,,,,,,,,,,,,,,,,,,,,,,,,,,,,,,,,,,,,,,,,,,,,,,,
travel_prac,754219,,,,,,[],0,,,,,,,,,,,,,,,,,,,,,,,,,,,,,,,,,,,,,,,,,,,
time_out,756056,1835,32,,,,,,,,,,,,,,,,,,,,,,,,,,,,,,,,,,,,,,,,,,,,,,,,
instruc_break,757499,1442,32,,,,,,,,,,,,,,,,,,,,,,,,,,,,,,,,,,,,,,,,,,,,,,,,
quiz_prac,774120,16619,,,,,{Q0:C,Q1:B,Q2:B},,,,,,,,,,,,,,,,,,,,,,,,,,,,,,,,,,,,,,,,,,
quiz_correct,778311,4183,,,,,{Q0:C,Q1:B,Q2:B},,,,,,,,,,,,,,,,,,,,,,,,,,,,,,,,,,,,,,,,,,
instruc_prac_game,786776,8464,32,,,,,,,,,,,,,,,,,,,,,,,,,,,,,,,,,,,,,,,,,,,,,,,,
alien_welcome_prac,791778,null,null,,,,,,,,,,,,,,,,,,,,,,,,,,,,,,,,,,,,,,,,,,,,,,,,
land_prac,792279,null,null,,,95,,0,,,,,,,,,,,,,,,,,,,,,,,,,,,,,,,,,,,,,,,,,,,
dig_prac,794284,,,,,,[],,,,,,,,,,,,,,,,,,,,,,,,,,,,,,,,,,,,,,,,,,,,
harvest_prac,795789,null,null,,,,,,,,,,,,,,,,,,,,,,,,,,,,,,,,,,,,,,,,,,,,,,,,
decision_prac,795859,69,65,,,,,,1,,,,,,,,,,,,,,,,,,,,,,,,,,,,,,,,,,,,,,,,,,
dig_prac,797864,,,,,,[],,,,,,,,,,,,,,,,,,,,,,,,,,,,,,,,,,,,,,,,,,,,
harvest_prac,799367,null,null,,,,,,,,,,,,,,,,,,,,,,,,,,,,,,,,,,,,,,,,,,,,,,,,
decision_prac,799456,88,65,,,,,,2,,,,,,,,,,,,,,,,,,,,,,,,,,,,,,,,,,,,,,,,,,
dig_prac,801460,,,,,,[],,,,,,,,,,,,,,,,,,,,,,,,,,,,,,,,,,,,,,,,,,,,
harvest_prac,802967,null,null,,,,,,,,,,,,,,,,,,,,,,,,,,,,,,,,,,,,,,,,,,,,,,,,
decision_prac,803838,870,65,,,,,,3,,,,,,,,,,,,,,,,,,,,,,,,,,,,,,,,,,,,,,,,,,
dig_prac,805844,,,,,,[],,,,,,,,,,,,,,,,,,,,,,,,,,,,,,,,,,,,,,,,,,,,
harvest_prac,807347,null,null,,,,,,,,,,,,,,,,,,,,,,,,,,,,,,,,,,,,,,,,,,,,,,,,
decision_prac,807617,268,65,,,,,,4,,,,,,,,,,,,,,,,,,,,,,,,,,,,,,,,,,,,,,,,,,
dig_prac,809622,,,,,,[],,,,,,,,,,,,,,,,,,,,,,,,,,,,,,,,,,,,,,,,,,,,
harvest_prac,811123,null,null,,,,,,,,,,,,,,,,,,,,,,,,,,,,,,,,,,,,,,,,,,,,,,,,
decision_prac,813125,null,null,,,,,,,1,,,,,,,,,,,,,,,,,,,,,,,,,,,,,,,,,,,,,,,,,
instruc_begin_exp,817198,4070,,,,,,,,,0,,,,,,,,,,,,,,,,,,,,,,,,,,,,,,,,,,,,,,,,
alien_welcome_prac,822207,null,null,,,,,,,,,,,,,,,,,,,,,,,,,,,,,,,,,,,,,,,,,,,,,,,,
land_prac,822709,null,null,,,102,,0,,,,,,,,,,,,,,,,,,,,,,,,,,,,,,,,,,,,,,,,,,,
dig_prac,824713,,,,,,[],,,,,,,,,,,,,,,,,,,,,,,,,,,,,,,,,,,,,,,,,,,,
harvest_instruc,826216,null,null,,,,,,,,,,,,,,,,,,,,,,,,,,,,,,,,,,,,,,,,,,,,,,,,
decision_prac,828217,null,null,,,,,,1,,,,,,,,,,,,,,,,,,,,,,,,,,,,,,,,,,,,,,,,,,
time_out,830220,null,null,,,,,,,,,,,,,,,,,,,,,,,,,,,,,,,,,,,,,,,,,,,,,,,,
decision_prac,830416,194,65,,,,,,2,,,,,,,,,,,,,,,,,,,,,,,,,,,,,,,,,,,,,,,,,,
dig_prac,832432,,,,,,[],,,,,,,,,,,,,,,,,,,,,,,,,,,,,,,,,,,,,,,,,,,,
harvest_prac,833937,null,null,,,,,,,,,,,,,,,,,,,,,,,,,,,,,,,,,,,,,,,,,,,,,,,,
decision_prac,834016,78,65,,,,,,3,,,,,,,,,,,,,,,,,,,,,,,,,,,,,,,,,,,,,,,,,,
dig_prac,836020,,,,,,[],,,,,,,,,,,,,,,,,,,,,,,,,,,,,,,,,,,,,,,,,,,,
harvest_prac,837528,null,null,,,,,,,,,,,,,,,,,,,,,,,,,,,,,,,,,,,,,,,,,,,,,,,,
decision_prac,838317,786,76,,,,,,4,,,,,,,,,,,,,,,,,,,,,,,,,,,,,,,,,,,,,,,,,,
travel,847529,,,,,,[],0,,,,,,,,,,,,,,,,,,,,,,,,,,,,,,,,,,,,,,,,,,,
alien_welcome_prac,852530,null,null,,,,,,,,,,,,,,,,,,,,,,,,,,,,,,,,,,,,,,,,,,,,,,,,
land_prac,853032,null,null,,,100,,0,,,,,,,,,,,,,,,,,,,,,,,,,,,,,,,,,,,,,,,,,,,
dig_prac,855036,,,,,,[],,,,,,,,,,,,,,,,,,,,,,,,,,,,,,,,,,,,,,,,,,,,
harvest_prac,856542,null,null,,,,,,,,,,,,,,,,,,,,,,,,,,,,,,,,,,,,,,,,,,,,,,,,
decision_prac,857336,793,65,,,,,,,2,,,,,,,,,,,,,,,,,,,,,,,,,,,,,,,,,,,,,,,,,
instruc_begin_exp,859761,2423,,,,,,,,2,1,,,,,,,,,,,,,,,,,,,,,,,,,,,,,,,,,,,,,,,,
alien_welcome,864763,null,null,,,,,,,,,53,48,100,24,26,14,89,60,114,49,35,107,104,7,43,56,13,28,22,82,31,108,117,84,99,6,38,106,83,92,54,5,44,90,58,70,51,52,39,10
land,865265,null,null,,,92,,1,,,,,,,,,,,,,,,,,,,,,,,,,,,,,,,,,,,,,,,,,,,
dig,867269,,,,,,[],1,,,,,,,,,,,,,,,,,,,,,,,,,,,,,,,,,,,,,,,,,,,
harvest,868775,null,null,,,18,,1,,,,,,92,0.194555137,0.195652174,,,,,,,,,,,,,,,,,,,,,,,,,,,,,,,,,,,
decision,869246,468,76,,,18,,1,,,,,,,,,9484,1,0,TRUE,,,,,,,,,,,,,,,,,,,,,,,,,,,,,,,
travel,878792,,,,,,[],1,,,,,,,,,,,,,,,,,,,,,,,,,,,,,,,,,,,,,,,,,,,
alien_welcome,883800,null,null,,,,,,,,,18,48,100,24,26,14,89,60,114,49,35,107,104,7,43,56,13,28,22,82,31,108,117,84,99,6,38,106,83,92,54,5,44,90,58,70,51,52,39,10
land,884308,null,null,,,93,,2,,,,,,,,,,,,,,,,,,,,,,,,,,,,,,,,,,,,,,,,,,,
dig,886324,,,,,,[],2,,,,,,,,,,,,,,,,,,,,,,,,,,,,,,,,,,,,,,,,,,,
harvest,887827,null,null,,,24,,2,,,,,,93,0.25573578,0.258064516,,,,,,,,,,,,,,,,,,,,,,,,,,,,,,,,,,,
decision,888117,289,76,,,24,,2,,,,,,,,,28355,1,0,TRUE,,,,,,,,,,,,,,,,,,,,,,,,,,,,,,,
travel,897831,,,,,,[],2,,,,,,,,,,,,,,,,,,,,,,,,,,,,,,,,,,,,,,,,,,,
alien_welcome,902832,null,null,,,,,,,,,57,48,100,24,26,14,89,60,114,49,35,107,104,7,43,56,13,28,22,82,31,108,117,84,99,6,38,106,83,92,54,5,44,90,58,70,51,52,39,10
land,903334,null,null,,,103,,3,,,,,,,,,,,,,,,,,,,,,,,,,,,,,,,,,,,,,,,,,,,
dig,905339,,,,,,[],3,,,,,,,,,,,,,,,,,,,,,,,,,,,,,,,,,,,,,,,,,,,
harvest,906842,null,null,,,51,,3,,,,,,103,0.498943899,0.495145631,,,,,,,,,,,,,,,,,,,,,,,,,,,,,,,,,,,
decision,908844,null,null,,,51,,3,,,,,,,,,49083,1,0,FALSE,,,,,,,,,,,,,,,,,,,,,,,,,,,,,,,
time_out,910856,null,null,,,51,,,,,,,,,,,,,,,,,,,,,,,,,,,,,,,,,,,,,,,,,,,,,
decision,910966,108,76,,,51,,3,,,,,,,,,51204,1,0,TRUE,,,,,,,,,,,,,,,,,,,,,,,,,,,,,,,
travel,920862,,,,,,[],3,,,,,,,,,,,,,,,,,,,,,,,,,,,,,,,,,,,,,,,,,,,
alien_welcome,925867,null,null,,,,,,,,,33,48,100,24,26,14,89,60,114,49,35,107,104,7,43,56,13,28,22,82,31,108,117,84,99,6,38,106,83,92,54,5,44,90,58,70,51,52,39,10
land,926377,null,null,,,96,,4,,,,,,,,,,,,,,,,,,,,,,,,,,,,,,,,,,,,,,,,,,,
dig,928381,,,,,,[],4,,,,,,,,,,,,,,,,,,,,,,,,,,,,,,,,,,,,,,,,,,,
harvest,929888,null,null,,,48,,4,,,,,,96,0.501302723,0.5,,,,,,,,,,,,,,,,,,,,,,,,,,,,,,,,,,,
decision,930218,328,76,,,48,,4,,,,,,,,,70456,1,0,TRUE,,,,,,,,,,,,,,,,,,,,,,,,,,,,,,,
travel,939890,,,,,,[],4,,,,,,,,,,,,,,,,,,,,,,,,,,,,,,,,,,,,,,,,,,,
alien_welcome,944892,null,null,,,,,,,,,75,48,100,24,26,14,89,60,114,49,35,107,104,7,43,56,13,28,22,82,31,108,117,84,99,6,38,106,83,92,54,5,44,90,58,70,51,52,39,10
land,945399,null,null,,,91,,5,,,,,,,,,,,,,,,,,,,,,,,,,,,,,,,,,,,,,,,,,,,
dig,947403,,,,,,[],5,,,,,,,,,,,,,,,,,,,,,,,,,,,,,,,,,,,,,,,,,,,
harvest,948906,null,null,,,38,,5,,,,,,91,0.417295748,0.417582418,,,,,,,,,,,,,,,,,,,,,,,,,,,,,,,,,,,
decision,948958,51,76,,,38,,5,,,,,,,,,89196,1,0,TRUE,,,,,,,,,,,,,,,,,,,,,,,,,,,,,,,
travel,958907,,,,,,[],5,,,,,,,,,,,,,,,,,,,,,,,,,,,,,,,,,,,,,,,,,,,
alien_welcome,963911,null,null,,,,,,,,,42,48,100,24,26,14,89,60,114,49,35,107,104,7,43,56,13,28,22,82,31,108,117,84,99,6,38,106,83,92,54,5,44,90,58,70,51,52,39,10
land,964502,null,null,,,110,,6,,,,,,,,,,,,,,,,,,,,,,,,,,,,,,,,,,,,,,,,,,,
dig,966506,,,,,,[],6,,,,,,,,,,,,,,,,,,,,,,,,,,,,,,,,,,,,,,,,,,,
harvest,968009,null,null,,,95,,6,,,,,,110,0.859912522,0.863636364,,,,,,,,,,,,,,,,,,,,,,,,,,,,,,,,,,,
decision,968510,499,76,,,95,,6,,,,,,,,,108748,1,0,TRUE,,,,,,,,,,,,,,,,,,,,,,,,,,,,,,,
travel,978009,,,,,,[],6,,,,,,,,,,,,,,,,,,,,,,,,,,,,,,,,,,,,,,,,,,,
alien_welcome,983019,null,null,,,,,,,,,8,48,100,24,26,14,89,60,114,49,35,107,104,7,43,56,13,28,22,82,31,108,117,84,99,6,38,106,83,92,54,5,44,90,58,70,51,52,39,10
land,983523,null,null,,,97,,7,,,,,,,,,,,,,,,,,,,,,,,,,,,,,,,,,,,,,,,,,,,
dig,985542,,,,,,[],7,,,,,,,,,,,,,,,,,,,,,,,,,,,,,,,,,,,,,,,,,,,
harvest,987050,null,null,,,77,,7,,,,,,97,0.789096523,0.793814433,,,,,,,,,,,,,,,,,,,,,,,,,,,,,,,,,,,
decision,988116,1065,76,,,77,,7,,,,,,,,,128355,1,0,TRUE,,,,,,,,,,,,,,,,,,,,,,,,,,,,,,,
travel,997051,,,,,,[],7,,,,,,,,,,,,,,,,,,,,,,,,,,,,,,,,,,,,,,,,,,,
alien_welcome,1002058,null,null,,,,,,,,,119,48,100,24,26,14,89,60,114,49,35,107,104,7,43,56,13,28,22,82,31,108,117,84,99,6,38,106,83,92,54,5,44,90,58,70,51,52,39,10
land,1002596,null,null,,,99,,8,,,,,,,,,,,,,,,,,,,,,,,,,,,,,,,,,,,,,,,,,,,
dig,1004601,,,,,,[],8,,,,,,,,,,,,,,,,,,,,,,,,,,,,,,,,,,,,,,,,,,,
harvest,1006106,null,null,,,80,,8,,,,,,99,0.810626944,0.808080808,,,,,,,,,,,,,,,,,,,,,,,,,,,,,,,,,,,
decision,1006296,163,65,,,80,,8,,,,,,,,,146534,1,0,FALSE,,,,,,,,,,,,,,,,,,,,,,,,,,,,,,,
dig,1008137,,,,,,[],8,,,,,,,,,,,,,,,,,,,,,,,,,,,,,,,,,,,,,,,,,,,
harvest,1009645,null,null,,,64,,8,,,,,,80,0.795388051,0.8,,,,,,,,,,,,,,,,,,,,,,,,,,,,,,,,,,,
decision,1010636,989,65,,,64,,8,,,,,,,,,150875,1,1,FALSE,,,,,,,,,,,,,,,,,,,,,,,,,,,,,,,
dig,1011651,,,,,,[],8,,,,,,,,,,,,,,,,,,,,,,,,,,,,,,,,,,,,,,,,,,,
harvest,1013153,null,null,,,48,,8,,,,,,64,0.757149391,0.75,,,,,,,,,,,,,,,,,,,,,,,,,,,,,,,,,,,
decision,1014086,931,65,,,48,,8,,,,,,,,,154324,1,2,FALSE,,,,,,,,,,,,,,,,,,,,,,,,,,,,,,,
dig,1015159,,,,,,[],8,,,,,,,,,,,,,,,,,,,,,,,,,,,,,,,,,,,,,,,,,,,
harvest,1016666,null,null,,,38,,8,,,,,,48,0.800630947,0.791666667,,,,,,,,,,,,,,,,,,,,,,,,,,,,,,,,,,,
decision,1016815,147,76,,,38,,8,,,,,,,,,157053,1,3,TRUE,,,,,,,,,,,,,,,,,,,,,,,,,,,,,,,
travel,1026670,,,,,,[],8,,,,,,,,,,,,,,,,,,,,,,,,,,,,,,,,,,,,,,,,,,,
alien_welcome,1031675,null,null,,,,,,,,,101,48,100,24,26,14,89,60,114,49,35,107,104,7,43,56,13,28,22,82,31,108,117,84,99,6,38,106,83,92,54,5,44,90,58,70,51,52,39,10
land,1032179,null,null,,,100,,9,,,,,,,,,,,,,,,,,,,,,,,,,,,,,,,,,,,,,,,,,,,
dig,1034182,,,,,,[],9,,,,,,,,,,,,,,,,,,,,,,,,,,,,,,,,,,,,,,,,,,,
harvest,1035684,null,null,,,25,,9,,,,,,100,0.253071258,0.25,,,,,,,,,,,,,,,,,,,,,,,,,,,,,,,,,,,
decision,1036125,439,65,,,25,,9,,,,,,,,,176364,1,0,FALSE,,,,,,,,,,,,,,,,,,,,,,,,,,,,,,,
dig,1037690,,,,,,[],9,,,,,,,,,,,,,,,,,,,,,,,,,,,,,,,,,,,,,,,,,,,
harvest,1039193,null,null,,,3,,9,,,,,,25,0.107402907,0.12,,,,,,,,,,,,,,,,,,,,,,,,,,,,,,,,,,,
decision,1039675,481,76,,,3,,9,,,,,,,,,179914,1,1,TRUE,,,,,,,,,,,,,,,,,,,,,,,,,,,,,,,
travel,1049194,,,,,,[],9,,,,,,,,,,,,,,,,,,,,,,,,,,,,,,,,,,,,,,,,,,,
alien_welcome,1054202,null,null,,,,,,,,,96,48,100,24,26,14,89,60,114,49,35,107,104,7,43,56,13,28,22,82,31,108,117,84,99,6,38,106,83,92,54,5,44,90,58,70,51,52,39,10
land,1054704,null,null,,,98,,10,,,,,,,,,,,,,,,,,,,,,,,,,,,,,,,,,,,,,,,,,,,
dig,1056706,,,,,,[],10,,,,,,,,,,,,,,,,,,,,,,,,,,,,,,,,,,,,,,,,,,,
harvest,1058209,null,null,,,16,,10,,,,,,98,0.167207649,0.163265306,,,,,,,,,,,,,,,,,,,,,,,,,,,,,,,,,,,
decision,1058402,191,65,,,16,,10,,,,,,,,,198641,1,0,FALSE,,,,,,,,,,,,,,,,,,,,,,,,,,,,,,,
dig,1060238,,,,,,[],10,,,,,,,,,,,,,,,,,,,,,,,,,,,,,,,,,,,,,,,,,,,
harvest,1061826,null,null,,,4,,10,,,,,,16,0.226636513,0.25,,,,,,,,,,,,,,,,,,,,,,,,,,,,,,,,,,,
decision,1062144,264,76,,,4,,10,,,,,,,,,202382,1,1,TRUE,,,,,,,,,,,,,,,,,,,,,,,,,,,,,,,
travel,1071879,,,,,,[],10,,,,,,,,,,,,,,,,,,,,,,,,,,,,,,,,,,,,,,,,,,,
alien_welcome,1076900,null,null,,,,,,,,,68,48,100,24,26,14,89,60,114,49,35,107,104,7,43,56,13,28,22,82,31,108,117,84,99,6,38,106,83,92,54,5,44,90,58,70,51,52,39,10
land,1077402,null,null,,,106,,11,,,,,,,,,,,,,,,,,,,,,,,,,,,,,,,,,,,,,,,,,,,
dig,1079481,,,,,,[],11,,,,,,,,,,,,,,,,,,,,,,,,,,,,,,,,,,,,,,,,,,,
harvest,1080987,null,null,,,21,,11,,,,,,106,0.195267678,0.198113208,,,,,,,,,,,,,,,,,,,,,,,,,,,,,,,,,,,
decision,1081293,304,65,,,21,,11,,,,,,,,,221531,1,0,FALSE,,,,,,,,,,,,,,,,,,,,,,,,,,,,,,,
dig,1083027,,,,,,[],11,,,,,,,,,,,,,,,,,,,,,,,,,,,,,,,,,,,,,,,,,,,
harvest,1084532,null,null,,,7,,11,,,,,,21,0.31948346,0.333333333,,,,,,,,,,,,,,,,,,,,,,,,,,,,,,,,,,,
decision,1084794,260,76,,,7,,11,,,,,,,,,225033,1,1,TRUE,,,,,,,,,,,,,,,,,,,,,,,,,,,,,,,
travel,1094538,,,,,,[],11,,,,,,,,,,,,,,,,,,,,,,,,,,,,,,,,,,,,,,,,,,,
alien_welcome,1099540,null,null,,,,,,,,,41,48,100,24,26,14,89,60,114,49,35,107,104,7,43,56,13,28,22,82,31,108,117,84,99,6,38,106,83,92,54,5,44,90,58,70,51,52,39,10
land,1100046,null,null,,,108,,12,,,,,,,,,,,,,,,,,,,,,,,,,,,,,,,,,,,,,,,,,,,
dig,1102049,,,,,,[],12,,,,,,,,,,,,,,,,,,,,,,,,,,,,,,,,,,,,,,,,,,,
harvest,1103550,null,null,,,16,,12,,,,,,108,0.150265563,0.148148148,,,,,,,,,,,,,,,,,,,,,,,,,,,,,,,,,,,
decision,1104493,942,65,,,16,,12,,,,,,,,,244732,1,0,FALSE,,,,,,,,,,,,,,,,,,,,,,,,,,,,,,,
dig,1105568,,,,,,[],12,,,,,,,,,,,,,,,,,,,,,,,,,,,,,,,,,,,,,,,,,,,
harvest,1107069,null,null,,,4,,12,,,,,,16,0.247666611,0.25,,,,,,,,,,,,,,,,,,,,,,,,,,,,,,,,,,,
decision,1107616,546,76,,,4,,12,,,,,,,,,247854,1,1,TRUE,,,,,,,,,,,,,,,,,,,,,,,,,,,,,,,
travel,1117088,,,,,,[],12,,,,,,,,,,,,,,,,,,,,,,,,,,,,,,,,,,,,,,,,,,,
alien_welcome,1122089,null,null,,,,,,,,,118,48,100,24,26,14,89,60,114,49,35,107,104,7,43,56,13,28,22,82,31,108,117,84,99,6,38,106,83,92,54,5,44,90,58,70,51,52,39,10
land,1122600,null,null,,,99,,13,,,,,,,,,,,,,,,,,,,,,,,,,,,,,,,,,,,,,,,,,,,
dig,1124605,,,,,,[],13,,,,,,,,,,,,,,,,,,,,,,,,,,,,,,,,,,,,,,,,,,,
harvest,1126106,null,null,,,13,,13,,,,,,99,0.133455547,0.131313131,,,,,,,,,,,,,,,,,,,,,,,,,,,,,,,,,,,
decision,1126453,345,65,,,13,,13,,,,,,,,,266692,1,0,FALSE,,,,,,,,,,,,,,,,,,,,,,,,,,,,,,,
dig,1128111,,,,,,[],13,,,,,,,,,,,,,,,,,,,,,,,,,,,,,,,,,,,,,,,,,,,
harvest,1129709,null,null,,,2,,13,,,,,,13,0.125522548,0.153846154,,,,,,,,,,,,,,,,,,,,,,,,,,,,,,,,,,,
decision,1129860,149,76,,,2,,13,,,,,,,,,270099,1,1,TRUE,,,,,,,,,,,,,,,,,,,,,,,,,,,,,,,
travel,1139713,,,,,,[],13,,,,,,,,,,,,,,,,,,,,,,,,,,,,,,,,,,,,,,,,,,,
alien_welcome,1144714,null,null,,,,,,,,,93,48,100,24,26,14,89,60,114,49,35,107,104,7,43,56,13,28,22,82,31,108,117,84,99,6,38,106,83,92,54,5,44,90,58,70,51,52,39,10
land,1145223,null,null,,,100,,14,,,,,,,,,,,,,,,,,,,,,,,,,,,,,,,,,,,,,,,,,,,
dig,1147226,,,,,,[],14,,,,,,,,,,,,,,,,,,,,,,,,,,,,,,,,,,,,,,,,,,,
harvest,1148733,null,null,,,86,,14,,,,,,100,0.856335247,0.86,,,,,,,,,,,,,,,,,,,,,,,,,,,,,,,,,,,
decision,1149102,368,65,,,86,,14,,,,,,,,,289340,1,0,FALSE,,,,,,,,,,,,,,,,,,,,,,,,,,,,,,,
dig,1150738,,,,,,[],14,,,,,,,,,,,,,,,,,,,,,,,,,,,,,,,,,,,,,,,,,,,
harvest,1152247,null,null,,,70,,14,,,,,,86,0.809129969,0.813953488,,,,,,,,,,,,,,,,,,,,,,,,,,,,,,,,,,,
decision,1153302,1054,65,,,70,,14,,,,,,,,,293541,1,1,FALSE,,,,,,,,,,,,,,,,,,,,,,,,,,,,,,,
dig,1154253,,,,,,[],14,,,,,,,,,,,,,,,,,,,,,,,,,,,,,,,,,,,,,,,,,,,
harvest,1155758,null,null,,,57,,14,,,,,,70,0.81533557,0.814285714,,,,,,,,,,,,,,,,,,,,,,,,,,,,,,,,,,,
decision,1156643,882,76,,,57,,14,,,,,,,,,296881,1,2,TRUE,,,,,,,,,,,,,,,,,,,,,,,,,,,,,,,
travel,1165770,,,,,,[],14,,,,,,,,,,,,,,,,,,,,,,,,,,,,,,,,,,,,,,,,,,,
alien_welcome,1170777,null,null,,,,,,,,,110,48,100,24,26,14,89,60,114,49,35,107,104,7,43,56,13,28,22,82,31,108,117,84,99,6,38,106,83,92,54,5,44,90,58,70,51,52,39,10
land,1171280,null,null,,,99,,15,,,,,,,,,,,,,,,,,,,,,,,,,,,,,,,,,,,,,,,,,,,
dig,1173283,,,,,,[],15,,,,,,,,,,,,,,,,,,,,,,,,,,,,,,,,,,,,,,,,,,,
harvest,1174787,null,null,,,84,,15,,,,,,99,0.843701138,0.848484848,,,,,,,,,,,,,,,,,,,,,,,,,,,,,,,,,,,
decision,1174890,101,65,,,84,,15,,,,,,,,,315128,1,0,FALSE,,,,,,,,,,,,,,,,,,,,,,,,,,,,,,,
dig,1176795,,,,,,[],15,,,,,,,,,,,,,,,,,,,,,,,,,,,,,,,,,,,,,,,,,,,
harvest,1178301,null,null,,,73,,15,,,,,,84,0.874852636,0.869047619,,,,,,,,,,,,,,,,,,,,,,,,,,,,,,,,,,,
decision,1178673,370,65,,,73,,15,,,,,,,,,318911,1,1,FALSE,,,,,,,,,,,,,,,,,,,,,,,,,,,,,,,
dig,1180310,,,,,,[],15,,,,,,,,,,,,,,,,,,,,,,,,,,,,,,,,,,,,,,,,,,,
harvest,1181814,null,null,,,58,,15,,,,,,73,0.80135656,0.794520548,,,,,,,,,,,,,,,,,,,,,,,,,,,,,,,,,,,
decision,1182713,898,76,,,58,,15,,,,,,,,,322952,1,2,TRUE,,,,,,,,,,,,,,,,,,,,,,,,,,,,,,,
travel,1191816,,,,,,[],15,,,,,,,,,,,,,,,,,,,,,,,,,,,,,,,,,,,,,,,,,,,
alien_welcome,1196825,null,null,,,,,,,,,102,48,100,24,26,14,89,60,114,49,35,107,104,7,43,56,13,28,22,82,31,108,117,84,99,6,38,106,83,92,54,5,44,90,58,70,51,52,39,10
land,1197333,null,null,,,100,,16,,,,,,,,,,,,,,,,,,,,,,,,,,,,,,,,,,,,,,,,,,,
dig,1199337,,,,,,[],16,,,,,,,,,,,,,,,,,,,,,,,,,,,,,,,,,,,,,,,,,,,
harvest,1200839,null,null,,,48,,16,,,,,,100,0.4777374,0.48,,,,,,,,,,,,,,,,,,,,,,,,,,,,,,,,,,,
decision,1201749,905,65,,,48,,16,,,,,,,,,341987,1,0,FALSE,,,,,,,,,,,,,,,,,,,,,,,,,,,,,,,
dig,1202855,,,,,,[],16,,,,,,,,,,,,,,,,,,,,,,,,,,,,,,,,,,,,,,,,,,,
harvest,1204362,null,null,,,28,,16,,,,,,48,0.577400611,0.583333333,,,,,,,,,,,,,,,,,,,,,,,,,,,,,,,,,,,
decision,1205192,828,65,,,28,,16,,,,,,,,,345431,1,1,FALSE,,,,,,,,,,,,,,,,,,,,,,,,,,,,,,,
dig,1206369,,,,,,[],16,,,,,,,,,,,,,,,,,,,,,,,,,,,,,,,,,,,,,,,,,,,
harvest,1207936,null,null,,,13,,16,,,,,,28,0.453699233,0.464285714,,,,,,,,,,,,,,,,,,,,,,,,,,,,,,,,,,,
decision,1208392,454,76,,,13,,16,,,,,,,,,348630,1,2,TRUE,,,,,,,,,,,,,,,,,,,,,,,,,,,,,,,
travel,1217938,,,,,,[],16,,,,,,,,,,,,,,,,,,,,,,,,,,,,,,,,,,,,,,,,,,,
alien_welcome,1222946,null,null,,,,,,,,,4,48,100,24,26,14,89,60,114,49,35,107,104,7,43,56,13,28,22,82,31,108,117,84,99,6,38,106,83,92,54,5,44,90,58,70,51,52,39,10
land,1223455,null,null,,,98,,17,,,,,,,,,,,,,,,,,,,,,,,,,,,,,,,,,,,,,,,,,,,
dig,1225463,,,,,,[],17,,,,,,,,,,,,,,,,,,,,,,,,,,,,,,,,,,,,,,,,,,,
harvest,1226972,null,null,,,83,,17,,,,,,98,0.847409311,0.846938776,,,,,,,,,,,,,,,,,,,,,,,,,,,,,,,,,,,
decision,1227797,823,65,,,83,,17,,,,,,,,,368035,1,0,TRUE,,,,,,,,,,,,,,,,,,,,,,,,,,,,,,,
catch,1230974,3172,90,,,83,,,,,,,,,,,,,,,,,,,,,,,,,,,,,,,,,,,,,,,,,,,,,
end_of_block,1291050,null,null,,,,,,,,,,,,,,,,,,,,,,,,,,,,,,,,,,,,,,,,,,,,,,,,
alien_welcome,1296226,null,null,,,,,,,,,95,48,100,24,26,14,89,60,114,49,35,107,104,7,43,56,13,28,22,82,31,108,117,84,99,6,38,106,83,92,54,5,44,90,58,70,51,52,39,10
land,1296733,null,null,,,99,,18,,,,,,,,,,,,,,,,,,,,,,,,,,,,,,,,,,,,,,,,,,,
dig,1298738,,,,,,[],18,,,,,,,,,,,,,,,,,,,,,,,,,,,,,,,,,,,,,,,,,,,
harvest,1300243,null,null,,,21,,18,,,,,,99,0.214580925,0.212121212,,,,,,,,,,,,,,,,,,,,,,,,,,,,,,,,,,,
decision,1302275,null,null,,,21,,18,,,,,,,,,11080,2,0,FALSE,,,,,,,,,,,,,,,,,,,,,,,,,,,,,,,
time_out,1304279,null,null,,,21,,,,,,,,,,,,,,,,,,,,,,,,,,,,,,,,,,,,,,,,,,,,,
decision,1304622,341,65,,,21,,18,,,,,,,,,13427,2,0,FALSE,,,,,,,,,,,,,,,,,,,,,,,,,,,,,,,
dig,1306299,,,,,,[],18,,,,,,,,,,,,,,,,,,,,,,,,,,,,,,,,,,,,,,,,,,,
harvest,1307806,null,null,,,4,,18,,,,,,21,0.187600751,0.19047619,,,,,,,,,,,,,,,,,,,,,,,,,,,,,,,,,,,
decision,1308330,523,76,,,4,,18,,,,,,,,,17134,2,1,TRUE,,,,,,,,,,,,,,,,,,,,,,,,,,,,,,,
travel,1317815,,,,,,[],18,,,,,,,,,,,,,,,,,,,,,,,,,,,,,,,,,,,,,,,,,,,
alien_welcome,1322822,null,null,,,,,,,,,17,48,100,24,26,14,89,60,114,49,35,107,104,7,43,56,13,28,22,82,31,108,117,84,99,6,38,106,83,92,54,5,44,90,58,70,51,52,39,10
land,1323329,null,null,,,99,,19,,,,,,,,,,,,,,,,,,,,,,,,,,,,,,,,,,,,,,,,,,,
dig,1325333,,,,,,[],19,,,,,,,,,,,,,,,,,,,,,,,,,,,,,,,,,,,,,,,,,,,
harvest,1326835,null,null,,,21,,19,,,,,,99,0.210821601,0.212121212,,,,,,,,,,,,,,,,,,,,,,,,,,,,,,,,,,,
decision,1327650,815,65,,,21,,19,,,,,,,,,36455,2,0,FALSE,,,,,,,,,,,,,,,,,,,,,,,,,,,,,,,
dig,1328845,,,,,,[],19,,,,,,,,,,,,,,,,,,,,,,,,,,,,,,,,,,,,,,,,,,,
harvest,1330412,null,null,,,3,,19,,,,,,21,0.164362624,0.142857143,,,,,,,,,,,,,,,,,,,,,,,,,,,,,,,,,,,
decision,1331531,1117,76,,,3,,19,,,,,,,,,40336,2,1,TRUE,,,,,,,,,,,,,,,,,,,,,,,,,,,,,,,
travel,1340514,,,,,,[],19,,,,,,,,,,,,,,,,,,,,,,,,,,,,,,,,,,,,,,,,,,,
alien_welcome,1345522,null,null,,,,,,,,,37,48,100,24,26,14,89,60,114,49,35,107,104,7,43,56,13,28,22,82,31,108,117,84,99,6,38,106,83,92,54,5,44,90,58,70,51,52,39,10
land,1346024,null,null,,,101,,20,,,,,,,,,,,,,,,,,,,,,,,,,,,,,,,,,,,,,,,,,,,
dig,1348028,,,,,,[],20,,,,,,,,,,,,,,,,,,,,,,,,,,,,,,,,,,,,,,,,,,,
harvest,1349539,null,null,,,19,,20,,,,,,101,0.186312521,0.188118812,,,,,,,,,,,,,,,,,,,,,,,,,,,,,,,,,,,
decision,1349730,160,65,,,19,,20,,,,,,,,,58534,2,0,FALSE,,,,,,,,,,,,,,,,,,,,,,,,,,,,,,,
dig,1351574,,,,,,[],20,,,,,,,,,,,,,,,,,,,,,,,,,,,,,,,,,,,,,,,,,,,
harvest,1353079,null,null,,,3,,20,,,,,,19,0.135311529,0.157894737,,,,,,,,,,,,,,,,,,,,,,,,,,,,,,,,,,,
decision,1353901,822,76,,,3,,20,,,,,,,,,62706,2,1,TRUE,,,,,,,,,,,,,,,,,,,,,,,,,,,,,,,
travel,1363112,,,,,,[],20,,,,,,,,,,,,,,,,,,,,,,,,,,,,,,,,,,,,,,,,,,,
alien_welcome,1368131,null,null,,,,,,,,,66,48,100,24,26,14,89,60,114,49,35,107,104,7,43,56,13,28,22,82,31,108,117,84,99,6,38,106,83,92,54,5,44,90,58,70,51,52,39,10
land,1368634,null,null,,,101,,21,,,,,,,,,,,,,,,,,,,,,,,,,,,,,,,,,,,,,,,,,,,
dig,1370713,,,,,,[],21,,,,,,,,,,,,,,,,,,,,,,,,,,,,,,,,,,,,,,,,,,,
harvest,1372216,null,null,,,84,,21,,,,,,101,0.831887936,0.831683168,,,,,,,,,,,,,,,,,,,,,,,,,,,,,,,,,,,
decision,1372630,413,65,,,84,,21,,,,,,,,,81435,2,0,FALSE,,,,,,,,,,,,,,,,,,,,,,,,,,,,,,,
dig,1374247,,,,,,[],21,,,,,,,,,,,,,,,,,,,,,,,,,,,,,,,,,,,,,,,,,,,
harvest,1375755,null,null,,,65,,21,,,,,,84,0.768531176,0.773809524,,,,,,,,,,,,,,,,,,,,,,,,,,,,,,,,,,,
decision,1376530,775,76,,,65,,21,,,,,,,,,85335,2,1,TRUE,,,,,,,,,,,,,,,,,,,,,,,,,,,,,,,
travel,1385816,,,,,,[],21,,,,,,,,,,,,,,,,,,,,,,,,,,,,,,,,,,,,,,,,,,,
alien_welcome,1390823,null,null,,,,,,,,,65,48,100,24,26,14,89,60,114,49,35,107,104,7,43,56,13,28,22,82,31,108,117,84,99,6,38,106,83,92,54,5,44,90,58,70,51,52,39,10
land,1391330,null,null,,,97,,22,,,,,,,,,,,,,,,,,,,,,,,,,,,,,,,,,,,,,,,,,,,
dig,1393335,,,,,,[],22,,,,,,,,,,,,,,,,,,,,,,,,,,,,,,,,,,,,,,,,,,,
harvest,1394838,null,null,,,86,,22,,,,,,97,0.881715581,0.886597938,,,,,,,,,,,,,,,,,,,,,,,,,,,,,,,,,,,
decision,1396840,null,null,,,86,,22,,,,,,,,,105645,2,0,FALSE,,,,,,,,,,,,,,,,,,,,,,,,,,,,,,,
time_out,1398851,null,null,,,86,,,,,,,,,,,,,,,,,,,,,,,,,,,,,,,,,,,,,,,,,,,,,
decision,1399221,368,65,,,86,,22,,,,,,,,,108026,2,0,FALSE,,,,,,,,,,,,,,,,,,,,,,,,,,,,,,,
dig,1400861,,,,,,[],22,,,,,,,,,,,,,,,,,,,,,,,,,,,,,,,,,,,,,,,,,,,
harvest,1402363,null,null,,,66,,22,,,,,,86,0.771902086,0.76744186,,,,,,,,,,,,,,,,,,,,,,,,,,,,,,,,,,,
decision,1402530,164,76,,,66,,22,,,,,,,,,111334,2,1,TRUE,,,,,,,,,,,,,,,,,,,,,,,,,,,,,,,
travel,1412362,,,,,,[],22,,,,,,,,,,,,,,,,,,,,,,,,,,,,,,,,,,,,,,,,,,,
alien_welcome,1417586,null,null,,,,,,,,,98,48,100,24,26,14,89,60,114,49,35,107,104,7,43,56,13,28,22,82,31,108,117,84,99,6,38,106,83,92,54,5,44,90,58,70,51,52,39,10
land,1418111,null,null,,,101,,23,,,,,,,,,,,,,,,,,,,,,,,,,,,,,,,,,,,,,,,,,,,
dig,1420114,,,,,,[],23,,,,,,,,,,,,,,,,,,,,,,,,,,,,,,,,,,,,,,,,,,,
harvest,1421617,null,null,,,81,,23,,,,,,101,0.800276143,0.801980198,,,,,,,,,,,,,,,,,,,,,,,,,,,,,,,,,,,
decision,1422470,848,65,,,81,,23,,,,,,,,,131275,2,0,FALSE,,,,,,,,,,,,,,,,,,,,,,,,,,,,,,,
dig,1423629,,,,,,[],23,,,,,,,,,,,,,,,,,,,,,,,,,,,,,,,,,,,,,,,,,,,
harvest,1425133,null,null,,,70,,23,,,,,,81,0.859298116,0.864197531,,,,,,,,,,,,,,,,,,,,,,,,,,,,,,,,,,,
decision,1425139,5,76,,,70,,23,,,,,,,,,133944,2,1,TRUE,,,,,,,,,,,,,,,,,,,,,,,,,,,,,,,
travel,1435136,,,,,,[],23,,,,,,,,,,,,,,,,,,,,,,,,,,,,,,,,,,,,,,,,,,,
alien_welcome,1440147,null,null,,,,,,,,,120,48,100,24,26,14,89,60,114,49,35,107,104,7,43,56,13,28,22,82,31,108,117,84,99,6,38,106,83,92,54,5,44,90,58,70,51,52,39,10
land,1440650,null,null,,,105,,24,,,,,,,,,,,,,,,,,,,,,,,,,,,,,,,,,,,,,,,,,,,
dig,1442711,,,,,,[],24,,,,,,,,,,,,,,,,,,,,,,,,,,,,,,,,,,,,,,,,,,,
harvest,1444218,null,null,,,90,,24,,,,,,105,0.861767672,0.857142857,,,,,,,,,,,,,,,,,,,,,,,,,,,,,,,,,,,
decision,1445093,873,65,,,90,,24,,,,,,,,,153898,2,0,FALSE,,,,,,,,,,,,,,,,,,,,,,,,,,,,,,,
dig,1446225,,,,,,[],24,,,,,,,,,,,,,,,,,,,,,,,,,,,,,,,,,,,,,,,,,,,
harvest,1447775,null,null,,,81,,24,,,,,,90,0.898934139,0.9,,,,,,,,,,,,,,,,,,,,,,,,,,,,,,,,,,,
decision,1448173,397,76,,,81,,24,,,,,,,,,156978,2,1,TRUE,,,,,,,,,,,,,,,,,,,,,,,,,,,,,,,
travel,1457801,,,,,,[],24,,,,,,,,,,,,,,,,,,,,,,,,,,,,,,,,,,,,,,,,,,,
alien_welcome,1462803,null,null,,,,,,,,,94,48,100,24,26,14,89,60,114,49,35,107,104,7,43,56,13,28,22,82,31,108,117,84,99,6,38,106,83,92,54,5,44,90,58,70,51,52,39,10
land,1463305,null,null,,,95,,25,,,,,,,,,,,,,,,,,,,,,,,,,,,,,,,,,,,,,,,,,,,
dig,1465358,,,,,,[],25,,,,,,,,,,,,,,,,,,,,,,,,,,,,,,,,,,,,,,,,,,,
harvest,1466866,null,null,,,69,,25,,,,,,95,0.723721866,0.726315789,,,,,,,,,,,,,,,,,,,,,,,,,,,,,,,,,,,
decision,1466916,46,65,,,69,,25,,,,,,,,,175721,2,0,FALSE,,,,,,,,,,,,,,,,,,,,,,,,,,,,,,,
dig,1468879,,,,,,[],25,,,,,,,,,,,,,,,,,,,,,,,,,,,,,,,,,,,,,,,,,,,
harvest,1470381,null,null,,,56,,25,,,,,,69,0.81206718,0.811594203,,,,,,,,,,,,,,,,,,,,,,,,,,,,,,,,,,,
decision,1471023,639,76,,,56,,25,,,,,,,,,179828,2,1,TRUE,,,,,,,,,,,,,,,,,,,,,,,,,,,,,,,
travel,1480389,,,,,,[],25,,,,,,,,,,,,,,,,,,,,,,,,,,,,,,,,,,,,,,,,,,,
alien_welcome,1485390,null,null,,,,,,,,,11,48,100,24,26,14,89,60,114,49,35,107,104,7,43,56,13,28,22,82,31,108,117,84,99,6,38,106,83,92,54,5,44,90,58,70,51,52,39,10
land,1485891,null,null,,,93,,26,,,,,,,,,,,,,,,,,,,,,,,,,,,,,,,,,,,,,,,,,,,
dig,1487895,,,,,,[],26,,,,,,,,,,,,,,,,,,,,,,,,,,,,,,,,,,,,,,,,,,,
harvest,1489421,null,null,,,42,,26,,,,,,93,0.455307552,0.451612903,,,,,,,,,,,,,,,,,,,,,,,,,,,,,,,,,,,
decision,1490793,1371,65,,,42,,26,,,,,,,,,199598,2,0,FALSE,,,,,,,,,,,,,,,,,,,,,,,,,,,,,,,
dig,1491438,,,,,,[],26,,,,,,,,,,,,,,,,,,,,,,,,,,,,,,,,,,,,,,,,,,,
harvest,1492947,null,null,,,19,,26,,,,,,42,0.449935252,0.452380952,,,,,,,,,,,,,,,,,,,,,,,,,,,,,,,,,,,
decision,1493874,925,76,,,19,,26,,,,,,,,,202679,2,1,TRUE,,,,,,,,,,,,,,,,,,,,,,,,,,,,,,,
travel,1502954,,,,,,[],26,,,,,,,,,,,,,,,,,,,,,,,,,,,,,,,,,,,,,,,,,,,
alien_welcome,1507961,null,null,,,,,,,,,23,48,100,24,26,14,89,60,114,49,35,107,104,7,43,56,13,28,22,82,31,108,117,84,99,6,38,106,83,92,54,5,44,90,58,70,51,52,39,10
land,1508470,null,null,,,97,,27,,,,,,,,,,,,,,,,,,,,,,,,,,,,,,,,,,,,,,,,,,,
dig,1510474,,,,,,[],27,,,,,,,,,,,,,,,,,,,,,,,,,,,,,,,,,,,,,,,,,,,
harvest,1511977,null,null,,,84,,27,,,,,,97,0.863627744,0.865979381,,,,,,,,,,,,,,,,,,,,,,,,,,,,,,,,,,,
decision,1512873,894,65,,,84,,27,,,,,,,,,221677,2,0,FALSE,,,,,,,,,,,,,,,,,,,,,,,,,,,,,,,
dig,1513983,,,,,,[],27,,,,,,,,,,,,,,,,,,,,,,,,,,,,,,,,,,,,,,,,,,,
harvest,1515486,null,null,,,65,,27,,,,,,84,0.778071108,0.773809524,,,,,,,,,,,,,,,,,,,,,,,,,,,,,,,,,,,
decision,1516393,906,76,,,65,,27,,,,,,,,,225197,2,1,TRUE,,,,,,,,,,,,,,,,,,,,,,,,,,,,,,,
travel,1525637,,,,,,[],27,,,,,,,,,,,,,,,,,,,,,,,,,,,,,,,,,,,,,,,,,,,
alien_welcome,1530748,null,null,,,,,,,,,20,48,100,24,26,14,89,60,114,49,35,107,104,7,43,56,13,28,22,82,31,108,117,84,99,6,38,106,83,92,54,5,44,90,58,70,51,52,39,10
land,1531250,null,null,,,109,,28,,,,,,,,,,,,,,,,,,,,,,,,,,,,,,,,,,,,,,,,,,,
dig,1533254,,,,,,[],28,,,,,,,,,,,,,,,,,,,,,,,,,,,,,,,,,,,,,,,,,,,
harvest,1534758,null,null,,,91,,28,,,,,,109,0.830549234,0.834862385,,,,,,,,,,,,,,,,,,,,,,,,,,,,,,,,,,,
decision,1534827,62,65,,,91,,28,,,,,,,,,243632,2,0,FALSE,,,,,,,,,,,,,,,,,,,,,,,,,,,,,,,
dig,1536777,,,,,,[],28,,,,,,,,,,,,,,,,,,,,,,,,,,,,,,,,,,,,,,,,,,,
harvest,1538278,null,null,,,73,,28,,,,,,91,0.800830754,0.802197802,,,,,,,,,,,,,,,,,,,,,,,,,,,,,,,,,,,
decision,1539682,1403,76,,,73,,28,,,,,,,,,248488,2,1,TRUE,,,,,,,,,,,,,,,,,,,,,,,,,,,,,,,
travel,1548283,,,,,,[],28,,,,,,,,,,,,,,,,,,,,,,,,,,,,,,,,,,,,,,,,,,,
alien_welcome,1553288,null,null,,,,,,,,,16,48,100,24,26,14,89,60,114,49,35,107,104,7,43,56,13,28,22,82,31,108,117,84,99,6,38,106,83,92,54,5,44,90,58,70,51,52,39,10
land,1553794,null,null,,,100,,29,,,,,,,,,,,,,,,,,,,,,,,,,,,,,,,,,,,,,,,,,,,
dig,1555798,,,,,,[],29,,,,,,,,,,,,,,,,,,,,,,,,,,,,,,,,,,,,,,,,,,,
harvest,1557303,null,null,,,15,,29,,,,,,100,0.148496724,0.15,,,,,,,,,,,,,,,,,,,,,,,,,,,,,,,,,,,
decision,1557752,441,65,,,15,,29,,,,,,,,,266557,2,0,FALSE,,,,,,,,,,,,,,,,,,,,,,,,,,,,,,,
dig,1559315,,,,,,[],29,,,,,,,,,,,,,,,,,,,,,,,,,,,,,,,,,,,,,,,,,,,
harvest,1560833,null,null,,,3,,29,,,,,,15,0.203271609,0.2,,,,,,,,,,,,,,,,,,,,,,,,,,,,,,,,,,,
decision,1561291,457,76,,,3,,29,,,,,,,,,270095,2,1,TRUE,,,,,,,,,,,,,,,,,,,,,,,,,,,,,,,
travel,1570836,,,,,,[],29,,,,,,,,,,,,,,,,,,,,,,,,,,,,,,,,,,,,,,,,,,,
alien_welcome,1575838,null,null,,,,,,,,,71,48,100,24,26,14,89,60,114,49,35,107,104,7,43,56,13,28,22,82,31,108,117,84,99,6,38,106,83,92,54,5,44,90,58,70,51,52,39,10
land,1576343,null,null,,,101,,30,,,,,,,,,,,,,,,,,,,,,,,,,,,,,,,,,,,,,,,,,,,
dig,1578347,,,,,,[],30,,,,,,,,,,,,,,,,,,,,,,,,,,,,,,,,,,,,,,,,,,,
harvest,1579852,null,null,,,17,,30,,,,,,101,0.164417426,0.168316832,,,,,,,,,,,,,,,,,,,,,,,,,,,,,,,,,,,
decision,1580862,1009,65,,,17,,30,,,,,,,,,289666,2,0,FALSE,,,,,,,,,,,,,,,,,,,,,,,,,,,,,,,
dig,1581989,,,,,,[],30,,,,,,,,,,,,,,,,,,,,,,,,,,,,,,,,,,,,,,,,,,,
harvest,1583491,null,null,,,4,,30,,,,,,17,0.229387319,0.235294118,,,,,,,,,,,,,,,,,,,,,,,,,,,,,,,,,,,
decision,1584516,1024,65,,,4,,30,,,,,,,,,293321,2,1,FALSE,,,,,,,,,,,,,,,,,,,,,,,,,,,,,,,
dig,1585527,,,,,,[],30,,,,,,,,,,,,,,,,,,,,,,,,,,,,,,,,,,,,,,,,,,,
harvest,1587035,null,null,,,1,,30,,,,,,4,0.182990454,0.25,,,,,,,,,,,,,,,,,,,,,,,,,,,,,,,,,,,
decision,1587172,136,76,,,1,,30,,,,,,,,,295977,2,2,TRUE,,,,,,,,,,,,,,,,,,,,,,,,,,,,,,,
travel,1597067,,,,,,[],30,,,,,,,,,,,,,,,,,,,,,,,,,,,,,,,,,,,,,,,,,,,
alien_welcome,1602106,null,null,,,,,,,,,40,48,100,24,26,14,89,60,114,49,35,107,104,7,43,56,13,28,22,82,31,108,117,84,99,6,38,106,83,92,54,5,44,90,58,70,51,52,39,10
land,1602608,null,null,,,86,,31,,,,,,,,,,,,,,,,,,,,,,,,,,,,,,,,,,,,,,,,,,,
dig,1604709,,,,,,[],31,,,,,,,,,,,,,,,,,,,,,,,,,,,,,,,,,,,,,,,,,,,
harvest,1606212,null,null,,,8,,31,,,,,,86,0.096206373,0.093023256,,,,,,,,,,,,,,,,,,,,,,,,,,,,,,,,,,,
decision,1607268,1055,65,,,8,,31,,,,,,,,,316073,2,0,FALSE,,,,,,,,,,,,,,,,,,,,,,,,,,,,,,,
dig,1608223,,,,,,[],31,,,,,,,,,,,,,,,,,,,,,,,,,,,,,,,,,,,,,,,,,,,
harvest,1609726,null,null,,,2,,31,,,,,,8,0.216306085,0.25,,,,,,,,,,,,,,,,,,,,,,,,,,,,,,,,,,,
decision,1609911,183,65,,,2,,31,,,,,,,,,318715,2,1,FALSE,,,,,,,,,,,,,,,,,,,,,,,,,,,,,,,
dig,1611735,,,,,,[],31,,,,,,,,,,,,,,,,,,,,,,,,,,,,,,,,,,,,,,,,,,,
harvest,1613238,null,null,,,0,,31,,,,,,2,0.170639237,0,,,,,,,,,,,,,,,,,,,,,,,,,,,,,,,,,,,
decision,1614691,1452,76,,,0,,31,,,,,,,,,323495,2,2,TRUE,,,,,,,,,,,,,,,,,,,,,,,,,,,,,,,
travel,1623240,,,,,,[],31,,,,,,,,,,,,,,,,,,,,,,,,,,,,,,,,,,,,,,,,,,,
alien_welcome,1628250,null,null,,,,,,,,,115,48,100,24,26,14,89,60,114,49,35,107,104,7,43,56,13,28,22,82,31,108,117,84,99,6,38,106,83,92,54,5,44,90,58,70,51,52,39,10
land,1628751,null,null,,,95,,32,,,,,,,,,,,,,,,,,,,,,,,,,,,,,,,,,,,,,,,,,,,
dig,1630805,,,,,,[],32,,,,,,,,,,,,,,,,,,,,,,,,,,,,,,,,,,,,,,,,,,,
harvest,1632313,null,null,,,26,,32,,,,,,95,0.274441242,0.273684211,,,,,,,,,,,,,,,,,,,,,,,,,,,,,,,,,,,
decision,1633271,957,65,,,26,,32,,,,,,,,,342076,2,0,FALSE,,,,,,,,,,,,,,,,,,,,,,,,,,,,,,,
dig,1634328,,,,,,[],32,,,,,,,,,,,,,,,,,,,,,,,,,,,,,,,,,,,,,,,,,,,
harvest,1635856,null,null,,,5,,32,,,,,,26,0.1819684,0.192307692,,,,,,,,,,,,,,,,,,,,,,,,,,,,,,,,,,,
decision,1637022,1164,76,,,5,,32,,,,,,,,,345826,2,1,TRUE,,,,,,,,,,,,,,,,,,,,,,,,,,,,,,,
travel,1645862,,,,,,[],32,,,,,,,,,,,,,,,,,,,,,,,,,,,,,,,,,,,,,,,,,,,
alien_welcome,1650867,null,null,,,,,,,,,59,48,100,24,26,14,89,60,114,49,35,107,104,7,43,56,13,28,22,82,31,108,117,84,99,6,38,106,83,92,54,5,44,90,58,70,51,52,39,10
land,1651506,null,null,,,93,,33,,,,,,,,,,,,,,,,,,,,,,,,,,,,,,,,,,,,,,,,,,,
dig,1653510,,,,,,[],33,,,,,,,,,,,,,,,,,,,,,,,,,,,,,,,,,,,,,,,,,,,
harvest,1655014,null,null,,,73,,33,,,,,,93,0.7832377,0.784946237,,,,,,,,,,,,,,,,,,,,,,,,,,,,,,,,,,,
decision,1655631,615,65,,,73,,33,,,,,,,,,364435,2,0,TRUE,,,,,,,,,,,,,,,,,,,,,,,,,,,,,,,
end_of_block,1662644,7007,32,,,,,,,,,,,,,,,,,,,,,,,,,,,,,,,,,,,,,,,,,,,,,,,,
alien_welcome,1667714,null,null,,,,,,,,,27,48,100,24,26,14,89,60,114,49,35,107,104,7,43,56,13,28,22,82,31,108,117,84,99,6,38,106,83,92,54,5,44,90,58,70,51,52,39,10
land,1668221,null,null,,,109,,34,,,,,,,,,,,,,,,,,,,,,,,,,,,,,,,,,,,,,,,,,,,
dig,1670226,,,,,,[],34,,,,,,,,,,,,,,,,,,,,,,,,,,,,,,,,,,,,,,,,,,,
harvest,1671734,null,null,,,62,,34,,,,,,109,0.569256901,0.568807339,,,,,,,,,,,,,,,,,,,,,,,,,,,,,,,,,,,
decision,1672471,735,65,,,62,,34,,,,,,,,,9819,3,0,FALSE,,,,,,,,,,,,,,,,,,,,,,,,,,,,,,,
dig,1673742,,,,,,[],34,,,,,,,,,,,,,,,,,,,,,,,,,,,,,,,,,,,,,,,,,,,
harvest,1675383,null,null,,,37,,34,,,,,,62,0.600432862,0.596774194,,,,,,,,,,,,,,,,,,,,,,,,,,,,,,,,,,,
decision,1675516,132,76,,,37,,34,,,,,,,,,12865,3,1,TRUE,,,,,,,,,,,,,,,,,,,,,,,,,,,,,,,
travel,1685463,,,,,,[],34,,,,,,,,,,,,,,,,,,,,,,,,,,,,,,,,,,,,,,,,,,,
alien_welcome,1690580,null,null,,,,,,,,,30,48,100,24,26,14,89,60,114,49,35,107,104,7,43,56,13,28,22,82,31,108,117,84,99,6,38,106,83,92,54,5,44,90,58,70,51,52,39,10
land,1691084,null,null,,,99,,35,,,,,,,,,,,,,,,,,,,,,,,,,,,,,,,,,,,,,,,,,,,
dig,1693112,,,,,,[],35,,,,,,,,,,,,,,,,,,,,,,,,,,,,,,,,,,,,,,,,,,,
harvest,1694612,null,null,,,89,,35,,,,,,99,0.902172152,0.898989899,,,,,,,,,,,,,,,,,,,,,,,,,,,,,,,,,,,
decision,1694871,258,65,,,89,,35,,,,,,,,,32220,3,0,FALSE,,,,,,,,,,,,,,,,,,,,,,,,,,,,,,,
dig,1696721,,,,,,[],35,,,,,,,,,,,,,,,,,,,,,,,,,,,,,,,,,,,,,,,,,,,
harvest,1698223,null,null,,,58,,35,,,,,,89,0.646940032,0.651685393,,,,,,,,,,,,,,,,,,,,,,,,,,,,,,,,,,,
decision,1699011,786,76,,,58,,35,,,,,,,,,36360,3,1,TRUE,,,,,,,,,,,,,,,,,,,,,,,,,,,,,,,
travel,1708225,,,,,,[],35,,,,,,,,,,,,,,,,,,,,,,,,,,,,,,,,,,,,,,,,,,,
alien_welcome,1713231,null,null,,,,,,,,,25,48,100,24,26,14,89,60,114,49,35,107,104,7,43,56,13,28,22,82,31,108,117,84,99,6,38,106,83,92,54,5,44,90,58,70,51,52,39,10
land,1713738,null,null,,,99,,36,,,,,,,,,,,,,,,,,,,,,,,,,,,,,,,,,,,,,,,,,,,
dig,1715742,,,,,,[],36,,,,,,,,,,,,,,,,,,,,,,,,,,,,,,,,,,,,,,,,,,,
harvest,1717248,null,null,,,44,,36,,,,,,99,0.442999573,0.444444444,,,,,,,,,,,,,,,,,,,,,,,,,,,,,,,,,,,
decision,1717410,161,65,,,44,,36,,,,,,,,,54758,3,0,FALSE,,,,,,,,,,,,,,,,,,,,,,,,,,,,,,,
dig,1719255,,,,,,[],36,,,,,,,,,,,,,,,,,,,,,,,,,,,,,,,,,,,,,,,,,,,
harvest,1720761,null,null,,,20,,36,,,,,,44,0.460477683,0.454545455,,,,,,,,,,,,,,,,,,,,,,,,,,,,,,,,,,,
decision,1721531,768,65,,,20,,36,,,,,,,,,58880,3,1,FALSE,,,,,,,,,,,,,,,,,,,,,,,,,,,,,,,
dig,1722769,,,,,,[],36,,,,,,,,,,,,,,,,,,,,,,,,,,,,,,,,,,,,,,,,,,,
harvest,1724272,null,null,,,12,,36,,,,,,20,0.616455368,0.6,,,,,,,,,,,,,,,,,,,,,,,,,,,,,,,,,,,
decision,1725852,1578,76,,,12,,36,,,,,,,,,63201,3,2,TRUE,,,,,,,,,,,,,,,,,,,,,,,,,,,,,,,
travel,1734275,,,,,,[],36,,,,,,,,,,,,,,,,,,,,,,,,,,,,,,,,,,,,,,,,,,,
alien_welcome,1739278,null,null,,,,,,,,,64,48,100,24,26,14,89,60,114,49,35,107,104,7,43,56,13,28,22,82,31,108,117,84,99,6,38,106,83,92,54,5,44,90,58,70,51,52,39,10
land,1739779,null,null,,,105,,37,,,,,,,,,,,,,,,,,,,,,,,,,,,,,,,,,,,,,,,,,,,
dig,1741783,,,,,,[],37,,,,,,,,,,,,,,,,,,,,,,,,,,,,,,,,,,,,,,,,,,,
harvest,1743287,null,null,,,49,,37,,,,,,105,0.470868143,0.466666667,,,,,,,,,,,,,,,,,,,,,,,,,,,,,,,,,,,
decision,1743832,543,65,,,49,,37,,,,,,,,,81181,3,0,FALSE,,,,,,,,,,,,,,,,,,,,,,,,,,,,,,,
dig,1745295,,,,,,[],37,,,,,,,,,,,,,,,,,,,,,,,,,,,,,,,,,,,,,,,,,,,
harvest,1746797,null,null,,,23,,37,,,,,,49,0.471778402,0.469387755,,,,,,,,,,,,,,,,,,,,,,,,,,,,,,,,,,,
decision,1746970,171,65,,,23,,37,,,,,,,,,84319,3,1,FALSE,,,,,,,,,,,,,,,,,,,,,,,,,,,,,,,
dig,1748803,,,,,,[],37,,,,,,,,,,,,,,,,,,,,,,,,,,,,,,,,,,,,,,,,,,,
harvest,1750313,null,null,,,12,,37,,,,,,23,0.514471434,0.52173913,,,,,,,,,,,,,,,,,,,,,,,,,,,,,,,,,,,
decision,1750489,174,76,,,12,,37,,,,,,,,,87897,3,2,TRUE,,,,,,,,,,,,,,,,,,,,,,,,,,,,,,,
travel,1760519,,,,,,[],37,,,,,,,,,,,,,,,,,,,,,,,,,,,,,,,,,,,,,,,,,,,
alien_welcome,1765522,null,null,,,,,,,,,112,48,100,24,26,14,89,60,114,49,35,107,104,7,43,56,13,28,22,82,31,108,117,84,99,6,38,106,83,92,54,5,44,90,58,70,51,52,39,10
land,1766023,null,null,,,100,,38,,,,,,,,,,,,,,,,,,,,,,,,,,,,,,,,,,,,,,,,,,,
dig,1768027,,,,,,[],38,,,,,,,,,,,,,,,,,,,,,,,,,,,,,,,,,,,,,,,,,,,
harvest,1769529,null,null,,,51,,38,,,,,,100,0.507261749,0.51,,,,,,,,,,,,,,,,,,,,,,,,,,,,,,,,,,,
decision,1769885,355,65,,,51,,38,,,,,,,,,107233,3,0,FALSE,,,,,,,,,,,,,,,,,,,,,,,,,,,,,,,
dig,1771534,,,,,,[],38,,,,,,,,,,,,,,,,,,,,,,,,,,,,,,,,,,,,,,,,,,,
harvest,1773057,null,null,,,25,,38,,,,,,51,0.480770002,0.490196078,,,,,,,,,,,,,,,,,,,,,,,,,,,,,,,,,,,
decision,1773134,75,76,,,25,,38,,,,,,,,,110483,3,1,TRUE,,,,,,,,,,,,,,,,,,,,,,,,,,,,,,,
travel,1783058,,,,,,[],38,,,,,,,,,,,,,,,,,,,,,,,,,,,,,,,,,,,,,,,,,,,
alien_welcome,1788074,null,null,,,,,,,,,1,48,100,24,26,14,89,60,114,49,35,107,104,7,43,56,13,28,22,82,31,108,117,84,99,6,38,106,83,92,54,5,44,90,58,70,51,52,39,10
land,1788594,null,null,,,97,,39,,,,,,,,,,,,,,,,,,,,,,,,,,,,,,,,,,,,,,,,,,,
dig,1790621,,,,,,[],39,,,,,,,,,,,,,,,,,,,,,,,,,,,,,,,,,,,,,,,,,,,
harvest,1792121,null,null,,,47,,39,,,,,,97,0.487695466,0.484536082,,,,,,,,,,,,,,,,,,,,,,,,,,,,,,,,,,,
decision,1792505,381,65,,,47,,39,,,,,,,,,129854,3,0,FALSE,,,,,,,,,,,,,,,,,,,,,,,,,,,,,,,
dig,1794131,,,,,,[],39,,,,,,,,,,,,,,,,,,,,,,,,,,,,,,,,,,,,,,,,,,,
harvest,1795638,null,null,,,22,,39,,,,,,47,0.466164558,0.468085106,,,,,,,,,,,,,,,,,,,,,,,,,,,,,,,,,,,
decision,1795751,111,76,,,22,,39,,,,,,,,,133099,3,1,TRUE,,,,,,,,,,,,,,,,,,,,,,,,,,,,,,,
travel,1805640,,,,,,[],39,,,,,,,,,,,,,,,,,,,,,,,,,,,,,,,,,,,,,,,,,,,
alien_welcome,1810644,null,null,,,,,,,,,109,48,100,24,26,14,89,60,114,49,35,107,104,7,43,56,13,28,22,82,31,108,117,84,99,6,38,106,83,92,54,5,44,90,58,70,51,52,39,10
land,1811146,null,null,,,94,,40,,,,,,,,,,,,,,,,,,,,,,,,,,,,,,,,,,,,,,,,,,,
dig,1813148,,,,,,[],40,,,,,,,,,,,,,,,,,,,,,,,,,,,,,,,,,,,,,,,,,,,
harvest,1814658,null,null,,,74,,40,,,,,,94,0.791669191,0.787234043,,,,,,,,,,,,,,,,,,,,,,,,,,,,,,,,,,,
decision,1816170,1511,65,,,74,,40,,,,,,,,,153519,3,0,FALSE,,,,,,,,,,,,,,,,,,,,,,,,,,,,,,,
dig,1816667,,,,,,[],40,,,,,,,,,,,,,,,,,,,,,,,,,,,,,,,,,,,,,,,,,,,
harvest,1818174,null,null,,,63,,40,,,,,,74,0.845177588,0.851351351,,,,,,,,,,,,,,,,,,,,,,,,,,,,,,,,,,,
decision,1818632,455,76,,,63,,40,,,,,,,,,155983,3,1,TRUE,,,,,,,,,,,,,,,,,,,,,,,,,,,,,,,
travel,1828186,,,,,,[],40,,,,,,,,,,,,,,,,,,,,,,,,,,,,,,,,,,,,,,,,,,,
alien_welcome,1833193,null,null,,,,,,,,,47,48,100,24,26,14,89,60,114,49,35,107,104,7,43,56,13,28,22,82,31,108,117,84,99,6,38,106,83,92,54,5,44,90,58,70,51,52,39,10
land,1833701,null,null,,,107,,41,,,,,,,,,,,,,,,,,,,,,,,,,,,,,,,,,,,,,,,,,,,
dig,1835705,,,,,,[],41,,,,,,,,,,,,,,,,,,,,,,,,,,,,,,,,,,,,,,,,,,,
harvest,1837209,null,null,,,85,,41,,,,,,107,0.789866229,0.794392523,,,,,,,,,,,,,,,,,,,,,,,,,,,,,,,,,,,
decision,1838790,1580,65,,,85,,41,,,,,,,,,176139,3,0,FALSE,,,,,,,,,,,,,,,,,,,,,,,,,,,,,,,
dig,1839219,,,,,,[],41,,,,,,,,,,,,,,,,,,,,,,,,,,,,,,,,,,,,,,,,,,,
harvest,1840723,null,null,,,59,,41,,,,,,85,0.689089039,0.694117647,,,,,,,,,,,,,,,,,,,,,,,,,,,,,,,,,,,
decision,1841676,951,76,,,59,,41,,,,,,,,,179025,3,1,TRUE,,,,,,,,,,,,,,,,,,,,,,,,,,,,,,,
travel,1850732,,,,,,[],41,,,,,,,,,,,,,,,,,,,,,,,,,,,,,,,,,,,,,,,,,,,
alien_welcome,1855741,null,null,,,,,,,,,46,48,100,24,26,14,89,60,114,49,35,107,104,7,43,56,13,28,22,82,31,108,117,84,99,6,38,106,83,92,54,5,44,90,58,70,51,52,39,10
land,1856243,null,null,,,104,,42,,,,,,,,,,,,,,,,,,,,,,,,,,,,,,,,,,,,,,,,,,,
dig,1858246,,,,,,[],42,,,,,,,,,,,,,,,,,,,,,,,,,,,,,,,,,,,,,,,,,,,
harvest,1859759,null,null,,,49,,42,,,,,,104,0.471394469,0.471153846,,,,,,,,,,,,,,,,,,,,,,,,,,,,,,,,,,,
decision,1860327,566,65,,,49,,42,,,,,,,,,197676,3,0,FALSE,,,,,,,,,,,,,,,,,,,,,,,,,,,,,,,
dig,1861769,,,,,,[],42,,,,,,,,,,,,,,,,,,,,,,,,,,,,,,,,,,,,,,,,,,,
harvest,1863271,null,null,,,22,,42,,,,,,49,0.455303777,0.448979592,,,,,,,,,,,,,,,,,,,,,,,,,,,,,,,,,,,
decision,1863743,471,65,,,22,,42,,,,,,,,,201092,3,1,FALSE,,,,,,,,,,,,,,,,,,,,,,,,,,,,,,,
dig,1865281,,,,,,[],42,,,,,,,,,,,,,,,,,,,,,,,,,,,,,,,,,,,,,,,,,,,
harvest,1866790,null,null,,,11,,42,,,,,,22,0.485458861,0.5,,,,,,,,,,,,,,,,,,,,,,,,,,,,,,,,,,,
decision,1867238,447,76,,,11,,42,,,,,,,,,204587,3,2,TRUE,,,,,,,,,,,,,,,,,,,,,,,,,,,,,,,
travel,1876799,,,,,,[],42,,,,,,,,,,,,,,,,,,,,,,,,,,,,,,,,,,,,,,,,,,,
alien_welcome,1881803,null,null,,,,,,,,,77,48,100,24,26,14,89,60,114,49,35,107,104,7,43,56,13,28,22,82,31,108,117,84,99,6,38,106,83,92,54,5,44,90,58,70,51,52,39,10
land,1882304,null,null,,,95,,43,,,,,,,,,,,,,,,,,,,,,,,,,,,,,,,,,,,,,,,,,,,
dig,1884308,,,,,,[],43,,,,,,,,,,,,,,,,,,,,,,,,,,,,,,,,,,,,,,,,,,,
harvest,1885815,null,null,,,44,,43,,,,,,95,0.4610668,0.463157895,,,,,,,,,,,,,,,,,,,,,,,,,,,,,,,,,,,
decision,1886706,887,65,,,44,,43,,,,,,,,,224054,3,0,FALSE,,,,,,,,,,,,,,,,,,,,,,,,,,,,,,,
dig,1887841,,,,,,[],43,,,,,,,,,,,,,,,,,,,,,,,,,,,,,,,,,,,,,,,,,,,
harvest,1889343,null,null,,,25,,43,,,,,,44,0.559546399,0.568181818,,,,,,,,,,,,,,,,,,,,,,,,,,,,,,,,,,,
decision,1890150,805,76,,,25,,43,,,,,,,,,227499,3,1,TRUE,,,,,,,,,,,,,,,,,,,,,,,,,,,,,,,
travel,1899350,,,,,,[],43,,,,,,,,,,,,,,,,,,,,,,,,,,,,,,,,,,,,,,,,,,,
alien_welcome,1904363,null,null,,,,,,,,,15,48,100,24,26,14,89,60,114,49,35,107,104,7,43,56,13,28,22,82,31,108,117,84,99,6,38,106,83,92,54,5,44,90,58,70,51,52,39,10
land,1904867,null,null,,,105,,44,,,,,,,,,,,,,,,,,,,,,,,,,,,,,,,,,,,,,,,,,,,
dig,1906947,,,,,,[],44,,,,,,,,,,,,,,,,,,,,,,,,,,,,,,,,,,,,,,,,,,,
harvest,1908455,null,null,,,83,,44,,,,,,105,0.787155748,0.79047619,,,,,,,,,,,,,,,,,,,,,,,,,,,,,,,,,,,
decision,1908960,503,65,,,83,,44,,,,,,,,,246308,3,0,FALSE,,,,,,,,,,,,,,,,,,,,,,,,,,,,,,,
dig,1910464,,,,,,[],44,,,,,,,,,,,,,,,,,,,,,,,,,,,,,,,,,,,,,,,,,,,
harvest,1911971,null,null,,,61,,44,,,,,,83,0.730511223,0.734939759,,,,,,,,,,,,,,,,,,,,,,,,,,,,,,,,,,,
decision,1912585,612,76,,,61,,44,,,,,,,,,249934,3,1,TRUE,,,,,,,,,,,,,,,,,,,,,,,,,,,,,,,
travel,1922038,,,,,,[],44,,,,,,,,,,,,,,,,,,,,,,,,,,,,,,,,,,,,,,,,,,,
alien_welcome,1927159,null,null,,,,,,,,,72,48,100,24,26,14,89,60,114,49,35,107,104,7,43,56,13,28,22,82,31,108,117,84,99,6,38,106,83,92,54,5,44,90,58,70,51,52,39,10
land,1927717,null,null,,,95,,45,,,,,,,,,,,,,,,,,,,,,,,,,,,,,,,,,,,,,,,,,,,
dig,1929751,,,,,,[],45,,,,,,,,,,,,,,,,,,,,,,,,,,,,,,,,,,,,,,,,,,,
harvest,1931270,null,null,,,76,,45,,,,,,95,0.798735374,0.8,,,,,,,,,,,,,,,,,,,,,,,,,,,,,,,,,,,
decision,1931691,419,76,,,76,,45,,,,,,,,,269039,3,0,TRUE,,,,,,,,,,,,,,,,,,,,,,,,,,,,,,,
travel,1941288,,,,,,[],45,,,,,,,,,,,,,,,,,,,,,,,,,,,,,,,,,,,,,,,,,,,
alien_welcome,1946300,null,null,,,,,,,,,61,48,100,24,26,14,89,60,114,49,35,107,104,7,43,56,13,28,22,82,31,108,117,84,99,6,38,106,83,92,54,5,44,90,58,70,51,52,39,10
land,1946802,null,null,,,110,,46,,,,,,,,,,,,,,,,,,,,,,,,,,,,,,,,,,,,,,,,,,,
dig,1948818,,,,,,[],46,,,,,,,,,,,,,,,,,,,,,,,,,,,,,,,,,,,,,,,,,,,
harvest,1950326,null,null,,,81,,46,,,,,,110,0.733484152,0.736363636,,,,,,,,,,,,,,,,,,,,,,,,,,,,,,,,,,,
decision,1950407,80,65,,,81,,46,,,,,,,,,287756,3,0,FALSE,,,,,,,,,,,,,,,,,,,,,,,,,,,,,,,
dig,1952335,,,,,,[],46,,,,,,,,,,,,,,,,,,,,,,,,,,,,,,,,,,,,,,,,,,,
harvest,1953837,null,null,,,65,,46,,,,,,81,0.808184413,0.802469136,,,,,,,,,,,,,,,,,,,,,,,,,,,,,,,,,,,
decision,1954710,871,65,,,65,,46,,,,,,,,,292059,3,1,FALSE,,,,,,,,,,,,,,,,,,,,,,,,,,,,,,,
dig,1955844,,,,,,[],46,,,,,,,,,,,,,,,,,,,,,,,,,,,,,,,,,,,,,,,,,,,
harvest,1957352,null,null,,,52,,46,,,,,,65,0.797003241,0.8,,,,,,,,,,,,,,,,,,,,,,,,,,,,,,,,,,,
decision,1958001,647,76,,,52,,46,,,,,,,,,295350,3,2,TRUE,,,,,,,,,,,,,,,,,,,,,,,,,,,,,,,
travel,1967360,,,,,,[],46,,,,,,,,,,,,,,,,,,,,,,,,,,,,,,,,,,,,,,,,,,,
alien_welcome,1972364,null,null,,,,,,,,,3,48,100,24,26,14,89,60,114,49,35,107,104,7,43,56,13,28,22,82,31,108,117,84,99,6,38,106,83,92,54,5,44,90,58,70,51,52,39,10
land,1972898,null,null,,,99,,47,,,,,,,,,,,,,,,,,,,,,,,,,,,,,,,,,,,,,,,,,,,
dig,1974902,,,,,,[],47,,,,,,,,,,,,,,,,,,,,,,,,,,,,,,,,,,,,,,,,,,,
harvest,1976417,null,null,,,78,,47,,,,,,99,0.789995798,0.787878788,,,,,,,,,,,,,,,,,,,,,,,,,,,,,,,,,,,
decision,1976881,462,65,,,78,,47,,,,,,,,,314231,3,0,FALSE,,,,,,,,,,,,,,,,,,,,,,,,,,,,,,,
dig,1978438,,,,,,[],47,,,,,,,,,,,,,,,,,,,,,,,,,,,,,,,,,,,,,,,,,,,
harvest,1979948,null,null,,,63,,47,,,,,,78,0.805552731,0.807692308,,,,,,,,,,,,,,,,,,,,,,,,,,,,,,,,,,,
decision,1980691,741,65,,,63,,47,,,,,,,,,318040,3,1,FALSE,,,,,,,,,,,,,,,,,,,,,,,,,,,,,,,
dig,1981957,,,,,,[],47,,,,,,,,,,,,,,,,,,,,,,,,,,,,,,,,,,,,,,,,,,,
harvest,1983460,null,null,,,53,,47,,,,,,63,0.841417661,0.841269841,,,,,,,,,,,,,,,,,,,,,,,,,,,,,,,,,,,
decision,1983581,94,76,,,53,,47,,,,,,,,,320929,3,2,TRUE,,,,,,,,,,,,,,,,,,,,,,,,,,,,,,,
travel,1993488,,,,,,[],47,,,,,,,,,,,,,,,,,,,,,,,,,,,,,,,,,,,,,,,,,,,
alien_welcome,1998493,null,null,,,,,,,,,87,48,100,24,26,14,89,60,114,49,35,107,104,7,43,56,13,28,22,82,31,108,117,84,99,6,38,106,83,92,54,5,44,90,58,70,51,52,39,10
land,1999000,null,null,,,102,,48,,,,,,,,,,,,,,,,,,,,,,,,,,,,,,,,,,,,,,,,,,,
dig,2001003,,,,,,[],48,,,,,,,,,,,,,,,,,,,,,,,,,,,,,,,,,,,,,,,,,,,
harvest,2002505,null,null,,,52,,48,,,,,,102,0.511585784,0.509803922,,,,,,,,,,,,,,,,,,,,,,,,,,,,,,,,,,,
decision,2003640,1134,65,,,52,,48,,,,,,,,,340989,3,0,FALSE,,,,,,,,,,,,,,,,,,,,,,,,,,,,,,,
dig,2004513,,,,,,[],48,,,,,,,,,,,,,,,,,,,,,,,,,,,,,,,,,,,,,,,,,,,
harvest,2006015,null,null,,,29,,48,,,,,,52,0.55916867,0.557692308,,,,,,,,,,,,,,,,,,,,,,,,,,,,,,,,,,,
decision,2007193,1176,76,,,29,,48,,,,,,,,,344541,3,1,TRUE,,,,,,,,,,,,,,,,,,,,,,,,,,,,,,,
travel,2016025,,,,,,[],48,,,,,,,,,,,,,,,,,,,,,,,,,,,,,,,,,,,,,,,,,,,
alien_welcome,2021027,null,null,,,,,,,,,105,48,100,24,26,14,89,60,114,49,35,107,104,7,43,56,13,28,22,82,31,108,117,84,99,6,38,106,83,92,54,5,44,90,58,70,51,52,39,10
land,2021534,null,null,,,104,,49,,,,,,,,,,,,,,,,,,,,,,,,,,,,,,,,,,,,,,,,,,,
dig,2023538,,,,,,[],49,,,,,,,,,,,,,,,,,,,,,,,,,,,,,,,,,,,,,,,,,,,
harvest,2025041,null,null,,,45,,49,,,,,,104,0.431726986,0.432692308,,,,,,,,,,,,,,,,,,,,,,,,,,,,,,,,,,,
decision,2026214,1171,65,,,45,,49,,,,,,,,,363563,3,0,TRUE,,,,,,,,,,,,,,,,,,,,,,,,,,,,,,,
end_of_block,2028061,1827,32,,,,,,,,,,,,,,,,,,,,,,,,,,,,,,,,,,,,,,,,,,,,,,,,
alien_welcome,2033085,null,null,,,,,,,,,69,48,100,24,26,14,89,60,114,49,35,107,104,7,43,56,13,28,22,82,31,108,117,84,99,6,38,106,83,92,54,5,44,90,58,70,51,52,39,10
land,2033654,null,null,,,109,,50,,,,,,,,,,,,,,,,,,,,,,,,,,,,,,,,,,,,,,,,,,,
dig,2035659,,,,,,[],50,,,,,,,,,,,,,,,,,,,,,,,,,,,,,,,,,,,,,,,,,,,
harvest,2037161,null,null,,,22,,50,,,,,,109,0.202619317,0.201834862,,,,,,,,,,,,,,,,,,,,,,,,,,,,,,,,,,,
decision,2037332,169,65,,,22,,50,,,,,,,,,9265,4,0,FALSE,,,,,,,,,,,,,,,,,,,,,,,,,,,,,,,
dig,2039169,,,,,,[],50,,,,,,,,,,,,,,,,,,,,,,,,,,,,,,,,,,,,,,,,,,,
harvest,2040678,null,null,,,5,,50,,,,,,22,0.230255259,0.227272727,,,,,,,,,,,,,,,,,,,,,,,,,,,,,,,,,,,
decision,2040819,139,76,,,5,,50,,,,,,,,,12753,4,1,TRUE,,,,,,,,,,,,,,,,,,,,,,,,,,,,,,,
travel,2050689,,,,,,[],50,,,,,,,,,,,,,,,,,,,,,,,,,,,,,,,,,,,,,,,,,,,
alien_welcome,2055691,null,null,,,,,,,,,50,48,100,24,26,14,89,60,114,49,35,107,104,7,43,56,13,28,22,82,31,108,117,84,99,6,38,106,83,92,54,5,44,90,58,70,51,52,39,10
land,2056195,null,null,,,98,,51,,,,,,,,,,,,,,,,,,,,,,,,,,,,,,,,,,,,,,,,,,,
dig,2058199,,,,,,[],51,,,,,,,,,,,,,,,,,,,,,,,,,,,,,,,,,,,,,,,,,,,
harvest,2059814,null,null,,,14,,51,,,,,,98,0.144219909,0.142857143,,,,,,,,,,,,,,,,,,,,,,,,,,,,,,,,,,,
decision,2060893,1077,65,,,14,,51,,,,,,,,,32827,4,0,FALSE,,,,,,,,,,,,,,,,,,,,,,,,,,,,,,,
dig,2061824,,,,,,[],51,,,,,,,,,,,,,,,,,,,,,,,,,,,,,,,,,,,,,,,,,,,
harvest,2063334,null,null,,,3,,51,,,,,,14,0.232220634,0.214285714,,,,,,,,,,,,,,,,,,,,,,,,,,,,,,,,,,,
decision,2063759,423,76,,,3,,51,,,,,,,,,35693,4,1,TRUE,,,,,,,,,,,,,,,,,,,,,,,,,,,,,,,
travel,2073352,,,,,,[],51,,,,,,,,,,,,,,,,,,,,,,,,,,,,,,,,,,,,,,,,,,,
alien_welcome,2078359,null,null,,,,,,,,,36,48,100,24,26,14,89,60,114,49,35,107,104,7,43,56,13,28,22,82,31,108,117,84,99,6,38,106,83,92,54,5,44,90,58,70,51,52,39,10
land,2078868,null,null,,,98,,52,,,,,,,,,,,,,,,,,,,,,,,,,,,,,,,,,,,,,,,,,,,
dig,2080872,,,,,,[],52,,,,,,,,,,,,,,,,,,,,,,,,,,,,,,,,,,,,,,,,,,,
harvest,2082379,null,null,,,25,,52,,,,,,98,0.250798059,0.255102041,,,,,,,,,,,,,,,,,,,,,,,,,,,,,,,,,,,
decision,2082592,213,65,,,25,,52,,,,,,,,,54526,4,0,FALSE,,,,,,,,,,,,,,,,,,,,,,,,,,,,,,,
dig,2084399,,,,,,[],52,,,,,,,,,,,,,,,,,,,,,,,,,,,,,,,,,,,,,,,,,,,
harvest,2085901,null,null,,,4,,52,,,,,,25,0.169750824,0.16,,,,,,,,,,,,,,,,,,,,,,,,,,,,,,,,,,,
decision,2086133,229,76,,,4,,52,,,,,,,,,58067,4,1,TRUE,,,,,,,,,,,,,,,,,,,,,,,,,,,,,,,
travel,2095907,,,,,,[],52,,,,,,,,,,,,,,,,,,,,,,,,,,,,,,,,,,,,,,,,,,,
alien_welcome,2100929,null,null,,,,,,,,,103,48,100,24,26,14,89,60,114,49,35,107,104,7,43,56,13,28,22,82,31,108,117,84,99,6,38,106,83,92,54,5,44,90,58,70,51,52,39,10
land,2101431,null,null,,,109,,53,,,,,,,,,,,,,,,,,,,,,,,,,,,,,,,,,,,,,,,,,,,
dig,2103445,,,,,,[],53,,,,,,,,,,,,,,,,,,,,,,,,,,,,,,,,,,,,,,,,,,,
harvest,2104956,null,null,,,89,,53,,,,,,109,0.817435837,0.816513761,,,,,,,,,,,,,,,,,,,,,,,,,,,,,,,,,,,
decision,2105483,526,65,,,89,,53,,,,,,,,,77417,4,0,FALSE,,,,,,,,,,,,,,,,,,,,,,,,,,,,,,,
dig,2106967,,,,,,[],53,,,,,,,,,,,,,,,,,,,,,,,,,,,,,,,,,,,,,,,,,,,
harvest,2108477,null,null,,,68,,53,,,,,,89,0.760398561,0.764044944,,,,,,,,,,,,,,,,,,,,,,,,,,,,,,,,,,,
decision,2108713,234,76,,,68,,53,,,,,,,,,80646,4,1,TRUE,,,,,,,,,,,,,,,,,,,,,,,,,,,,,,,
travel,2118486,,,,,,[],53,,,,,,,,,,,,,,,,,,,,,,,,,,,,,,,,,,,,,,,,,,,
alien_welcome,2123491,null,null,,,,,,,,,80,48,100,24,26,14,89,60,114,49,35,107,104,7,43,56,13,28,22,82,31,108,117,84,99,6,38,106,83,92,54,5,44,90,58,70,51,52,39,10
land,2124003,null,null,,,101,,54,,,,,,,,,,,,,,,,,,,,,,,,,,,,,,,,,,,,,,,,,,,
dig,2126030,,,,,,[],54,,,,,,,,,,,,,,,,,,,,,,,,,,,,,,,,,,,,,,,,,,,
harvest,2127534,null,null,,,76,,54,,,,,,101,0.756650255,0.752475248,,,,,,,,,,,,,,,,,,,,,,,,,,,,,,,,,,,
decision,2127560,22,65,,,76,,54,,,,,,,,,99493,4,0,FALSE,,,,,,,,,,,,,,,,,,,,,,,,,,,,,,,
dig,2129666,,,,,,[],54,,,,,,,,,,,,,,,,,,,,,,,,,,,,,,,,,,,,,,,,,,,
harvest,2131174,null,null,,,63,,54,,,,,,76,0.824647513,0.828947368,,,,,,,,,,,,,,,,,,,,,,,,,,,,,,,,,,,
decision,2131932,757,76,,,63,,54,,,,,,,,,103866,4,1,TRUE,,,,,,,,,,,,,,,,,,,,,,,,,,,,,,,
travel,2141205,,,,,,[],54,,,,,,,,,,,,,,,,,,,,,,,,,,,,,,,,,,,,,,,,,,,
alien_welcome,2146208,null,null,,,,,,,,,9,48,100,24,26,14,89,60,114,49,35,107,104,7,43,56,13,28,22,82,31,108,117,84,99,6,38,106,83,92,54,5,44,90,58,70,51,52,39,10
land,2146711,null,null,,,105,,55,,,,,,,,,,,,,,,,,,,,,,,,,,,,,,,,,,,,,,,,,,,
dig,2148775,,,,,,[],55,,,,,,,,,,,,,,,,,,,,,,,,,,,,,,,,,,,,,,,,,,,
harvest,2150291,null,null,,,83,,55,,,,,,105,0.792773377,0.79047619,,,,,,,,,,,,,,,,,,,,,,,,,,,,,,,,,,,
decision,2151017,721,65,,,83,,55,,,,,,,,,122950,4,0,FALSE,,,,,,,,,,,,,,,,,,,,,,,,,,,,,,,
dig,2152306,,,,,,[],55,,,,,,,,,,,,,,,,,,,,,,,,,,,,,,,,,,,,,,,,,,,
harvest,2153830,null,null,,,65,,55,,,,,,83,0.777416357,0.78313253,,,,,,,,,,,,,,,,,,,,,,,,,,,,,,,,,,,
decision,2155115,1281,76,,,65,,55,,,,,,,,,127049,4,1,TRUE,,,,,,,,,,,,,,,,,,,,,,,,,,,,,,,
travel,2163838,,,,,,[],55,,,,,,,,,,,,,,,,,,,,,,,,,,,,,,,,,,,,,,,,,,,
alien_welcome,2168843,null,null,,,,,,,,,34,48,100,24,26,14,89,60,114,49,35,107,104,7,43,56,13,28,22,82,31,108,117,84,99,6,38,106,83,92,54,5,44,90,58,70,51,52,39,10
land,2169351,null,null,,,96,,56,,,,,,,,,,,,,,,,,,,,,,,,,,,,,,,,,,,,,,,,,,,
dig,2171355,,,,,,[],56,,,,,,,,,,,,,,,,,,,,,,,,,,,,,,,,,,,,,,,,,,,
harvest,2172861,null,null,,,68,,56,,,,,,96,0.713303654,0.708333333,,,,,,,,,,,,,,,,,,,,,,,,,,,,,,,,,,,
decision,2173455,591,65,,,68,,56,,,,,,,,,145389,4,0,FALSE,,,,,,,,,,,,,,,,,,,,,,,,,,,,,,,
dig,2174873,,,,,,[],56,,,,,,,,,,,,,,,,,,,,,,,,,,,,,,,,,,,,,,,,,,,
harvest,2176380,null,null,,,56,,56,,,,,,68,0.827734991,0.823529412,,,,,,,,,,,,,,,,,,,,,,,,,,,,,,,,,,,
decision,2177043,662,76,,,56,,56,,,,,,,,,148977,4,1,TRUE,,,,,,,,,,,,,,,,,,,,,,,,,,,,,,,
travel,2186385,,,,,,[],56,,,,,,,,,,,,,,,,,,,,,,,,,,,,,,,,,,,,,,,,,,,
alien_welcome,2191392,null,null,,,,,,,,,81,48,100,24,26,14,89,60,114,49,35,107,104,7,43,56,13,28,22,82,31,108,117,84,99,6,38,106,83,92,54,5,44,90,58,70,51,52,39,10
land,2191895,null,null,,,105,,57,,,,,,,,,,,,,,,,,,,,,,,,,,,,,,,,,,,,,,,,,,,
dig,2193898,,,,,,[],57,,,,,,,,,,,,,,,,,,,,,,,,,,,,,,,,,,,,,,,,,,,
harvest,2195400,null,null,,,87,,57,,,,,,105,0.828801659,0.828571429,,,,,,,,,,,,,,,,,,,,,,,,,,,,,,,,,,,
decision,2195824,422,65,,,87,,57,,,,,,,,,167757,4,0,FALSE,,,,,,,,,,,,,,,,,,,,,,,,,,,,,,,
dig,2197411,,,,,,[],57,,,,,,,,,,,,,,,,,,,,,,,,,,,,,,,,,,,,,,,,,,,
harvest,2198913,null,null,,,62,,57,,,,,,87,0.709081813,0.712643678,,,,,,,,,,,,,,,,,,,,,,,,,,,,,,,,,,,
decision,2199615,700,76,,,62,,57,,,,,,,,,171549,4,1,TRUE,,,,,,,,,,,,,,,,,,,,,,,,,,,,,,,
travel,2208946,,,,,,[],57,,,,,,,,,,,,,,,,,,,,,,,,,,,,,,,,,,,,,,,,,,,
alien_welcome,2214172,null,null,,,,,,,,,113,48,100,24,26,14,89,60,114,49,35,107,104,7,43,56,13,28,22,82,31,108,117,84,99,6,38,106,83,92,54,5,44,90,58,70,51,52,39,10
land,2214678,null,null,,,99,,58,,,,,,,,,,,,,,,,,,,,,,,,,,,,,,,,,,,,,,,,,,,
dig,2216682,,,,,,[],58,,,,,,,,,,,,,,,,,,,,,,,,,,,,,,,,,,,,,,,,,,,
harvest,2218185,null,null,,,82,,58,,,,,,99,0.832885865,0.828282828,,,,,,,,,,,,,,,,,,,,,,,,,,,,,,,,,,,
decision,2219119,932,65,,,82,,58,,,,,,,,,191053,4,0,FALSE,,,,,,,,,,,,,,,,,,,,,,,,,,,,,,,
dig,2220202,,,,,,[],58,,,,,,,,,,,,,,,,,,,,,,,,,,,,,,,,,,,,,,,,,,,
harvest,2221730,null,null,,,63,,58,,,,,,82,0.773433593,0.768292683,,,,,,,,,,,,,,,,,,,,,,,,,,,,,,,,,,,
decision,2222915,1183,76,,,63,,58,,,,,,,,,194849,4,1,TRUE,,,,,,,,,,,,,,,,,,,,,,,,,,,,,,,
travel,2231738,,,,,,[],58,,,,,,,,,,,,,,,,,,,,,,,,,,,,,,,,,,,,,,,,,,,
alien_welcome,2236742,null,null,,,,,,,,,2,48,100,24,26,14,89,60,114,49,35,107,104,7,43,56,13,28,22,82,31,108,117,84,99,6,38,106,83,92,54,5,44,90,58,70,51,52,39,10
land,2237244,null,null,,,92,,59,,,,,,,,,,,,,,,,,,,,,,,,,,,,,,,,,,,,,,,,,,,
dig,2239248,,,,,,[],59,,,,,,,,,,,,,,,,,,,,,,,,,,,,,,,,,,,,,,,,,,,
harvest,2240750,null,null,,,19,,59,,,,,,92,0.207684892,0.206521739,,,,,,,,,,,,,,,,,,,,,,,,,,,,,,,,,,,
decision,2241396,644,65,,,19,,59,,,,,,,,,213330,4,0,FALSE,,,,,,,,,,,,,,,,,,,,,,,,,,,,,,,
dig,2242761,,,,,,[],59,,,,,,,,,,,,,,,,,,,,,,,,,,,,,,,,,,,,,,,,,,,
harvest,2244269,null,null,,,4,,59,,,,,,19,0.192618523,0.210526316,,,,,,,,,,,,,,,,,,,,,,,,,,,,,,,,,,,
decision,2246016,1730,76,,,4,,59,,,,,,,,,217949,4,1,TRUE,,,,,,,,,,,,,,,,,,,,,,,,,,,,,,,
travel,2254287,,,,,,[],59,,,,,,,,,,,,,,,,,,,,,,,,,,,,,,,,,,,,,,,,,,,
alien_welcome,2259296,null,null,,,,,,,,,73,48,100,24,26,14,89,60,114,49,35,107,104,7,43,56,13,28,22,82,31,108,117,84,99,6,38,106,83,92,54,5,44,90,58,70,51,52,39,10
land,2259804,null,null,,,98,,60,,,,,,,,,,,,,,,,,,,,,,,,,,,,,,,,,,,,,,,,,,,
dig,2261859,,,,,,[],60,,,,,,,,,,,,,,,,,,,,,,,,,,,,,,,,,,,,,,,,,,,
harvest,2263371,null,null,,,18,,60,,,,,,98,0.180562417,0.183673469,,,,,,,,,,,,,,,,,,,,,,,,,,,,,,,,,,,
decision,2263582,209,65,,,18,,60,,,,,,,,,235516,4,0,FALSE,,,,,,,,,,,,,,,,,,,,,,,,,,,,,,,
dig,2265384,,,,,,[],60,,,,,,,,,,,,,,,,,,,,,,,,,,,,,,,,,,,,,,,,,,,
harvest,2266892,null,null,,,5,,60,,,,,,18,0.261441022,0.277777778,,,,,,,,,,,,,,,,,,,,,,,,,,,,,,,,,,,
decision,2267136,242,65,,,5,,60,,,,,,,,,239070,4,1,FALSE,,,,,,,,,,,,,,,,,,,,,,,,,,,,,,,
dig,2268906,,,,,,[],60,,,,,,,,,,,,,,,,,,,,,,,,,,,,,,,,,,,,,,,,,,,
harvest,2270413,null,null,,,1,,60,,,,,,5,0.161346528,0.2,,,,,,,,,,,,,,,,,,,,,,,,,,,,,,,,,,,
decision,2271614,1199,76,,,1,,60,,,,,,,,,243548,4,2,TRUE,,,,,,,,,,,,,,,,,,,,,,,,,,,,,,,
travel,2280416,,,,,,[],60,,,,,,,,,,,,,,,,,,,,,,,,,,,,,,,,,,,,,,,,,,,
alien_welcome,2285450,null,null,,,,,,,,,67,48,100,24,26,14,89,60,114,49,35,107,104,7,43,56,13,28,22,82,31,108,117,84,99,6,38,106,83,92,54,5,44,90,58,70,51,52,39,10
land,2285953,null,null,,,102,,61,,,,,,,,,,,,,,,,,,,,,,,,,,,,,,,,,,,,,,,,,,,
dig,2287957,,,,,,[],61,,,,,,,,,,,,,,,,,,,,,,,,,,,,,,,,,,,,,,,,,,,
harvest,2289698,null,null,,,80,,61,,,,,,102,0.785882414,0.784313725,,,,,,,,,,,,,,,,,,,,,,,,,,,,,,,,,,,
decision,2291235,1534,65,,,80,,61,,,,,,,,,263169,4,0,FALSE,,,,,,,,,,,,,,,,,,,,,,,,,,,,,,,
dig,2291709,,,,,,[],61,,,,,,,,,,,,,,,,,,,,,,,,,,,,,,,,,,,,,,,,,,,
harvest,2293212,null,null,,,66,,61,,,,,,80,0.822549738,0.825,,,,,,,,,,,,,,,,,,,,,,,,,,,,,,,,,,,
decision,2294435,1221,76,,,66,,61,,,,,,,,,266369,4,1,TRUE,,,,,,,,,,,,,,,,,,,,,,,,,,,,,,,
travel,2303219,,,,,,[],61,,,,,,,,,,,,,,,,,,,,,,,,,,,,,,,,,,,,,,,,,,,
alien_welcome,2308223,null,null,,,,,,,,,76,48,100,24,26,14,89,60,114,49,35,107,104,7,43,56,13,28,22,82,31,108,117,84,99,6,38,106,83,92,54,5,44,90,58,70,51,52,39,10
land,2308732,null,null,,,93,,62,,,,,,,,,,,,,,,,,,,,,,,,,,,,,,,,,,,,,,,,,,,
dig,2310736,,,,,,[],62,,,,,,,,,,,,,,,,,,,,,,,,,,,,,,,,,,,,,,,,,,,
harvest,2312242,null,null,,,74,,62,,,,,,93,0.792499722,0.795698925,,,,,,,,,,,,,,,,,,,,,,,,,,,,,,,,,,,
decision,2313056,811,65,,,74,,62,,,,,,,,,284990,4,0,FALSE,,,,,,,,,,,,,,,,,,,,,,,,,,,,,,,
dig,2314255,,,,,,[],62,,,,,,,,,,,,,,,,,,,,,,,,,,,,,,,,,,,,,,,,,,,
harvest,2315764,null,null,,,61,,62,,,,,,74,0.828935416,0.824324324,,,,,,,,,,,,,,,,,,,,,,,,,,,,,,,,,,,
decision,2316715,949,65,,,61,,62,,,,,,,,,288649,4,1,FALSE,,,,,,,,,,,,,,,,,,,,,,,,,,,,,,,
dig,2317850,,,,,,[],62,,,,,,,,,,,,,,,,,,,,,,,,,,,,,,,,,,,,,,,,,,,
harvest,2319445,null,null,,,51,,62,,,,,,61,0.83574427,0.836065574,,,,,,,,,,,,,,,,,,,,,,,,,,,,,,,,,,,
decision,2319769,238,76,,,51,,62,,,,,,,,,291702,4,2,TRUE,,,,,,,,,,,,,,,,,,,,,,,,,,,,,,,
travel,2329535,,,,,,[],62,,,,,,,,,,,,,,,,,,,,,,,,,,,,,,,,,,,,,,,,,,,
alien_welcome,2334545,null,null,,,,,,,,,29,48,100,24,26,14,89,60,114,49,35,107,104,7,43,56,13,28,22,82,31,108,117,84,99,6,38,106,83,92,54,5,44,90,58,70,51,52,39,10
land,2335049,null,null,,,107,,63,,,,,,,,,,,,,,,,,,,,,,,,,,,,,,,,,,,,,,,,,,,
dig,2337055,,,,,,[],63,,,,,,,,,,,,,,,,,,,,,,,,,,,,,,,,,,,,,,,,,,,
harvest,2338556,null,null,,,81,,63,,,,,,107,0.757517051,0.757009346,,,,,,,,,,,,,,,,,,,,,,,,,,,,,,,,,,,
decision,2340558,null,null,,,81,,63,,,,,,,,,312493,4,0,FALSE,,,,,,,,,,,,,,,,,,,,,,,,,,,,,,,
time_out,2342571,null,null,,,81,,,,,,,,,,,,,,,,,,,,,,,,,,,,,,,,,,,,,,,,,,,,,
decision,2342715,141,65,,,81,,63,,,,,,,,,314648,4,0,FALSE,,,,,,,,,,,,,,,,,,,,,,,,,,,,,,,
dig,2344580,,,,,,[],63,,,,,,,,,,,,,,,,,,,,,,,,,,,,,,,,,,,,,,,,,,,
harvest,2346086,null,null,,,70,,63,,,,,,81,0.862533075,0.864197531,,,,,,,,,,,,,,,,,,,,,,,,,,,,,,,,,,,
decision,2346596,507,76,,,70,,63,,,,,,,,,318531,4,1,TRUE,,,,,,,,,,,,,,,,,,,,,,,,,,,,,,,
travel,2356094,,,,,,[],63,,,,,,,,,,,,,,,,,,,,,,,,,,,,,,,,,,,,,,,,,,,
alien_welcome,2361097,null,null,,,,,,,,,85,48,100,24,26,14,89,60,114,49,35,107,104,7,43,56,13,28,22,82,31,108,117,84,99,6,38,106,83,92,54,5,44,90,58,70,51,52,39,10
land,2361605,null,null,,,104,,64,,,,,,,,,,,,,,,,,,,,,,,,,,,,,,,,,,,,,,,,,,,
dig,2363660,,,,,,[],64,,,,,,,,,,,,,,,,,,,,,,,,,,,,,,,,,,,,,,,,,,,
harvest,2365180,null,null,,,82,,64,,,,,,104,0.788353826,0.788461538,,,,,,,,,,,,,,,,,,,,,,,,,,,,,,,,,,,
decision,2365335,153,65,,,82,,64,,,,,,,,,337269,4,0,FALSE,,,,,,,,,,,,,,,,,,,,,,,,,,,,,,,
dig,2367192,,,,,,[],64,,,,,,,,,,,,,,,,,,,,,,,,,,,,,,,,,,,,,,,,,,,
harvest,2368694,null,null,,,51,,64,,,,,,82,0.616578527,0.62195122,,,,,,,,,,,,,,,,,,,,,,,,,,,,,,,,,,,
decision,2368956,260,65,,,51,,64,,,,,,,,,340890,4,1,FALSE,,,,,,,,,,,,,,,,,,,,,,,,,,,,,,,
dig,2370807,,,,,,[],64,,,,,,,,,,,,,,,,,,,,,,,,,,,,,,,,,,,,,,,,,,,
harvest,2372308,null,null,,,38,,64,,,,,,51,0.751904363,0.745098039,,,,,,,,,,,,,,,,,,,,,,,,,,,,,,,,,,,
decision,2372365,55,76,,,38,,64,,,,,,,,,344299,4,2,TRUE,,,,,,,,,,,,,,,,,,,,,,,,,,,,,,,
travel,2382321,,,,,,[],64,,,,,,,,,,,,,,,,,,,,,,,,,,,,,,,,,,,,,,,,,,,
alien_welcome,2387325,null,null,,,,,,,,,111,48,100,24,26,14,89,60,114,49,35,107,104,7,43,56,13,28,22,82,31,108,117,84,99,6,38,106,83,92,54,5,44,90,58,70,51,52,39,10
land,2387833,null,null,,,106,,65,,,,,,,,,,,,,,,,,,,,,,,,,,,,,,,,,,,,,,,,,,,
dig,2389840,,,,,,[],65,,,,,,,,,,,,,,,,,,,,,,,,,,,,,,,,,,,,,,,,,,,
harvest,2391348,null,null,,,92,,65,,,,,,106,0.864889449,0.867924528,,,,,,,,,,,,,,,,,,,,,,,,,,,,,,,,,,,
decision,2391355,5,65,,,92,,65,,,,,,,,,363289,4,0,TRUE,,,,,,,,,,,,,,,,,,,,,,,,,,,,,,,
end_of_block,2395956,4591,32,,,,,,,,,,,,,,,,,,,,,,,,,,,,,,,,,,,,,,,,,,,,,,,,
alien_welcome,2401025,null,null,,,,,,,,,91,48,100,24,26,14,89,60,114,49,35,107,104,7,43,56,13,28,22,82,31,108,117,84,99,6,38,106,83,92,54,5,44,90,58,70,51,52,39,10
land,2401631,null,null,,,97,,66,,,,,,,,,,,,,,,,,,,,,,,,,,,,,,,,,,,,,,,,,,,
dig,2403636,,,,,,[],66,,,,,,,,,,,,,,,,,,,,,,,,,,,,,,,,,,,,,,,,,,,
harvest,2405138,null,null,,,54,,66,,,,,,97,0.55895409,0.556701031,,,,,,,,,,,,,,,,,,,,,,,,,,,,,,,,,,,
decision,2406215,1075,65,,,54,,66,,,,,,,,,10252,5,0,FALSE,,,,,,,,,,,,,,,,,,,,,,,,,,,,,,,
dig,2407146,,,,,,[],66,,,,,,,,,,,,,,,,,,,,,,,,,,,,,,,,,,,,,,,,,,,
harvest,2408652,null,null,,,28,,66,,,,,,54,0.525972337,0.518518519,,,,,,,,,,,,,,,,,,,,,,,,,,,,,,,,,,,
decision,2409456,802,76,,,28,,66,,,,,,,,,13493,5,1,TRUE,,,,,,,,,,,,,,,,,,,,,,,,,,,,,,,
travel,2418666,,,,,,[],66,,,,,,,,,,,,,,,,,,,,,,,,,,,,,,,,,,,,,,,,,,,
alien_welcome,2423735,null,null,,,,,,,,,79,48,100,24,26,14,89,60,114,49,35,107,104,7,43,56,13,28,22,82,31,108,117,84,99,6,38,106,83,92,54,5,44,90,58,70,51,52,39,10
land,2424242,null,null,,,92,,67,,,,,,,,,,,,,,,,,,,,,,,,,,,,,,,,,,,,,,,,,,,
dig,2426247,,,,,,[],67,,,,,,,,,,,,,,,,,,,,,,,,,,,,,,,,,,,,,,,,,,,
harvest,2427756,null,null,,,50,,67,,,,,,92,0.546294737,0.543478261,,,,,,,,,,,,,,,,,,,,,,,,,,,,,,,,,,,
decision,2428635,875,65,,,50,,67,,,,,,,,,32671,5,0,FALSE,,,,,,,,,,,,,,,,,,,,,,,,,,,,,,,
dig,2429797,,,,,,[],67,,,,,,,,,,,,,,,,,,,,,,,,,,,,,,,,,,,,,,,,,,,
harvest,2431320,null,null,,,21,,67,,,,,,50,0.420567444,0.42,,,,,,,,,,,,,,,,,,,,,,,,,,,,,,,,,,,
decision,2431815,480,76,,,21,,67,,,,,,,,,35853,5,1,TRUE,,,,,,,,,,,,,,,,,,,,,,,,,,,,,,,
travel,2441360,,,,,,[],67,,,,,,,,,,,,,,,,,,,,,,,,,,,,,,,,,,,,,,,,,,,
alien_welcome,2446366,null,null,,,,,,,,,21,48,100,24,26,14,89,60,114,49,35,107,104,7,43,56,13,28,22,82,31,108,117,84,99,6,38,106,83,92,54,5,44,90,58,70,51,52,39,10
land,2446871,null,null,,,97,,68,,,,,,,,,,,,,,,,,,,,,,,,,,,,,,,,,,,,,,,,,,,
dig,2448873,,,,,,[],68,,,,,,,,,,,,,,,,,,,,,,,,,,,,,,,,,,,,,,,,,,,
harvest,2450379,null,null,,,48,,68,,,,,,97,0.499908532,0.494845361,,,,,,,,,,,,,,,,,,,,,,,,,,,,,,,,,,,
decision,2450429,49,65,,,48,,68,,,,,,,,,54466,5,0,FALSE,,,,,,,,,,,,,,,,,,,,,,,,,,,,,,,
dig,2452398,,,,,,[],68,,,,,,,,,,,,,,,,,,,,,,,,,,,,,,,,,,,,,,,,,,,
harvest,2453903,null,null,,,27,,68,,,,,,48,0.566402508,0.5625,,,,,,,,,,,,,,,,,,,,,,,,,,,,,,,,,,,
decision,2455448,1543,65,,,27,,68,,,,,,,,,59485,5,1,FALSE,,,,,,,,,,,,,,,,,,,,,,,,,,,,,,,
dig,2455916,,,,,,[],68,,,,,,,,,,,,,,,,,,,,,,,,,,,,,,,,,,,,,,,,,,,
harvest,2457418,null,null,,,12,,68,,,,,,27,0.453950205,0.444444444,,,,,,,,,,,,,,,,,,,,,,,,,,,,,,,,,,,
decision,2458256,808,76,,,12,,68,,,,,,,,,62294,5,2,TRUE,,,,,,,,,,,,,,,,,,,,,,,,,,,,,,,
travel,2467454,,,,,,[],68,,,,,,,,,,,,,,,,,,,,,,,,,,,,,,,,,,,,,,,,,,,
alien_welcome,2472482,null,null,,,,,,,,,97,48,100,24,26,14,89,60,114,49,35,107,104,7,43,56,13,28,22,82,31,108,117,84,99,6,38,106,83,92,54,5,44,90,58,70,51,52,39,10
land,2472991,null,null,,,94,,69,,,,,,,,,,,,,,,,,,,,,,,,,,,,,,,,,,,,,,,,,,,
dig,2475000,,,,,,[],69,,,,,,,,,,,,,,,,,,,,,,,,,,,,,,,,,,,,,,,,,,,
harvest,2476503,null,null,,,44,,69,,,,,,94,0.466597368,0.468085106,,,,,,,,,,,,,,,,,,,,,,,,,,,,,,,,,,,
decision,2476776,270,65,,,44,,69,,,,,,,,,80813,5,0,FALSE,,,,,,,,,,,,,,,,,,,,,,,,,,,,,,,
dig,2478664,,,,,,[],69,,,,,,,,,,,,,,,,,,,,,,,,,,,,,,,,,,,,,,,,,,,
harvest,2480167,null,null,,,20,,69,,,,,,44,0.452793154,0.454545455,,,,,,,,,,,,,,,,,,,,,,,,,,,,,,,,,,,
decision,2481739,1568,76,,,20,,69,,,,,,,,,85776,5,1,TRUE,,,,,,,,,,,,,,,,,,,,,,,,,,,,,,,
travel,2490213,,,,,,[],69,,,,,,,,,,,,,,,,,,,,,,,,,,,,,,,,,,,,,,,,,,,
alien_welcome,2495236,null,null,,,,,,,,,86,48,100,24,26,14,89,60,114,49,35,107,104,7,43,56,13,28,22,82,31,108,117,84,99,6,38,106,83,92,54,5,44,90,58,70,51,52,39,10
land,2495745,null,null,,,105,,70,,,,,,,,,,,,,,,,,,,,,,,,,,,,,,,,,,,,,,,,,,,
dig,2497749,,,,,,[],70,,,,,,,,,,,,,,,,,,,,,,,,,,,,,,,,,,,,,,,,,,,
harvest,2499250,null,null,,,56,,70,,,,,,105,0.537842278,0.533333333,,,,,,,,,,,,,,,,,,,,,,,,,,,,,,,,,,,
decision,2500458,1203,65,,,56,,70,,,,,,,,,104495,5,0,FALSE,,,,,,,,,,,,,,,,,,,,,,,,,,,,,,,
dig,2501267,,,,,,[],70,,,,,,,,,,,,,,,,,,,,,,,,,,,,,,,,,,,,,,,,,,,
harvest,2502839,null,null,,,28,,70,,,,,,56,0.491110997,0.5,,,,,,,,,,,,,,,,,,,,,,,,,,,,,,,,,,,
decision,2504690,1848,76,,,28,,70,,,,,,,,,108726,5,1,TRUE,,,,,,,,,,,,,,,,,,,,,,,,,,,,,,,
travel,2512847,,,,,,[],70,,,,,,,,,,,,,,,,,,,,,,,,,,,,,,,,,,,,,,,,,,,
alien_welcome,2517858,null,null,,,,,,,,,78,48,100,24,26,14,89,60,114,49,35,107,104,7,43,56,13,28,22,82,31,108,117,84,99,6,38,106,83,92,54,5,44,90,58,70,51,52,39,10
land,2518409,null,null,,,97,,71,,,,,,,,,,,,,,,,,,,,,,,,,,,,,,,,,,,,,,,,,,,
dig,2520412,,,,,,[],71,,,,,,,,,,,,,,,,,,,,,,,,,,,,,,,,,,,,,,,,,,,
harvest,2521914,null,null,,,49,,71,,,,,,97,0.503402508,0.505154639,,,,,,,,,,,,,,,,,,,,,,,,,,,,,,,,,,,
decision,2523619,1703,65,,,49,,71,,,,,,,,,127656,5,0,FALSE,,,,,,,,,,,,,,,,,,,,,,,,,,,,,,,
dig,2523947,,,,,,[],71,,,,,,,,,,,,,,,,,,,,,,,,,,,,,,,,,,,,,,,,,,,
harvest,2525466,null,null,,,21,,71,,,,,,49,0.431876401,0.428571429,,,,,,,,,,,,,,,,,,,,,,,,,,,,,,,,,,,
decision,2526278,810,76,,,21,,71,,,,,,,,,130315,5,1,TRUE,,,,,,,,,,,,,,,,,,,,,,,,,,,,,,,
travel,2535478,,,,,,[],71,,,,,,,,,,,,,,,,,,,,,,,,,,,,,,,,,,,,,,,,,,,
alien_welcome,2540486,null,null,,,,,,,,,88,48,100,24,26,14,89,60,114,49,35,107,104,7,43,56,13,28,22,82,31,108,117,84,99,6,38,106,83,92,54,5,44,90,58,70,51,52,39,10
land,2540988,null,null,,,104,,72,,,,,,,,,,,,,,,,,,,,,,,,,,,,,,,,,,,,,,,,,,,
dig,2542991,,,,,,[],72,,,,,,,,,,,,,,,,,,,,,,,,,,,,,,,,,,,,,,,,,,,
harvest,2544497,null,null,,,62,,72,,,,,,104,0.592301338,0.596153846,,,,,,,,,,,,,,,,,,,,,,,,,,,,,,,,,,,
decision,2544577,79,65,,,62,,72,,,,,,,,,148614,5,0,FALSE,,,,,,,,,,,,,,,,,,,,,,,,,,,,,,,
dig,2546530,,,,,,[],72,,,,,,,,,,,,,,,,,,,,,,,,,,,,,,,,,,,,,,,,,,,
harvest,2548051,null,null,,,34,,72,,,,,,62,0.547289803,0.548387097,,,,,,,,,,,,,,,,,,,,,,,,,,,,,,,,,,,
decision,2548709,652,76,,,34,,72,,,,,,,,,152746,5,1,TRUE,,,,,,,,,,,,,,,,,,,,,,,,,,,,,,,
travel,2558064,,,,,,[],72,,,,,,,,,,,,,,,,,,,,,,,,,,,,,,,,,,,,,,,,,,,
alien_welcome,2563073,null,null,,,,,,,,,74,48,100,24,26,14,89,60,114,49,35,107,104,7,43,56,13,28,22,82,31,108,117,84,99,6,38,106,83,92,54,5,44,90,58,70,51,52,39,10
land,2563733,null,null,,,98,,73,,,,,,,,,,,,,,,,,,,,,,,,,,,,,,,,,,,,,,,,,,,
dig,2565759,,,,,,[],73,,,,,,,,,,,,,,,,,,,,,,,,,,,,,,,,,,,,,,,,,,,
harvest,2567264,null,null,,,48,,73,,,,,,98,0.487941812,0.489795918,,,,,,,,,,,,,,,,,,,,,,,,,,,,,,,,,,,
decision,2569266,null,null,,,48,,73,,,,,,,,,173303,5,0,FALSE,,,,,,,,,,,,,,,,,,,,,,,,,,,,,,,
time_out,2571317,null,null,,,48,,,,,,,,,,,,,,,,,,,,,,,,,,,,,,,,,,,,,,,,,,,,,
decision,2571697,377,65,,,48,,73,,,,,,,,,175734,5,0,FALSE,,,,,,,,,,,,,,,,,,,,,,,,,,,,,,,
dig,2573333,,,,,,[],73,,,,,,,,,,,,,,,,,,,,,,,,,,,,,,,,,,,,,,,,,,,
harvest,2574836,null,null,,,26,,73,,,,,,48,0.539102867,0.541666667,,,,,,,,,,,,,,,,,,,,,,,,,,,,,,,,,,,
decision,2575943,1105,76,,,26,,73,,,,,,,,,179980,5,1,TRUE,,,,,,,,,,,,,,,,,,,,,,,,,,,,,,,
travel,2584847,,,,,,[],73,,,,,,,,,,,,,,,,,,,,,,,,,,,,,,,,,,,,,,,,,,,
alien_welcome,2589850,null,null,,,,,,,,,62,48,100,24,26,14,89,60,114,49,35,107,104,7,43,56,13,28,22,82,31,108,117,84,99,6,38,106,83,92,54,5,44,90,58,70,51,52,39,10
land,2590358,null,null,,,97,,74,,,,,,,,,,,,,,,,,,,,,,,,,,,,,,,,,,,,,,,,,,,
dig,2592362,,,,,,[],74,,,,,,,,,,,,,,,,,,,,,,,,,,,,,,,,,,,,,,,,,,,
harvest,2593864,null,null,,,51,,74,,,,,,97,0.526360357,0.525773196,,,,,,,,,,,,,,,,,,,,,,,,,,,,,,,,,,,
decision,2593936,69,65,,,51,,74,,,,,,,,,197972,5,0,FALSE,,,,,,,,,,,,,,,,,,,,,,,,,,,,,,,
dig,2595874,,,,,,[],74,,,,,,,,,,,,,,,,,,,,,,,,,,,,,,,,,,,,,,,,,,,
harvest,2597396,null,null,,,19,,74,,,,,,51,0.381587047,0.37254902,,,,,,,,,,,,,,,,,,,,,,,,,,,,,,,,,,,
decision,2598002,604,76,,,19,,74,,,,,,,,,202038,5,1,TRUE,,,,,,,,,,,,,,,,,,,,,,,,,,,,,,,
travel,2607409,,,,,,[],74,,,,,,,,,,,,,,,,,,,,,,,,,,,,,,,,,,,,,,,,,,,
alien_welcome,2612411,null,null,,,,,,,,,63,48,100,24,26,14,89,60,114,49,35,107,104,7,43,56,13,28,22,82,31,108,117,84,99,6,38,106,83,92,54,5,44,90,58,70,51,52,39,10
land,2612919,null,null,,,100,,75,,,,,,,,,,,,,,,,,,,,,,,,,,,,,,,,,,,,,,,,,,,
dig,2614925,,,,,,[],75,,,,,,,,,,,,,,,,,,,,,,,,,,,,,,,,,,,,,,,,,,,
harvest,2616430,null,null,,,42,,75,,,,,,100,0.4164489,0.42,,,,,,,,,,,,,,,,,,,,,,,,,,,,,,,,,,,
decision,2617097,665,65,,,42,,75,,,,,,,,,221134,5,0,FALSE,,,,,,,,,,,,,,,,,,,,,,,,,,,,,,,
dig,2618442,,,,,,[],75,,,,,,,,,,,,,,,,,,,,,,,,,,,,,,,,,,,,,,,,,,,
harvest,2619953,null,null,,,21,,75,,,,,,42,0.498165152,0.5,,,,,,,,,,,,,,,,,,,,,,,,,,,,,,,,,,,
decision,2620136,182,76,,,21,,75,,,,,,,,,224173,5,1,TRUE,,,,,,,,,,,,,,,,,,,,,,,,,,,,,,,
travel,2629958,,,,,,[],75,,,,,,,,,,,,,,,,,,,,,,,,,,,,,,,,,,,,,,,,,,,
alien_welcome,2634966,null,null,,,,,,,,,19,48,100,24,26,14,89,60,114,49,35,107,104,7,43,56,13,28,22,82,31,108,117,84,99,6,38,106,83,92,54,5,44,90,58,70,51,52,39,10
land,2635468,null,null,,,99,,76,,,,,,,,,,,,,,,,,,,,,,,,,,,,,,,,,,,,,,,,,,,
dig,2637473,,,,,,[],76,,,,,,,,,,,,,,,,,,,,,,,,,,,,,,,,,,,,,,,,,,,
harvest,2638975,null,null,,,53,,76,,,,,,99,0.537703107,0.535353535,,,,,,,,,,,,,,,,,,,,,,,,,,,,,,,,,,,
decision,2639599,621,76,,,53,,76,,,,,,,,,243637,5,0,TRUE,,,,,,,,,,,,,,,,,,,,,,,,,,,,,,,
travel,2648994,,,,,,[],76,,,,,,,,,,,,,,,,,,,,,,,,,,,,,,,,,,,,,,,,,,,
alien_welcome,2653999,null,null,,,,,,,,,12,48,100,24,26,14,89,60,114,49,35,107,104,7,43,56,13,28,22,82,31,108,117,84,99,6,38,106,83,92,54,5,44,90,58,70,51,52,39,10
land,2654507,null,null,,,103,,77,,,,,,,,,,,,,,,,,,,,,,,,,,,,,,,,,,,,,,,,,,,
dig,2656511,,,,,,[],77,,,,,,,,,,,,,,,,,,,,,,,,,,,,,,,,,,,,,,,,,,,
harvest,2658016,null,null,,,47,,77,,,,,,103,0.451629012,0.45631068,,,,,,,,,,,,,,,,,,,,,,,,,,,,,,,,,,,
decision,2658187,169,65,,,47,,77,,,,,,,,,262224,5,0,FALSE,,,,,,,,,,,,,,,,,,,,,,,,,,,,,,,
dig,2660034,,,,,,[],77,,,,,,,,,,,,,,,,,,,,,,,,,,,,,,,,,,,,,,,,,,,
harvest,2661541,null,null,,,22,,77,,,,,,47,0.463979316,0.468085106,,,,,,,,,,,,,,,,,,,,,,,,,,,,,,,,,,,
decision,2661583,40,65,,,22,,77,,,,,,,,,265620,5,1,FALSE,,,,,,,,,,,,,,,,,,,,,,,,,,,,,,,
dig,2663552,,,,,,[],77,,,,,,,,,,,,,,,,,,,,,,,,,,,,,,,,,,,,,,,,,,,
harvest,2665053,null,null,,,10,,77,,,,,,22,0.436985185,0.454545455,,,,,,,,,,,,,,,,,,,,,,,,,,,,,,,,,,,
decision,2666948,1893,76,,,10,,77,,,,,,,,,270985,5,2,TRUE,,,,,,,,,,,,,,,,,,,,,,,,,,,,,,,
travel,2675058,,,,,,[],77,,,,,,,,,,,,,,,,,,,,,,,,,,,,,,,,,,,,,,,,,,,
alien_welcome,2680062,null,null,,,,,,,,,32,48,100,24,26,14,89,60,114,49,35,107,104,7,43,56,13,28,22,82,31,108,117,84,99,6,38,106,83,92,54,5,44,90,58,70,51,52,39,10
land,2680565,null,null,,,103,,78,,,,,,,,,,,,,,,,,,,,,,,,,,,,,,,,,,,,,,,,,,,
dig,2682761,,,,,,[],78,,,,,,,,,,,,,,,,,,,,,,,,,,,,,,,,,,,,,,,,,,,
harvest,2684278,null,null,,,57,,78,,,,,,103,0.554826096,0.553398058,,,,,,,,,,,,,,,,,,,,,,,,,,,,,,,,,,,
decision,2685347,1055,65,,,57,,78,,,,,,,,,289384,5,0,FALSE,,,,,,,,,,,,,,,,,,,,,,,,,,,,,,,
dig,2686305,,,,,,[],78,,,,,,,,,,,,,,,,,,,,,,,,,,,,,,,,,,,,,,,,,,,
harvest,2687810,null,null,,,31,,78,,,,,,57,0.537749764,0.543859649,,,,,,,,,,,,,,,,,,,,,,,,,,,,,,,,,,,
decision,2688039,222,65,,,31,,78,,,,,,,,,292076,5,1,FALSE,,,,,,,,,,,,,,,,,,,,,,,,,,,,,,,
dig,2689827,,,,,,[],78,,,,,,,,,,,,,,,,,,,,,,,,,,,,,,,,,,,,,,,,,,,
harvest,2691340,null,null,,,15,,78,,,,,,31,0.468229115,0.483870968,,,,,,,,,,,,,,,,,,,,,,,,,,,,,,,,,,,
decision,2692348,1005,76,,,15,,78,,,,,,,,,296384,5,2,TRUE,,,,,,,,,,,,,,,,,,,,,,,,,,,,,,,
travel,2701349,,,,,,[],78,,,,,,,,,,,,,,,,,,,,,,,,,,,,,,,,,,,,,,,,,,,
alien_welcome,2706357,null,null,,,,,,,,,116,48,100,24,26,14,89,60,114,49,35,107,104,7,43,56,13,28,22,82,31,108,117,84,99,6,38,106,83,92,54,5,44,90,58,70,51,52,39,10
land,2706986,null,null,,,100,,79,,,,,,,,,,,,,,,,,,,,,,,,,,,,,,,,,,,,,,,,,,,
dig,2708991,,,,,,[],79,,,,,,,,,,,,,,,,,,,,,,,,,,,,,,,,,,,,,,,,,,,
harvest,2710496,null,null,,,46,,79,,,,,,100,0.457247255,0.46,,,,,,,,,,,,,,,,,,,,,,,,,,,,,,,,,,,
decision,2710718,204,65,,,46,,79,,,,,,,,,314755,5,0,FALSE,,,,,,,,,,,,,,,,,,,,,,,,,,,,,,,
dig,2712524,,,,,,[],79,,,,,,,,,,,,,,,,,,,,,,,,,,,,,,,,,,,,,,,,,,,
harvest,2714028,null,null,,,25,,79,,,,,,46,0.535385485,0.543478261,,,,,,,,,,,,,,,,,,,,,,,,,,,,,,,,,,,
decision,2714318,288,76,,,25,,79,,,,,,,,,318354,5,1,TRUE,,,,,,,,,,,,,,,,,,,,,,,,,,,,,,,
travel,2724039,,,,,,[],79,,,,,,,,,,,,,,,,,,,,,,,,,,,,,,,,,,,,,,,,,,,
alien_welcome,2729042,null,null,,,,,,,,,45,48,100,24,26,14,89,60,114,49,35,107,104,7,43,56,13,28,22,82,31,108,117,84,99,6,38,106,83,92,54,5,44,90,58,70,51,52,39,10
land,2729545,null,null,,,103,,80,,,,,,,,,,,,,,,,,,,,,,,,,,,,,,,,,,,,,,,,,,,
dig,2731550,,,,,,[],80,,,,,,,,,,,,,,,,,,,,,,,,,,,,,,,,,,,,,,,,,,,
harvest,2733052,null,null,,,50,,80,,,,,,103,0.483452978,0.485436893,,,,,,,,,,,,,,,,,,,,,,,,,,,,,,,,,,,
decision,2733100,45,65,,,50,,80,,,,,,,,,337136,5,0,FALSE,,,,,,,,,,,,,,,,,,,,,,,,,,,,,,,
dig,2735066,,,,,,[],80,,,,,,,,,,,,,,,,,,,,,,,,,,,,,,,,,,,,,,,,,,,
harvest,2736573,null,null,,,25,,80,,,,,,50,0.495075454,0.5,,,,,,,,,,,,,,,,,,,,,,,,,,,,,,,,,,,
decision,2737507,932,76,,,25,,80,,,,,,,,,341544,5,1,TRUE,,,,,,,,,,,,,,,,,,,,,,,,,,,,,,,
travel,2746587,,,,,,[],80,,,,,,,,,,,,,,,,,,,,,,,,,,,,,,,,,,,,,,,,,,,
alien_welcome,2751599,null,null,,,,,,,,,55,48,100,24,26,14,89,60,114,49,35,107,104,7,43,56,13,28,22,82,31,108,117,84,99,6,38,106,83,92,54,5,44,90,58,70,51,52,39,10
land,2752108,null,null,,,103,,81,,,,,,,,,,,,,,,,,,,,,,,,,,,,,,,,,,,,,,,,,,,
dig,2754127,,,,,,[],81,,,,,,,,,,,,,,,,,,,,,,,,,,,,,,,,,,,,,,,,,,,
harvest,2755629,null,null,,,89,,81,,,,,,103,0.860246399,0.86407767,,,,,,,,,,,,,,,,,,,,,,,,,,,,,,,,,,,
decision,2755920,288,65,,,89,,81,,,,,,,,,359957,5,0,FALSE,,,,,,,,,,,,,,,,,,,,,,,,,,,,,,,
dig,2757642,,,,,,[],81,,,,,,,,,,,,,,,,,,,,,,,,,,,,,,,,,,,,,,,,,,,
harvest,2759151,null,null,,,77,,81,,,,,,89,0.862718347,0.865168539,,,,,,,,,,,,,,,,,,,,,,,,,,,,,,,,,,,
decision,2759155,3,65,,,77,,81,,,,,,,,,363192,5,1,TRUE,,,,,,,,,,,,,,,,,,,,,,,,,,,,,,,
catch,2764148,4984,90,,,77,,,,,,,,,,,,,,,,,,,,,,,,,,,,,,,,,,,,,,,,,,,,,
debrief,2986723,222569,,,,,{planet_threshold:yes,planet_threshold_desc:I use the stratey after collected a gems ,dig_threshold:no,dig_threshold_desc:,surprise:no,surprise_desc:,dynamic:yes,dynamic_desc:because in that planet i got more gems,other:no,other_desc:,feedback:good},,,,,,,,,,,,,,,,,,,,,,,,,,,,,,,,,,
demo,3022702,35967,,,,,{age:60,gender:female},,,,,,,,,,,,,,,,,,,,,,,,,,,,,,,,,,,,,,,,,,,
end_of_exp,3053274,30570,32,,,,,,,,,,,,,,,,,,3,12,,,,,,,,,,,,,,,,,,,,,,,,,,,,,