trial_type,time_elapsed,rt,key_press,condition,subject_id,next_reward,responses,planet,curr_prac_trial,n_prac_rounds,button_pressed,alien,aliens,reward_received,decay_rate_actual,decay_rate_exp,time_in_block,block_num,prt,last_trial_on_planet,bonus,num_failures,,,,,,,,,,,,,,,,,,,,,,,,,,,
fullscreen,2123,,,,,,,,,,,,,,,,,,,,,,,,,,,,,,,,,,,,,,,,,,,,,,,,
instruc_welcome,23771,21646,32,1,A230VUDYOCRZ4N,,,,,,,,,,,,,,,,,,,,,,,,,,,,,,,,,,,,,,,,,,,,
instruc_goal,27410,3638.7,32,,,,,,,,,,,,,,,,,,,,,,,,,,,,,,,,,,,,,,,,,,,,,,
instruc_dig,42234,14823.6,65,,,100,,,,,,,,,,,,,,,,,,,,,,,,,,,,,,,,,,,,,,,,,,,
dig_instruc,44239,,,,,,[],,,,,,,,,,,,,,,,,,,,,,,,,,,,,,,,,,,,,,,,,,
harvest_instruc,45740,null,null,,,,,,,,,,,,,,,,,,,,,,,,,,,,,,,,,,,,,,,,,,,,,,
instruc_travel,58090,12349.6,76,,,,,,,,,,,,,,,,,,,,,,,,,,,,,,,,,,,,,,,,,,,,,,
travel_prac,68092,,,,,,[],0,,,,,,,,,,,,,,,,,,,,,,,,,,,,,,,,,,,,,,,,,
instruc_alien_greet,71978,3884.7,32,,,,,,,,,,,,,,,,,,,,,,,,,,,,,,,,,,,,,,,,,,,,,,
time_out,80202,8223.3,32,,,,,,,,,,,,,,,,,,,,,,,,,,,,,,,,,,,,,,,,,,,,,,
instruc_break,100994,20791.3,32,,,,,,,,,,,,,,,,,,,,,,,,,,,,,,,,,,,,,,,,,,,,,,
quiz_prac,124651,23656,,,,,{Q0:C,Q1:B,Q2:B},,,,,,,,,,,,,,,,,,,,,,,,,,,,,,,,,,,,,,,,
quiz_correct,127299,2645.9,,,,,{Q0:C,Q1:B,Q2:B},,,,,,,,,,,,,,,,,,,,,,,,,,,,,,,,,,,,,,,,
instruc_prac_game,133066,5766.5,32,,,,,,,,,,,,,,,,,,,,,,,,,,,,,,,,,,,,,,,,,,,,,,
alien_welcome_prac,138067,null,null,,,,,,,,,,,,,,,,,,,,,,,,,,,,,,,,,,,,,,,,,,,,,,
land_prac,138568,null,null,,,100,,0,,,,,,,,,,,,,,,,,,,,,,,,,,,,,,,,,,,,,,,,,
dig_prac,140571,,,,,,[],,,,,,,,,,,,,,,,,,,,,,,,,,,,,,,,,,,,,,,,,,
harvest_prac,142072,null,null,,,,,,,,,,,,,,,,,,,,,,,,,,,,,,,,,,,,,,,,,,,,,,
decision_prac,143874,1800.9,76,,,,,,1,,,,,,,,,,,,,,,,,,,,,,,,,,,,,,,,,,,,,,,,
travel,152074,,,,,,[],0,,,,,,,,,,,,,,,,,,,,,,,,,,,,,,,,,,,,,,,,,
alien_welcome_prac,157075,null,null,,,,,,,,,,,,,,,,,,,,,,,,,,,,,,,,,,,,,,,,,,,,,,
land_prac,157586,null,null,,,102,,0,,,,,,,,,,,,,,,,,,,,,,,,,,,,,,,,,,,,,,,,,
dig_prac,159590,,,,,,[],,,,,,,,,,,,,,,,,,,,,,,,,,,,,,,,,,,,,,,,,,
harvest_prac,161091,null,null,,,,,,,,,,,,,,,,,,,,,,,,,,,,,,,,,,,,,,,,,,,,,,
decision_prac,161706,614.3000002,65,,,,,,2,,,,,,,,,,,,,,,,,,,,,,,,,,,,,,,,,,,,,,,,
dig_prac,163709,,,,,,[],,,,,,,,,,,,,,,,,,,,,,,,,,,,,,,,,,,,,,,,,,
harvest_prac,165210,null,null,,,,,,,,,,,,,,,,,,,,,,,,,,,,,,,,,,,,,,,,,,,,,,
decision_prac,166074,862.5,65,,,,,,3,,,,,,,,,,,,,,,,,,,,,,,,,,,,,,,,,,,,,,,,
dig_prac,168077,,,,,,[],,,,,,,,,,,,,,,,,,,,,,,,,,,,,,,,,,,,,,,,,,
harvest_prac,169578,null,null,,,,,,,,,,,,,,,,,,,,,,,,,,,,,,,,,,,,,,,,,,,,,,
decision_prac,170330,751.2999997,76,,,,,,4,,,,,,,,,,,,,,,,,,,,,,,,,,,,,,,,,,,,,,,,
travel,179575,,,,,,[],0,,,,,,,,,,,,,,,,,,,,,,,,,,,,,,,,,,,,,,,,,
alien_welcome_prac,184577,null,null,,,,,,,,,,,,,,,,,,,,,,,,,,,,,,,,,,,,,,,,,,,,,,
land_prac,185079,null,null,,,95,,0,,,,,,,,,,,,,,,,,,,,,,,,,,,,,,,,,,,,,,,,,
dig_prac,187082,,,,,,[],,,,,,,,,,,,,,,,,,,,,,,,,,,,,,,,,,,,,,,,,,
harvest_prac,188583,null,null,,,,,,,,,,,,,,,,,,,,,,,,,,,,,,,,,,,,,,,,,,,,,,
decision_prac,189002,418.5,65,,,,,,,1,,,,,,,,,,,,,,,,,,,,,,,,,,,,,,,,,,,,,,,
instruc_begin_exp,193474,4470.8,,,,,,,,1,1,,,,,,,,,,,,,,,,,,,,,,,,,,,,,,,,,,,,,,
alien_welcome,198476,null,null,,,,,,,,,19,46,39,14,97,24,62,76,88,92,107,11,91,53,109,57,37,36,102,55,75,30,1,103,25,101,71,77,111,12,105,5,41,70,56,4,10,27
land,198977,null,null,,,100,,1,,,,,,,,,,,,,,,,,,,,,,,,,,,,,,,,,,,,,,,,,
dig,200980,,,,,,[],1,,,,,,,,,,,,,,,,,,,,,,,,,,,,,,,,,,,,,,,,,
harvest,202481,null,null,,,7,,1,,,,,,100,0.073662095,0.07,,,,,,,,,,,,,,,,,,,,,,,,,,,,,,,,,
decision,203202,719.9000001,65,,,7,,1,,,,,,,,,9727,1,0,FALSE,,,,,,,,,,,,,,,,,,,,,,,,,,,,,
dig,204483,,,,,,[],1,,,,,,,,,,,,,,,,,,,,,,,,,,,,,,,,,,,,,,,,,
harvest,205985,null,null,,,1,,1,,,,,,7,0.133915195,0.142857143,,,,,,,,,,,,,,,,,,,,,,,,,,,,,,,,,
decision,207274,1288.5,76,,,1,,1,,,,,,,,,13799,1,1,TRUE,,,,,,,,,,,,,,,,,,,,,,,,,,,,,
travel,215979,,,,,,[],1,,,,,,,,,,,,,,,,,,,,,,,,,,,,,,,,,,,,,,,,,
alien_welcome,220980,null,null,,,,,,,,,8,46,39,14,97,24,62,76,88,92,107,11,91,53,109,57,37,36,102,55,75,30,1,103,25,101,71,77,111,12,105,5,41,70,56,4,10,27
land,221481,null,null,,,104,,2,,,,,,,,,,,,,,,,,,,,,,,,,,,,,,,,,,,,,,,,,
dig,223484,,,,,,[],2,,,,,,,,,,,,,,,,,,,,,,,,,,,,,,,,,,,,,,,,,
harvest,224985,null,null,,,14,,2,,,,,,104,0.130651644,0.134615385,,,,,,,,,,,,,,,,,,,,,,,,,,,,,,,,,
decision,225490,504.3999996,65,,,14,,2,,,,,,,,,32015,1,0,FALSE,,,,,,,,,,,,,,,,,,,,,,,,,,,,,
dig,226986,,,,,,[],2,,,,,,,,,,,,,,,,,,,,,,,,,,,,,,,,,,,,,,,,,
harvest,228487,null,null,,,3,,2,,,,,,14,0.239704094,0.214285714,,,,,,,,,,,,,,,,,,,,,,,,,,,,,,,,,
decision,229506,1018.4,76,,,3,,2,,,,,,,,,36031,1,1,TRUE,,,,,,,,,,,,,,,,,,,,,,,,,,,,,
travel,238481,,,,,,[],2,,,,,,,,,,,,,,,,,,,,,,,,,,,,,,,,,,,,,,,,,
alien_welcome,243482,null,null,,,,,,,,,42,46,39,14,97,24,62,76,88,92,107,11,91,53,109,57,37,36,102,55,75,30,1,103,25,101,71,77,111,12,105,5,41,70,56,4,10,27
land,243984,null,null,,,99,,3,,,,,,,,,,,,,,,,,,,,,,,,,,,,,,,,,,,,,,,,,
dig,245987,,,,,,[],3,,,,,,,,,,,,,,,,,,,,,,,,,,,,,,,,,,,,,,,,,
harvest,247489,null,null,,,55,,3,,,,,,99,0.556255287,0.555555556,,,,,,,,,,,,,,,,,,,,,,,,,,,,,,,,,
decision,248042,552.4000001,65,,,55,,3,,,,,,,,,54567,1,0,FALSE,,,,,,,,,,,,,,,,,,,,,,,,,,,,,
dig,249491,,,,,,[],3,,,,,,,,,,,,,,,,,,,,,,,,,,,,,,,,,,,,,,,,,
harvest,250992,null,null,,,25,,3,,,,,,55,0.451034366,0.454545455,,,,,,,,,,,,,,,,,,,,,,,,,,,,,,,,,
decision,251274,281.5999999,65,,,25,,3,,,,,,,,,57799,1,1,FALSE,,,,,,,,,,,,,,,,,,,,,,,,,,,,,
dig,252993,,,,,,[],3,,,,,,,,,,,,,,,,,,,,,,,,,,,,,,,,,,,,,,,,,
harvest,254494,null,null,,,13,,3,,,,,,25,0.534808805,0.52,,,,,,,,,,,,,,,,,,,,,,,,,,,,,,,,,
decision,255242,747.1999998,65,,,13,,3,,,,,,,,,61767,1,2,FALSE,,,,,,,,,,,,,,,,,,,,,,,,,,,,,
dig,256496,,,,,,[],3,,,,,,,,,,,,,,,,,,,,,,,,,,,,,,,,,,,,,,,,,
harvest,257997,null,null,,,6,,3,,,,,,13,0.465661124,0.461538462,,,,,,,,,,,,,,,,,,,,,,,,,,,,,,,,,
decision,258402,404.5999999,76,,,6,,3,,,,,,,,,64927,1,3,TRUE,,,,,,,,,,,,,,,,,,,,,,,,,,,,,
travel,267998,,,,,,[],3,,,,,,,,,,,,,,,,,,,,,,,,,,,,,,,,,,,,,,,,,
alien_welcome,273000,null,null,,,,,,,,,79,46,39,14,97,24,62,76,88,92,107,11,91,53,109,57,37,36,102,55,75,30,1,103,25,101,71,77,111,12,105,5,41,70,56,4,10,27
land,273502,null,null,,,100,,4,,,,,,,,,,,,,,,,,,,,,,,,,,,,,,,,,,,,,,,,,
dig,275504,,,,,,[],4,,,,,,,,,,,,,,,,,,,,,,,,,,,,,,,,,,,,,,,,,
harvest,277005,null,null,,,51,,4,,,,,,100,0.512583383,0.51,,,,,,,,,,,,,,,,,,,,,,,,,,,,,,,,,
decision,277234,228.1999998,65,,,51,,4,,,,,,,,,83760,1,0,FALSE,,,,,,,,,,,,,,,,,,,,,,,,,,,,,
dig,279007,,,,,,[],4,,,,,,,,,,,,,,,,,,,,,,,,,,,,,,,,,,,,,,,,,
harvest,280507,null,null,,,23,,4,,,,,,51,0.456967275,0.450980392,,,,,,,,,,,,,,,,,,,,,,,,,,,,,,,,,
decision,280826,318.1999998,65,,,23,,4,,,,,,,,,87351,1,1,FALSE,,,,,,,,,,,,,,,,,,,,,,,,,,,,,
dig,282508,,,,,,[],4,,,,,,,,,,,,,,,,,,,,,,,,,,,,,,,,,,,,,,,,,
harvest,284009,null,null,,,13,,4,,,,,,23,0.545164832,0.565217391,,,,,,,,,,,,,,,,,,,,,,,,,,,,,,,,,
decision,284323,313.2000003,65,,,13,,4,,,,,,,,,90848,1,2,FALSE,,,,,,,,,,,,,,,,,,,,,,,,,,,,,
dig,286011,,,,,,[],4,,,,,,,,,,,,,,,,,,,,,,,,,,,,,,,,,,,,,,,,,
harvest,287512,null,null,,,7,,4,,,,,,13,0.554559776,0.538461538,,,,,,,,,,,,,,,,,,,,,,,,,,,,,,,,,
decision,287738,225.4000001,76,,,7,,4,,,,,,,,,94264,1,3,TRUE,,,,,,,,,,,,,,,,,,,,,,,,,,,,,
travel,297514,,,,,,[],4,,,,,,,,,,,,,,,,,,,,,,,,,,,,,,,,,,,,,,,,,
alien_welcome,302515,null,null,,,,,,,,,115,46,39,14,97,24,62,76,88,92,107,11,91,53,109,57,37,36,102,55,75,30,1,103,25,101,71,77,111,12,105,5,41,70,56,4,10,27
land,303017,null,null,,,99,,5,,,,,,,,,,,,,,,,,,,,,,,,,,,,,,,,,,,,,,,,,
dig,305020,,,,,,[],5,,,,,,,,,,,,,,,,,,,,,,,,,,,,,,,,,,,,,,,,,
harvest,306521,null,null,,,47,,5,,,,,,99,0.479412618,0.474747475,,,,,,,,,,,,,,,,,,,,,,,,,,,,,,,,,
decision,307019,496.5,65,,,47,,5,,,,,,,,,113544,1,0,FALSE,,,,,,,,,,,,,,,,,,,,,,,,,,,,,
dig,308526,,,,,,[],5,,,,,,,,,,,,,,,,,,,,,,,,,,,,,,,,,,,,,,,,,
harvest,310027,null,null,,,21,,5,,,,,,47,0.445673137,0.446808511,,,,,,,,,,,,,,,,,,,,,,,,,,,,,,,,,
decision,310306,278.6999998,76,,,21,,5,,,,,,,,,116831,1,1,TRUE,,,,,,,,,,,,,,,,,,,,,,,,,,,,,
travel,320029,,,,,,[],5,,,,,,,,,,,,,,,,,,,,,,,,,,,,,,,,,,,,,,,,,
alien_welcome,325029,null,null,,,,,,,,,33,46,39,14,97,24,62,76,88,92,107,11,91,53,109,57,37,36,102,55,75,30,1,103,25,101,71,77,111,12,105,5,41,70,56,4,10,27
land,325531,null,null,,,107,,6,,,,,,,,,,,,,,,,,,,,,,,,,,,,,,,,,,,,,,,,,
dig,327534,,,,,,[],6,,,,,,,,,,,,,,,,,,,,,,,,,,,,,,,,,,,,,,,,,
harvest,329036,null,null,,,84,,6,,,,,,107,0.780914012,0.785046729,,,,,,,,,,,,,,,,,,,,,,,,,,,,,,,,,
decision,329282,246.4000001,65,,,84,,6,,,,,,,,,135808,1,0,FALSE,,,,,,,,,,,,,,,,,,,,,,,,,,,,,
dig,331036,,,,,,[],6,,,,,,,,,,,,,,,,,,,,,,,,,,,,,,,,,,,,,,,,,
harvest,332537,null,null,,,65,,6,,,,,,84,0.779398154,0.773809524,,,,,,,,,,,,,,,,,,,,,,,,,,,,,,,,,
decision,332922,384.4000001,65,,,65,,6,,,,,,,,,139448,1,1,FALSE,,,,,,,,,,,,,,,,,,,,,,,,,,,,,
dig,334537,,,,,,[],6,,,,,,,,,,,,,,,,,,,,,,,,,,,,,,,,,,,,,,,,,
harvest,336040,null,null,,,54,,6,,,,,,65,0.82918284,0.830769231,,,,,,,,,,,,,,,,,,,,,,,,,,,,,,,,,
decision,336290,249.5,65,,,54,,6,,,,,,,,,142815,1,2,FALSE,,,,,,,,,,,,,,,,,,,,,,,,,,,,,
dig,338042,,,,,,[],6,,,,,,,,,,,,,,,,,,,,,,,,,,,,,,,,,,,,,,,,,
harvest,339544,null,null,,,45,,6,,,,,,54,0.829679835,0.833333333,,,,,,,,,,,,,,,,,,,,,,,,,,,,,,,,,
decision,339786,241.9000001,65,,,45,,6,,,,,,,,,146311,1,3,FALSE,,,,,,,,,,,,,,,,,,,,,,,,,,,,,
dig,341547,,,,,,[],6,,,,,,,,,,,,,,,,,,,,,,,,,,,,,,,,,,,,,,,,,
harvest,343048,null,null,,,32,,6,,,,,,45,0.713228654,0.711111111,,,,,,,,,,,,,,,,,,,,,,,,,,,,,,,,,
decision,343402,353.5,76,,,32,,6,,,,,,,,,149927,1,4,TRUE,,,,,,,,,,,,,,,,,,,,,,,,,,,,,
travel,353044,,,,,,[],6,,,,,,,,,,,,,,,,,,,,,,,,,,,,,,,,,,,,,,,,,
alien_welcome,358045,null,null,,,,,,,,,108,46,39,14,97,24,62,76,88,92,107,11,91,53,109,57,37,36,102,55,75,30,1,103,25,101,71,77,111,12,105,5,41,70,56,4,10,27
land,358546,null,null,,,105,,7,,,,,,,,,,,,,,,,,,,,,,,,,,,,,,,,,,,,,,,,,
dig,360549,,,,,,[],7,,,,,,,,,,,,,,,,,,,,,,,,,,,,,,,,,,,,,,,,,
harvest,362050,null,null,,,89,,7,,,,,,105,0.852340878,0.847619048,,,,,,,,,,,,,,,,,,,,,,,,,,,,,,,,,
decision,362362,311.4000001,65,,,89,,7,,,,,,,,,168887,1,0,FALSE,,,,,,,,,,,,,,,,,,,,,,,,,,,,,
dig,364052,,,,,,[],7,,,,,,,,,,,,,,,,,,,,,,,,,,,,,,,,,,,,,,,,,
harvest,365553,null,null,,,61,,7,,,,,,89,0.684426567,0.685393258,,,,,,,,,,,,,,,,,,,,,,,,,,,,,,,,,
decision,365850,296.3000002,65,,,61,,7,,,,,,,,,172375,1,1,FALSE,,,,,,,,,,,,,,,,,,,,,,,,,,,,,
dig,367554,,,,,,[],7,,,,,,,,,,,,,,,,,,,,,,,,,,,,,,,,,,,,,,,,,
harvest,369055,null,null,,,54,,7,,,,,,61,0.883828414,0.885245902,,,,,,,,,,,,,,,,,,,,,,,,,,,,,,,,,
decision,369346,289.5,65,,,54,,7,,,,,,,,,175871,1,2,FALSE,,,,,,,,,,,,,,,,,,,,,,,,,,,,,
dig,371058,,,,,,[],7,,,,,,,,,,,,,,,,,,,,,,,,,,,,,,,,,,,,,,,,,
harvest,372559,null,null,,,42,,7,,,,,,54,0.76894627,0.777777778,,,,,,,,,,,,,,,,,,,,,,,,,,,,,,,,,
decision,372818,258.1999998,76,,,42,,7,,,,,,,,,179343,1,3,TRUE,,,,,,,,,,,,,,,,,,,,,,,,,,,,,
travel,382559,,,,,,[],7,,,,,,,,,,,,,,,,,,,,,,,,,,,,,,,,,,,,,,,,,
alien_welcome,387560,null,null,,,,,,,,,28,46,39,14,97,24,62,76,88,92,107,11,91,53,109,57,37,36,102,55,75,30,1,103,25,101,71,77,111,12,105,5,41,70,56,4,10,27
land,388060,null,null,,,109,,8,,,,,,,,,,,,,,,,,,,,,,,,,,,,,,,,,,,,,,,,,
dig,390064,,,,,,[],8,,,,,,,,,,,,,,,,,,,,,,,,,,,,,,,,,,,,,,,,,
harvest,391565,null,null,,,97,,8,,,,,,109,0.887126269,0.889908257,,,,,,,,,,,,,,,,,,,,,,,,,,,,,,,,,
decision,391730,164.5999999,65,,,97,,8,,,,,,,,,198255,1,0,FALSE,,,,,,,,,,,,,,,,,,,,,,,,,,,,,
dig,393565,,,,,,[],8,,,,,,,,,,,,,,,,,,,,,,,,,,,,,,,,,,,,,,,,,
harvest,395067,null,null,,,81,,8,,,,,,97,0.831483358,0.835051546,,,,,,,,,,,,,,,,,,,,,,,,,,,,,,,,,
decision,395362,295.1999998,65,,,81,,8,,,,,,,,,201887,1,1,FALSE,,,,,,,,,,,,,,,,,,,,,,,,,,,,,
dig,397068,,,,,,[],8,,,,,,,,,,,,,,,,,,,,,,,,,,,,,,,,,,,,,,,,,
harvest,398570,null,null,,,59,,8,,,,,,81,0.72694332,0.728395062,,,,,,,,,,,,,,,,,,,,,,,,,,,,,,,,,
decision,398826,256.1999998,65,,,59,,8,,,,,,,,,205351,1,2,FALSE,,,,,,,,,,,,,,,,,,,,,,,,,,,,,
dig,400571,,,,,,[],8,,,,,,,,,,,,,,,,,,,,,,,,,,,,,,,,,,,,,,,,,
harvest,402073,null,null,,,46,,8,,,,,,59,0.776201715,0.779661017,,,,,,,,,,,,,,,,,,,,,,,,,,,,,,,,,
decision,402442,369.1999998,76,,,46,,8,,,,,,,,,208968,1,3,TRUE,,,,,,,,,,,,,,,,,,,,,,,,,,,,,
travel,412075,,,,,,[],8,,,,,,,,,,,,,,,,,,,,,,,,,,,,,,,,,,,,,,,,,
alien_welcome,417077,null,null,,,,,,,,,31,46,39,14,97,24,62,76,88,92,107,11,91,53,109,57,37,36,102,55,75,30,1,103,25,101,71,77,111,12,105,5,41,70,56,4,10,27
land,417578,null,null,,,99,,9,,,,,,,,,,,,,,,,,,,,,,,,,,,,,,,,,,,,,,,,,
dig,419581,,,,,,[],9,,,,,,,,,,,,,,,,,,,,,,,,,,,,,,,,,,,,,,,,,
harvest,421082,null,null,,,31,,9,,,,,,99,0.317994253,0.313131313,,,,,,,,,,,,,,,,,,,,,,,,,,,,,,,,,
decision,421314,231.5,65,,,31,,9,,,,,,,,,227840,1,0,FALSE,,,,,,,,,,,,,,,,,,,,,,,,,,,,,
dig,423085,,,,,,[],9,,,,,,,,,,,,,,,,,,,,,,,,,,,,,,,,,,,,,,,,,
harvest,424586,null,null,,,3,,9,,,,,,31,0.089887541,0.096774194,,,,,,,,,,,,,,,,,,,,,,,,,,,,,,,,,
decision,424834,247.5,76,,,3,,9,,,,,,,,,231359,1,1,TRUE,,,,,,,,,,,,,,,,,,,,,,,,,,,,,
travel,434583,,,,,,[],9,,,,,,,,,,,,,,,,,,,,,,,,,,,,,,,,,,,,,,,,,
alien_welcome,439585,null,null,,,,,,,,,98,46,39,14,97,24,62,76,88,92,107,11,91,53,109,57,37,36,102,55,75,30,1,103,25,101,71,77,111,12,105,5,41,70,56,4,10,27
land,440086,null,null,,,95,,10,,,,,,,,,,,,,,,,,,,,,,,,,,,,,,,,,,,,,,,,,
dig,442089,,,,,,[],10,,,,,,,,,,,,,,,,,,,,,,,,,,,,,,,,,,,,,,,,,
harvest,443591,null,null,,,15,,10,,,,,,95,0.16205836,0.157894737,,,,,,,,,,,,,,,,,,,,,,,,,,,,,,,,,
decision,444178,586.9000001,65,,,15,,10,,,,,,,,,250703,1,0,FALSE,,,,,,,,,,,,,,,,,,,,,,,,,,,,,
dig,445594,,,,,,[],10,,,,,,,,,,,,,,,,,,,,,,,,,,,,,,,,,,,,,,,,,
harvest,447096,null,null,,,3,,10,,,,,,15,0.218996891,0.2,,,,,,,,,,,,,,,,,,,,,,,,,,,,,,,,,
decision,447402,305.9000001,76,,,3,,10,,,,,,,,,253927,1,1,TRUE,,,,,,,,,,,,,,,,,,,,,,,,,,,,,
travel,457098,,,,,,[],10,,,,,,,,,,,,,,,,,,,,,,,,,,,,,,,,,,,,,,,,,
alien_welcome,462099,null,null,,,,,,,,,35,46,39,14,97,24,62,76,88,92,107,11,91,53,109,57,37,36,102,55,75,30,1,103,25,101,71,77,111,12,105,5,41,70,56,4,10,27
land,462601,null,null,,,101,,11,,,,,,,,,,,,,,,,,,,,,,,,,,,,,,,,,,,,,,,,,
dig,464603,,,,,,[],11,,,,,,,,,,,,,,,,,,,,,,,,,,,,,,,,,,,,,,,,,
harvest,466105,null,null,,,34,,11,,,,,,101,0.339357133,0.336633663,,,,,,,,,,,,,,,,,,,,,,,,,,,,,,,,,
decision,466363,257.4000001,65,,,34,,11,,,,,,,,,272888,1,0,FALSE,,,,,,,,,,,,,,,,,,,,,,,,,,,,,
dig,468106,,,,,,[],11,,,,,,,,,,,,,,,,,,,,,,,,,,,,,,,,,,,,,,,,,
harvest,469607,null,null,,,7,,11,,,,,,34,0.201883332,0.205882353,,,,,,,,,,,,,,,,,,,,,,,,,,,,,,,,,
decision,469930,323.0999999,65,,,7,,11,,,,,,,,,276456,1,1,FALSE,,,,,,,,,,,,,,,,,,,,,,,,,,,,,
dig,471607,,,,,,[],11,,,,,,,,,,,,,,,,,,,,,,,,,,,,,,,,,,,,,,,,,
harvest,473109,null,null,,,1,,11,,,,,,7,0.194794388,0.142857143,,,,,,,,,,,,,,,,,,,,,,,,,,,,,,,,,
decision,473331,221.4000001,76,,,1,,11,,,,,,,,,279856,1,2,TRUE,,,,,,,,,,,,,,,,,,,,,,,,,,,,,
travel,483107,,,,,,[],11,,,,,,,,,,,,,,,,,,,,,,,,,,,,,,,,,,,,,,,,,
alien_welcome,488108,null,null,,,,,,,,,84,46,39,14,97,24,62,76,88,92,107,11,91,53,109,57,37,36,102,55,75,30,1,103,25,101,71,77,111,12,105,5,41,70,56,4,10,27
land,488611,null,null,,,109,,12,,,,,,,,,,,,,,,,,,,,,,,,,,,,,,,,,,,,,,,,,
dig,490613,,,,,,[],12,,,,,,,,,,,,,,,,,,,,,,,,,,,,,,,,,,,,,,,,,
harvest,492114,null,null,,,19,,12,,,,,,109,0.177164596,0.174311927,,,,,,,,,,,,,,,,,,,,,,,,,,,,,,,,,
decision,492411,295.9000001,65,,,19,,12,,,,,,,,,298936,1,0,FALSE,,,,,,,,,,,,,,,,,,,,,,,,,,,,,
dig,494118,,,,,,[],12,,,,,,,,,,,,,,,,,,,,,,,,,,,,,,,,,,,,,,,,,
harvest,495619,null,null,,,5,,12,,,,,,19,0.251297335,0.263157895,,,,,,,,,,,,,,,,,,,,,,,,,,,,,,,,,
decision,495914,295,76,,,5,,12,,,,,,,,,302440,1,1,TRUE,,,,,,,,,,,,,,,,,,,,,,,,,,,,,
travel,505620,,,,,,[],12,,,,,,,,,,,,,,,,,,,,,,,,,,,,,,,,,,,,,,,,,
alien_welcome,510620,null,null,,,,,,,,,78,46,39,14,97,24,62,76,88,92,107,11,91,53,109,57,37,36,102,55,75,30,1,103,25,101,71,77,111,12,105,5,41,70,56,4,10,27
land,511121,null,null,,,99,,13,,,,,,,,,,,,,,,,,,,,,,,,,,,,,,,,,,,,,,,,,
dig,513124,,,,,,[],13,,,,,,,,,,,,,,,,,,,,,,,,,,,,,,,,,,,,,,,,,
harvest,514625,null,null,,,22,,13,,,,,,99,0.217255563,0.222222222,,,,,,,,,,,,,,,,,,,,,,,,,,,,,,,,,
decision,514962,336.4000001,65,,,22,,13,,,,,,,,,321488,1,0,FALSE,,,,,,,,,,,,,,,,,,,,,,,,,,,,,
dig,516626,,,,,,[],13,,,,,,,,,,,,,,,,,,,,,,,,,,,,,,,,,,,,,,,,,
harvest,518128,null,null,,,5,,13,,,,,,22,0.228630663,0.227272727,,,,,,,,,,,,,,,,,,,,,,,,,,,,,,,,,
decision,518442,313.6999998,65,,,5,,13,,,,,,,,,324967,1,1,FALSE,,,,,,,,,,,,,,,,,,,,,,,,,,,,,
dig,520131,,,,,,[],13,,,,,,,,,,,,,,,,,,,,,,,,,,,,,,,,,,,,,,,,,
harvest,521631,null,null,,,1,,13,,,,,,5,0.298170297,0.2,,,,,,,,,,,,,,,,,,,,,,,,,,,,,,,,,
decision,521866,234.3000002,76,,,1,,13,,,,,,,,,328392,1,2,TRUE,,,,,,,,,,,,,,,,,,,,,,,,,,,,,
travel,531634,,,,,,[],13,,,,,,,,,,,,,,,,,,,,,,,,,,,,,,,,,,,,,,,,,
alien_welcome,536636,null,null,,,,,,,,,49,46,39,14,97,24,62,76,88,92,107,11,91,53,109,57,37,36,102,55,75,30,1,103,25,101,71,77,111,12,105,5,41,70,56,4,10,27
land,537138,null,null,,,102,,14,,,,,,,,,,,,,,,,,,,,,,,,,,,,,,,,,,,,,,,,,
dig,539140,,,,,,[],14,,,,,,,,,,,,,,,,,,,,,,,,,,,,,,,,,,,,,,,,,
harvest,540640,null,null,,,78,,14,,,,,,102,0.763882819,0.764705882,,,,,,,,,,,,,,,,,,,,,,,,,,,,,,,,,
decision,540898,257.3000002,65,,,78,,14,,,,,,,,,347424,1,0,FALSE,,,,,,,,,,,,,,,,,,,,,,,,,,,,,
dig,542641,,,,,,[],14,,,,,,,,,,,,,,,,,,,,,,,,,,,,,,,,,,,,,,,,,
harvest,544143,null,null,,,60,,14,,,,,,78,0.763630208,0.769230769,,,,,,,,,,,,,,,,,,,,,,,,,,,,,,,,,
decision,544418,275.3000002,65,,,60,,14,,,,,,,,,350943,1,1,FALSE,,,,,,,,,,,,,,,,,,,,,,,,,,,,,
dig,546142,,,,,,[],14,,,,,,,,,,,,,,,,,,,,,,,,,,,,,,,,,,,,,,,,,
harvest,547645,null,null,,,49,,14,,,,,,60,0.821648058,0.816666667,,,,,,,,,,,,,,,,,,,,,,,,,,,,,,,,,
decision,547890,245.2999997,65,,,49,,14,,,,,,,,,354415,1,2,FALSE,,,,,,,,,,,,,,,,,,,,,,,,,,,,,
dig,549645,,,,,,[],14,,,,,,,,,,,,,,,,,,,,,,,,,,,,,,,,,,,,,,,,,
harvest,551146,null,null,,,41,,14,,,,,,49,0.829179979,0.836734694,,,,,,,,,,,,,,,,,,,,,,,,,,,,,,,,,
decision,551730,584.0999999,76,,,41,,14,,,,,,,,,358256,1,3,TRUE,,,,,,,,,,,,,,,,,,,,,,,,,,,,,
travel,561147,,,,,,[],14,,,,,,,,,,,,,,,,,,,,,,,,,,,,,,,,,,,,,,,,,
alien_welcome,566148,null,null,,,,,,,,,114,46,39,14,97,24,62,76,88,92,107,11,91,53,109,57,37,36,102,55,75,30,1,103,25,101,71,77,111,12,105,5,41,70,56,4,10,27
land,566650,null,null,,,106,,15,,,,,,,,,,,,,,,,,,,,,,,,,,,,,,,,,,,,,,,,,
dig,568652,,,,,,[],15,,,,,,,,,,,,,,,,,,,,,,,,,,,,,,,,,,,,,,,,,
harvest,570154,null,null,,,89,,15,,,,,,106,0.836123204,0.839622642,,,,,,,,,,,,,,,,,,,,,,,,,,,,,,,,,
decision,570418,264.0999999,65,,,89,,15,,,,,,,,,376944,1,0,TRUE,,,,,,,,,,,,,,,,,,,,,,,,,,,,,
catch,573882,3462.4,90,,,89,,,,,,,,,,,,,,,,,,,,,,,,,,,,,,,,,,,,,,,,,,,
end_of_block,580474,6591.3,32,,,,,,,,,,,,,,,,,,,,,,,,,,,,,,,,,,,,,,,,,,,,,,
alien_welcome,585483,null,null,,,,,,,,,52,46,39,14,97,24,62,76,88,92,107,11,91,53,109,57,37,36,102,55,75,30,1,103,25,101,71,77,111,12,105,5,41,70,56,4,10,27
land,585985,null,null,,,100,,16,,,,,,,,,,,,,,,,,,,,,,,,,,,,,,,,,,,,,,,,,
dig,587988,,,,,,[],16,,,,,,,,,,,,,,,,,,,,,,,,,,,,,,,,,,,,,,,,,
harvest,589489,null,null,,,16,,16,,,,,,100,0.155091402,0.16,,,,,,,,,,,,,,,,,,,,,,,,,,,,,,,,,
decision,590498,1008.5,65,,,16,,16,,,,,,,,,10022,2,0,FALSE,,,,,,,,,,,,,,,,,,,,,,,,,,,,,
dig,591491,,,,,,[],16,,,,,,,,,,,,,,,,,,,,,,,,,,,,,,,,,,,,,,,,,
harvest,592993,null,null,,,3,,16,,,,,,16,0.198231704,0.1875,,,,,,,,,,,,,,,,,,,,,,,,,,,,,,,,,
decision,593218,224.5,76,,,3,,16,,,,,,,,,12742,2,1,TRUE,,,,,,,,,,,,,,,,,,,,,,,,,,,,,
travel,602996,,,,,,[],16,,,,,,,,,,,,,,,,,,,,,,,,,,,,,,,,,,,,,,,,,
alien_welcome,607997,null,null,,,,,,,,,90,46,39,14,97,24,62,76,88,92,107,11,91,53,109,57,37,36,102,55,75,30,1,103,25,101,71,77,111,12,105,5,41,70,56,4,10,27
land,608499,null,null,,,100,,17,,,,,,,,,,,,,,,,,,,,,,,,,,,,,,,,,,,,,,,,,
dig,610501,,,,,,[],17,,,,,,,,,,,,,,,,,,,,,,,,,,,,,,,,,,,,,,,,,
harvest,612003,null,null,,,32,,17,,,,,,100,0.316233163,0.32,,,,,,,,,,,,,,,,,,,,,,,,,,,,,,,,,
decision,612290,287.2000003,65,,,32,,17,,,,,,,,,31815,2,0,FALSE,,,,,,,,,,,,,,,,,,,,,,,,,,,,,
dig,614004,,,,,,[],17,,,,,,,,,,,,,,,,,,,,,,,,,,,,,,,,,,,,,,,,,
harvest,615505,null,null,,,5,,17,,,,,,32,0.158248641,0.15625,,,,,,,,,,,,,,,,,,,,,,,,,,,,,,,,,
decision,615698,192.7999997,76,,,5,,17,,,,,,,,,35222,2,1,TRUE,,,,,,,,,,,,,,,,,,,,,,,,,,,,,
travel,625502,,,,,,[],17,,,,,,,,,,,,,,,,,,,,,,,,,,,,,,,,,,,,,,,,,
alien_welcome,630503,null,null,,,,,,,,,7,46,39,14,97,24,62,76,88,92,107,11,91,53,109,57,37,36,102,55,75,30,1,103,25,101,71,77,111,12,105,5,41,70,56,4,10,27
land,631005,null,null,,,102,,18,,,,,,,,,,,,,,,,,,,,,,,,,,,,,,,,,,,,,,,,,
dig,633008,,,,,,[],18,,,,,,,,,,,,,,,,,,,,,,,,,,,,,,,,,,,,,,,,,
harvest,634510,null,null,,,31,,18,,,,,,102,0.304352227,0.303921569,,,,,,,,,,,,,,,,,,,,,,,,,,,,,,,,,
decision,634818,307.7999997,65,,,31,,18,,,,,,,,,54342,2,0,FALSE,,,,,,,,,,,,,,,,,,,,,,,,,,,,,
dig,636513,,,,,,[],18,,,,,,,,,,,,,,,,,,,,,,,,,,,,,,,,,,,,,,,,,
harvest,638014,null,null,,,5,,18,,,,,,31,0.170756168,0.161290323,,,,,,,,,,,,,,,,,,,,,,,,,,,,,,,,,
decision,638202,187.1999998,76,,,5,,18,,,,,,,,,57726,2,1,TRUE,,,,,,,,,,,,,,,,,,,,,,,,,,,,,
travel,648015,,,,,,[],18,,,,,,,,,,,,,,,,,,,,,,,,,,,,,,,,,,,,,,,,,
alien_welcome,653017,null,null,,,,,,,,,26,46,39,14,97,24,62,76,88,92,107,11,91,53,109,57,37,36,102,55,75,30,1,103,25,101,71,77,111,12,105,5,41,70,56,4,10,27
land,653518,null,null,,,106,,19,,,,,,,,,,,,,,,,,,,,,,,,,,,,,,,,,,,,,,,,,
dig,655521,,,,,,[],19,,,,,,,,,,,,,,,,,,,,,,,,,,,,,,,,,,,,,,,,,
harvest,657021,null,null,,,84,,19,,,,,,106,0.787963522,0.79245283,,,,,,,,,,,,,,,,,,,,,,,,,,,,,,,,,
decision,657226,204.4000001,65,,,84,,19,,,,,,,,,76751,2,0,FALSE,,,,,,,,,,,,,,,,,,,,,,,,,,,,,
dig,659023,,,,,,[],19,,,,,,,,,,,,,,,,,,,,,,,,,,,,,,,,,,,,,,,,,
harvest,660526,null,null,,,70,,19,,,,,,84,0.828384274,0.833333333,,,,,,,,,,,,,,,,,,,,,,,,,,,,,,,,,
decision,660802,276.1999998,65,,,70,,19,,,,,,,,,80327,2,1,FALSE,,,,,,,,,,,,,,,,,,,,,,,,,,,,,
dig,662527,,,,,,[],19,,,,,,,,,,,,,,,,,,,,,,,,,,,,,,,,,,,,,,,,,
harvest,664028,null,null,,,57,,19,,,,,,70,0.81201242,0.814285714,,,,,,,,,,,,,,,,,,,,,,,,,,,,,,,,,
decision,664291,261.6000004,65,,,57,,19,,,,,,,,,83815,2,2,FALSE,,,,,,,,,,,,,,,,,,,,,,,,,,,,,
dig,666031,,,,,,[],19,,,,,,,,,,,,,,,,,,,,,,,,,,,,,,,,,,,,,,,,,
harvest,667532,null,null,,,43,,19,,,,,,57,0.75934852,0.754385965,,,,,,,,,,,,,,,,,,,,,,,,,,,,,,,,,
decision,667859,326.0999999,76,,,43,,19,,,,,,,,,87383,2,3,TRUE,,,,,,,,,,,,,,,,,,,,,,,,,,,,,
travel,677527,,,,,,[],19,,,,,,,,,,,,,,,,,,,,,,,,,,,,,,,,,,,,,,,,,
alien_welcome,682529,null,null,,,,,,,,,6,46,39,14,97,24,62,76,88,92,107,11,91,53,109,57,37,36,102,55,75,30,1,103,25,101,71,77,111,12,105,5,41,70,56,4,10,27
land,683030,null,null,,,103,,20,,,,,,,,,,,,,,,,,,,,,,,,,,,,,,,,,,,,,,,,,
dig,685033,,,,,,[],20,,,,,,,,,,,,,,,,,,,,,,,,,,,,,,,,,,,,,,,,,
harvest,686533,null,null,,,91,,20,,,,,,103,0.882954823,0.883495146,,,,,,,,,,,,,,,,,,,,,,,,,,,,,,,,,
decision,686539,4.5,65,,,91,,20,,,,,,,,,106063,2,0,FALSE,,,,,,,,,,,,,,,,,,,,,,,,,,,,,
dig,688536,,,,,,[],20,,,,,,,,,,,,,,,,,,,,,,,,,,,,,,,,,,,,,,,,,
harvest,690037,null,null,,,73,,20,,,,,,91,0.802955338,0.802197802,,,,,,,,,,,,,,,,,,,,,,,,,,,,,,,,,
decision,690219,180.5,65,,,73,,20,,,,,,,,,109743,2,1,FALSE,,,,,,,,,,,,,,,,,,,,,,,,,,,,,
dig,692040,,,,,,[],20,,,,,,,,,,,,,,,,,,,,,,,,,,,,,,,,,,,,,,,,,
harvest,693540,null,null,,,55,,20,,,,,,73,0.748083434,0.753424658,,,,,,,,,,,,,,,,,,,,,,,,,,,,,,,,,
decision,693755,213.2999997,65,,,55,,20,,,,,,,,,113279,2,2,FALSE,,,,,,,,,,,,,,,,,,,,,,,,,,,,,
dig,695545,,,,,,[],20,,,,,,,,,,,,,,,,,,,,,,,,,,,,,,,,,,,,,,,,,
harvest,697047,null,null,,,47,,20,,,,,,55,0.850472921,0.854545455,,,,,,,,,,,,,,,,,,,,,,,,,,,,,,,,,
decision,697091,43.5,76,,,47,,20,,,,,,,,,116615,2,3,TRUE,,,,,,,,,,,,,,,,,,,,,,,,,,,,,
travel,707047,,,,,,[],20,,,,,,,,,,,,,,,,,,,,,,,,,,,,,,,,,,,,,,,,,
alien_welcome,712049,null,null,,,,,,,,,23,46,39,14,97,24,62,76,88,92,107,11,91,53,109,57,37,36,102,55,75,30,1,103,25,101,71,77,111,12,105,5,41,70,56,4,10,27
land,712550,null,null,,,106,,21,,,,,,,,,,,,,,,,,,,,,,,,,,,,,,,,,,,,,,,,,
dig,714554,,,,,,[],21,,,,,,,,,,,,,,,,,,,,,,,,,,,,,,,,,,,,,,,,,
harvest,716055,null,null,,,87,,21,,,,,,106,0.825275094,0.820754717,,,,,,,,,,,,,,,,,,,,,,,,,,,,,,,,,
decision,716346,290.3000002,65,,,87,,21,,,,,,,,,135870,2,0,FALSE,,,,,,,,,,,,,,,,,,,,,,,,,,,,,
dig,718056,,,,,,[],21,,,,,,,,,,,,,,,,,,,,,,,,,,,,,,,,,,,,,,,,,
harvest,719557,null,null,,,76,,21,,,,,,87,0.872284326,0.873563218,,,,,,,,,,,,,,,,,,,,,,,,,,,,,,,,,
decision,719762,204.0999999,65,,,76,,21,,,,,,,,,139286,2,1,FALSE,,,,,,,,,,,,,,,,,,,,,,,,,,,,,
dig,721559,,,,,,[],21,,,,,,,,,,,,,,,,,,,,,,,,,,,,,,,,,,,,,,,,,
harvest,723060,null,null,,,65,,21,,,,,,76,0.861333542,0.855263158,,,,,,,,,,,,,,,,,,,,,,,,,,,,,,,,,
decision,723354,293.3999996,65,,,65,,21,,,,,,,,,142878,2,2,FALSE,,,,,,,,,,,,,,,,,,,,,,,,,,,,,
dig,725061,,,,,,[],21,,,,,,,,,,,,,,,,,,,,,,,,,,,,,,,,,,,,,,,,,
harvest,726562,null,null,,,51,,21,,,,,,65,0.791473137,0.784615385,,,,,,,,,,,,,,,,,,,,,,,,,,,,,,,,,
decision,727034,471.3999996,76,,,51,,21,,,,,,,,,146558,2,3,TRUE,,,,,,,,,,,,,,,,,,,,,,,,,,,,,
travel,736559,,,,,,[],21,,,,,,,,,,,,,,,,,,,,,,,,,,,,,,,,,,,,,,,,,
alien_welcome,741560,null,null,,,,,,,,,110,46,39,14,97,24,62,76,88,92,107,11,91,53,109,57,37,36,102,55,75,30,1,103,25,101,71,77,111,12,105,5,41,70,56,4,10,27
land,742062,null,null,,,98,,22,,,,,,,,,,,,,,,,,,,,,,,,,,,,,,,,,,,,,,,,,
dig,744066,,,,,,[],22,,,,,,,,,,,,,,,,,,,,,,,,,,,,,,,,,,,,,,,,,
harvest,745566,null,null,,,77,,22,,,,,,98,0.787282391,0.785714286,,,,,,,,,,,,,,,,,,,,,,,,,,,,,,,,,
decision,746250,682.7999997,76,,,77,,22,,,,,,,,,165774,2,0,TRUE,,,,,,,,,,,,,,,,,,,,,,,,,,,,,
travel,755568,,,,,,[],22,,,,,,,,,,,,,,,,,,,,,,,,,,,,,,,,,,,,,,,,,
alien_welcome,760569,null,null,,,,,,,,,112,46,39,14,97,24,62,76,88,92,107,11,91,53,109,57,37,36,102,55,75,30,1,103,25,101,71,77,111,12,105,5,41,70,56,4,10,27
land,761070,null,null,,,109,,23,,,,,,,,,,,,,,,,,,,,,,,,,,,,,,,,,,,,,,,,,
dig,763075,,,,,,[],23,,,,,,,,,,,,,,,,,,,,,,,,,,,,,,,,,,,,,,,,,
harvest,764577,null,null,,,86,,23,,,,,,109,0.787171265,0.788990826,,,,,,,,,,,,,,,,,,,,,,,,,,,,,,,,,
decision,764763,185.6000004,65,,,86,,23,,,,,,,,,184287,2,0,FALSE,,,,,,,,,,,,,,,,,,,,,,,,,,,,,
dig,766578,,,,,,[],23,,,,,,,,,,,,,,,,,,,,,,,,,,,,,,,,,,,,,,,,,
harvest,768079,null,null,,,69,,23,,,,,,86,0.797705734,0.802325581,,,,,,,,,,,,,,,,,,,,,,,,,,,,,,,,,
decision,768211,130.8000002,65,,,69,,23,,,,,,,,,187735,2,1,FALSE,,,,,,,,,,,,,,,,,,,,,,,,,,,,,
dig,770083,,,,,,[],23,,,,,,,,,,,,,,,,,,,,,,,,,,,,,,,,,,,,,,,,,
harvest,771584,null,null,,,57,,23,,,,,,69,0.822413006,0.826086957,,,,,,,,,,,,,,,,,,,,,,,,,,,,,,,,,
decision,772299,713.9000001,65,,,57,,23,,,,,,,,,191823,2,2,FALSE,,,,,,,,,,,,,,,,,,,,,,,,,,,,,
dig,773585,,,,,,[],23,,,,,,,,,,,,,,,,,,,,,,,,,,,,,,,,,,,,,,,,,
harvest,775087,null,null,,,46,,23,,,,,,57,0.798520616,0.807017544,,,,,,,,,,,,,,,,,,,,,,,,,,,,,,,,,
decision,775291,203.5,76,,,46,,23,,,,,,,,,194815,2,3,TRUE,,,,,,,,,,,,,,,,,,,,,,,,,,,,,
travel,785087,,,,,,[],23,,,,,,,,,,,,,,,,,,,,,,,,,,,,,,,,,,,,,,,,,
alien_welcome,790089,null,null,,,,,,,,,119,46,39,14,97,24,62,76,88,92,107,11,91,53,109,57,37,36,102,55,75,30,1,103,25,101,71,77,111,12,105,5,41,70,56,4,10,27
land,790590,null,null,,,107,,24,,,,,,,,,,,,,,,,,,,,,,,,,,,,,,,,,,,,,,,,,
dig,792592,,,,,,[],24,,,,,,,,,,,,,,,,,,,,,,,,,,,,,,,,,,,,,,,,,
harvest,794094,null,null,,,61,,24,,,,,,107,0.571432309,0.570093458,,,,,,,,,,,,,,,,,,,,,,,,,,,,,,,,,
decision,794395,300.6000004,65,,,61,,24,,,,,,,,,213919,2,0,FALSE,,,,,,,,,,,,,,,,,,,,,,,,,,,,,
dig,796096,,,,,,[],24,,,,,,,,,,,,,,,,,,,,,,,,,,,,,,,,,,,,,,,,,
harvest,797598,null,null,,,30,,24,,,,,,61,0.488361137,0.491803279,,,,,,,,,,,,,,,,,,,,,,,,,,,,,,,,,
decision,797763,164.1999998,65,,,30,,24,,,,,,,,,217287,2,1,FALSE,,,,,,,,,,,,,,,,,,,,,,,,,,,,,
dig,799600,,,,,,[],24,,,,,,,,,,,,,,,,,,,,,,,,,,,,,,,,,,,,,,,,,
harvest,801102,null,null,,,15,,24,,,,,,30,0.502534785,0.5,,,,,,,,,,,,,,,,,,,,,,,,,,,,,,,,,
decision,801339,236.4000001,76,,,15,,24,,,,,,,,,220863,2,2,TRUE,,,,,,,,,,,,,,,,,,,,,,,,,,,,,
travel,811097,,,,,,[],24,,,,,,,,,,,,,,,,,,,,,,,,,,,,,,,,,,,,,,,,,
alien_welcome,816098,null,null,,,,,,,,,59,46,39,14,97,24,62,76,88,92,107,11,91,53,109,57,37,36,102,55,75,30,1,103,25,101,71,77,111,12,105,5,41,70,56,4,10,27
land,816599,null,null,,,100,,25,,,,,,,,,,,,,,,,,,,,,,,,,,,,,,,,,,,,,,,,,
dig,818602,,,,,,[],25,,,,,,,,,,,,,,,,,,,,,,,,,,,,,,,,,,,,,,,,,
harvest,820103,null,null,,,82,,25,,,,,,100,0.823959781,0.82,,,,,,,,,,,,,,,,,,,,,,,,,,,,,,,,,
decision,820291,187.2999997,65,,,82,,25,,,,,,,,,239815,2,0,FALSE,,,,,,,,,,,,,,,,,,,,,,,,,,,,,
dig,822105,,,,,,[],25,,,,,,,,,,,,,,,,,,,,,,,,,,,,,,,,,,,,,,,,,
harvest,823606,null,null,,,70,,25,,,,,,82,0.859111068,0.853658537,,,,,,,,,,,,,,,,,,,,,,,,,,,,,,,,,
decision,823858,251.2999997,65,,,70,,25,,,,,,,,,243382,2,1,FALSE,,,,,,,,,,,,,,,,,,,,,,,,,,,,,
dig,825607,,,,,,[],25,,,,,,,,,,,,,,,,,,,,,,,,,,,,,,,,,,,,,,,,,
harvest,827109,null,null,,,56,,25,,,,,,70,0.800084745,0.8,,,,,,,,,,,,,,,,,,,,,,,,,,,,,,,,,
decision,827402,292.5999999,76,,,56,,25,,,,,,,,,246926,2,2,TRUE,,,,,,,,,,,,,,,,,,,,,,,,,,,,,
travel,837108,,,,,,[],25,,,,,,,,,,,,,,,,,,,,,,,,,,,,,,,,,,,,,,,,,
alien_welcome,842109,null,null,,,,,,,,,69,46,39,14,97,24,62,76,88,92,107,11,91,53,109,57,37,36,102,55,75,30,1,103,25,101,71,77,111,12,105,5,41,70,56,4,10,27
land,842612,null,null,,,97,,26,,,,,,,,,,,,,,,,,,,,,,,,,,,,,,,,,,,,,,,,,
dig,844614,,,,,,[],26,,,,,,,,,,,,,,,,,,,,,,,,,,,,,,,,,,,,,,,,,
harvest,846115,null,null,,,73,,26,,,,,,97,0.747512629,0.75257732,,,,,,,,,,,,,,,,,,,,,,,,,,,,,,,,,
decision,846650,534.2999997,65,,,73,,26,,,,,,,,,266174,2,0,FALSE,,,,,,,,,,,,,,,,,,,,,,,,,,,,,
dig,848118,,,,,,[],26,,,,,,,,,,,,,,,,,,,,,,,,,,,,,,,,,,,,,,,,,
harvest,849618,null,null,,,57,,26,,,,,,73,0.784451937,0.780821918,,,,,,,,,,,,,,,,,,,,,,,,,,,,,,,,,
decision,849858,239.1999998,76,,,57,,26,,,,,,,,,269382,2,1,TRUE,,,,,,,,,,,,,,,,,,,,,,,,,,,,,
travel,859618,,,,,,[],26,,,,,,,,,,,,,,,,,,,,,,,,,,,,,,,,,,,,,,,,,
alien_welcome,864619,null,null,,,,,,,,,94,46,39,14,97,24,62,76,88,92,107,11,91,53,109,57,37,36,102,55,75,30,1,103,25,101,71,77,111,12,105,5,41,70,56,4,10,27
land,865120,null,null,,,105,,27,,,,,,,,,,,,,,,,,,,,,,,,,,,,,,,,,,,,,,,,,
dig,867123,,,,,,[],27,,,,,,,,,,,,,,,,,,,,,,,,,,,,,,,,,,,,,,,,,
harvest,868625,null,null,,,17,,27,,,,,,105,0.162508552,0.161904762,,,,,,,,,,,,,,,,,,,,,,,,,,,,,,,,,
decision,868866,240.9000001,65,,,17,,27,,,,,,,,,288390,2,0,FALSE,,,,,,,,,,,,,,,,,,,,,,,,,,,,,
dig,870627,,,,,,[],27,,,,,,,,,,,,,,,,,,,,,,,,,,,,,,,,,,,,,,,,,
harvest,872129,null,null,,,3,,27,,,,,,17,0.151053563,0.176470588,,,,,,,,,,,,,,,,,,,,,,,,,,,,,,,,,
decision,872314,184.5999999,76,,,3,,27,,,,,,,,,291838,2,1,TRUE,,,,,,,,,,,,,,,,,,,,,,,,,,,,,
travel,882127,,,,,,[],27,,,,,,,,,,,,,,,,,,,,,,,,,,,,,,,,,,,,,,,,,
alien_welcome,887129,null,null,,,,,,,,,45,46,39,14,97,24,62,76,88,92,107,11,91,53,109,57,37,36,102,55,75,30,1,103,25,101,71,77,111,12,105,5,41,70,56,4,10,27
land,887630,null,null,,,93,,28,,,,,,,,,,,,,,,,,,,,,,,,,,,,,,,,,,,,,,,,,
dig,889633,,,,,,[],28,,,,,,,,,,,,,,,,,,,,,,,,,,,,,,,,,,,,,,,,,
harvest,891134,null,null,,,17,,28,,,,,,93,0.179000204,0.182795699,,,,,,,,,,,,,,,,,,,,,,,,,,,,,,,,,
decision,891426,292,65,,,17,,28,,,,,,,,,310951,2,0,FALSE,,,,,,,,,,,,,,,,,,,,,,,,,,,,,
dig,893136,,,,,,[],28,,,,,,,,,,,,,,,,,,,,,,,,,,,,,,,,,,,,,,,,,
harvest,894637,null,null,,,3,,28,,,,,,17,0.153179473,0.176470588,,,,,,,,,,,,,,,,,,,,,,,,,,,,,,,,,
decision,895002,364.5,76,,,3,,28,,,,,,,,,314526,2,1,TRUE,,,,,,,,,,,,,,,,,,,,,,,,,,,,,
travel,904636,,,,,,[],28,,,,,,,,,,,,,,,,,,,,,,,,,,,,,,,,,,,,,,,,,
alien_welcome,909638,null,null,,,,,,,,,58,46,39,14,97,24,62,76,88,92,107,11,91,53,109,57,37,36,102,55,75,30,1,103,25,101,71,77,111,12,105,5,41,70,56,4,10,27
land,910140,null,null,,,97,,29,,,,,,,,,,,,,,,,,,,,,,,,,,,,,,,,,,,,,,,,,
dig,912143,,,,,,[],29,,,,,,,,,,,,,,,,,,,,,,,,,,,,,,,,,,,,,,,,,
harvest,913644,null,null,,,17,,29,,,,,,97,0.172172383,0.175257732,,,,,,,,,,,,,,,,,,,,,,,,,,,,,,,,,
decision,913938,293.2999997,65,,,17,,29,,,,,,,,,333463,2,0,FALSE,,,,,,,,,,,,,,,,,,,,,,,,,,,,,
dig,915645,,,,,,[],29,,,,,,,,,,,,,,,,,,,,,,,,,,,,,,,,,,,,,,,,,
harvest,917146,null,null,,,3,,29,,,,,,17,0.199185623,0.176470588,,,,,,,,,,,,,,,,,,,,,,,,,,,,,,,,,
decision,917346,199.4000001,76,,,3,,29,,,,,,,,,336870,2,1,TRUE,,,,,,,,,,,,,,,,,,,,,,,,,,,,,
travel,927142,,,,,,[],29,,,,,,,,,,,,,,,,,,,,,,,,,,,,,,,,,,,,,,,,,
alien_welcome,932143,null,null,,,,,,,,,73,46,39,14,97,24,62,76,88,92,107,11,91,53,109,57,37,36,102,55,75,30,1,103,25,101,71,77,111,12,105,5,41,70,56,4,10,27
land,932645,null,null,,,99,,30,,,,,,,,,,,,,,,,,,,,,,,,,,,,,,,,,,,,,,,,,
dig,934648,,,,,,[],30,,,,,,,,,,,,,,,,,,,,,,,,,,,,,,,,,,,,,,,,,
harvest,936149,null,null,,,19,,30,,,,,,99,0.192480666,0.191919192,,,,,,,,,,,,,,,,,,,,,,,,,,,,,,,,,
decision,936435,284.7000003,76,,,19,,30,,,,,,,,,355959,2,0,TRUE,,,,,,,,,,,,,,,,,,,,,,,,,,,,,
travel,946150,,,,,,[],30,,,,,,,,,,,,,,,,,,,,,,,,,,,,,,,,,,,,,,,,,
alien_welcome,951151,null,null,,,,,,,,,80,46,39,14,97,24,62,76,88,92,107,11,91,53,109,57,37,36,102,55,75,30,1,103,25,101,71,77,111,12,105,5,41,70,56,4,10,27
land,951652,null,null,,,95,,31,,,,,,,,,,,,,,,,,,,,,,,,,,,,,,,,,,,,,,,,,
dig,953655,,,,,,[],31,,,,,,,,,,,,,,,,,,,,,,,,,,,,,,,,,,,,,,,,,
harvest,955156,null,null,,,77,,31,,,,,,95,0.814929488,0.810526316,,,,,,,,,,,,,,,,,,,,,,,,,,,,,,,,,
decision,955915,757.8000002,76,,,77,,31,,,,,,,,,375439,2,0,TRUE,,,,,,,,,,,,,,,,,,,,,,,,,,,,,
end_of_block,962979,7061.6,32,,,,,,,,,,,,,,,,,,,,,,,,,,,,,,,,,,,,,,,,,,,,,,
alien_welcome,967989,null,null,,,,,,,,,9,46,39,14,97,24,62,76,88,92,107,11,91,53,109,57,37,36,102,55,75,30,1,103,25,101,71,77,111,12,105,5,41,70,56,4,10,27
land,968490,null,null,,,104,,32,,,,,,,,,,,,,,,,,,,,,,,,,,,,,,,,,,,,,,,,,
dig,970493,,,,,,[],32,,,,,,,,,,,,,,,,,,,,,,,,,,,,,,,,,,,,,,,,,
harvest,971994,null,null,,,54,,32,,,,,,104,0.515421786,0.519230769,,,,,,,,,,,,,,,,,,,,,,,,,,,,,,,,,
decision,972171,175.8999996,65,,,54,,32,,,,,,,,,9191,3,0,FALSE,,,,,,,,,,,,,,,,,,,,,,,,,,,,,
dig,973998,,,,,,[],32,,,,,,,,,,,,,,,,,,,,,,,,,,,,,,,,,,,,,,,,,
harvest,975499,null,null,,,29,,32,,,,,,54,0.536028827,0.537037037,,,,,,,,,,,,,,,,,,,,,,,,,,,,,,,,,
decision,975723,222.3000002,76,,,29,,32,,,,,,,,,12743,3,1,TRUE,,,,,,,,,,,,,,,,,,,,,,,,,,,,,
travel,985500,,,,,,[],32,,,,,,,,,,,,,,,,,,,,,,,,,,,,,,,,,,,,,,,,,
alien_welcome,990502,null,null,,,,,,,,,47,46,39,14,97,24,62,76,88,92,107,11,91,53,109,57,37,36,102,55,75,30,1,103,25,101,71,77,111,12,105,5,41,70,56,4,10,27
land,991003,null,null,,,103,,33,,,,,,,,,,,,,,,,,,,,,,,,,,,,,,,,,,,,,,,,,
dig,993007,,,,,,[],33,,,,,,,,,,,,,,,,,,,,,,,,,,,,,,,,,,,,,,,,,
harvest,994507,null,null,,,85,,33,,,,,,103,0.824365763,0.825242718,,,,,,,,,,,,,,,,,,,,,,,,,,,,,,,,,
decision,994779,270.5,65,,,85,,33,,,,,,,,,31799,3,0,FALSE,,,,,,,,,,,,,,,,,,,,,,,,,,,,,
dig,996509,,,,,,[],33,,,,,,,,,,,,,,,,,,,,,,,,,,,,,,,,,,,,,,,,,
harvest,998011,null,null,,,65,,33,,,,,,85,0.767339505,0.764705882,,,,,,,,,,,,,,,,,,,,,,,,,,,,,,,,,
decision,998299,287.0999999,65,,,65,,33,,,,,,,,,35319,3,1,FALSE,,,,,,,,,,,,,,,,,,,,,,,,,,,,,
dig,1000012,,,,,,[],33,,,,,,,,,,,,,,,,,,,,,,,,,,,,,,,,,,,,,,,,,
harvest,1001513,null,null,,,51,,33,,,,,,65,0.788701061,0.784615385,,,,,,,,,,,,,,,,,,,,,,,,,,,,,,,,,
decision,1001699,185.2999997,76,,,51,,33,,,,,,,,,38719,3,2,TRUE,,,,,,,,,,,,,,,,,,,,,,,,,,,,,
travel,1011512,,,,,,[],33,,,,,,,,,,,,,,,,,,,,,,,,,,,,,,,,,,,,,,,,,
alien_welcome,1016514,null,null,,,,,,,,,15,46,39,14,97,24,62,76,88,92,107,11,91,53,109,57,37,36,102,55,75,30,1,103,25,101,71,77,111,12,105,5,41,70,56,4,10,27
land,1017015,null,null,,,102,,34,,,,,,,,,,,,,,,,,,,,,,,,,,,,,,,,,,,,,,,,,
dig,1019018,,,,,,[],34,,,,,,,,,,,,,,,,,,,,,,,,,,,,,,,,,,,,,,,,,
harvest,1020519,null,null,,,57,,34,,,,,,102,0.55918847,0.558823529,,,,,,,,,,,,,,,,,,,,,,,,,,,,,,,,,
decision,1020539,19,65,,,57,,34,,,,,,,,,57559,3,0,FALSE,,,,,,,,,,,,,,,,,,,,,,,,,,,,,
dig,1022523,,,,,,[],34,,,,,,,,,,,,,,,,,,,,,,,,,,,,,,,,,,,,,,,,,
harvest,1024024,null,null,,,28,,34,,,,,,57,0.492811466,0.49122807,,,,,,,,,,,,,,,,,,,,,,,,,,,,,,,,,
decision,1024219,193.9000001,76,,,28,,34,,,,,,,,,61239,3,1,TRUE,,,,,,,,,,,,,,,,,,,,,,,,,,,,,
travel,1034023,,,,,,[],34,,,,,,,,,,,,,,,,,,,,,,,,,,,,,,,,,,,,,,,,,
alien_welcome,1039025,null,null,,,,,,,,,86,46,39,14,97,24,62,76,88,92,107,11,91,53,109,57,37,36,102,55,75,30,1,103,25,101,71,77,111,12,105,5,41,70,56,4,10,27
land,1039526,null,null,,,89,,35,,,,,,,,,,,,,,,,,,,,,,,,,,,,,,,,,,,,,,,,,
dig,1041528,,,,,,[],35,,,,,,,,,,,,,,,,,,,,,,,,,,,,,,,,,,,,,,,,,
harvest,1043030,null,null,,,43,,35,,,,,,89,0.481975338,0.483146067,,,,,,,,,,,,,,,,,,,,,,,,,,,,,,,,,
decision,1043259,228.2999997,76,,,43,,35,,,,,,,,,80279,3,0,TRUE,,,,,,,,,,,,,,,,,,,,,,,,,,,,,
travel,1053028,,,,,,[],35,,,,,,,,,,,,,,,,,,,,,,,,,,,,,,,,,,,,,,,,,
alien_welcome,1058029,null,null,,,,,,,,,100,46,39,14,97,24,62,76,88,92,107,11,91,53,109,57,37,36,102,55,75,30,1,103,25,101,71,77,111,12,105,5,41,70,56,4,10,27
land,1058531,null,null,,,105,,36,,,,,,,,,,,,,,,,,,,,,,,,,,,,,,,,,,,,,,,,,
dig,1060534,,,,,,[],36,,,,,,,,,,,,,,,,,,,,,,,,,,,,,,,,,,,,,,,,,
harvest,1062035,null,null,,,52,,36,,,,,,105,0.491323644,0.495238095,,,,,,,,,,,,,,,,,,,,,,,,,,,,,,,,,
decision,1062259,223.5,65,,,52,,36,,,,,,,,,99279,3,0,FALSE,,,,,,,,,,,,,,,,,,,,,,,,,,,,,
dig,1064038,,,,,,[],36,,,,,,,,,,,,,,,,,,,,,,,,,,,,,,,,,,,,,,,,,
harvest,1065539,null,null,,,30,,36,,,,,,52,0.583275045,0.576923077,,,,,,,,,,,,,,,,,,,,,,,,,,,,,,,,,
decision,1065754,214.5,76,,,30,,36,,,,,,,,,102775,3,1,TRUE,,,,,,,,,,,,,,,,,,,,,,,,,,,,,
travel,1075540,,,,,,[],36,,,,,,,,,,,,,,,,,,,,,,,,,,,,,,,,,,,,,,,,,
alien_welcome,1080542,null,null,,,,,,,,,13,46,39,14,97,24,62,76,88,92,107,11,91,53,109,57,37,36,102,55,75,30,1,103,25,101,71,77,111,12,105,5,41,70,56,4,10,27
land,1081043,null,null,,,100,,37,,,,,,,,,,,,,,,,,,,,,,,,,,,,,,,,,,,,,,,,,
dig,1083046,,,,,,[],37,,,,,,,,,,,,,,,,,,,,,,,,,,,,,,,,,,,,,,,,,
harvest,1084548,null,null,,,51,,37,,,,,,100,0.506908868,0.51,,,,,,,,,,,,,,,,,,,,,,,,,,,,,,,,,
decision,1084730,181.6999998,65,,,51,,37,,,,,,,,,121751,3,0,FALSE,,,,,,,,,,,,,,,,,,,,,,,,,,,,,
dig,1086551,,,,,,[],37,,,,,,,,,,,,,,,,,,,,,,,,,,,,,,,,,,,,,,,,,
harvest,1088053,null,null,,,26,,37,,,,,,51,0.512164817,0.509803922,,,,,,,,,,,,,,,,,,,,,,,,,,,,,,,,,
decision,1088226,172.5,76,,,26,,37,,,,,,,,,125246,3,1,TRUE,,,,,,,,,,,,,,,,,,,,,,,,,,,,,
travel,1098049,,,,,,[],37,,,,,,,,,,,,,,,,,,,,,,,,,,,,,,,,,,,,,,,,,
alien_welcome,1103050,null,null,,,,,,,,,29,46,39,14,97,24,62,76,88,92,107,11,91,53,109,57,37,36,102,55,75,30,1,103,25,101,71,77,111,12,105,5,41,70,56,4,10,27
land,1103551,null,null,,,96,,38,,,,,,,,,,,,,,,,,,,,,,,,,,,,,,,,,,,,,,,,,
dig,1105554,,,,,,[],38,,,,,,,,,,,,,,,,,,,,,,,,,,,,,,,,,,,,,,,,,
harvest,1107055,null,null,,,83,,38,,,,,,96,0.862960907,0.864583333,,,,,,,,,,,,,,,,,,,,,,,,,,,,,,,,,
decision,1107266,210.5999999,76,,,83,,38,,,,,,,,,144287,3,0,TRUE,,,,,,,,,,,,,,,,,,,,,,,,,,,,,
travel,1117052,,,,,,[],38,,,,,,,,,,,,,,,,,,,,,,,,,,,,,,,,,,,,,,,,,
alien_welcome,1122054,null,null,,,,,,,,,64,46,39,14,97,24,62,76,88,92,107,11,91,53,109,57,37,36,102,55,75,30,1,103,25,101,71,77,111,12,105,5,41,70,56,4,10,27
land,1122556,null,null,,,99,,39,,,,,,,,,,,,,,,,,,,,,,,,,,,,,,,,,,,,,,,,,
dig,1124558,,,,,,[],39,,,,,,,,,,,,,,,,,,,,,,,,,,,,,,,,,,,,,,,,,
harvest,1126060,null,null,,,81,,39,,,,,,99,0.81354897,0.818181818,,,,,,,,,,,,,,,,,,,,,,,,,,,,,,,,,
decision,1126331,270.0999999,65,,,81,,39,,,,,,,,,163351,3,0,FALSE,,,,,,,,,,,,,,,,,,,,,,,,,,,,,
dig,1128062,,,,,,[],39,,,,,,,,,,,,,,,,,,,,,,,,,,,,,,,,,,,,,,,,,
harvest,1129571,null,null,,,68,,39,,,,,,81,0.844798154,0.839506173,,,,,,,,,,,,,,,,,,,,,,,,,,,,,,,,,
decision,1129891,318.5,76,,,68,,39,,,,,,,,,166911,3,1,TRUE,,,,,,,,,,,,,,,,,,,,,,,,,,,,,
travel,1139569,,,,,,[],39,,,,,,,,,,,,,,,,,,,,,,,,,,,,,,,,,,,,,,,,,
alien_welcome,1144570,null,null,,,,,,,,,3,46,39,14,97,24,62,76,88,92,107,11,91,53,109,57,37,36,102,55,75,30,1,103,25,101,71,77,111,12,105,5,41,70,56,4,10,27
land,1145071,null,null,,,103,,40,,,,,,,,,,,,,,,,,,,,,,,,,,,,,,,,,,,,,,,,,
dig,1147074,,,,,,[],40,,,,,,,,,,,,,,,,,,,,,,,,,,,,,,,,,,,,,,,,,
harvest,1148576,null,null,,,58,,40,,,,,,103,0.567497491,0.563106796,,,,,,,,,,,,,,,,,,,,,,,,,,,,,,,,,
decision,1148602,25.9000001,65,,,58,,40,,,,,,,,,185623,3,0,FALSE,,,,,,,,,,,,,,,,,,,,,,,,,,,,,
dig,1150580,,,,,,[],40,,,,,,,,,,,,,,,,,,,,,,,,,,,,,,,,,,,,,,,,,
harvest,1152081,null,null,,,31,,40,,,,,,58,0.531528391,0.534482759,,,,,,,,,,,,,,,,,,,,,,,,,,,,,,,,,
decision,1152291,209.3999996,76,,,31,,40,,,,,,,,,189311,3,1,TRUE,,,,,,,,,,,,,,,,,,,,,,,,,,,,,
travel,1162078,,,,,,[],40,,,,,,,,,,,,,,,,,,,,,,,,,,,,,,,,,,,,,,,,,
alien_welcome,1167079,null,null,,,,,,,,,48,46,39,14,97,24,62,76,88,92,107,11,91,53,109,57,37,36,102,55,75,30,1,103,25,101,71,77,111,12,105,5,41,70,56,4,10,27
land,1167580,null,null,,,95,,41,,,,,,,,,,,,,,,,,,,,,,,,,,,,,,,,,,,,,,,,,
dig,1169584,,,,,,[],41,,,,,,,,,,,,,,,,,,,,,,,,,,,,,,,,,,,,,,,,,
harvest,1171085,null,null,,,45,,41,,,,,,95,0.477385908,0.473684211,,,,,,,,,,,,,,,,,,,,,,,,,,,,,,,,,
decision,1171195,108.8000002,76,,,45,,41,,,,,,,,,208215,3,0,TRUE,,,,,,,,,,,,,,,,,,,,,,,,,,,,,
travel,1181088,,,,,,[],41,,,,,,,,,,,,,,,,,,,,,,,,,,,,,,,,,,,,,,,,,
alien_welcome,1186090,null,null,,,,,,,,,113,46,39,14,97,24,62,76,88,92,107,11,91,53,109,57,37,36,102,55,75,30,1,103,25,101,71,77,111,12,105,5,41,70,56,4,10,27
land,1186590,null,null,,,97,,42,,,,,,,,,,,,,,,,,,,,,,,,,,,,,,,,,,,,,,,,,
dig,1188594,,,,,,[],42,,,,,,,,,,,,,,,,,,,,,,,,,,,,,,,,,,,,,,,,,
harvest,1190095,null,null,,,68,,42,,,,,,97,0.701817947,0.701030928,,,,,,,,,,,,,,,,,,,,,,,,,,,,,,,,,
decision,1190274,178.1999998,65,,,68,,42,,,,,,,,,227294,3,0,FALSE,,,,,,,,,,,,,,,,,,,,,,,,,,,,,
dig,1192098,,,,,,[],42,,,,,,,,,,,,,,,,,,,,,,,,,,,,,,,,,,,,,,,,,
harvest,1193599,null,null,,,56,,42,,,,,,68,0.818169129,0.823529412,,,,,,,,,,,,,,,,,,,,,,,,,,,,,,,,,
decision,1193802,202.1999998,76,,,56,,42,,,,,,,,,230822,3,1,TRUE,,,,,,,,,,,,,,,,,,,,,,,,,,,,,
travel,1203598,,,,,,[],42,,,,,,,,,,,,,,,,,,,,,,,,,,,,,,,,,,,,,,,,,
alien_welcome,1208600,null,null,,,,,,,,,21,46,39,14,97,24,62,76,88,92,107,11,91,53,109,57,37,36,102,55,75,30,1,103,25,101,71,77,111,12,105,5,41,70,56,4,10,27
land,1209102,null,null,,,97,,43,,,,,,,,,,,,,,,,,,,,,,,,,,,,,,,,,,,,,,,,,
dig,1211105,,,,,,[],43,,,,,,,,,,,,,,,,,,,,,,,,,,,,,,,,,,,,,,,,,
harvest,1212606,null,null,,,82,,43,,,,,,97,0.845224656,0.845360825,,,,,,,,,,,,,,,,,,,,,,,,,,,,,,,,,
decision,1212866,260,65,,,82,,43,,,,,,,,,249887,3,0,FALSE,,,,,,,,,,,,,,,,,,,,,,,,,,,,,
dig,1214611,,,,,,[],43,,,,,,,,,,,,,,,,,,,,,,,,,,,,,,,,,,,,,,,,,
harvest,1216112,null,null,,,67,,43,,,,,,82,0.813213773,0.817073171,,,,,,,,,,,,,,,,,,,,,,,,,,,,,,,,,
decision,1216714,602.1999998,65,,,67,,43,,,,,,,,,253735,3,1,FALSE,,,,,,,,,,,,,,,,,,,,,,,,,,,,,
dig,1218113,,,,,,[],43,,,,,,,,,,,,,,,,,,,,,,,,,,,,,,,,,,,,,,,,,
harvest,1219614,null,null,,,50,,43,,,,,,67,0.739624883,0.746268657,,,,,,,,,,,,,,,,,,,,,,,,,,,,,,,,,
decision,1219810,195.7999997,76,,,50,,43,,,,,,,,,256831,3,2,TRUE,,,,,,,,,,,,,,,,,,,,,,,,,,,,,
travel,1229615,,,,,,[],43,,,,,,,,,,,,,,,,,,,,,,,,,,,,,,,,,,,,,,,,,
alien_welcome,1234616,null,null,,,,,,,,,20,46,39,14,97,24,62,76,88,92,107,11,91,53,109,57,37,36,102,55,75,30,1,103,25,101,71,77,111,12,105,5,41,70,56,4,10,27
land,1235119,null,null,,,100,,44,,,,,,,,,,,,,,,,,,,,,,,,,,,,,,,,,,,,,,,,,
dig,1237122,,,,,,[],44,,,,,,,,,,,,,,,,,,,,,,,,,,,,,,,,,,,,,,,,,
harvest,1238623,null,null,,,76,,44,,,,,,100,0.755946285,0.76,,,,,,,,,,,,,,,,,,,,,,,,,,,,,,,,,
decision,1239202,579.0999999,65,,,76,,44,,,,,,,,,276223,3,0,FALSE,,,,,,,,,,,,,,,,,,,,,,,,,,,,,
dig,1240625,,,,,,[],44,,,,,,,,,,,,,,,,,,,,,,,,,,,,,,,,,,,,,,,,,
harvest,1242126,null,null,,,67,,44,,,,,,76,0.882458201,0.881578947,,,,,,,,,,,,,,,,,,,,,,,,,,,,,,,,,
decision,1242338,211.6999998,76,,,67,,44,,,,,,,,,279359,3,1,TRUE,,,,,,,,,,,,,,,,,,,,,,,,,,,,,
travel,1252125,,,,,,[],44,,,,,,,,,,,,,,,,,,,,,,,,,,,,,,,,,,,,,,,,,
alien_welcome,1257126,null,null,,,,,,,,,82,46,39,14,97,24,62,76,88,92,107,11,91,53,109,57,37,36,102,55,75,30,1,103,25,101,71,77,111,12,105,5,41,70,56,4,10,27
land,1257627,null,null,,,94,,45,,,,,,,,,,,,,,,,,,,,,,,,,,,,,,,,,,,,,,,,,
dig,1259630,,,,,,[],45,,,,,,,,,,,,,,,,,,,,,,,,,,,,,,,,,,,,,,,,,
harvest,1261131,null,null,,,69,,45,,,,,,94,0.734474041,0.734042553,,,,,,,,,,,,,,,,,,,,,,,,,,,,,,,,,
decision,1261370,238,65,,,69,,45,,,,,,,,,298390,3,0,FALSE,,,,,,,,,,,,,,,,,,,,,,,,,,,,,
dig,1263135,,,,,,[],45,,,,,,,,,,,,,,,,,,,,,,,,,,,,,,,,,,,,,,,,,
harvest,1264636,null,null,,,54,,45,,,,,,69,0.777706068,0.782608696,,,,,,,,,,,,,,,,,,,,,,,,,,,,,,,,,
decision,1264834,197,76,,,54,,45,,,,,,,,,301854,3,1,TRUE,,,,,,,,,,,,,,,,,,,,,,,,,,,,,
travel,1274639,,,,,,[],45,,,,,,,,,,,,,,,,,,,,,,,,,,,,,,,,,,,,,,,,,
alien_welcome,1279640,null,null,,,,,,,,,60,46,39,14,97,24,62,76,88,92,107,11,91,53,109,57,37,36,102,55,75,30,1,103,25,101,71,77,111,12,105,5,41,70,56,4,10,27
land,1280142,null,null,,,94,,46,,,,,,,,,,,,,,,,,,,,,,,,,,,,,,,,,,,,,,,,,
dig,1282144,,,,,,[],46,,,,,,,,,,,,,,,,,,,,,,,,,,,,,,,,,,,,,,,,,
harvest,1283645,null,null,,,56,,46,,,,,,94,0.590579006,0.595744681,,,,,,,,,,,,,,,,,,,,,,,,,,,,,,,,,
decision,1283994,348.1999998,65,,,56,,46,,,,,,,,,321014,3,0,FALSE,,,,,,,,,,,,,,,,,,,,,,,,,,,,,
dig,1285647,,,,,,[],46,,,,,,,,,,,,,,,,,,,,,,,,,,,,,,,,,,,,,,,,,
harvest,1287148,null,null,,,31,,46,,,,,,56,0.552442038,0.553571429,,,,,,,,,,,,,,,,,,,,,,,,,,,,,,,,,
decision,1287362,213.0999999,76,,,31,,46,,,,,,,,,324382,3,1,TRUE,,,,,,,,,,,,,,,,,,,,,,,,,,,,,
travel,1297148,,,,,,[],46,,,,,,,,,,,,,,,,,,,,,,,,,,,,,,,,,,,,,,,,,
alien_welcome,1302150,null,null,,,,,,,,,81,46,39,14,97,24,62,76,88,92,107,11,91,53,109,57,37,36,102,55,75,30,1,103,25,101,71,77,111,12,105,5,41,70,56,4,10,27
land,1302651,null,null,,,93,,47,,,,,,,,,,,,,,,,,,,,,,,,,,,,,,,,,,,,,,,,,
dig,1304654,,,,,,[],47,,,,,,,,,,,,,,,,,,,,,,,,,,,,,,,,,,,,,,,,,
harvest,1306155,null,null,,,51,,47,,,,,,93,0.54523665,0.548387097,,,,,,,,,,,,,,,,,,,,,,,,,,,,,,,,,
decision,1306378,222.3000002,65,,,51,,47,,,,,,,,,343398,3,0,FALSE,,,,,,,,,,,,,,,,,,,,,,,,,,,,,
dig,1308158,,,,,,[],47,,,,,,,,,,,,,,,,,,,,,,,,,,,,,,,,,,,,,,,,,
harvest,1309661,null,null,,,24,,47,,,,,,51,0.477564824,0.470588235,,,,,,,,,,,,,,,,,,,,,,,,,,,,,,,,,
decision,1309931,269.0999999,76,,,24,,47,,,,,,,,,346951,3,1,TRUE,,,,,,,,,,,,,,,,,,,,,,,,,,,,,
travel,1319664,,,,,,[],47,,,,,,,,,,,,,,,,,,,,,,,,,,,,,,,,,,,,,,,,,
alien_welcome,1324667,null,null,,,,,,,,,16,46,39,14,97,24,62,76,88,92,107,11,91,53,109,57,37,36,102,55,75,30,1,103,25,101,71,77,111,12,105,5,41,70,56,4,10,27
land,1325168,null,null,,,97,,48,,,,,,,,,,,,,,,,,,,,,,,,,,,,,,,,,,,,,,,,,
dig,1327170,,,,,,[],48,,,,,,,,,,,,,,,,,,,,,,,,,,,,,,,,,,,,,,,,,
harvest,1328672,null,null,,,77,,48,,,,,,97,0.798457819,0.793814433,,,,,,,,,,,,,,,,,,,,,,,,,,,,,,,,,
decision,1329187,513.3999996,65,,,77,,48,,,,,,,,,366207,3,0,TRUE,,,,,,,,,,,,,,,,,,,,,,,,,,,,,
end_of_block,1331299,2109.3,32,,,,,,,,,,,,,,,,,,,,,,,,,,,,,,,,,,,,,,,,,,,,,,
alien_welcome,1336310,null,null,,,,,,,,,40,46,39,14,97,24,62,76,88,92,107,11,91,53,109,57,37,36,102,55,75,30,1,103,25,101,71,77,111,12,105,5,41,70,56,4,10,27
land,1336811,null,null,,,99,,49,,,,,,,,,,,,,,,,,,,,,,,,,,,,,,,,,,,,,,,,,
dig,1338813,,,,,,[],49,,,,,,,,,,,,,,,,,,,,,,,,,,,,,,,,,,,,,,,,,
harvest,1340314,null,null,,,14,,49,,,,,,99,0.136800139,0.141414141,,,,,,,,,,,,,,,,,,,,,,,,,,,,,,,,,
decision,1340594,279.5,65,,,14,,49,,,,,,,,,9294,4,0,FALSE,,,,,,,,,,,,,,,,,,,,,,,,,,,,,
dig,1342317,,,,,,[],49,,,,,,,,,,,,,,,,,,,,,,,,,,,,,,,,,,,,,,,,,
harvest,1343819,null,null,,,3,,49,,,,,,14,0.21948095,0.214285714,,,,,,,,,,,,,,,,,,,,,,,,,,,,,,,,,
decision,1344043,223.1999998,76,,,3,,49,,,,,,,,,12742,4,1,TRUE,,,,,,,,,,,,,,,,,,,,,,,,,,,,,
travel,1353821,,,,,,[],49,,,,,,,,,,,,,,,,,,,,,,,,,,,,,,,,,,,,,,,,,
alien_welcome,1358823,null,null,,,,,,,,,17,46,39,14,97,24,62,76,88,92,107,11,91,53,109,57,37,36,102,55,75,30,1,103,25,101,71,77,111,12,105,5,41,70,56,4,10,27
land,1359325,null,null,,,93,,50,,,,,,,,,,,,,,,,,,,,,,,,,,,,,,,,,,,,,,,,,
dig,1361328,,,,,,[],50,,,,,,,,,,,,,,,,,,,,,,,,,,,,,,,,,,,,,,,,,
harvest,1362829,null,null,,,25,,50,,,,,,93,0.267875931,0.268817204,,,,,,,,,,,,,,,,,,,,,,,,,,,,,,,,,
decision,1363067,237.2999997,65,,,25,,50,,,,,,,,,31766,4,0,FALSE,,,,,,,,,,,,,,,,,,,,,,,,,,,,,
dig,1364832,,,,,,[],50,,,,,,,,,,,,,,,,,,,,,,,,,,,,,,,,,,,,,,,,,
harvest,1366333,null,null,,,6,,50,,,,,,25,0.242438639,0.24,,,,,,,,,,,,,,,,,,,,,,,,,,,,,,,,,
decision,1366651,316.3999996,76,,,6,,50,,,,,,,,,35350,4,1,TRUE,,,,,,,,,,,,,,,,,,,,,,,,,,,,,
travel,1376330,,,,,,[],50,,,,,,,,,,,,,,,,,,,,,,,,,,,,,,,,,,,,,,,,,
alien_welcome,1381332,null,null,,,,,,,,,95,46,39,14,97,24,62,76,88,92,107,11,91,53,109,57,37,36,102,55,75,30,1,103,25,101,71,77,111,12,105,5,41,70,56,4,10,27
land,1381833,null,null,,,104,,51,,,,,,,,,,,,,,,,,,,,,,,,,,,,,,,,,,,,,,,,,
dig,1383836,,,,,,[],51,,,,,,,,,,,,,,,,,,,,,,,,,,,,,,,,,,,,,,,,,
harvest,1385338,null,null,,,20,,51,,,,,,104,0.189224179,0.192307692,,,,,,,,,,,,,,,,,,,,,,,,,,,,,,,,,
decision,1385643,304.0999999,65,,,20,,51,,,,,,,,,54342,4,0,FALSE,,,,,,,,,,,,,,,,,,,,,,,,,,,,,
dig,1387342,,,,,,[],51,,,,,,,,,,,,,,,,,,,,,,,,,,,,,,,,,,,,,,,,,
harvest,1388844,null,null,,,3,,51,,,,,,20,0.151920284,0.15,,,,,,,,,,,,,,,,,,,,,,,,,,,,,,,,,
decision,1389075,230.6000004,76,,,3,,51,,,,,,,,,57774,4,1,TRUE,,,,,,,,,,,,,,,,,,,,,,,,,,,,,
travel,1398845,,,,,,[],51,,,,,,,,,,,,,,,,,,,,,,,,,,,,,,,,,,,,,,,,,
alien_welcome,1403847,null,null,,,,,,,,,106,46,39,14,97,24,62,76,88,92,107,11,91,53,109,57,37,36,102,55,75,30,1,103,25,101,71,77,111,12,105,5,41,70,56,4,10,27
land,1404348,null,null,,,94,,52,,,,,,,,,,,,,,,,,,,,,,,,,,,,,,,,,,,,,,,,,
dig,1406351,,,,,,[],52,,,,,,,,,,,,,,,,,,,,,,,,,,,,,,,,,,,,,,,,,
harvest,1407863,null,null,,,71,,52,,,,,,94,0.753061295,0.755319149,,,,,,,,,,,,,,,,,,,,,,,,,,,,,,,,,
decision,1408083,219.1000004,76,,,71,,52,,,,,,,,,76782,4,0,TRUE,,,,,,,,,,,,,,,,,,,,,,,,,,,,,
travel,1417861,,,,,,[],52,,,,,,,,,,,,,,,,,,,,,,,,,,,,,,,,,,,,,,,,,
alien_welcome,1422863,null,null,,,,,,,,,18,46,39,14,97,24,62,76,88,92,107,11,91,53,109,57,37,36,102,55,75,30,1,103,25,101,71,77,111,12,105,5,41,70,56,4,10,27
land,1423365,null,null,,,97,,53,,,,,,,,,,,,,,,,,,,,,,,,,,,,,,,,,,,,,,,,,
dig,1425368,,,,,,[],53,,,,,,,,,,,,,,,,,,,,,,,,,,,,,,,,,,,,,,,,,
harvest,1426869,null,null,,,79,,53,,,,,,97,0.818596836,0.81443299,,,,,,,,,,,,,,,,,,,,,,,,,,,,,,,,,
decision,1427099,228.5999999,76,,,79,,53,,,,,,,,,95798,4,0,TRUE,,,,,,,,,,,,,,,,,,,,,,,,,,,,,
travel,1436869,,,,,,[],53,,,,,,,,,,,,,,,,,,,,,,,,,,,,,,,,,,,,,,,,,
alien_welcome,1441871,null,null,,,,,,,,,63,46,39,14,97,24,62,76,88,92,107,11,91,53,109,57,37,36,102,55,75,30,1,103,25,101,71,77,111,12,105,5,41,70,56,4,10,27
land,1442373,null,null,,,110,,54,,,,,,,,,,,,,,,,,,,,,,,,,,,,,,,,,,,,,,,,,
dig,1444376,,,,,,[],54,,,,,,,,,,,,,,,,,,,,,,,,,,,,,,,,,,,,,,,,,
harvest,1445877,null,null,,,74,,54,,,,,,110,0.676337551,0.672727273,,,,,,,,,,,,,,,,,,,,,,,,,,,,,,,,,
decision,1446739,860.5999999,65,,,74,,54,,,,,,,,,115438,4,0,FALSE,,,,,,,,,,,,,,,,,,,,,,,,,,,,,
dig,1447880,,,,,,[],54,,,,,,,,,,,,,,,,,,,,,,,,,,,,,,,,,,,,,,,,,
harvest,1449382,null,null,,,50,,54,,,,,,74,0.67900725,0.675675676,,,,,,,,,,,,,,,,,,,,,,,,,,,,,,,,,
decision,1449843,460,65,,,50,,54,,,,,,,,,118542,4,1,FALSE,,,,,,,,,,,,,,,,,,,,,,,,,,,,,
dig,1451387,,,,,,[],54,,,,,,,,,,,,,,,,,,,,,,,,,,,,,,,,,,,,,,,,,
harvest,1452888,null,null,,,41,,54,,,,,,50,0.827276418,0.82,,,,,,,,,,,,,,,,,,,,,,,,,,,,,,,,,
decision,1453107,218,76,,,41,,54,,,,,,,,,121806,4,2,TRUE,,,,,,,,,,,,,,,,,,,,,,,,,,,,,
travel,1462886,,,,,,[],54,,,,,,,,,,,,,,,,,,,,,,,,,,,,,,,,,,,,,,,,,
alien_welcome,1467887,null,null,,,,,,,,,87,46,39,14,97,24,62,76,88,92,107,11,91,53,109,57,37,36,102,55,75,30,1,103,25,101,71,77,111,12,105,5,41,70,56,4,10,27
land,1468388,null,null,,,96,,55,,,,,,,,,,,,,,,,,,,,,,,,,,,,,,,,,,,,,,,,,
dig,1470391,,,,,,[],55,,,,,,,,,,,,,,,,,,,,,,,,,,,,,,,,,,,,,,,,,
harvest,1471892,null,null,,,79,,55,,,,,,96,0.82407415,0.822916667,,,,,,,,,,,,,,,,,,,,,,,,,,,,,,,,,
decision,1472107,214.5,76,,,79,,55,,,,,,,,,140806,4,0,TRUE,,,,,,,,,,,,,,,,,,,,,,,,,,,,,
travel,1481894,,,,,,[],55,,,,,,,,,,,,,,,,,,,,,,,,,,,,,,,,,,,,,,,,,
alien_welcome,1486896,null,null,,,,,,,,,38,46,39,14,97,24,62,76,88,92,107,11,91,53,109,57,37,36,102,55,75,30,1,103,25,101,71,77,111,12,105,5,41,70,56,4,10,27
land,1487398,null,null,,,106,,56,,,,,,,,,,,,,,,,,,,,,,,,,,,,,,,,,,,,,,,,,
dig,1489401,,,,,,[],56,,,,,,,,,,,,,,,,,,,,,,,,,,,,,,,,,,,,,,,,,
harvest,1490904,null,null,,,92,,56,,,,,,106,0.869996282,0.867924528,,,,,,,,,,,,,,,,,,,,,,,,,,,,,,,,,
decision,1491139,234.4000001,65,,,92,,56,,,,,,,,,159838,4,0,FALSE,,,,,,,,,,,,,,,,,,,,,,,,,,,,,
dig,1492907,,,,,,[],56,,,,,,,,,,,,,,,,,,,,,,,,,,,,,,,,,,,,,,,,,
harvest,1494409,null,null,,,72,,56,,,,,,92,0.787639359,0.782608696,,,,,,,,,,,,,,,,,,,,,,,,,,,,,,,,,
decision,1494691,281.5,65,,,72,,56,,,,,,,,,163390,4,1,FALSE,,,,,,,,,,,,,,,,,,,,,,,,,,,,,
dig,1496412,,,,,,[],56,,,,,,,,,,,,,,,,,,,,,,,,,,,,,,,,,,,,,,,,,
harvest,1497913,null,null,,,50,,56,,,,,,72,0.695314786,0.694444444,,,,,,,,,,,,,,,,,,,,,,,,,,,,,,,,,
decision,1498147,233.2999997,76,,,50,,56,,,,,,,,,166846,4,2,TRUE,,,,,,,,,,,,,,,,,,,,,,,,,,,,,
travel,1507916,,,,,,[],56,,,,,,,,,,,,,,,,,,,,,,,,,,,,,,,,,,,,,,,,,
alien_welcome,1512918,null,null,,,,,,,,,50,46,39,14,97,24,62,76,88,92,107,11,91,53,109,57,37,36,102,55,75,30,1,103,25,101,71,77,111,12,105,5,41,70,56,4,10,27
land,1513420,null,null,,,100,,57,,,,,,,,,,,,,,,,,,,,,,,,,,,,,,,,,,,,,,,,,
dig,1515422,,,,,,[],57,,,,,,,,,,,,,,,,,,,,,,,,,,,,,,,,,,,,,,,,,
harvest,1516923,null,null,,,90,,57,,,,,,100,0.902139262,0.9,,,,,,,,,,,,,,,,,,,,,,,,,,,,,,,,,
decision,1516963,39.29999971,65,,,90,,57,,,,,,,,,185662,4,0,FALSE,,,,,,,,,,,,,,,,,,,,,,,,,,,,,
dig,1518926,,,,,,[],57,,,,,,,,,,,,,,,,,,,,,,,,,,,,,,,,,,,,,,,,,
harvest,1520427,null,null,,,77,,57,,,,,,90,0.85666454,0.855555556,,,,,,,,,,,,,,,,,,,,,,,,,,,,,,,,,
decision,1520795,367.0999999,65,,,77,,57,,,,,,,,,189494,4,1,FALSE,,,,,,,,,,,,,,,,,,,,,,,,,,,,,
dig,1522431,,,,,,[],57,,,,,,,,,,,,,,,,,,,,,,,,,,,,,,,,,,,,,,,,,
harvest,1523933,null,null,,,68,,57,,,,,,77,0.878081855,0.883116883,,,,,,,,,,,,,,,,,,,,,,,,,,,,,,,,,
decision,1524259,324.6999998,65,,,68,,57,,,,,,,,,192958,4,2,FALSE,,,,,,,,,,,,,,,,,,,,,,,,,,,,,
dig,1525937,,,,,,[],57,,,,,,,,,,,,,,,,,,,,,,,,,,,,,,,,,,,,,,,,,
harvest,1527438,null,null,,,53,,57,,,,,,68,0.779138613,0.779411765,,,,,,,,,,,,,,,,,,,,,,,,,,,,,,,,,
decision,1527675,236.4000001,76,,,53,,57,,,,,,,,,196374,4,3,TRUE,,,,,,,,,,,,,,,,,,,,,,,,,,,,,
travel,1537435,,,,,,[],57,,,,,,,,,,,,,,,,,,,,,,,,,,,,,,,,,,,,,,,,,
alien_welcome,1542437,null,null,,,,,,,,,66,46,39,14,97,24,62,76,88,92,107,11,91,53,109,57,37,36,102,55,75,30,1,103,25,101,71,77,111,12,105,5,41,70,56,4,10,27
land,1542938,null,null,,,93,,58,,,,,,,,,,,,,,,,,,,,,,,,,,,,,,,,,,,,,,,,,
dig,1544942,,,,,,[],58,,,,,,,,,,,,,,,,,,,,,,,,,,,,,,,,,,,,,,,,,
harvest,1546443,null,null,,,19,,58,,,,,,93,0.203601546,0.204301075,,,,,,,,,,,,,,,,,,,,,,,,,,,,,,,,,
decision,1546667,223.1000004,76,,,19,,58,,,,,,,,,215366,4,0,TRUE,,,,,,,,,,,,,,,,,,,,,,,,,,,,,
travel,1556445,,,,,,[],58,,,,,,,,,,,,,,,,,,,,,,,,,,,,,,,,,,,,,,,,,
alien_welcome,1561447,null,null,,,,,,,,,120,46,39,14,97,24,62,76,88,92,107,11,91,53,109,57,37,36,102,55,75,30,1,103,25,101,71,77,111,12,105,5,41,70,56,4,10,27
land,1561948,null,null,,,100,,59,,,,,,,,,,,,,,,,,,,,,,,,,,,,,,,,,,,,,,,,,
dig,1563952,,,,,,[],59,,,,,,,,,,,,,,,,,,,,,,,,,,,,,,,,,,,,,,,,,
harvest,1565454,null,null,,,20,,59,,,,,,100,0.198976113,0.2,,,,,,,,,,,,,,,,,,,,,,,,,,,,,,,,,
decision,1565803,348.2999997,65,,,20,,59,,,,,,,,,234502,4,0,FALSE,,,,,,,,,,,,,,,,,,,,,,,,,,,,,
dig,1567470,,,,,,[],59,,,,,,,,,,,,,,,,,,,,,,,,,,,,,,,,,,,,,,,,,
harvest,1568971,null,null,,,4,,59,,,,,,20,0.180809476,0.2,,,,,,,,,,,,,,,,,,,,,,,,,,,,,,,,,
decision,1569315,342.7999997,76,,,4,,59,,,,,,,,,238014,4,1,TRUE,,,,,,,,,,,,,,,,,,,,,,,,,,,,,
travel,1578975,,,,,,[],59,,,,,,,,,,,,,,,,,,,,,,,,,,,,,,,,,,,,,,,,,
alien_welcome,1583977,null,null,,,,,,,,,117,46,39,14,97,24,62,76,88,92,107,11,91,53,109,57,37,36,102,55,75,30,1,103,25,101,71,77,111,12,105,5,41,70,56,4,10,27
land,1584478,null,null,,,99,,60,,,,,,,,,,,,,,,,,,,,,,,,,,,,,,,,,,,,,,,,,
dig,1586481,,,,,,[],60,,,,,,,,,,,,,,,,,,,,,,,,,,,,,,,,,,,,,,,,,
harvest,1587982,null,null,,,79,,60,,,,,,99,0.80240622,0.797979798,,,,,,,,,,,,,,,,,,,,,,,,,,,,,,,,,
decision,1588131,148.5,76,,,79,,60,,,,,,,,,256830,4,0,TRUE,,,,,,,,,,,,,,,,,,,,,,,,,,,,,
travel,1597981,,,,,,[],60,,,,,,,,,,,,,,,,,,,,,,,,,,,,,,,,,,,,,,,,,
alien_welcome,1602983,null,null,,,,,,,,,68,46,39,14,97,24,62,76,88,92,107,11,91,53,109,57,37,36,102,55,75,30,1,103,25,101,71,77,111,12,105,5,41,70,56,4,10,27
land,1603484,null,null,,,99,,61,,,,,,,,,,,,,,,,,,,,,,,,,,,,,,,,,,,,,,,,,
dig,1605488,,,,,,[],61,,,,,,,,,,,,,,,,,,,,,,,,,,,,,,,,,,,,,,,,,
harvest,1606989,null,null,,,82,,61,,,,,,99,0.825069632,0.828282828,,,,,,,,,,,,,,,,,,,,,,,,,,,,,,,,,
decision,1607819,828.6999998,76,,,82,,61,,,,,,,,,276518,4,0,TRUE,,,,,,,,,,,,,,,,,,,,,,,,,,,,,
travel,1616995,,,,,,[],61,,,,,,,,,,,,,,,,,,,,,,,,,,,,,,,,,,,,,,,,,
alien_welcome,1622007,null,null,,,,,,,,,93,46,39,14,97,24,62,76,88,92,107,11,91,53,109,57,37,36,102,55,75,30,1,103,25,101,71,77,111,12,105,5,41,70,56,4,10,27
land,1622509,null,null,,,102,,62,,,,,,,,,,,,,,,,,,,,,,,,,,,,,,,,,,,,,,,,,
dig,1624512,,,,,,[],62,,,,,,,,,,,,,,,,,,,,,,,,,,,,,,,,,,,,,,,,,
harvest,1626013,null,null,,,87,,62,,,,,,102,0.85588806,0.852941176,,,,,,,,,,,,,,,,,,,,,,,,,,,,,,,,,
decision,1626595,580.7999997,65,,,87,,62,,,,,,,,,295294,4,0,FALSE,,,,,,,,,,,,,,,,,,,,,,,,,,,,,
dig,1628019,,,,,,[],62,,,,,,,,,,,,,,,,,,,,,,,,,,,,,,,,,,,,,,,,,
harvest,1629521,null,null,,,73,,62,,,,,,87,0.835795881,0.83908046,,,,,,,,,,,,,,,,,,,,,,,,,,,,,,,,,
decision,1629739,216.9000001,65,,,73,,62,,,,,,,,,298438,4,1,FALSE,,,,,,,,,,,,,,,,,,,,,,,,,,,,,
dig,1631525,,,,,,[],62,,,,,,,,,,,,,,,,,,,,,,,,,,,,,,,,,,,,,,,,,
harvest,1633027,null,null,,,64,,62,,,,,,73,0.882605909,0.876712329,,,,,,,,,,,,,,,,,,,,,,,,,,,,,,,,,
decision,1633491,463.2999997,76,,,64,,62,,,,,,,,,302190,4,2,TRUE,,,,,,,,,,,,,,,,,,,,,,,,,,,,,
travel,1643026,,,,,,[],62,,,,,,,,,,,,,,,,,,,,,,,,,,,,,,,,,,,,,,,,,
alien_welcome,1648038,null,null,,,,,,,,,61,46,39,14,97,24,62,76,88,92,107,11,91,53,109,57,37,36,102,55,75,30,1,103,25,101,71,77,111,12,105,5,41,70,56,4,10,27
land,1648539,null,null,,,108,,63,,,,,,,,,,,,,,,,,,,,,,,,,,,,,,,,,,,,,,,,,
dig,1650543,,,,,,[],63,,,,,,,,,,,,,,,,,,,,,,,,,,,,,,,,,,,,,,,,,
harvest,1652044,null,null,,,82,,63,,,,,,108,0.754815894,0.759259259,,,,,,,,,,,,,,,,,,,,,,,,,,,,,,,,,
decision,1653947,1901.5,65,,,82,,63,,,,,,,,,322646,4,0,FALSE,,,,,,,,,,,,,,,,,,,,,,,,,,,,,
dig,1654047,,,,,,[],63,,,,,,,,,,,,,,,,,,,,,,,,,,,,,,,,,,,,,,,,,
harvest,1655548,null,null,,,68,,63,,,,,,82,0.827065826,0.829268293,,,,,,,,,,,,,,,,,,,,,,,,,,,,,,,,,
decision,1655819,270.1999998,65,,,68,,63,,,,,,,,,324518,4,1,FALSE,,,,,,,,,,,,,,,,,,,,,,,,,,,,,
dig,1657551,,,,,,[],63,,,,,,,,,,,,,,,,,,,,,,,,,,,,,,,,,,,,,,,,,
harvest,1659053,null,null,,,57,,63,,,,,,68,0.833430913,0.838235294,,,,,,,,,,,,,,,,,,,,,,,,,,,,,,,,,
decision,1659259,205.1999998,76,,,57,,63,,,,,,,,,327958,4,2,TRUE,,,,,,,,,,,,,,,,,,,,,,,,,,,,,
travel,1669056,,,,,,[],63,,,,,,,,,,,,,,,,,,,,,,,,,,,,,,,,,,,,,,,,,
alien_welcome,1674058,null,null,,,,,,,,,85,46,39,14,97,24,62,76,88,92,107,11,91,53,109,57,37,36,102,55,75,30,1,103,25,101,71,77,111,12,105,5,41,70,56,4,10,27
land,1674559,null,null,,,108,,64,,,,,,,,,,,,,,,,,,,,,,,,,,,,,,,,,,,,,,,,,
dig,1676562,,,,,,[],64,,,,,,,,,,,,,,,,,,,,,,,,,,,,,,,,,,,,,,,,,
harvest,1678063,null,null,,,84,,64,,,,,,108,0.78104036,0.777777778,,,,,,,,,,,,,,,,,,,,,,,,,,,,,,,,,
decision,1678226,162.2999997,65,,,84,,64,,,,,,,,,346926,4,0,FALSE,,,,,,,,,,,,,,,,,,,,,,,,,,,,,
dig,1680068,,,,,,[],64,,,,,,,,,,,,,,,,,,,,,,,,,,,,,,,,,,,,,,,,,
harvest,1681570,null,null,,,69,,64,,,,,,84,0.827380731,0.821428571,,,,,,,,,,,,,,,,,,,,,,,,,,,,,,,,,
decision,1681795,224,65,,,69,,64,,,,,,,,,350494,4,1,FALSE,,,,,,,,,,,,,,,,,,,,,,,,,,,,,
dig,1683575,,,,,,[],64,,,,,,,,,,,,,,,,,,,,,,,,,,,,,,,,,,,,,,,,,
harvest,1685077,null,null,,,56,,64,,,,,,69,0.807666117,0.811594203,,,,,,,,,,,,,,,,,,,,,,,,,,,,,,,,,
decision,1685282,204.7999997,76,,,56,,64,,,,,,,,,353982,4,2,TRUE,,,,,,,,,,,,,,,,,,,,,,,,,,,,,
travel,1695079,,,,,,[],64,,,,,,,,,,,,,,,,,,,,,,,,,,,,,,,,,,,,,,,,,
alien_welcome,1700081,null,null,,,,,,,,,65,46,39,14,97,24,62,76,88,92,107,11,91,53,109,57,37,36,102,55,75,30,1,103,25,101,71,77,111,12,105,5,41,70,56,4,10,27
land,1700582,null,null,,,109,,65,,,,,,,,,,,,,,,,,,,,,,,,,,,,,,,,,,,,,,,,,
dig,1702585,,,,,,[],65,,,,,,,,,,,,,,,,,,,,,,,,,,,,,,,,,,,,,,,,,
harvest,1704086,null,null,,,78,,65,,,,,,109,0.71874509,0.71559633,,,,,,,,,,,,,,,,,,,,,,,,,,,,,,,,,
decision,1704274,188,65,,,78,,65,,,,,,,,,372974,4,0,TRUE,,,,,,,,,,,,,,,,,,,,,,,,,,,,,
end_of_block,1705474,1196.7,32,,,,,,,,,,,,,,,,,,,,,,,,,,,,,,,,,,,,,,,,,,,,,,
alien_welcome,1710486,null,null,,,,,,,,,89,46,39,14,97,24,62,76,88,92,107,11,91,53,109,57,37,36,102,55,75,30,1,103,25,101,71,77,111,12,105,5,41,70,56,4,10,27
land,1710987,null,null,,,98,,66,,,,,,,,,,,,,,,,,,,,,,,,,,,,,,,,,,,,,,,,,
dig,1712990,,,,,,[],66,,,,,,,,,,,,,,,,,,,,,,,,,,,,,,,,,,,,,,,,,
harvest,1714492,null,null,,,48,,66,,,,,,98,0.489734229,0.489795918,,,,,,,,,,,,,,,,,,,,,,,,,,,,,,,,,
decision,1714691,197.8000002,76,,,48,,66,,,,,,,,,9214,5,0,TRUE,,,,,,,,,,,,,,,,,,,,,,,,,,,,,
travel,1724497,,,,,,[],66,,,,,,,,,,,,,,,,,,,,,,,,,,,,,,,,,,,,,,,,,
alien_welcome,1729499,null,null,,,,,,,,,44,46,39,14,97,24,62,76,88,92,107,11,91,53,109,57,37,36,102,55,75,30,1,103,25,101,71,77,111,12,105,5,41,70,56,4,10,27
land,1730000,null,null,,,105,,67,,,,,,,,,,,,,,,,,,,,,,,,,,,,,,,,,,,,,,,,,
dig,1732003,,,,,,[],67,,,,,,,,,,,,,,,,,,,,,,,,,,,,,,,,,,,,,,,,,
harvest,1733505,null,null,,,56,,67,,,,,,105,0.532216256,0.533333333,,,,,,,,,,,,,,,,,,,,,,,,,,,,,,,,,
decision,1733851,344.6999998,65,,,56,,67,,,,,,,,,28374,5,0,FALSE,,,,,,,,,,,,,,,,,,,,,,,,,,,,,
dig,1735508,,,,,,[],67,,,,,,,,,,,,,,,,,,,,,,,,,,,,,,,,,,,,,,,,,
harvest,1737009,null,null,,,26,,67,,,,,,56,0.467291183,0.464285714,,,,,,,,,,,,,,,,,,,,,,,,,,,,,,,,,
decision,1737227,217.0999999,76,,,26,,67,,,,,,,,,31750,5,1,TRUE,,,,,,,,,,,,,,,,,,,,,,,,,,,,,
travel,1747006,,,,,,[],67,,,,,,,,,,,,,,,,,,,,,,,,,,,,,,,,,,,,,,,,,
alien_welcome,1752007,null,null,,,,,,,,,104,46,39,14,97,24,62,76,88,92,107,11,91,53,109,57,37,36,102,55,75,30,1,103,25,101,71,77,111,12,105,5,41,70,56,4,10,27
land,1752508,null,null,,,100,,68,,,,,,,,,,,,,,,,,,,,,,,,,,,,,,,,,,,,,,,,,
dig,1754511,,,,,,[],68,,,,,,,,,,,,,,,,,,,,,,,,,,,,,,,,,,,,,,,,,
harvest,1756012,null,null,,,39,,68,,,,,,100,0.386510672,0.39,,,,,,,,,,,,,,,,,,,,,,,,,,,,,,,,,
decision,1756251,237.4000001,65,,,39,,68,,,,,,,,,50774,5,0,FALSE,,,,,,,,,,,,,,,,,,,,,,,,,,,,,
dig,1758016,,,,,,[],68,,,,,,,,,,,,,,,,,,,,,,,,,,,,,,,,,,,,,,,,,
harvest,1759518,null,null,,,20,,68,,,,,,39,0.523789635,0.512820513,,,,,,,,,,,,,,,,,,,,,,,,,,,,,,,,,
decision,1759754,236.0999999,76,,,20,,68,,,,,,,,,54278,5,1,TRUE,,,,,,,,,,,,,,,,,,,,,,,,,,,,,
travel,1769516,,,,,,[],68,,,,,,,,,,,,,,,,,,,,,,,,,,,,,,,,,,,,,,,,,
alien_welcome,1774518,null,null,,,,,,,,,32,46,39,14,97,24,62,76,88,92,107,11,91,53,109,57,37,36,102,55,75,30,1,103,25,101,71,77,111,12,105,5,41,70,56,4,10,27
land,1775020,null,null,,,98,,69,,,,,,,,,,,,,,,,,,,,,,,,,,,,,,,,,,,,,,,,,
dig,1777023,,,,,,[],69,,,,,,,,,,,,,,,,,,,,,,,,,,,,,,,,,,,,,,,,,
harvest,1778525,null,null,,,54,,69,,,,,,98,0.548226226,0.551020408,,,,,,,,,,,,,,,,,,,,,,,,,,,,,,,,,
decision,1778667,141.1000004,76,,,54,,69,,,,,,,,,73190,5,0,TRUE,,,,,,,,,,,,,,,,,,,,,,,,,,,,,
travel,1788527,,,,,,[],69,,,,,,,,,,,,,,,,,,,,,,,,,,,,,,,,,,,,,,,,,
alien_welcome,1793529,null,null,,,,,,,,,116,46,39,14,97,24,62,76,88,92,107,11,91,53,109,57,37,36,102,55,75,30,1,103,25,101,71,77,111,12,105,5,41,70,56,4,10,27
land,1794030,null,null,,,93,,70,,,,,,,,,,,,,,,,,,,,,,,,,,,,,,,,,,,,,,,,,
dig,1796033,,,,,,[],70,,,,,,,,,,,,,,,,,,,,,,,,,,,,,,,,,,,,,,,,,
harvest,1797534,null,null,,,47,,70,,,,,,93,0.507638497,0.505376344,,,,,,,,,,,,,,,,,,,,,,,,,,,,,,,,,
decision,1797739,204.0999999,76,,,47,,70,,,,,,,,,92262,5,0,TRUE,,,,,,,,,,,,,,,,,,,,,,,,,,,,,
travel,1807536,,,,,,[],70,,,,,,,,,,,,,,,,,,,,,,,,,,,,,,,,,,,,,,,,,
alien_welcome,1812537,null,null,,,,,,,,,72,46,39,14,97,24,62,76,88,92,107,11,91,53,109,57,37,36,102,55,75,30,1,103,25,101,71,77,111,12,105,5,41,70,56,4,10,27
land,1813039,null,null,,,103,,71,,,,,,,,,,,,,,,,,,,,,,,,,,,,,,,,,,,,,,,,,
dig,1815042,,,,,,[],71,,,,,,,,,,,,,,,,,,,,,,,,,,,,,,,,,,,,,,,,,
harvest,1816544,null,null,,,50,,71,,,,,,103,0.484694345,0.485436893,,,,,,,,,,,,,,,,,,,,,,,,,,,,,,,,,
decision,1816739,194.0999999,65,,,50,,71,,,,,,,,,111262,5,0,FALSE,,,,,,,,,,,,,,,,,,,,,,,,,,,,,
dig,1818547,,,,,,[],71,,,,,,,,,,,,,,,,,,,,,,,,,,,,,,,,,,,,,,,,,
harvest,1820048,null,null,,,27,,71,,,,,,50,0.541958826,0.54,,,,,,,,,,,,,,,,,,,,,,,,,,,,,,,,,
decision,1820251,202,76,,,27,,71,,,,,,,,,114774,5,1,TRUE,,,,,,,,,,,,,,,,,,,,,,,,,,,,,
travel,1830048,,,,,,[],71,,,,,,,,,,,,,,,,,,,,,,,,,,,,,,,,,,,,,,,,,
alien_welcome,1835050,null,null,,,,,,,,,96,46,39,14,97,24,62,76,88,92,107,11,91,53,109,57,37,36,102,55,75,30,1,103,25,101,71,77,111,12,105,5,41,70,56,4,10,27
land,1835550,null,null,,,102,,72,,,,,,,,,,,,,,,,,,,,,,,,,,,,,,,,,,,,,,,,,
dig,1837553,,,,,,[],72,,,,,,,,,,,,,,,,,,,,,,,,,,,,,,,,,,,,,,,,,
harvest,1839055,null,null,,,46,,72,,,,,,102,0.451292302,0.450980392,,,,,,,,,,,,,,,,,,,,,,,,,,,,,,,,,
decision,1839275,218.7999997,65,,,46,,72,,,,,,,,,133798,5,0,FALSE,,,,,,,,,,,,,,,,,,,,,,,,,,,,,
dig,1841058,,,,,,[],72,,,,,,,,,,,,,,,,,,,,,,,,,,,,,,,,,,,,,,,,,
harvest,1842559,null,null,,,20,,72,,,,,,46,0.443289954,0.434782609,,,,,,,,,,,,,,,,,,,,,,,,,,,,,,,,,
decision,1842714,154.1999998,76,,,20,,72,,,,,,,,,137238,5,1,TRUE,,,,,,,,,,,,,,,,,,,,,,,,,,,,,
travel,1852556,,,,,,[],72,,,,,,,,,,,,,,,,,,,,,,,,,,,,,,,,,,,,,,,,,
alien_welcome,1857558,null,null,,,,,,,,,54,46,39,14,97,24,62,76,88,92,107,11,91,53,109,57,37,36,102,55,75,30,1,103,25,101,71,77,111,12,105,5,41,70,56,4,10,27
land,1858059,null,null,,,101,,73,,,,,,,,,,,,,,,,,,,,,,,,,,,,,,,,,,,,,,,,,
dig,1860061,,,,,,[],73,,,,,,,,,,,,,,,,,,,,,,,,,,,,,,,,,,,,,,,,,
harvest,1861563,null,null,,,37,,73,,,,,,101,0.366727651,0.366336634,,,,,,,,,,,,,,,,,,,,,,,,,,,,,,,,,
decision,1862123,559,76,,,37,,73,,,,,,,,,156646,5,0,TRUE,,,,,,,,,,,,,,,,,,,,,,,,,,,,,
travel,1871569,,,,,,[],73,,,,,,,,,,,,,,,,,,,,,,,,,,,,,,,,,,,,,,,,,
alien_welcome,1876570,null,null,,,,,,,,,2,46,39,14,97,24,62,76,88,92,107,11,91,53,109,57,37,36,102,55,75,30,1,103,25,101,71,77,111,12,105,5,41,70,56,4,10,27
land,1877071,null,null,,,103,,74,,,,,,,,,,,,,,,,,,,,,,,,,,,,,,,,,,,,,,,,,
dig,1879073,,,,,,[],74,,,,,,,,,,,,,,,,,,,,,,,,,,,,,,,,,,,,,,,,,
harvest,1880575,null,null,,,52,,74,,,,,,103,0.507340246,0.504854369,,,,,,,,,,,,,,,,,,,,,,,,,,,,,,,,,
decision,1880643,66.30000019,76,,,52,,74,,,,,,,,,175166,5,0,TRUE,,,,,,,,,,,,,,,,,,,,,,,,,,,,,
travel,1890575,,,,,,[],74,,,,,,,,,,,,,,,,,,,,,,,,,,,,,,,,,,,,,,,,,
alien_welcome,1895577,null,null,,,,,,,,,34,46,39,14,97,24,62,76,88,92,107,11,91,53,109,57,37,36,102,55,75,30,1,103,25,101,71,77,111,12,105,5,41,70,56,4,10,27
land,1896079,null,null,,,103,,75,,,,,,,,,,,,,,,,,,,,,,,,,,,,,,,,,,,,,,,,,
dig,1898082,,,,,,[],75,,,,,,,,,,,,,,,,,,,,,,,,,,,,,,,,,,,,,,,,,
harvest,1899583,null,null,,,49,,75,,,,,,103,0.474672978,0.475728155,,,,,,,,,,,,,,,,,,,,,,,,,,,,,,,,,
decision,1899603,19,65,,,49,,75,,,,,,,,,194126,5,0,FALSE,,,,,,,,,,,,,,,,,,,,,,,,,,,,,
dig,1901593,,,,,,[],75,,,,,,,,,,,,,,,,,,,,,,,,,,,,,,,,,,,,,,,,,
harvest,1903094,null,null,,,25,,75,,,,,,49,0.507494915,0.510204082,,,,,,,,,,,,,,,,,,,,,,,,,,,,,,,,,
decision,1903314,219.9000001,76,,,25,,75,,,,,,,,,197838,5,1,TRUE,,,,,,,,,,,,,,,,,,,,,,,,,,,,,
travel,1913095,,,,,,[],75,,,,,,,,,,,,,,,,,,,,,,,,,,,,,,,,,,,,,,,,,
alien_welcome,1918096,null,null,,,,,,,,,118,46,39,14,97,24,62,76,88,92,107,11,91,53,109,57,37,36,102,55,75,30,1,103,25,101,71,77,111,12,105,5,41,70,56,4,10,27
land,1918597,null,null,,,86,,76,,,,,,,,,,,,,,,,,,,,,,,,,,,,,,,,,,,,,,,,,
dig,1920601,,,,,,[],76,,,,,,,,,,,,,,,,,,,,,,,,,,,,,,,,,,,,,,,,,
harvest,1922103,null,null,,,45,,76,,,,,,86,0.528235171,0.523255814,,,,,,,,,,,,,,,,,,,,,,,,,,,,,,,,,
decision,1922259,154.8000002,76,,,45,,76,,,,,,,,,216782,5,0,TRUE,,,,,,,,,,,,,,,,,,,,,,,,,,,,,
travel,1932101,,,,,,[],76,,,,,,,,,,,,,,,,,,,,,,,,,,,,,,,,,,,,,,,,,
alien_welcome,1937103,null,null,,,,,,,,,74,46,39,14,97,24,62,76,88,92,107,11,91,53,109,57,37,36,102,55,75,30,1,103,25,101,71,77,111,12,105,5,41,70,56,4,10,27
land,1937605,null,null,,,104,,77,,,,,,,,,,,,,,,,,,,,,,,,,,,,,,,,,,,,,,,,,
dig,1939608,,,,,,[],77,,,,,,,,,,,,,,,,,,,,,,,,,,,,,,,,,,,,,,,,,
harvest,1941110,null,null,,,48,,77,,,,,,104,0.46568777,0.461538462,,,,,,,,,,,,,,,,,,,,,,,,,,,,,,,,,
decision,1941171,59.30000019,65,,,48,,77,,,,,,,,,235694,5,0,FALSE,,,,,,,,,,,,,,,,,,,,,,,,,,,,,
dig,1943115,,,,,,[],77,,,,,,,,,,,,,,,,,,,,,,,,,,,,,,,,,,,,,,,,,
harvest,1944622,null,null,,,23,,77,,,,,,48,0.481760775,0.479166667,,,,,,,,,,,,,,,,,,,,,,,,,,,,,,,,,
decision,1944883,259.5999999,76,,,23,,77,,,,,,,,,239406,5,1,TRUE,,,,,,,,,,,,,,,,,,,,,,,,,,,,,
travel,1954626,,,,,,[],77,,,,,,,,,,,,,,,,,,,,,,,,,,,,,,,,,,,,,,,,,
alien_welcome,1959627,null,null,,,,,,,,,22,46,39,14,97,24,62,76,88,92,107,11,91,53,109,57,37,36,102,55,75,30,1,103,25,101,71,77,111,12,105,5,41,70,56,4,10,27
land,1960130,null,null,,,99,,78,,,,,,,,,,,,,,,,,,,,,,,,,,,,,,,,,,,,,,,,,
dig,1962133,,,,,,[],78,,,,,,,,,,,,,,,,,,,,,,,,,,,,,,,,,,,,,,,,,
harvest,1963634,null,null,,,47,,78,,,,,,99,0.472613486,0.474747475,,,,,,,,,,,,,,,,,,,,,,,,,,,,,,,,,
decision,1963867,231.4000001,76,,,47,,78,,,,,,,,,258390,5,0,TRUE,,,,,,,,,,,,,,,,,,,,,,,,,,,,,
travel,1973637,,,,,,[],78,,,,,,,,,,,,,,,,,,,,,,,,,,,,,,,,,,,,,,,,,
alien_welcome,1978638,null,null,,,,,,,,,51,46,39,14,97,24,62,76,88,92,107,11,91,53,109,57,37,36,102,55,75,30,1,103,25,101,71,77,111,12,105,5,41,70,56,4,10,27
land,1979140,null,null,,,98,,79,,,,,,,,,,,,,,,,,,,,,,,,,,,,,,,,,,,,,,,,,
dig,1981143,,,,,,[],79,,,,,,,,,,,,,,,,,,,,,,,,,,,,,,,,,,,,,,,,,
harvest,1982646,null,null,,,48,,79,,,,,,98,0.488837568,0.489795918,,,,,,,,,,,,,,,,,,,,,,,,,,,,,,,,,
decision,1982835,188.1000004,76,,,48,,79,,,,,,,,,277358,5,0,TRUE,,,,,,,,,,,,,,,,,,,,,,,,,,,,,
travel,1992651,,,,,,[],79,,,,,,,,,,,,,,,,,,,,,,,,,,,,,,,,,,,,,,,,,
alien_welcome,1997652,null,null,,,,,,,,,99,46,39,14,97,24,62,76,88,92,107,11,91,53,109,57,37,36,102,55,75,30,1,103,25,101,71,77,111,12,105,5,41,70,56,4,10,27
land,1998155,null,null,,,98,,80,,,,,,,,,,,,,,,,,,,,,,,,,,,,,,,,,,,,,,,,,
dig,2000159,,,,,,[],80,,,,,,,,,,,,,,,,,,,,,,,,,,,,,,,,,,,,,,,,,
harvest,2001660,null,null,,,48,,80,,,,,,98,0.484992455,0.489795918,,,,,,,,,,,,,,,,,,,,,,,,,,,,,,,,,
decision,2001906,245.4000001,76,,,48,,80,,,,,,,,,296430,5,0,TRUE,,,,,,,,,,,,,,,,,,,,,,,,,,,,,
travel,2011659,,,,,,[],80,,,,,,,,,,,,,,,,,,,,,,,,,,,,,,,,,,,,,,,,,
alien_welcome,2016661,null,null,,,,,,,,,83,46,39,14,97,24,62,76,88,92,107,11,91,53,109,57,37,36,102,55,75,30,1,103,25,101,71,77,111,12,105,5,41,70,56,4,10,27
land,2017173,null,null,,,98,,81,,,,,,,,,,,,,,,,,,,,,,,,,,,,,,,,,,,,,,,,,
dig,2019177,,,,,,[],81,,,,,,,,,,,,,,,,,,,,,,,,,,,,,,,,,,,,,,,,,
harvest,2020678,null,null,,,85,,81,,,,,,98,0.868583521,0.867346939,,,,,,,,,,,,,,,,,,,,,,,,,,,,,,,,,
decision,2020691,11.9000001,76,,,85,,81,,,,,,,,,315214,5,0,TRUE,,,,,,,,,,,,,,,,,,,,,,,,,,,,,
travel,2030677,,,,,,[],81,,,,,,,,,,,,,,,,,,,,,,,,,,,,,,,,,,,,,,,,,
alien_welcome,2035679,null,null,,,,,,,,,43,46,39,14,97,24,62,76,88,92,107,11,91,53,109,57,37,36,102,55,75,30,1,103,25,101,71,77,111,12,105,5,41,70,56,4,10,27
land,2036180,null,null,,,101,,82,,,,,,,,,,,,,,,,,,,,,,,,,,,,,,,,,,,,,,,,,
dig,2038183,,,,,,[],82,,,,,,,,,,,,,,,,,,,,,,,,,,,,,,,,,,,,,,,,,
harvest,2039685,null,null,,,79,,82,,,,,,101,0.786849729,0.782178218,,,,,,,,,,,,,,,,,,,,,,,,,,,,,,,,,
decision,2039891,205.3000002,65,,,79,,82,,,,,,,,,334414,5,0,FALSE,,,,,,,,,,,,,,,,,,,,,,,,,,,,,
dig,2041690,,,,,,[],82,,,,,,,,,,,,,,,,,,,,,,,,,,,,,,,,,,,,,,,,,
harvest,2043191,null,null,,,67,,82,,,,,,79,0.850114076,0.848101266,,,,,,,,,,,,,,,,,,,,,,,,,,,,,,,,,
decision,2043531,338.2999997,76,,,67,,82,,,,,,,,,338054,5,1,TRUE,,,,,,,,,,,,,,,,,,,,,,,,,,,,,
travel,2053194,,,,,,[],82,,,,,,,,,,,,,,,,,,,,,,,,,,,,,,,,,,,,,,,,,
alien_welcome,2058196,null,null,,,,,,,,,67,46,39,14,97,24,62,76,88,92,107,11,91,53,109,57,37,36,102,55,75,30,1,103,25,101,71,77,111,12,105,5,41,70,56,4,10,27
land,2058697,null,null,,,105,,83,,,,,,,,,,,,,,,,,,,,,,,,,,,,,,,,,,,,,,,,,
dig,2060701,,,,,,[],83,,,,,,,,,,,,,,,,,,,,,,,,,,,,,,,,,,,,,,,,,
harvest,2062202,null,null,,,70,,83,,,,,,105,0.668087032,0.666666667,,,,,,,,,,,,,,,,,,,,,,,,,,,,,,,,,
decision,2062442,240,65,,,70,,83,,,,,,,,,356966,5,0,FALSE,,,,,,,,,,,,,,,,,,,,,,,,,,,,,
dig,2064206,,,,,,[],83,,,,,,,,,,,,,,,,,,,,,,,,,,,,,,,,,,,,,,,,,
harvest,2065707,null,null,,,60,,83,,,,,,70,0.863163867,0.857142857,,,,,,,,,,,,,,,,,,,,,,,,,,,,,,,,,
decision,2065898,190.2999997,76,,,60,,83,,,,,,,,,360422,5,1,TRUE,,,,,,,,,,,,,,,,,,,,,,,,,,,,,
catch,2067803,1900,90,,,60,,,,,,,,,,,,,,,,,,,,,,,,,,,,,,,,,,,,,,,,,,,
debrief,2324323,256519.7,,,,,{planet_threshold:yes,planet_threshold_desc:Usually, not all the time, when the first dig was under 100, I left to another planet because the amount would be even lower on the next dig. ,dig_threshold:yes,dig_threshold_desc:Yes exactly.  That's what I said above.  Once it got under 98, I left for another planet.  Even the 2nd dig, if it's of a certain number then I'll leave.   Usually almost every time.  Once I test it then I believe they are like that after that.,surprise:yes,surprise_desc:If the number is over 100, I will usually stay for another dig.  If it was under 100 I will take the chance and leave usually.  I have tested this and found it to be really low so I left on the following few after that.,dynamic:no,dynamic_desc:,other:no,other_desc:,feedback:I tried to email you to ask if I have done this HIT before because I don't want a rejection on my account.  But after doing this HIT, I am sure I have not done this HIT before.  I enjoyed it.  I think my digs were decent.  },,,,,,,,,,,,,,,,,,,,,,,,,
demo,2334435,10110.3,,,,,{age:59,gender:female},,,,,,,,,,,,,,,,,,,,,,,,,,,,,,,,,,,,,,,,,
end_of_exp,2369810,35374.3,32,,,,,,,,,,,,,,,,,,3,0,,,,,,,,,,,,,,,,,,,,,,,,,,,