trial_type,time_elapsed,rt,key_press,condition,subject_id,next_reward,responses,planet,curr_prac_trial,n_prac_rounds,button_pressed,alien,aliens,reward_received,decay_rate_actual,decay_rate_exp,time_in_block,block_num,prt,last_trial_on_planet,bonus,num_failures,,,,,,,,,,,,,,,,
fullscreen,11652,,,,,,,,,,,,,,,,,,,,,,,,,,,,,,,,,,,,,
instruc_welcome,22158,10502,32,1,A2OENJVA78PHTL,,,,,,,,,,,,,,,,,,,,,,,,,,,,,,,,,
instruc_goal,35999,13840,32,,,,,,,,,,,,,,,,,,,,,,,,,,,,,,,,,,,
instruc_dig,51479,15479,65,,,100,,,,,,,,,,,,,,,,,,,,,,,,,,,,,,,,
dig_instruc,53495,,,,,,[],,,,,,,,,,,,,,,,,,,,,,,,,,,,,,,
harvest_instruc,55009,null,null,,,,,,,,,,,,,,,,,,,,,,,,,,,,,,,,,,,
instruc_travel,89144,34132,76,,,,,,,,,,,,,,,,,,,,,,,,,,,,,,,,,,,
travel_prac,99151,,,,,,[],0,,,,,,,,,,,,,,,,,,,,,,,,,,,,,,
instruc_alien_greet,102757,3603,32,,,,,,,,,,,,,,,,,,,,,,,,,,,,,,,,,,,
time_out,107661,4902,32,,,,,,,,,,,,,,,,,,,,,,,,,,,,,,,,,,,
instruc_break,108853,1191,32,,,,,,,,,,,,,,,,,,,,,,,,,,,,,,,,,,,
quiz_prac,134898,26041,,,,,{Q0:C,Q1:C,Q2:B},,,,,,,,,,,,,,,,,,,,,,,,,,,,,
quiz_incorrect,145559,10659,,,,,{Q0:C,Q1:A,Q2:B},,,,,,,,,,,,,,,,,,,,,,,,,,,,,
instruc_goal,156872,11310,32,,,,,,,,,,,,,,,,,,,,,,,,,,,,,,,,,,,
instruc_dig,172716,15843,65,,,100,,,,,,,,,,,,,,,,,,,,,,,,,,,,,,,,
dig_instruc,174721,,,,,,[],,,,,,,,,,,,,,,,,,,,,,,,,,,,,,,
harvest_instruc,176224,null,null,,,,,,,,,,,,,,,,,,,,,,,,,,,,,,,,,,,
instruc_travel,205470,29245,76,,,,,,,,,,,,,,,,,,,,,,,,,,,,,,,,,,,
travel_prac,215477,,,,,,[],0,,,,,,,,,,,,,,,,,,,,,,,,,,,,,,
time_out,218902,3423,32,,,,,,,,,,,,,,,,,,,,,,,,,,,,,,,,,,,
instruc_break,220341,1437,32,,,,,,,,,,,,,,,,,,,,,,,,,,,,,,,,,,,
quiz_prac,242266,21915,,,,,{Q0:C,Q1:C,Q2:A},,,,,,,,,,,,,,,,,,,,,,,,,,,,,
quiz_incorrect,253695,11425,,,,,{Q0:C,Q1:A,Q2:B},,,,,,,,,,,,,,,,,,,,,,,,,,,,,
instruc_goal,258955,5258,32,,,,,,,,,,,,,,,,,,,,,,,,,,,,,,,,,,,
instruc_dig,261674,2719,65,,,100,,,,,,,,,,,,,,,,,,,,,,,,,,,,,,,,
dig_instruc,263678,,,,,,[],,,,,,,,,,,,,,,,,,,,,,,,,,,,,,,
harvest_instruc,265216,null,null,,,,,,,,,,,,,,,,,,,,,,,,,,,,,,,,,,,
instruc_travel,269355,4136,76,,,,,,,,,,,,,,,,,,,,,,,,,,,,,,,,,,,
travel_prac,279362,,,,,,[],0,,,,,,,,,,,,,,,,,,,,,,,,,,,,,,
time_out,279692,329,32,,,,,,,,,,,,,,,,,,,,,,,,,,,,,,,,,,,
instruc_break,281383,1689,32,,,,,,,,,,,,,,,,,,,,,,,,,,,,,,,,,,,
quiz_prac,289339,7955,,,,,{Q0:B,Q1:C,Q2:A},,,,,,,,,,,,,,,,,,,,,,,,,,,,,
quiz_incorrect,295215,5872,,,,,{Q0:B,Q1:B,Q2:B},,,,,,,,,,,,,,,,,,,,,,,,,,,,,
instruc_goal,296717,1501,32,,,,,,,,,,,,,,,,,,,,,,,,,,,,,,,,,,,
instruc_dig,299035,2316,65,,,100,,,,,,,,,,,,,,,,,,,,,,,,,,,,,,,,
dig_instruc,301041,,,,,,[],,,,,,,,,,,,,,,,,,,,,,,,,,,,,,,
harvest_instruc,302560,null,null,,,,,,,,,,,,,,,,,,,,,,,,,,,,,,,,,,,
instruc_travel,319706,17145,76,,,,,,,,,,,,,,,,,,,,,,,,,,,,,,,,,,,
travel_prac,329719,,,,,,[],0,,,,,,,,,,,,,,,,,,,,,,,,,,,,,,
time_out,332694,2974,32,,,,,,,,,,,,,,,,,,,,,,,,,,,,,,,,,,,
instruc_break,335103,2408,32,,,,,,,,,,,,,,,,,,,,,,,,,,,,,,,,,,,
quiz_prac,359759,24655,,,,,{Q0:B,Q1:C,Q2:A},,,,,,,,,,,,,,,,,,,,,,,,,,,,,
quiz_incorrect,379249,19488,,,,,{Q0:C,Q1:B,Q2:B},,,,,,,,,,,,,,,,,,,,,,,,,,,,,
instruc_goal,393741,14490,32,,,,,,,,,,,,,,,,,,,,,,,,,,,,,,,,,,,
instruc_dig,401811,8068,65,,,100,,,,,,,,,,,,,,,,,,,,,,,,,,,,,,,,
dig_instruc,403822,,,,,,[],,,,,,,,,,,,,,,,,,,,,,,,,,,,,,,
harvest_instruc,405324,null,null,,,,,,,,,,,,,,,,,,,,,,,,,,,,,,,,,,,
instruc_travel,446855,41530,76,,,,,,,,,,,,,,,,,,,,,,,,,,,,,,,,,,,
travel_prac,456859,,,,,,[],0,,,,,,,,,,,,,,,,,,,,,,,,,,,,,,
time_out,460406,3544,32,,,,,,,,,,,,,,,,,,,,,,,,,,,,,,,,,,,
instruc_break,475621,15214,32,,,,,,,,,,,,,,,,,,,,,,,,,,,,,,,,,,,
quiz_prac,493037,17414,,,,,{Q0:C,Q1:B,Q2:B},,,,,,,,,,,,,,,,,,,,,,,,,,,,,
quiz_correct,512585,19543,,,,,{Q0:C,Q1:B,Q2:B},,,,,,,,,,,,,,,,,,,,,,,,,,,,,
instruc_prac_game,514773,2186,32,,,,,,,,,,,,,,,,,,,,,,,,,,,,,,,,,,,
alien_welcome_prac,519778,null,null,,,,,,,,,,,,,,,,,,,,,,,,,,,,,,,,,,,
land_prac,520283,null,null,,,105,,0,,,,,,,,,,,,,,,,,,,,,,,,,,,,,,
dig_prac,522289,,,,,,[],,,,,,,,,,,,,,,,,,,,,,,,,,,,,,,
harvest_prac,523790,null,null,,,,,,,,,,,,,,,,,,,,,,,,,,,,,,,,,,,
decision_prac,524352,561,65,,,,,,1,,,,,,,,,,,,,,,,,,,,,,,,,,,,,
dig_prac,526362,,,,,,[],,,,,,,,,,,,,,,,,,,,,,,,,,,,,,,
harvest_prac,527865,null,null,,,,,,,,,,,,,,,,,,,,,,,,,,,,,,,,,,,
decision_prac,528236,369,65,,,,,,2,,,,,,,,,,,,,,,,,,,,,,,,,,,,,
dig_prac,530242,,,,,,[],,,,,,,,,,,,,,,,,,,,,,,,,,,,,,,
harvest_prac,531749,null,null,,,,,,,,,,,,,,,,,,,,,,,,,,,,,,,,,,,
decision_prac,533028,1277,65,,,,,,3,,,,,,,,,,,,,,,,,,,,,,,,,,,,,
dig_prac,535040,,,,,,[],,,,,,,,,,,,,,,,,,,,,,,,,,,,,,,
harvest_prac,536547,null,null,,,,,,,,,,,,,,,,,,,,,,,,,,,,,,,,,,,
decision_prac,536652,104,65,,,,,,4,,,,,,,,,,,,,,,,,,,,,,,,,,,,,
dig_prac,538658,,,,,,[],,,,,,,,,,,,,,,,,,,,,,,,,,,,,,,
harvest_prac,540160,null,null,,,,,,,,,,,,,,,,,,,,,,,,,,,,,,,,,,,
decision_prac,540296,135,65,,,,,,,1,,,,,,,,,,,,,,,,,,,,,,,,,,,,
instruc_begin_exp,545477,5176,,,,,,,,1,1,,,,,,,,,,,,,,,,,,,,,,,,,,,
alien_welcome,550484,null,null,,,,,,,,,39,119,33,31,115,19,74,101,91,4,118,105,90,28,17,46,55,80,10,59,12,44,73,56,86,5,42
land,550987,null,null,,,97,,1,,,,,,,,,,,,,,,,,,,,,,,,,,,,,,
dig,553002,,,,,,[],1,,,,,,,,,,,,,,,,,,,,,,,,,,,,,,
harvest,554507,null,null,,,18,,1,,,,,,97,0.186041295,0.18556701,,,,,,,,,,,,,,,,,,,,,,
decision,554903,394,65,,,18,,1,,,,,,,,,9425,1,0,FALSE,,,,,,,,,,,,,,,,,,
dig,556516,,,,,,[],1,,,,,,,,,,,,,,,,,,,,,,,,,,,,,,
harvest,558021,null,null,,,3,,1,,,,,,18,0.156908131,0.166666667,,,,,,,,,,,,,,,,,,,,,,
decision,558099,76,65,,,3,,1,,,,,,,,,12620,1,1,FALSE,,,,,,,,,,,,,,,,,,
dig,560028,,,,,,[],1,,,,,,,,,,,,,,,,,,,,,,,,,,,,,,
harvest,561543,null,null,,,1,,1,,,,,,3,0.208350256,0.333333333,,,,,,,,,,,,,,,,,,,,,,
decision,561632,89,76,,,1,,1,,,,,,,,,16154,1,2,TRUE,,,,,,,,,,,,,,,,,,
travel,571545,,,,,,[],1,,,,,,,,,,,,,,,,,,,,,,,,,,,,,,
alien_welcome,576553,null,null,,,,,,,,,82,119,33,31,115,19,74,101,91,4,118,105,90,28,17,46,55,80,10,59,12,44,73,56,86,5,42
land,577057,null,null,,,110,,2,,,,,,,,,,,,,,,,,,,,,,,,,,,,,,
dig,579063,,,,,,[],2,,,,,,,,,,,,,,,,,,,,,,,,,,,,,,
harvest,580569,null,null,,,25,,2,,,,,,110,0.225274434,0.227272727,,,,,,,,,,,,,,,,,,,,,,
decision,581964,1394,76,,,25,,2,,,,,,,,,36485,1,0,TRUE,,,,,,,,,,,,,,,,,,
travel,590572,,,,,,[],2,,,,,,,,,,,,,,,,,,,,,,,,,,,,,,
alien_welcome,595580,null,null,,,,,,,,,67,119,33,31,115,19,74,101,91,4,118,105,90,28,17,46,55,80,10,59,12,44,73,56,86,5,42
land,596086,null,null,,,90,,3,,,,,,,,,,,,,,,,,,,,,,,,,,,,,,
dig,598104,,,,,,[],3,,,,,,,,,,,,,,,,,,,,,,,,,,,,,,
harvest,599611,null,null,,,53,,3,,,,,,90,0.585230188,0.588888889,,,,,,,,,,,,,,,,,,,,,,
decision,601523,1906,65,,,53,,3,,,,,,,,,56045,1,0,FALSE,,,,,,,,,,,,,,,,,,
dig,601620,,,,,,[],3,,,,,,,,,,,,,,,,,,,,,,,,,,,,,,
harvest,603130,null,null,,,23,,3,,,,,,53,0.43709307,0.433962264,,,,,,,,,,,,,,,,,,,,,,
decision,603448,317,76,,,23,,3,,,,,,,,,57969,1,1,TRUE,,,,,,,,,,,,,,,,,,
travel,613130,,,,,,[],3,,,,,,,,,,,,,,,,,,,,,,,,,,,,,,
alien_welcome,618135,null,null,,,,,,,,,81,119,33,31,115,19,74,101,91,4,118,105,90,28,17,46,55,80,10,59,12,44,73,56,86,5,42
land,618645,null,null,,,101,,4,,,,,,,,,,,,,,,,,,,,,,,,,,,,,,
dig,620650,,,,,,[],4,,,,,,,,,,,,,,,,,,,,,,,,,,,,,,
harvest,622151,null,null,,,50,,4,,,,,,101,0.495243486,0.495049505,,,,,,,,,,,,,,,,,,,,,,
decision,623192,1040,65,,,50,,4,,,,,,,,,77714,1,0,FALSE,,,,,,,,,,,,,,,,,,
dig,624167,,,,,,[],4,,,,,,,,,,,,,,,,,,,,,,,,,,,,,,
harvest,625677,null,null,,,32,,4,,,,,,50,0.640824589,0.64,,,,,,,,,,,,,,,,,,,,,,
decision,627252,1573,76,,,32,,4,,,,,,,,,81774,1,1,TRUE,,,,,,,,,,,,,,,,,,
travel,635680,,,,,,[],4,,,,,,,,,,,,,,,,,,,,,,,,,,,,,,
alien_welcome,640682,null,null,,,,,,,,,116,119,33,31,115,19,74,101,91,4,118,105,90,28,17,46,55,80,10,59,12,44,73,56,86,5,42
land,641191,null,null,,,102,,5,,,,,,,,,,,,,,,,,,,,,,,,,,,,,,
dig,643197,,,,,,[],5,,,,,,,,,,,,,,,,,,,,,,,,,,,,,,
harvest,644704,null,null,,,41,,5,,,,,,102,0.406112269,0.401960784,,,,,,,,,,,,,,,,,,,,,,
decision,645613,907,76,,,41,,5,,,,,,,,,100135,1,0,TRUE,,,,,,,,,,,,,,,,,,
travel,654706,,,,,,[],5,,,,,,,,,,,,,,,,,,,,,,,,,,,,,,
alien_welcome,659720,null,null,,,,,,,,,111,119,33,31,115,19,74,101,91,4,118,105,90,28,17,46,55,80,10,59,12,44,73,56,86,5,42
land,660290,null,null,,,98,,6,,,,,,,,,,,,,,,,,,,,,,,,,,,,,,
dig,662299,,,,,,[],6,,,,,,,,,,,,,,,,,,,,,,,,,,,,,,
harvest,663799,null,null,,,77,,6,,,,,,98,0.784406332,0.785714286,,,,,,,,,,,,,,,,,,,,,,
decision,665002,1202,76,,,77,,6,,,,,,,,,119524,1,0,TRUE,,,,,,,,,,,,,,,,,,
travel,673804,,,,,,[],6,,,,,,,,,,,,,,,,,,,,,,,,,,,,,,
alien_welcome,678815,null,null,,,,,,,,,89,119,33,31,115,19,74,101,91,4,118,105,90,28,17,46,55,80,10,59,12,44,73,56,86,5,42
land,679322,null,null,,,98,,7,,,,,,,,,,,,,,,,,,,,,,,,,,,,,,
dig,681330,,,,,,[],7,,,,,,,,,,,,,,,,,,,,,,,,,,,,,,
harvest,682833,null,null,,,82,,7,,,,,,98,0.839800401,0.836734694,,,,,,,,,,,,,,,,,,,,,,
decision,683964,1130,76,,,82,,7,,,,,,,,,138485,1,0,TRUE,,,,,,,,,,,,,,,,,,
travel,692832,,,,,,[],7,,,,,,,,,,,,,,,,,,,,,,,,,,,,,,
alien_welcome,697836,null,null,,,,,,,,,18,119,33,31,115,19,74,101,91,4,118,105,90,28,17,46,55,80,10,59,12,44,73,56,86,5,42
land,698344,null,null,,,97,,8,,,,,,,,,,,,,,,,,,,,,,,,,,,,,,
dig,700353,,,,,,[],8,,,,,,,,,,,,,,,,,,,,,,,,,,,,,,
harvest,701854,null,null,,,76,,8,,,,,,97,0.787994139,0.783505155,,,,,,,,,,,,,,,,,,,,,,
decision,703866,null,null,,,76,,8,,,,,,,,,158388,1,0,FALSE,,,,,,,,,,,,,,,,,,
time_out,705886,null,null,,,76,,,,,,,,,,,,,,,,,,,,,,,,,,,,,,,,
decision,707892,null,null,,,76,,8,,,,,,,,,162414,1,0,FALSE,,,,,,,,,,,,,,,,,,
time_out,709896,null,null,,,76,,,,,,,,,,,,,,,,,,,,,,,,,,,,,,,,
decision,711899,null,null,,,76,,8,,,,,,,,,166420,1,0,FALSE,,,,,,,,,,,,,,,,,,
time_out,713905,null,null,,,76,,,,,,,,,,,,,,,,,,,,,,,,,,,,,,,,
decision,715906,null,null,,,76,,8,,,,,,,,,170427,1,0,FALSE,,,,,,,,,,,,,,,,,,
time_out,717909,null,null,,,76,,,,,,,,,,,,,,,,,,,,,,,,,,,,,,,,
decision,719914,null,null,,,76,,8,,,,,,,,,174436,1,0,FALSE,,,,,,,,,,,,,,,,,,
time_out,721917,null,null,,,76,,,,,,,,,,,,,,,,,,,,,,,,,,,,,,,,
decision,722380,459,65,,,76,,8,,,,,,,,,176902,1,0,FALSE,,,,,,,,,,,,,,,,,,
dig,723929,,,,,,[],8,,,,,,,,,,,,,,,,,,,,,,,,,,,,,,
harvest,725466,null,null,,,62,,8,,,,,,76,0.812148555,0.815789474,,,,,,,,,,,,,,,,,,,,,,
decision,726850,1382,76,,,62,,8,,,,,,,,,181372,1,1,TRUE,,,,,,,,,,,,,,,,,,
travel,735468,,,,,,[],8,,,,,,,,,,,,,,,,,,,,,,,,,,,,,,
alien_welcome,740473,null,null,,,,,,,,,3,119,33,31,115,19,74,101,91,4,118,105,90,28,17,46,55,80,10,59,12,44,73,56,86,5,42
land,740975,null,null,,,102,,9,,,,,,,,,,,,,,,,,,,,,,,,,,,,,,
dig,743004,,,,,,[],9,,,,,,,,,,,,,,,,,,,,,,,,,,,,,,
harvest,744509,null,null,,,20,,9,,,,,,102,0.198423661,0.196078431,,,,,,,,,,,,,,,,,,,,,,
decision,746160,1647,65,,,20,,9,,,,,,,,,200682,1,0,FALSE,,,,,,,,,,,,,,,,,,
dig,746527,,,,,,[],9,,,,,,,,,,,,,,,,,,,,,,,,,,,,,,
harvest,748050,null,null,,,4,,9,,,,,,20,0.209435483,0.2,,,,,,,,,,,,,,,,,,,,,,
decision,750109,null,null,,,4,,9,,,,,,,,,204631,1,1,FALSE,,,,,,,,,,,,,,,,,,
time_out,752118,null,null,,,4,,,,,,,,,,,,,,,,,,,,,,,,,,,,,,,,
decision,752262,143,76,,,4,,9,,,,,,,,,206783,1,1,TRUE,,,,,,,,,,,,,,,,,,
travel,762125,,,,,,[],9,,,,,,,,,,,,,,,,,,,,,,,,,,,,,,
alien_welcome,767128,null,null,,,,,,,,,23,119,33,31,115,19,74,101,91,4,118,105,90,28,17,46,55,80,10,59,12,44,73,56,86,5,42
land,767633,null,null,,,96,,10,,,,,,,,,,,,,,,,,,,,,,,,,,,,,,
dig,769644,,,,,,[],10,,,,,,,,,,,,,,,,,,,,,,,,,,,,,,
harvest,771149,null,null,,,13,,10,,,,,,96,0.130411943,0.135416667,,,,,,,,,,,,,,,,,,,,,,
decision,772756,1606,65,,,13,,10,,,,,,,,,227277,1,0,FALSE,,,,,,,,,,,,,,,,,,
dig,773197,,,,,,[],10,,,,,,,,,,,,,,,,,,,,,,,,,,,,,,
harvest,774702,null,null,,,2,,10,,,,,,13,0.134331534,0.153846154,,,,,,,,,,,,,,,,,,,,,,
decision,776642,1939,65,,,2,,10,,,,,,,,,231163,1,1,FALSE,,,,,,,,,,,,,,,,,,
dig,776706,,,,,,[],10,,,,,,,,,,,,,,,,,,,,,,,,,,,,,,
harvest,778265,null,null,,,0,,10,,,,,,2,0.207686787,0,,,,,,,,,,,,,,,,,,,,,,
decision,778424,156,65,,,0,,10,,,,,,,,,232946,1,2,FALSE,,,,,,,,,,,,,,,,,,
dig,780282,,,,,,[],10,,,,,,,,,,,,,,,,,,,,,,,,,,,,,,
harvest,781790,null,null,,,0,,10,,,,,,0,0.278427668,NaN,,,,,,,,,,,,,,,,,,,,,,
decision,782142,350,65,,,0,,10,,,,,,,,,236663,1,3,FALSE,,,,,,,,,,,,,,,,,,
dig,783797,,,,,,[],10,,,,,,,,,,,,,,,,,,,,,,,,,,,,,,
harvest,785297,null,null,,,0,,10,,,,,,0,0.14532281,NaN,,,,,,,,,,,,,,,,,,,,,,
decision,786177,878,76,,,0,,10,,,,,,,,,240698,1,4,TRUE,,,,,,,,,,,,,,,,,,
travel,795298,,,,,,[],10,,,,,,,,,,,,,,,,,,,,,,,,,,,,,,
alien_welcome,800299,null,null,,,,,,,,,25,119,33,31,115,19,74,101,91,4,118,105,90,28,17,46,55,80,10,59,12,44,73,56,86,5,42
land,800805,null,null,,,111,,11,,,,,,,,,,,,,,,,,,,,,,,,,,,,,,
dig,802814,,,,,,[],11,,,,,,,,,,,,,,,,,,,,,,,,,,,,,,
harvest,804328,null,null,,,24,,11,,,,,,111,0.217950005,0.216216216,,,,,,,,,,,,,,,,,,,,,,
decision,805776,1446,76,,,24,,11,,,,,,,,,260297,1,0,TRUE,,,,,,,,,,,,,,,,,,
travel,814330,,,,,,[],11,,,,,,,,,,,,,,,,,,,,,,,,,,,,,,
alien_welcome,819333,null,null,,,,,,,,,20,119,33,31,115,19,74,101,91,4,118,105,90,28,17,46,55,80,10,59,12,44,73,56,86,5,42
land,819847,null,null,,,101,,12,,,,,,,,,,,,,,,,,,,,,,,,,,,,,,
dig,821853,,,,,,[],12,,,,,,,,,,,,,,,,,,,,,,,,,,,,,,
harvest,823357,null,null,,,25,,12,,,,,,101,0.249871093,0.247524752,,,,,,,,,,,,,,,,,,,,,,
decision,824158,800,76,,,25,,12,,,,,,,,,278680,1,0,TRUE,,,,,,,,,,,,,,,,,,
travel,833365,,,,,,[],12,,,,,,,,,,,,,,,,,,,,,,,,,,,,,,
alien_welcome,838367,null,null,,,,,,,,,85,119,33,31,115,19,74,101,91,4,118,105,90,28,17,46,55,80,10,59,12,44,73,56,86,5,42
land,838873,null,null,,,95,,13,,,,,,,,,,,,,,,,,,,,,,,,,,,,,,
dig,840878,,,,,,[],13,,,,,,,,,,,,,,,,,,,,,,,,,,,,,,
harvest,842388,null,null,,,18,,13,,,,,,95,0.192312577,0.189473684,,,,,,,,,,,,,,,,,,,,,,
decision,844396,null,null,,,18,,13,,,,,,,,,298917,1,0,FALSE,,,,,,,,,,,,,,,,,,
time_out,846403,null,null,,,18,,,,,,,,,,,,,,,,,,,,,,,,,,,,,,,,
decision,848369,1963,76,,,18,,13,,,,,,,,,302890,1,0,TRUE,,,,,,,,,,,,,,,,,,
travel,856436,,,,,,[],13,,,,,,,,,,,,,,,,,,,,,,,,,,,,,,
alien_welcome,861448,null,null,,,,,,,,,108,119,33,31,115,19,74,101,91,4,118,105,90,28,17,46,55,80,10,59,12,44,73,56,86,5,42
land,861952,null,null,,,94,,14,,,,,,,,,,,,,,,,,,,,,,,,,,,,,,
dig,863958,,,,,,[],14,,,,,,,,,,,,,,,,,,,,,,,,,,,,,,
harvest,865467,null,null,,,79,,14,,,,,,94,0.839129892,0.840425532,,,,,,,,,,,,,,,,,,,,,,
decision,867473,null,null,,,79,,14,,,,,,,,,321994,1,0,FALSE,,,,,,,,,,,,,,,,,,
time_out,869478,null,null,,,79,,,,,,,,,,,,,,,,,,,,,,,,,,,,,,,,
decision,870011,532,76,,,79,,14,,,,,,,,,324533,1,0,TRUE,,,,,,,,,,,,,,,,,,
travel,879486,,,,,,[],14,,,,,,,,,,,,,,,,,,,,,,,,,,,,,,
alien_welcome,884492,null,null,,,,,,,,,2,119,33,31,115,19,74,101,91,4,118,105,90,28,17,46,55,80,10,59,12,44,73,56,86,5,42
land,884994,null,null,,,98,,15,,,,,,,,,,,,,,,,,,,,,,,,,,,,,,
dig,886999,,,,,,[],15,,,,,,,,,,,,,,,,,,,,,,,,,,,,,,
harvest,888502,null,null,,,88,,15,,,,,,98,0.899121564,0.897959184,,,,,,,,,,,,,,,,,,,,,,
decision,889646,1142,76,,,88,,15,,,,,,,,,344167,1,0,TRUE,,,,,,,,,,,,,,,,,,
travel,898505,,,,,,[],15,,,,,,,,,,,,,,,,,,,,,,,,,,,,,,
alien_welcome,903510,null,null,,,,,,,,,62,119,33,31,115,19,74,101,91,4,118,105,90,28,17,46,55,80,10,59,12,44,73,56,86,5,42
land,904011,null,null,,,101,,16,,,,,,,,,,,,,,,,,,,,,,,,,,,,,,
dig,906020,,,,,,[],16,,,,,,,,,,,,,,,,,,,,,,,,,,,,,,
harvest,907538,null,null,,,43,,16,,,,,,101,0.420958232,0.425742574,,,,,,,,,,,,,,,,,,,,,,
decision,909388,1848,76,,,43,,16,,,,,,,,,363909,1,0,TRUE,,,,,,,,,,,,,,,,,,
catch,919391,null,null,,,43,,,,,,,,,,,,,,,,,,,,,,,,,,,,,,,,
end_of_block,979417,null,null,,,,,,,,,,,,,,,,,,,,,,,,,,,,,,,,,,,
alien_welcome,984438,null,null,,,,,,,,,27,119,33,31,115,19,74,101,91,4,118,105,90,28,17,46,55,80,10,59,12,44,73,56,86,5,42
land,984944,null,null,,,93,,17,,,,,,,,,,,,,,,,,,,,,,,,,,,,,,
dig,986960,,,,,,[],17,,,,,,,,,,,,,,,,,,,,,,,,,,,,,,
harvest,988461,null,null,,,23,,17,,,,,,93,0.243675161,0.247311828,,,,,,,,,,,,,,,,,,,,,,
decision,990464,null,null,,,23,,17,,,,,,,,,11044,2,0,FALSE,,,,,,,,,,,,,,,,,,
time_out,992466,null,null,,,23,,,,,,,,,,,,,,,,,,,,,,,,,,,,,,,,
decision,994482,null,null,,,23,,17,,,,,,,,,15063,2,0,FALSE,,,,,,,,,,,,,,,,,,
time_out,996491,null,null,,,23,,,,,,,,,,,,,,,,,,,,,,,,,,,,,,,,
decision,998168,1676,76,,,23,,17,,,,,,,,,18749,2,0,TRUE,,,,,,,,,,,,,,,,,,
travel,1006489,,,,,,[],17,,,,,,,,,,,,,,,,,,,,,,,,,,,,,,
alien_welcome,1011498,null,null,,,,,,,,,8,119,33,31,115,19,74,101,91,4,118,105,90,28,17,46,55,80,10,59,12,44,73,56,86,5,42
land,1011999,null,null,,,102,,18,,,,,,,,,,,,,,,,,,,,,,,,,,,,,,
dig,1014005,,,,,,[],18,,,,,,,,,,,,,,,,,,,,,,,,,,,,,,
harvest,1015512,null,null,,,22,,18,,,,,,102,0.218406639,0.215686275,,,,,,,,,,,,,,,,,,,,,,
decision,1016553,1040,76,,,22,,18,,,,,,,,,37133,2,0,TRUE,,,,,,,,,,,,,,,,,,
travel,1025512,,,,,,[],18,,,,,,,,,,,,,,,,,,,,,,,,,,,,,,
alien_welcome,1030518,null,null,,,,,,,,,109,119,33,31,115,19,74,101,91,4,118,105,90,28,17,46,55,80,10,59,12,44,73,56,86,5,42
land,1031020,null,null,,,109,,19,,,,,,,,,,,,,,,,,,,,,,,,,,,,,,
dig,1033029,,,,,,[],19,,,,,,,,,,,,,,,,,,,,,,,,,,,,,,
harvest,1034530,null,null,,,23,,19,,,,,,109,0.213778457,0.211009174,,,,,,,,,,,,,,,,,,,,,,
decision,1035632,1100,76,,,23,,19,,,,,,,,,56212,2,0,TRUE,,,,,,,,,,,,,,,,,,
travel,1044531,,,,,,[],19,,,,,,,,,,,,,,,,,,,,,,,,,,,,,,
alien_welcome,1049538,null,null,,,,,,,,,97,119,33,31,115,19,74,101,91,4,118,105,90,28,17,46,55,80,10,59,12,44,73,56,86,5,42
land,1050041,null,null,,,106,,20,,,,,,,,,,,,,,,,,,,,,,,,,,,,,,
dig,1052045,,,,,,[],20,,,,,,,,,,,,,,,,,,,,,,,,,,,,,,
harvest,1053563,null,null,,,86,,20,,,,,,106,0.812602376,0.811320755,,,,,,,,,,,,,,,,,,,,,,
decision,1054243,679,76,,,86,,20,,,,,,,,,74823,2,0,TRUE,,,,,,,,,,,,,,,,,,
travel,1063565,,,,,,[],20,,,,,,,,,,,,,,,,,,,,,,,,,,,,,,
alien_welcome,1068573,null,null,,,,,,,,,83,119,33,31,115,19,74,101,91,4,118,105,90,28,17,46,55,80,10,59,12,44,73,56,86,5,42
land,1069074,null,null,,,95,,21,,,,,,,,,,,,,,,,,,,,,,,,,,,,,,
dig,1071080,,,,,,[],21,,,,,,,,,,,,,,,,,,,,,,,,,,,,,,
harvest,1072584,null,null,,,76,,21,,,,,,95,0.804573078,0.8,,,,,,,,,,,,,,,,,,,,,,
decision,1073565,981,76,,,76,,21,,,,,,,,,94146,2,0,TRUE,,,,,,,,,,,,,,,,,,
travel,1082591,,,,,,[],21,,,,,,,,,,,,,,,,,,,,,,,,,,,,,,
alien_welcome,1087619,null,null,,,,,,,,,64,119,33,31,115,19,74,101,91,4,118,105,90,28,17,46,55,80,10,59,12,44,73,56,86,5,42
land,1088127,null,null,,,97,,22,,,,,,,,,,,,,,,,,,,,,,,,,,,,,,
dig,1090134,,,,,,[],22,,,,,,,,,,,,,,,,,,,,,,,,,,,,,,
harvest,1091641,null,null,,,82,,22,,,,,,97,0.84454309,0.845360825,,,,,,,,,,,,,,,,,,,,,,
decision,1092532,890,76,,,82,,22,,,,,,,,,113113,2,0,TRUE,,,,,,,,,,,,,,,,,,
travel,1101651,,,,,,[],22,,,,,,,,,,,,,,,,,,,,,,,,,,,,,,
alien_welcome,1106664,null,null,,,,,,,,,71,119,33,31,115,19,74,101,91,4,118,105,90,28,17,46,55,80,10,59,12,44,73,56,86,5,42
land,1107176,null,null,,,101,,23,,,,,,,,,,,,,,,,,,,,,,,,,,,,,,
dig,1109182,,,,,,[],23,,,,,,,,,,,,,,,,,,,,,,,,,,,,,,
harvest,1110684,null,null,,,84,,23,,,,,,101,0.830790815,0.831683168,,,,,,,,,,,,,,,,,,,,,,
decision,1111951,1266,76,,,84,,23,,,,,,,,,132531,2,0,TRUE,,,,,,,,,,,,,,,,,,
travel,1120689,,,,,,[],23,,,,,,,,,,,,,,,,,,,,,,,,,,,,,,
alien_welcome,1125700,null,null,,,,,,,,,9,119,33,31,115,19,74,101,91,4,118,105,90,28,17,46,55,80,10,59,12,44,73,56,86,5,42
land,1126220,null,null,,,103,,24,,,,,,,,,,,,,,,,,,,,,,,,,,,,,,
dig,1128227,,,,,,[],24,,,,,,,,,,,,,,,,,,,,,,,,,,,,,,
harvest,1129732,null,null,,,82,,24,,,,,,103,0.79318776,0.796116505,,,,,,,,,,,,,,,,,,,,,,
decision,1130590,856,76,,,82,,24,,,,,,,,,151170,2,0,TRUE,,,,,,,,,,,,,,,,,,
travel,1139749,,,,,,[],24,,,,,,,,,,,,,,,,,,,,,,,,,,,,,,
alien_welcome,1144756,null,null,,,,,,,,,69,119,33,31,115,19,74,101,91,4,118,105,90,28,17,46,55,80,10,59,12,44,73,56,86,5,42
land,1145261,null,null,,,101,,25,,,,,,,,,,,,,,,,,,,,,,,,,,,,,,
dig,1147268,,,,,,[],25,,,,,,,,,,,,,,,,,,,,,,,,,,,,,,
harvest,1148773,null,null,,,54,,25,,,,,,101,0.531483939,0.534653465,,,,,,,,,,,,,,,,,,,,,,
decision,1149492,717,76,,,54,,25,,,,,,,,,170073,2,0,TRUE,,,,,,,,,,,,,,,,,,
travel,1158776,,,,,,[],25,,,,,,,,,,,,,,,,,,,,,,,,,,,,,,
alien_welcome,1163785,null,null,,,,,,,,,48,119,33,31,115,19,74,101,91,4,118,105,90,28,17,46,55,80,10,59,12,44,73,56,86,5,42
land,1164305,null,null,,,90,,26,,,,,,,,,,,,,,,,,,,,,,,,,,,,,,
dig,1166324,,,,,,[],26,,,,,,,,,,,,,,,,,,,,,,,,,,,,,,
harvest,1167845,null,null,,,74,,26,,,,,,90,0.826172578,0.822222222,,,,,,,,,,,,,,,,,,,,,,
decision,1168628,782,76,,,74,,26,,,,,,,,,189208,2,0,TRUE,,,,,,,,,,,,,,,,,,
travel,1177853,,,,,,[],26,,,,,,,,,,,,,,,,,,,,,,,,,,,,,,
alien_welcome,1182858,null,null,,,,,,,,,30,119,33,31,115,19,74,101,91,4,118,105,90,28,17,46,55,80,10,59,12,44,73,56,86,5,42
land,1183372,null,null,,,107,,27,,,,,,,,,,,,,,,,,,,,,,,,,,,,,,
dig,1185381,,,,,,[],27,,,,,,,,,,,,,,,,,,,,,,,,,,,,,,
harvest,1186889,null,null,,,89,,27,,,,,,107,0.835967522,0.831775701,,,,,,,,,,,,,,,,,,,,,,
decision,1188462,1572,76,,,89,,27,,,,,,,,,209043,2,0,TRUE,,,,,,,,,,,,,,,,,,
travel,1196897,,,,,,[],27,,,,,,,,,,,,,,,,,,,,,,,,,,,,,,
alien_welcome,1201898,null,null,,,,,,,,,68,119,33,31,115,19,74,101,91,4,118,105,90,28,17,46,55,80,10,59,12,44,73,56,86,5,42
land,1202405,null,null,,,102,,28,,,,,,,,,,,,,,,,,,,,,,,,,,,,,,
dig,1204414,,,,,,[],28,,,,,,,,,,,,,,,,,,,,,,,,,,,,,,
harvest,1205918,null,null,,,23,,28,,,,,,102,0.220848683,0.225490196,,,,,,,,,,,,,,,,,,,,,,
decision,1206605,685,76,,,23,,28,,,,,,,,,227185,2,0,TRUE,,,,,,,,,,,,,,,,,,
travel,1215925,,,,,,[],28,,,,,,,,,,,,,,,,,,,,,,,,,,,,,,
alien_welcome,1220928,null,null,,,,,,,,,102,119,33,31,115,19,74,101,91,4,118,105,90,28,17,46,55,80,10,59,12,44,73,56,86,5,42
land,1221431,null,null,,,103,,29,,,,,,,,,,,,,,,,,,,,,,,,,,,,,,
dig,1223437,,,,,,[],29,,,,,,,,,,,,,,,,,,,,,,,,,,,,,,
harvest,1224941,null,null,,,24,,29,,,,,,103,0.236914614,0.233009709,,,,,,,,,,,,,,,,,,,,,,
decision,1225958,1015,76,,,24,,29,,,,,,,,,246538,2,0,TRUE,,,,,,,,,,,,,,,,,,
travel,1234948,,,,,,[],29,,,,,,,,,,,,,,,,,,,,,,,,,,,,,,
alien_welcome,1239952,null,null,,,,,,,,,106,119,33,31,115,19,74,101,91,4,118,105,90,28,17,46,55,80,10,59,12,44,73,56,86,5,42
land,1240453,null,null,,,107,,30,,,,,,,,,,,,,,,,,,,,,,,,,,,,,,
dig,1242461,,,,,,[],30,,,,,,,,,,,,,,,,,,,,,,,,,,,,,,
harvest,1243976,null,null,,,20,,30,,,,,,107,0.186698562,0.186915888,,,,,,,,,,,,,,,,,,,,,,
decision,1244071,93,76,,,20,,30,,,,,,,,,264651,2,0,TRUE,,,,,,,,,,,,,,,,,,
travel,1253978,,,,,,[],30,,,,,,,,,,,,,,,,,,,,,,,,,,,,,,
alien_welcome,1258981,null,null,,,,,,,,,35,119,33,31,115,19,74,101,91,4,118,105,90,28,17,46,55,80,10,59,12,44,73,56,86,5,42
land,1259484,null,null,,,100,,31,,,,,,,,,,,,,,,,,,,,,,,,,,,,,,
dig,1261494,,,,,,[],31,,,,,,,,,,,,,,,,,,,,,,,,,,,,,,
harvest,1263002,null,null,,,19,,31,,,,,,100,0.19301909,0.19,,,,,,,,,,,,,,,,,,,,,,
decision,1263213,208,76,,,19,,31,,,,,,,,,283794,2,0,TRUE,,,,,,,,,,,,,,,,,,
travel,1273022,,,,,,[],31,,,,,,,,,,,,,,,,,,,,,,,,,,,,,,
alien_welcome,1278027,null,null,,,,,,,,,40,119,33,31,115,19,74,101,91,4,118,105,90,28,17,46,55,80,10,59,12,44,73,56,86,5,42
land,1278531,null,null,,,103,,32,,,,,,,,,,,,,,,,,,,,,,,,,,,,,,
dig,1280538,,,,,,[],32,,,,,,,,,,,,,,,,,,,,,,,,,,,,,,
harvest,1282060,null,null,,,79,,32,,,,,,103,0.766453849,0.766990291,,,,,,,,,,,,,,,,,,,,,,
decision,1283561,1500,76,,,79,,32,,,,,,,,,304141,2,0,TRUE,,,,,,,,,,,,,,,,,,
travel,1292066,,,,,,[],32,,,,,,,,,,,,,,,,,,,,,,,,,,,,,,
alien_welcome,1297070,null,null,,,,,,,,,114,119,33,31,115,19,74,101,91,4,118,105,90,28,17,46,55,80,10,59,12,44,73,56,86,5,42
land,1297573,null,null,,,103,,33,,,,,,,,,,,,,,,,,,,,,,,,,,,,,,
dig,1299576,,,,,,[],33,,,,,,,,,,,,,,,,,,,,,,,,,,,,,,
harvest,1301087,null,null,,,86,,33,,,,,,103,0.836758956,0.834951456,,,,,,,,,,,,,,,,,,,,,,
decision,1301524,436,76,,,86,,33,,,,,,,,,322104,2,0,TRUE,,,,,,,,,,,,,,,,,,
travel,1311087,,,,,,[],33,,,,,,,,,,,,,,,,,,,,,,,,,,,,,,
alien_welcome,1316099,null,null,,,,,,,,,53,119,33,31,115,19,74,101,91,4,118,105,90,28,17,46,55,80,10,59,12,44,73,56,86,5,42
land,1316603,null,null,,,99,,34,,,,,,,,,,,,,,,,,,,,,,,,,,,,,,
dig,1318607,,,,,,[],34,,,,,,,,,,,,,,,,,,,,,,,,,,,,,,
harvest,1320117,null,null,,,74,,34,,,,,,99,0.74695541,0.747474747,,,,,,,,,,,,,,,,,,,,,,
decision,1320401,283,76,,,74,,34,,,,,,,,,340982,2,0,TRUE,,,,,,,,,,,,,,,,,,
travel,1330118,,,,,,[],34,,,,,,,,,,,,,,,,,,,,,,,,,,,,,,
alien_welcome,1335125,null,null,,,,,,,,,1,119,33,31,115,19,74,101,91,4,118,105,90,28,17,46,55,80,10,59,12,44,73,56,86,5,42
land,1335627,null,null,,,110,,35,,,,,,,,,,,,,,,,,,,,,,,,,,,,,,
dig,1337639,,,,,,[],35,,,,,,,,,,,,,,,,,,,,,,,,,,,,,,
harvest,1339140,null,null,,,88,,35,,,,,,110,0.799864993,0.8,,,,,,,,,,,,,,,,,,,,,,
decision,1339497,355,76,,,88,,35,,,,,,,,,360077,2,0,TRUE,,,,,,,,,,,,,,,,,,
end_of_block,1346328,6827,32,,,,,,,,,,,,,,,,,,,,,,,,,,,,,,,,,,,
alien_welcome,1351349,null,null,,,,,,,,,51,119,33,31,115,19,74,101,91,4,118,105,90,28,17,46,55,80,10,59,12,44,73,56,86,5,42
land,1351852,null,null,,,112,,36,,,,,,,,,,,,,,,,,,,,,,,,,,,,,,
dig,1353859,,,,,,[],36,,,,,,,,,,,,,,,,,,,,,,,,,,,,,,
harvest,1355365,null,null,,,57,,36,,,,,,112,0.512959332,0.508928571,,,,,,,,,,,,,,,,,,,,,,
decision,1356877,1510,76,,,57,,36,,,,,,,,,10547,3,0,TRUE,,,,,,,,,,,,,,,,,,
travel,1365371,,,,,,[],36,,,,,,,,,,,,,,,,,,,,,,,,,,,,,,
alien_welcome,1370374,null,null,,,,,,,,,7,119,33,31,115,19,74,101,91,4,118,105,90,28,17,46,55,80,10,59,12,44,73,56,86,5,42
land,1370881,null,null,,,99,,37,,,,,,,,,,,,,,,,,,,,,,,,,,,,,,
dig,1372891,,,,,,[],37,,,,,,,,,,,,,,,,,,,,,,,,,,,,,,
harvest,1374397,null,null,,,68,,37,,,,,,99,0.685081889,0.686868687,,,,,,,,,,,,,,,,,,,,,,
decision,1375109,709,76,,,68,,37,,,,,,,,,28778,3,0,TRUE,,,,,,,,,,,,,,,,,,
travel,1384404,,,,,,[],37,,,,,,,,,,,,,,,,,,,,,,,,,,,,,,
alien_welcome,1389409,null,null,,,,,,,,,32,119,33,31,115,19,74,101,91,4,118,105,90,28,17,46,55,80,10,59,12,44,73,56,86,5,42
land,1389919,null,null,,,102,,38,,,,,,,,,,,,,,,,,,,,,,,,,,,,,,
dig,1391926,,,,,,[],38,,,,,,,,,,,,,,,,,,,,,,,,,,,,,,
harvest,1393434,null,null,,,53,,38,,,,,,102,0.521877628,0.519607843,,,,,,,,,,,,,,,,,,,,,,
decision,1393597,163,76,,,53,,38,,,,,,,,,47267,3,0,TRUE,,,,,,,,,,,,,,,,,,
travel,1403453,,,,,,[],38,,,,,,,,,,,,,,,,,,,,,,,,,,,,,,
alien_welcome,1408456,null,null,,,,,,,,,47,119,33,31,115,19,74,101,91,4,118,105,90,28,17,46,55,80,10,59,12,44,73,56,86,5,42
land,1408961,null,null,,,100,,39,,,,,,,,,,,,,,,,,,,,,,,,,,,,,,
dig,1410966,,,,,,[],39,,,,,,,,,,,,,,,,,,,,,,,,,,,,,,
harvest,1412467,null,null,,,59,,39,,,,,,100,0.590068126,0.59,,,,,,,,,,,,,,,,,,,,,,
decision,1413582,1113,76,,,59,,39,,,,,,,,,67251,3,0,TRUE,,,,,,,,,,,,,,,,,,
travel,1422472,,,,,,[],39,,,,,,,,,,,,,,,,,,,,,,,,,,,,,,
alien_welcome,1427478,null,null,,,,,,,,,52,119,33,31,115,19,74,101,91,4,118,105,90,28,17,46,55,80,10,59,12,44,73,56,86,5,42
land,1427983,null,null,,,98,,40,,,,,,,,,,,,,,,,,,,,,,,,,,,,,,
dig,1429993,,,,,,[],40,,,,,,,,,,,,,,,,,,,,,,,,,,,,,,
harvest,1431500,null,null,,,45,,40,,,,,,98,0.464144621,0.459183673,,,,,,,,,,,,,,,,,,,,,,
decision,1431787,287,76,,,45,,40,,,,,,,,,85457,3,0,TRUE,,,,,,,,,,,,,,,,,,
travel,1441508,,,,,,[],40,,,,,,,,,,,,,,,,,,,,,,,,,,,,,,
alien_welcome,1446512,null,null,,,,,,,,,94,119,33,31,115,19,74,101,91,4,118,105,90,28,17,46,55,80,10,59,12,44,73,56,86,5,42
land,1447015,null,null,,,101,,41,,,,,,,,,,,,,,,,,,,,,,,,,,,,,,
dig,1449030,,,,,,[],41,,,,,,,,,,,,,,,,,,,,,,,,,,,,,,
harvest,1450532,null,null,,,49,,41,,,,,,101,0.485909825,0.485148515,,,,,,,,,,,,,,,,,,,,,,
decision,1451325,793,76,,,49,,41,,,,,,,,,104995,3,0,TRUE,,,,,,,,,,,,,,,,,,
travel,1460537,,,,,,[],41,,,,,,,,,,,,,,,,,,,,,,,,,,,,,,
alien_welcome,1465541,null,null,,,,,,,,,77,119,33,31,115,19,74,101,91,4,118,105,90,28,17,46,55,80,10,59,12,44,73,56,86,5,42
land,1466055,null,null,,,85,,42,,,,,,,,,,,,,,,,,,,,,,,,,,,,,,
dig,1468067,,,,,,[],42,,,,,,,,,,,,,,,,,,,,,,,,,,,,,,
harvest,1469575,null,null,,,73,,42,,,,,,85,0.862154396,0.858823529,,,,,,,,,,,,,,,,,,,,,,
decision,1470724,1147,76,,,73,,42,,,,,,,,,124394,3,0,TRUE,,,,,,,,,,,,,,,,,,
travel,1479600,,,,,,[],42,,,,,,,,,,,,,,,,,,,,,,,,,,,,,,
alien_welcome,1484603,null,null,,,,,,,,,104,119,33,31,115,19,74,101,91,4,118,105,90,28,17,46,55,80,10,59,12,44,73,56,86,5,42
land,1485142,null,null,,,97,,43,,,,,,,,,,,,,,,,,,,,,,,,,,,,,,
dig,1487150,,,,,,[],43,,,,,,,,,,,,,,,,,,,,,,,,,,,,,,
harvest,1488652,null,null,,,79,,43,,,,,,97,0.813405204,0.81443299,,,,,,,,,,,,,,,,,,,,,,
decision,1490661,null,null,,,79,,43,,,,,,,,,144331,3,0,FALSE,,,,,,,,,,,,,,,,,,
time_out,1492673,null,null,,,79,,,,,,,,,,,,,,,,,,,,,,,,,,,,,,,,
decision,1493873,1198,76,,,79,,43,,,,,,,,,147542,3,0,TRUE,,,,,,,,,,,,,,,,,,
travel,1502684,,,,,,[],43,,,,,,,,,,,,,,,,,,,,,,,,,,,,,,
alien_welcome,1507694,null,null,,,,,,,,,54,119,33,31,115,19,74,101,91,4,118,105,90,28,17,46,55,80,10,59,12,44,73,56,86,5,42
land,1508217,null,null,,,106,,44,,,,,,,,,,,,,,,,,,,,,,,,,,,,,,
dig,1510257,,,,,,[],44,,,,,,,,,,,,,,,,,,,,,,,,,,,,,,
harvest,1511775,null,null,,,66,,44,,,,,,106,0.623121467,0.622641509,,,,,,,,,,,,,,,,,,,,,,
decision,1512541,764,76,,,66,,44,,,,,,,,,166210,3,0,TRUE,,,,,,,,,,,,,,,,,,
travel,1521785,,,,,,[],44,,,,,,,,,,,,,,,,,,,,,,,,,,,,,,
alien_welcome,1526786,null,null,,,,,,,,,110,119,33,31,115,19,74,101,91,4,118,105,90,28,17,46,55,80,10,59,12,44,73,56,86,5,42
land,1527310,null,null,,,101,,45,,,,,,,,,,,,,,,,,,,,,,,,,,,,,,
dig,1529317,,,,,,[],45,,,,,,,,,,,,,,,,,,,,,,,,,,,,,,
harvest,1530826,null,null,,,51,,45,,,,,,101,0.508749976,0.504950495,,,,,,,,,,,,,,,,,,,,,,
decision,1531487,660,76,,,51,,45,,,,,,,,,185156,3,0,TRUE,,,,,,,,,,,,,,,,,,
travel,1540828,,,,,,[],45,,,,,,,,,,,,,,,,,,,,,,,,,,,,,,
alien_welcome,1545831,null,null,,,,,,,,,113,119,33,31,115,19,74,101,91,4,118,105,90,28,17,46,55,80,10,59,12,44,73,56,86,5,42
land,1546336,null,null,,,97,,46,,,,,,,,,,,,,,,,,,,,,,,,,,,,,,
dig,1548352,,,,,,[],46,,,,,,,,,,,,,,,,,,,,,,,,,,,,,,
harvest,1549862,null,null,,,80,,46,,,,,,97,0.8243678,0.824742268,,,,,,,,,,,,,,,,,,,,,,
decision,1550705,841,76,,,80,,46,,,,,,,,,204375,3,0,TRUE,,,,,,,,,,,,,,,,,,
travel,1559885,,,,,,[],46,,,,,,,,,,,,,,,,,,,,,,,,,,,,,,
alien_welcome,1564887,null,null,,,,,,,,,72,119,33,31,115,19,74,101,91,4,118,105,90,28,17,46,55,80,10,59,12,44,73,56,86,5,42
land,1565389,null,null,,,101,,47,,,,,,,,,,,,,,,,,,,,,,,,,,,,,,
dig,1567401,,,,,,[],47,,,,,,,,,,,,,,,,,,,,,,,,,,,,,,
harvest,1568904,null,null,,,84,,47,,,,,,101,0.836044329,0.831683168,,,,,,,,,,,,,,,,,,,,,,
decision,1569598,692,76,,,84,,47,,,,,,,,,223268,3,0,TRUE,,,,,,,,,,,,,,,,,,
travel,1578928,,,,,,[],47,,,,,,,,,,,,,,,,,,,,,,,,,,,,,,
alien_welcome,1583935,null,null,,,,,,,,,15,119,33,31,115,19,74,101,91,4,118,105,90,28,17,46,55,80,10,59,12,44,73,56,86,5,42
land,1584439,null,null,,,95,,48,,,,,,,,,,,,,,,,,,,,,,,,,,,,,,
dig,1586449,,,,,,[],48,,,,,,,,,,,,,,,,,,,,,,,,,,,,,,
harvest,1587980,null,null,,,83,,48,,,,,,95,0.870406975,0.873684211,,,,,,,,,,,,,,,,,,,,,,
decision,1588666,684,76,,,83,,48,,,,,,,,,242335,3,0,TRUE,,,,,,,,,,,,,,,,,,
travel,1597986,,,,,,[],48,,,,,,,,,,,,,,,,,,,,,,,,,,,,,,
alien_welcome,1602993,null,null,,,,,,,,,65,119,33,31,115,19,74,101,91,4,118,105,90,28,17,46,55,80,10,59,12,44,73,56,86,5,42
land,1603526,null,null,,,93,,49,,,,,,,,,,,,,,,,,,,,,,,,,,,,,,
dig,1605530,,,,,,[],49,,,,,,,,,,,,,,,,,,,,,,,,,,,,,,
harvest,1607032,null,null,,,83,,49,,,,,,93,0.892394163,0.892473118,,,,,,,,,,,,,,,,,,,,,,
decision,1607974,941,76,,,83,,49,,,,,,,,,261644,3,0,TRUE,,,,,,,,,,,,,,,,,,
travel,1617036,,,,,,[],49,,,,,,,,,,,,,,,,,,,,,,,,,,,,,,
alien_welcome,1622040,null,null,,,,,,,,,93,119,33,31,115,19,74,101,91,4,118,105,90,28,17,46,55,80,10,59,12,44,73,56,86,5,42
land,1622543,null,null,,,102,,50,,,,,,,,,,,,,,,,,,,,,,,,,,,,,,
dig,1624555,,,,,,[],50,,,,,,,,,,,,,,,,,,,,,,,,,,,,,,
harvest,1626063,null,null,,,43,,50,,,,,,102,0.423458585,0.421568627,,,,,,,,,,,,,,,,,,,,,,
decision,1626796,730,76,,,43,,50,,,,,,,,,280466,3,0,TRUE,,,,,,,,,,,,,,,,,,
travel,1636076,,,,,,[],50,,,,,,,,,,,,,,,,,,,,,,,,,,,,,,
alien_welcome,1641077,null,null,,,,,,,,,66,119,33,31,115,19,74,101,91,4,118,105,90,28,17,46,55,80,10,59,12,44,73,56,86,5,42
land,1641579,null,null,,,97,,51,,,,,,,,,,,,,,,,,,,,,,,,,,,,,,
dig,1643583,,,,,,[],51,,,,,,,,,,,,,,,,,,,,,,,,,,,,,,
harvest,1645089,null,null,,,51,,51,,,,,,97,0.526801398,0.525773196,,,,,,,,,,,,,,,,,,,,,,
decision,1645590,500,76,,,51,,51,,,,,,,,,299259,3,0,TRUE,,,,,,,,,,,,,,,,,,
travel,1655091,,,,,,[],51,,,,,,,,,,,,,,,,,,,,,,,,,,,,,,
alien_welcome,1660097,null,null,,,,,,,,,38,119,33,31,115,19,74,101,91,4,118,105,90,28,17,46,55,80,10,59,12,44,73,56,86,5,42
land,1660599,null,null,,,99,,52,,,,,,,,,,,,,,,,,,,,,,,,,,,,,,
dig,1662603,,,,,,[],52,,,,,,,,,,,,,,,,,,,,,,,,,,,,,,
harvest,1664109,null,null,,,84,,52,,,,,,99,0.843710291,0.848484848,,,,,,,,,,,,,,,,,,,,,,
decision,1664636,524,76,,,84,,52,,,,,,,,,318305,3,0,TRUE,,,,,,,,,,,,,,,,,,
travel,1674110,,,,,,[],52,,,,,,,,,,,,,,,,,,,,,,,,,,,,,,
alien_welcome,1679112,null,null,,,,,,,,,6,119,33,31,115,19,74,101,91,4,118,105,90,28,17,46,55,80,10,59,12,44,73,56,86,5,42
land,1679615,null,null,,,94,,53,,,,,,,,,,,,,,,,,,,,,,,,,,,,,,
dig,1681623,,,,,,[],53,,,,,,,,,,,,,,,,,,,,,,,,,,,,,,
harvest,1683128,null,null,,,75,,53,,,,,,94,0.797246841,0.79787234,,,,,,,,,,,,,,,,,,,,,,
decision,1683664,533,76,,,75,,53,,,,,,,,,337333,3,0,TRUE,,,,,,,,,,,,,,,,,,
travel,1693131,,,,,,[],53,,,,,,,,,,,,,,,,,,,,,,,,,,,,,,
alien_welcome,1698140,null,null,,,,,,,,,95,119,33,31,115,19,74,101,91,4,118,105,90,28,17,46,55,80,10,59,12,44,73,56,86,5,42
land,1698650,null,null,,,102,,54,,,,,,,,,,,,,,,,,,,,,,,,,,,,,,
dig,1700654,,,,,,[],54,,,,,,,,,,,,,,,,,,,,,,,,,,,,,,
harvest,1702162,null,null,,,81,,54,,,,,,102,0.795264869,0.794117647,,,,,,,,,,,,,,,,,,,,,,
decision,1702949,785,76,,,81,,54,,,,,,,,,356619,3,0,TRUE,,,,,,,,,,,,,,,,,,
travel,1712166,,,,,,[],54,,,,,,,,,,,,,,,,,,,,,,,,,,,,,,
alien_welcome,1717170,null,null,,,,,,,,,37,119,33,31,115,19,74,101,91,4,118,105,90,28,17,46,55,80,10,59,12,44,73,56,86,5,42
land,1717682,null,null,,,103,,55,,,,,,,,,,,,,,,,,,,,,,,,,,,,,,
dig,1719692,,,,,,[],55,,,,,,,,,,,,,,,,,,,,,,,,,,,,,,
harvest,1721217,null,null,,,85,,55,,,,,,103,0.82311607,0.825242718,,,,,,,,,,,,,,,,,,,,,,
decision,1722343,1126,76,,,85,,55,,,,,,,,,376013,3,0,TRUE,,,,,,,,,,,,,,,,,,
end_of_block,1726595,4247,32,,,,,,,,,,,,,,,,,,,,,,,,,,,,,,,,,,,
alien_welcome,1731616,null,null,,,,,,,,,49,119,33,31,115,19,74,101,91,4,118,105,90,28,17,46,55,80,10,59,12,44,73,56,86,5,42
land,1732122,null,null,,,104,,56,,,,,,,,,,,,,,,,,,,,,,,,,,,,,,
dig,1734131,,,,,,[],56,,,,,,,,,,,,,,,,,,,,,,,,,,,,,,
harvest,1735647,null,null,,,21,,56,,,,,,104,0.197614496,0.201923077,,,,,,,,,,,,,,,,,,,,,,
decision,1736940,1290,76,,,21,,56,,,,,,,,,10343,4,0,TRUE,,,,,,,,,,,,,,,,,,
travel,1745650,,,,,,[],56,,,,,,,,,,,,,,,,,,,,,,,,,,,,,,
alien_welcome,1750661,null,null,,,,,,,,,107,119,33,31,115,19,74,101,91,4,118,105,90,28,17,46,55,80,10,59,12,44,73,56,86,5,42
land,1751170,null,null,,,100,,57,,,,,,,,,,,,,,,,,,,,,,,,,,,,,,
dig,1753178,,,,,,[],57,,,,,,,,,,,,,,,,,,,,,,,,,,,,,,
harvest,1754681,null,null,,,26,,57,,,,,,100,0.262284934,0.26,,,,,,,,,,,,,,,,,,,,,,
decision,1755039,356,76,,,26,,57,,,,,,,,,28441,4,0,TRUE,,,,,,,,,,,,,,,,,,
travel,1764684,,,,,,[],57,,,,,,,,,,,,,,,,,,,,,,,,,,,,,,
alien_welcome,1769692,null,null,,,,,,,,,45,119,33,31,115,19,74,101,91,4,118,105,90,28,17,46,55,80,10,59,12,44,73,56,86,5,42
land,1770210,null,null,,,93,,58,,,,,,,,,,,,,,,,,,,,,,,,,,,,,,
dig,1772225,,,,,,[],58,,,,,,,,,,,,,,,,,,,,,,,,,,,,,,
harvest,1773727,null,null,,,15,,58,,,,,,93,0.1615805,0.161290323,,,,,,,,,,,,,,,,,,,,,,
decision,1774195,465,76,,,15,,58,,,,,,,,,47597,4,0,TRUE,,,,,,,,,,,,,,,,,,
travel,1783731,,,,,,[],58,,,,,,,,,,,,,,,,,,,,,,,,,,,,,,
alien_welcome,1788732,null,null,,,,,,,,,103,119,33,31,115,19,74,101,91,4,118,105,90,28,17,46,55,80,10,59,12,44,73,56,86,5,42
land,1789278,null,null,,,105,,59,,,,,,,,,,,,,,,,,,,,,,,,,,,,,,
dig,1791288,,,,,,[],59,,,,,,,,,,,,,,,,,,,,,,,,,,,,,,
harvest,1792797,null,null,,,80,,59,,,,,,105,0.759846771,0.761904762,,,,,,,,,,,,,,,,,,,,,,
decision,1793539,740,76,,,80,,59,,,,,,,,,66941,4,0,TRUE,,,,,,,,,,,,,,,,,,
travel,1802804,,,,,,[],59,,,,,,,,,,,,,,,,,,,,,,,,,,,,,,
alien_welcome,1807817,null,null,,,,,,,,,11,119,33,31,115,19,74,101,91,4,118,105,90,28,17,46,55,80,10,59,12,44,73,56,86,5,42
land,1808359,null,null,,,97,,60,,,,,,,,,,,,,,,,,,,,,,,,,,,,,,
dig,1810363,,,,,,[],60,,,,,,,,,,,,,,,,,,,,,,,,,,,,,,
harvest,1811872,null,null,,,75,,60,,,,,,97,0.778148528,0.773195876,,,,,,,,,,,,,,,,,,,,,,
decision,1812219,347,76,,,75,,60,,,,,,,,,85622,4,0,TRUE,,,,,,,,,,,,,,,,,,
travel,1821877,,,,,,[],60,,,,,,,,,,,,,,,,,,,,,,,,,,,,,,
alien_welcome,1826883,null,null,,,,,,,,,22,119,33,31,115,19,74,101,91,4,118,105,90,28,17,46,55,80,10,59,12,44,73,56,86,5,42
land,1827397,null,null,,,97,,61,,,,,,,,,,,,,,,,,,,,,,,,,,,,,,
dig,1829405,,,,,,[],61,,,,,,,,,,,,,,,,,,,,,,,,,,,,,,
harvest,1830917,null,null,,,78,,61,,,,,,97,0.799469453,0.804123711,,,,,,,,,,,,,,,,,,,,,,
decision,1831504,584,76,,,78,,61,,,,,,,,,104907,4,0,TRUE,,,,,,,,,,,,,,,,,,
travel,1840929,,,,,,[],61,,,,,,,,,,,,,,,,,,,,,,,,,,,,,,
alien_welcome,1845930,null,null,,,,,,,,,60,119,33,31,115,19,74,101,91,4,118,105,90,28,17,46,55,80,10,59,12,44,73,56,86,5,42
land,1846436,null,null,,,95,,62,,,,,,,,,,,,,,,,,,,,,,,,,,,,,,
dig,1848477,,,,,,[],62,,,,,,,,,,,,,,,,,,,,,,,,,,,,,,
harvest,1849987,null,null,,,73,,62,,,,,,95,0.771903649,0.768421053,,,,,,,,,,,,,,,,,,,,,,
decision,1850733,743,76,,,73,,62,,,,,,,,,124137,4,0,TRUE,,,,,,,,,,,,,,,,,,
travel,1859998,,,,,,[],62,,,,,,,,,,,,,,,,,,,,,,,,,,,,,,
alien_welcome,1865031,null,null,,,,,,,,,63,119,33,31,115,19,74,101,91,4,118,105,90,28,17,46,55,80,10,59,12,44,73,56,86,5,42
land,1865543,null,null,,,104,,63,,,,,,,,,,,,,,,,,,,,,,,,,,,,,,
dig,1867548,,,,,,[],63,,,,,,,,,,,,,,,,,,,,,,,,,,,,,,
harvest,1869055,null,null,,,77,,63,,,,,,104,0.739150584,0.740384615,,,,,,,,,,,,,,,,,,,,,,
decision,1870403,1347,76,,,77,,63,,,,,,,,,143805,4,0,TRUE,,,,,,,,,,,,,,,,,,
travel,1879062,,,,,,[],63,,,,,,,,,,,,,,,,,,,,,,,,,,,,,,
alien_welcome,1884065,null,null,,,,,,,,,99,119,33,31,115,19,74,101,91,4,118,105,90,28,17,46,55,80,10,59,12,44,73,56,86,5,42
land,1884573,null,null,,,91,,64,,,,,,,,,,,,,,,,,,,,,,,,,,,,,,
dig,1886585,,,,,,[],64,,,,,,,,,,,,,,,,,,,,,,,,,,,,,,
harvest,1888086,null,null,,,76,,64,,,,,,91,0.834648116,0.835164835,,,,,,,,,,,,,,,,,,,,,,
decision,1888765,657,76,,,76,,64,,,,,,,,,162167,4,0,TRUE,,,,,,,,,,,,,,,,,,
travel,1898114,,,,,,[],64,,,,,,,,,,,,,,,,,,,,,,,,,,,,,,
alien_welcome,1903116,null,null,,,,,,,,,100,119,33,31,115,19,74,101,91,4,118,105,90,28,17,46,55,80,10,59,12,44,73,56,86,5,42
land,1903616,null,null,,,102,,65,,,,,,,,,,,,,,,,,,,,,,,,,,,,,,
dig,1905623,,,,,,[],65,,,,,,,,,,,,,,,,,,,,,,,,,,,,,,
harvest,1907130,null,null,,,31,,65,,,,,,102,0.302575892,0.303921569,,,,,,,,,,,,,,,,,,,,,,
decision,1907537,404,76,,,31,,65,,,,,,,,,180939,4,0,TRUE,,,,,,,,,,,,,,,,,,
travel,1917145,,,,,,[],65,,,,,,,,,,,,,,,,,,,,,,,,,,,,,,
alien_welcome,1922151,null,null,,,,,,,,,112,119,33,31,115,19,74,101,91,4,118,105,90,28,17,46,55,80,10,59,12,44,73,56,86,5,42
land,1922656,null,null,,,104,,66,,,,,,,,,,,,,,,,,,,,,,,,,,,,,,
dig,1924668,,,,,,[],66,,,,,,,,,,,,,,,,,,,,,,,,,,,,,,
harvest,1926173,null,null,,,20,,66,,,,,,104,0.193086138,0.192307692,,,,,,,,,,,,,,,,,,,,,,
decision,1926774,599,76,,,20,,66,,,,,,,,,200177,4,0,TRUE,,,,,,,,,,,,,,,,,,
travel,1936182,,,,,,[],66,,,,,,,,,,,,,,,,,,,,,,,,,,,,,,
alien_welcome,1941190,null,null,,,,,,,,,98,119,33,31,115,19,74,101,91,4,118,105,90,28,17,46,55,80,10,59,12,44,73,56,86,5,42
land,1941722,null,null,,,93,,67,,,,,,,,,,,,,,,,,,,,,,,,,,,,,,
dig,1943733,,,,,,[],67,,,,,,,,,,,,,,,,,,,,,,,,,,,,,,
harvest,1945249,null,null,,,78,,67,,,,,,93,0.841621708,0.838709677,,,,,,,,,,,,,,,,,,,,,,
decision,1945492,242,76,,,78,,67,,,,,,,,,218896,4,0,TRUE,,,,,,,,,,,,,,,,,,
travel,1955282,,,,,,[],67,,,,,,,,,,,,,,,,,,,,,,,,,,,,,,
alien_welcome,1960283,null,null,,,,,,,,,76,119,33,31,115,19,74,101,91,4,118,105,90,28,17,46,55,80,10,59,12,44,73,56,86,5,42
land,1960787,null,null,,,100,,68,,,,,,,,,,,,,,,,,,,,,,,,,,,,,,
dig,1962802,,,,,,[],68,,,,,,,,,,,,,,,,,,,,,,,,,,,,,,
harvest,1964306,null,null,,,84,,68,,,,,,100,0.839303903,0.84,,,,,,,,,,,,,,,,,,,,,,
decision,1964317,9,76,,,84,,68,,,,,,,,,237719,4,0,TRUE,,,,,,,,,,,,,,,,,,
travel,1974314,,,,,,[],68,,,,,,,,,,,,,,,,,,,,,,,,,,,,,,
alien_welcome,1979319,null,null,,,,,,,,,88,119,33,31,115,19,74,101,91,4,118,105,90,28,17,46,55,80,10,59,12,44,73,56,86,5,42
land,1979823,null,null,,,100,,69,,,,,,,,,,,,,,,,,,,,,,,,,,,,,,
dig,1981830,,,,,,[],69,,,,,,,,,,,,,,,,,,,,,,,,,,,,,,
harvest,1983332,null,null,,,80,,69,,,,,,100,0.801086786,0.8,,,,,,,,,,,,,,,,,,,,,,
decision,1983880,547,76,,,80,,69,,,,,,,,,257284,4,0,TRUE,,,,,,,,,,,,,,,,,,
travel,1993340,,,,,,[],69,,,,,,,,,,,,,,,,,,,,,,,,,,,,,,
alien_welcome,1998346,null,null,,,,,,,,,16,119,33,31,115,19,74,101,91,4,118,105,90,28,17,46,55,80,10,59,12,44,73,56,86,5,42
land,1998854,null,null,,,99,,70,,,,,,,,,,,,,,,,,,,,,,,,,,,,,,
dig,2000863,,,,,,[],70,,,,,,,,,,,,,,,,,,,,,,,,,,,,,,
harvest,2002365,null,null,,,71,,70,,,,,,99,0.720292329,0.717171717,,,,,,,,,,,,,,,,,,,,,,
decision,2002437,70,76,,,71,,70,,,,,,,,,275839,4,0,TRUE,,,,,,,,,,,,,,,,,,
travel,2012376,,,,,,[],70,,,,,,,,,,,,,,,,,,,,,,,,,,,,,,
alien_welcome,2017380,null,null,,,,,,,,,29,119,33,31,115,19,74,101,91,4,118,105,90,28,17,46,55,80,10,59,12,44,73,56,86,5,42
land,2017881,null,null,,,97,,71,,,,,,,,,,,,,,,,,,,,,,,,,,,,,,
dig,2019891,,,,,,[],71,,,,,,,,,,,,,,,,,,,,,,,,,,,,,,
harvest,2021401,null,null,,,72,,71,,,,,,97,0.743669507,0.742268041,,,,,,,,,,,,,,,,,,,,,,
decision,2021836,433,76,,,72,,71,,,,,,,,,295238,4,0,TRUE,,,,,,,,,,,,,,,,,,
travel,2031417,,,,,,[],71,,,,,,,,,,,,,,,,,,,,,,,,,,,,,,
alien_welcome,2036422,null,null,,,,,,,,,24,119,33,31,115,19,74,101,91,4,118,105,90,28,17,46,55,80,10,59,12,44,73,56,86,5,42
land,2036925,null,null,,,101,,72,,,,,,,,,,,,,,,,,,,,,,,,,,,,,,
dig,2038937,,,,,,[],72,,,,,,,,,,,,,,,,,,,,,,,,,,,,,,
harvest,2040448,null,null,,,79,,72,,,,,,101,0.785623894,0.782178218,,,,,,,,,,,,,,,,,,,,,,
decision,2042121,1671,76,,,79,,72,,,,,,,,,315523,4,0,TRUE,,,,,,,,,,,,,,,,,,
travel,2050458,,,,,,[],72,,,,,,,,,,,,,,,,,,,,,,,,,,,,,,
alien_welcome,2055460,null,null,,,,,,,,,34,119,33,31,115,19,74,101,91,4,118,105,90,28,17,46,55,80,10,59,12,44,73,56,86,5,42
land,2055963,null,null,,,101,,73,,,,,,,,,,,,,,,,,,,,,,,,,,,,,,
dig,2057969,,,,,,[],73,,,,,,,,,,,,,,,,,,,,,,,,,,,,,,
harvest,2059477,null,null,,,70,,73,,,,,,101,0.69425002,0.693069307,,,,,,,,,,,,,,,,,,,,,,
decision,2059603,124,76,,,70,,73,,,,,,,,,333005,4,0,TRUE,,,,,,,,,,,,,,,,,,
travel,2069485,,,,,,[],73,,,,,,,,,,,,,,,,,,,,,,,,,,,,,,
alien_welcome,2074492,null,null,,,,,,,,,78,119,33,31,115,19,74,101,91,4,118,105,90,28,17,46,55,80,10,59,12,44,73,56,86,5,42
land,2074999,null,null,,,96,,74,,,,,,,,,,,,,,,,,,,,,,,,,,,,,,
dig,2077013,,,,,,[],74,,,,,,,,,,,,,,,,,,,,,,,,,,,,,,
harvest,2078518,null,null,,,76,,74,,,,,,96,0.792960733,0.791666667,,,,,,,,,,,,,,,,,,,,,,
decision,2079919,1399,76,,,76,,74,,,,,,,,,353322,4,0,TRUE,,,,,,,,,,,,,,,,,,
travel,2088522,,,,,,[],74,,,,,,,,,,,,,,,,,,,,,,,,,,,,,,
alien_welcome,2093533,null,null,,,,,,,,,92,119,33,31,115,19,74,101,91,4,118,105,90,28,17,46,55,80,10,59,12,44,73,56,86,5,42
land,2094038,null,null,,,95,,75,,,,,,,,,,,,,,,,,,,,,,,,,,,,,,
dig,2096044,,,,,,[],75,,,,,,,,,,,,,,,,,,,,,,,,,,,,,,
harvest,2097548,null,null,,,71,,75,,,,,,95,0.746737954,0.747368421,,,,,,,,,,,,,,,,,,,,,,
decision,2098117,564,76,,,71,,75,,,,,,,,,371519,4,0,TRUE,,,,,,,,,,,,,,,,,,
end_of_block,2104734,6611,32,,,,,,,,,,,,,,,,,,,,,,,,,,,,,,,,,,,
alien_welcome,2109757,null,null,,,,,,,,,36,119,33,31,115,19,74,101,91,4,118,105,90,28,17,46,55,80,10,59,12,44,73,56,86,5,42
land,2110272,null,null,,,103,,76,,,,,,,,,,,,,,,,,,,,,,,,,,,,,,
dig,2112295,,,,,,[],76,,,,,,,,,,,,,,,,,,,,,,,,,,,,,,
harvest,2113809,null,null,,,48,,76,,,,,,103,0.469234257,0.466019417,,,,,,,,,,,,,,,,,,,,,,
decision,2114787,975,76,,,48,,76,,,,,,,,,10050,5,0,TRUE,,,,,,,,,,,,,,,,,,
travel,2123818,,,,,,[],76,,,,,,,,,,,,,,,,,,,,,,,,,,,,,,
alien_welcome,2128825,null,null,,,,,,,,,50,119,33,31,115,19,74,101,91,4,118,105,90,28,17,46,55,80,10,59,12,44,73,56,86,5,42
land,2129330,null,null,,,96,,77,,,,,,,,,,,,,,,,,,,,,,,,,,,,,,
dig,2131333,,,,,,[],77,,,,,,,,,,,,,,,,,,,,,,,,,,,,,,
harvest,2132833,null,null,,,50,,77,,,,,,96,0.523999197,0.520833333,,,,,,,,,,,,,,,,,,,,,,
decision,2134839,null,null,,,50,,77,,,,,,,,,30102,5,0,FALSE,,,,,,,,,,,,,,,,,,
time_out,2136845,null,null,,,50,,,,,,,,,,,,,,,,,,,,,,,,,,,,,,,,
decision,2138850,null,null,,,50,,77,,,,,,,,,34114,5,0,FALSE,,,,,,,,,,,,,,,,,,
time_out,2140864,null,null,,,50,,,,,,,,,,,,,,,,,,,,,,,,,,,,,,,,
decision,2142873,null,null,,,50,,77,,,,,,,,,38137,5,0,FALSE,,,,,,,,,,,,,,,,,,
time_out,2144881,null,null,,,50,,,,,,,,,,,,,,,,,,,,,,,,,,,,,,,,
decision,2145360,477,76,,,50,,77,,,,,,,,,40623,5,0,TRUE,,,,,,,,,,,,,,,,,,
travel,2154894,,,,,,[],77,,,,,,,,,,,,,,,,,,,,,,,,,,,,,,
alien_welcome,2159903,null,null,,,,,,,,,96,119,33,31,115,19,74,101,91,4,118,105,90,28,17,46,55,80,10,59,12,44,73,56,86,5,42
land,2160427,null,null,,,99,,78,,,,,,,,,,,,,,,,,,,,,,,,,,,,,,
dig,2162434,,,,,,[],78,,,,,,,,,,,,,,,,,,,,,,,,,,,,,,
harvest,2163936,null,null,,,45,,78,,,,,,99,0.453519715,0.454545455,,,,,,,,,,,,,,,,,,,,,,
decision,2165574,1636,76,,,45,,78,,,,,,,,,60838,5,0,TRUE,,,,,,,,,,,,,,,,,,
travel,2173947,,,,,,[],78,,,,,,,,,,,,,,,,,,,,,,,,,,,,,,
alien_welcome,2178960,null,null,,,,,,,,,21,119,33,31,115,19,74,101,91,4,118,105,90,28,17,46,55,80,10,59,12,44,73,56,86,5,42
land,2179466,null,null,,,101,,79,,,,,,,,,,,,,,,,,,,,,,,,,,,,,,
dig,2181479,,,,,,[],79,,,,,,,,,,,,,,,,,,,,,,,,,,,,,,
harvest,2182981,null,null,,,52,,79,,,,,,101,0.517104226,0.514851485,,,,,,,,,,,,,,,,,,,,,,
decision,2183117,135,76,,,52,,79,,,,,,,,,78381,5,0,TRUE,,,,,,,,,,,,,,,,,,
travel,2192990,,,,,,[],79,,,,,,,,,,,,,,,,,,,,,,,,,,,,,,
alien_welcome,2197995,null,null,,,,,,,,,14,119,33,31,115,19,74,101,91,4,118,105,90,28,17,46,55,80,10,59,12,44,73,56,86,5,42
land,2198506,null,null,,,97,,80,,,,,,,,,,,,,,,,,,,,,,,,,,,,,,
dig,2200515,,,,,,[],80,,,,,,,,,,,,,,,,,,,,,,,,,,,,,,
harvest,2202021,null,null,,,48,,80,,,,,,97,0.494010408,0.494845361,,,,,,,,,,,,,,,,,,,,,,
decision,2202920,897,76,,,48,,80,,,,,,,,,98184,5,0,TRUE,,,,,,,,,,,,,,,,,,
travel,2212030,,,,,,[],80,,,,,,,,,,,,,,,,,,,,,,,,,,,,,,
alien_welcome,2217041,null,null,,,,,,,,,120,119,33,31,115,19,74,101,91,4,118,105,90,28,17,46,55,80,10,59,12,44,73,56,86,5,42
land,2217552,null,null,,,100,,81,,,,,,,,,,,,,,,,,,,,,,,,,,,,,,
dig,2219578,,,,,,[],81,,,,,,,,,,,,,,,,,,,,,,,,,,,,,,
harvest,2221082,null,null,,,47,,81,,,,,,100,0.473883134,0.47,,,,,,,,,,,,,,,,,,,,,,
decision,2221500,416,76,,,47,,81,,,,,,,,,116763,5,0,TRUE,,,,,,,,,,,,,,,,,,
travel,2231084,,,,,,[],81,,,,,,,,,,,,,,,,,,,,,,,,,,,,,,
alien_welcome,2236092,null,null,,,,,,,,,57,119,33,31,115,19,74,101,91,4,118,105,90,28,17,46,55,80,10,59,12,44,73,56,86,5,42
land,2236594,null,null,,,89,,82,,,,,,,,,,,,,,,,,,,,,,,,,,,,,,
dig,2238601,,,,,,[],82,,,,,,,,,,,,,,,,,,,,,,,,,,,,,,
harvest,2240112,null,null,,,54,,82,,,,,,89,0.603772656,0.606741573,,,,,,,,,,,,,,,,,,,,,,
decision,2241774,1662,76,,,54,,82,,,,,,,,,137038,5,0,TRUE,,,,,,,,,,,,,,,,,,
travel,2250173,,,,,,[],82,,,,,,,,,,,,,,,,,,,,,,,,,,,,,,
alien_welcome,2255179,null,null,,,,,,,,,87,119,33,31,115,19,74,101,91,4,118,105,90,28,17,46,55,80,10,59,12,44,73,56,86,5,42
land,2255686,null,null,,,103,,83,,,,,,,,,,,,,,,,,,,,,,,,,,,,,,
dig,2257689,,,,,,[],83,,,,,,,,,,,,,,,,,,,,,,,,,,,,,,
harvest,2259250,null,null,,,51,,83,,,,,,103,0.49192384,0.495145631,,,,,,,,,,,,,,,,,,,,,,
decision,2260663,1411,76,,,51,,83,,,,,,,,,155926,5,0,TRUE,,,,,,,,,,,,,,,,,,
travel,2269257,,,,,,[],83,,,,,,,,,,,,,,,,,,,,,,,,,,,,,,
alien_welcome,2274280,null,null,,,,,,,,,84,119,33,31,115,19,74,101,91,4,118,105,90,28,17,46,55,80,10,59,12,44,73,56,86,5,42
land,2274788,null,null,,,93,,84,,,,,,,,,,,,,,,,,,,,,,,,,,,,,,
dig,2276794,,,,,,[],84,,,,,,,,,,,,,,,,,,,,,,,,,,,,,,
harvest,2278301,null,null,,,50,,84,,,,,,93,0.533130857,0.537634409,,,,,,,,,,,,,,,,,,,,,,
decision,2280308,null,null,,,50,,84,,,,,,,,,175572,5,0,FALSE,,,,,,,,,,,,,,,,,,
time_out,2282314,null,null,,,50,,,,,,,,,,,,,,,,,,,,,,,,,,,,,,,,
decision,2283510,1194,76,,,50,,84,,,,,,,,,178773,5,0,TRUE,,,,,,,,,,,,,,,,,,
travel,2292317,,,,,,[],84,,,,,,,,,,,,,,,,,,,,,,,,,,,,,,
alien_welcome,2297324,null,null,,,,,,,,,70,119,33,31,115,19,74,101,91,4,118,105,90,28,17,46,55,80,10,59,12,44,73,56,86,5,42
land,2297828,null,null,,,102,,85,,,,,,,,,,,,,,,,,,,,,,,,,,,,,,
dig,2299837,,,,,,[],85,,,,,,,,,,,,,,,,,,,,,,,,,,,,,,
harvest,2301358,null,null,,,44,,85,,,,,,102,0.429720464,0.431372549,,,,,,,,,,,,,,,,,,,,,,
decision,2301695,336,76,,,44,,85,,,,,,,,,196958,5,0,TRUE,,,,,,,,,,,,,,,,,,
travel,2311362,,,,,,[],85,,,,,,,,,,,,,,,,,,,,,,,,,,,,,,
alien_welcome,2316371,null,null,,,,,,,,,43,119,33,31,115,19,74,101,91,4,118,105,90,28,17,46,55,80,10,59,12,44,73,56,86,5,42
land,2316876,null,null,,,97,,86,,,,,,,,,,,,,,,,,,,,,,,,,,,,,,
dig,2318889,,,,,,[],86,,,,,,,,,,,,,,,,,,,,,,,,,,,,,,
harvest,2320396,null,null,,,57,,86,,,,,,97,0.589843326,0.587628866,,,,,,,,,,,,,,,,,,,,,,
decision,2320919,521,76,,,57,,86,,,,,,,,,216182,5,0,TRUE,,,,,,,,,,,,,,,,,,
travel,2330422,,,,,,[],86,,,,,,,,,,,,,,,,,,,,,,,,,,,,,,
alien_welcome,2335426,null,null,,,,,,,,,79,119,33,31,115,19,74,101,91,4,118,105,90,28,17,46,55,80,10,59,12,44,73,56,86,5,42
land,2335940,null,null,,,102,,87,,,,,,,,,,,,,,,,,,,,,,,,,,,,,,
dig,2337946,,,,,,[],87,,,,,,,,,,,,,,,,,,,,,,,,,,,,,,
harvest,2339453,null,null,,,58,,87,,,,,,102,0.567700999,0.568627451,,,,,,,,,,,,,,,,,,,,,,
decision,2340418,963,76,,,58,,87,,,,,,,,,235682,5,0,TRUE,,,,,,,,,,,,,,,,,,
travel,2349467,,,,,,[],87,,,,,,,,,,,,,,,,,,,,,,,,,,,,,,
alien_welcome,2354471,null,null,,,,,,,,,13,119,33,31,115,19,74,101,91,4,118,105,90,28,17,46,55,80,10,59,12,44,73,56,86,5,42
land,2354981,null,null,,,103,,88,,,,,,,,,,,,,,,,,,,,,,,,,,,,,,
dig,2356999,,,,,,[],88,,,,,,,,,,,,,,,,,,,,,,,,,,,,,,
harvest,2358512,null,null,,,44,,88,,,,,,103,0.426346194,0.427184466,,,,,,,,,,,,,,,,,,,,,,
decision,2360044,1530,76,,,44,,88,,,,,,,,,255308,5,0,TRUE,,,,,,,,,,,,,,,,,,
travel,2368522,,,,,,[],88,,,,,,,,,,,,,,,,,,,,,,,,,,,,,,
alien_welcome,2373530,null,null,,,,,,,,,75,119,33,31,115,19,74,101,91,4,118,105,90,28,17,46,55,80,10,59,12,44,73,56,86,5,42
land,2374037,null,null,,,104,,89,,,,,,,,,,,,,,,,,,,,,,,,,,,,,,
dig,2376046,,,,,,[],89,,,,,,,,,,,,,,,,,,,,,,,,,,,,,,
harvest,2377549,null,null,,,47,,89,,,,,,104,0.453954462,0.451923077,,,,,,,,,,,,,,,,,,,,,,
decision,2378421,870,76,,,47,,89,,,,,,,,,273684,5,0,TRUE,,,,,,,,,,,,,,,,,,
travel,2387558,,,,,,[],89,,,,,,,,,,,,,,,,,,,,,,,,,,,,,,
alien_welcome,2392572,null,null,,,,,,,,,61,119,33,31,115,19,74,101,91,4,118,105,90,28,17,46,55,80,10,59,12,44,73,56,86,5,42
land,2393080,null,null,,,105,,90,,,,,,,,,,,,,,,,,,,,,,,,,,,,,,
dig,2395092,,,,,,[],90,,,,,,,,,,,,,,,,,,,,,,,,,,,,,,
harvest,2396615,null,null,,,57,,90,,,,,,105,0.539032336,0.542857143,,,,,,,,,,,,,,,,,,,,,,
decision,2396635,19,76,,,57,,90,,,,,,,,,291899,5,0,TRUE,,,,,,,,,,,,,,,,,,
travel,2406635,,,,,,[],90,,,,,,,,,,,,,,,,,,,,,,,,,,,,,,
alien_welcome,2411644,null,null,,,,,,,,,58,119,33,31,115,19,74,101,91,4,118,105,90,28,17,46,55,80,10,59,12,44,73,56,86,5,42
land,2412149,null,null,,,100,,91,,,,,,,,,,,,,,,,,,,,,,,,,,,,,,
dig,2414152,,,,,,[],91,,,,,,,,,,,,,,,,,,,,,,,,,,,,,,
harvest,2415663,null,null,,,81,,91,,,,,,100,0.812412304,0.81,,,,,,,,,,,,,,,,,,,,,,
decision,2417103,1439,76,,,81,,91,,,,,,,,,312367,5,0,TRUE,,,,,,,,,,,,,,,,,,
travel,2425672,,,,,,[],91,,,,,,,,,,,,,,,,,,,,,,,,,,,,,,
alien_welcome,2430674,null,null,,,,,,,,,41,119,33,31,115,19,74,101,91,4,118,105,90,28,17,46,55,80,10,59,12,44,73,56,86,5,42
land,2431175,null,null,,,100,,92,,,,,,,,,,,,,,,,,,,,,,,,,,,,,,
dig,2433180,,,,,,[],92,,,,,,,,,,,,,,,,,,,,,,,,,,,,,,
harvest,2434685,null,null,,,91,,92,,,,,,100,0.909255877,0.91,,,,,,,,,,,,,,,,,,,,,,
decision,2435801,1114,76,,,91,,92,,,,,,,,,331064,5,0,TRUE,,,,,,,,,,,,,,,,,,
travel,2444691,,,,,,[],92,,,,,,,,,,,,,,,,,,,,,,,,,,,,,,
alien_welcome,2449704,null,null,,,,,,,,,117,119,33,31,115,19,74,101,91,4,118,105,90,28,17,46,55,80,10,59,12,44,73,56,86,5,42
land,2450240,null,null,,,102,,93,,,,,,,,,,,,,,,,,,,,,,,,,,,,,,
dig,2452251,,,,,,[],93,,,,,,,,,,,,,,,,,,,,,,,,,,,,,,
harvest,2453754,null,null,,,86,,93,,,,,,102,0.843549987,0.843137255,,,,,,,,,,,,,,,,,,,,,,
decision,2454277,520,76,,,86,,93,,,,,,,,,349540,5,0,TRUE,,,,,,,,,,,,,,,,,,
travel,2463762,,,,,,[],93,,,,,,,,,,,,,,,,,,,,,,,,,,,,,,
alien_welcome,2468779,null,null,,,,,,,,,26,119,33,31,115,19,74,101,91,4,118,105,90,28,17,46,55,80,10,59,12,44,73,56,86,5,42
land,2469288,null,null,,,98,,94,,,,,,,,,,,,,,,,,,,,,,,,,,,,,,
dig,2471300,,,,,,[],94,,,,,,,,,,,,,,,,,,,,,,,,,,,,,,
harvest,2472808,null,null,,,48,,94,,,,,,98,0.486586823,0.489795918,,,,,,,,,,,,,,,,,,,,,,
decision,2473730,921,76,,,48,,94,,,,,,,,,368994,5,0,TRUE,,,,,,,,,,,,,,,,,,
catch,2477698,3961,90,,,48,,,,,,,,,,,,,,,,,,,,,,,,,,,,,,,,
debrief,2681922,204220,,,,,{planet_threshold:yes,planet_threshold_desc:By  using this strategy , i collected more gems i can. The number of gems value increased. If i collected maximum number of gems in one planet , i left the planet and move to another one.  I will dig one time in one planet , that strategy will increased my gems value,dig_threshold:yes,dig_threshold_desc:,surprise:no,surprise_desc:,dynamic:no,dynamic_desc:,other:no,other_desc:,feedback:nice  study},,,,,,,,,,,,,,,,,,
demo,2690479,8550,,,,,{age:28,gender:male},,,,,,,,,,,,,,,,,,,,,,,,,,,,,,
end_of_exp,2775478,84998,32,,,,,,,,,,,,,,,,,,2,4,,,,,,,,,,,,,,,,