trial_type,time_elapsed,rt,key_press,condition,subject_id,next_reward,responses,planet,curr_prac_trial,n_prac_rounds,button_pressed,alien,aliens,reward_received,decay_rate_actual,decay_rate_exp,time_in_block,block_num,prt,last_trial_on_planet,bonus,num_failures,,,,,,,,,,,,,,,,,,,,
fullscreen,18925,,,,,,,,,,,,,,,,,,,,,,,,,,,,,,,,,,,,,,,,,
instruc_welcome,22073,3145.9,32,1,A3QMIV19OI5589,,,,,,,,,,,,,,,,,,,,,,,,,,,,,,,,,,,,,
instruc_goal,23729,1655,32,,,,,,,,,,,,,,,,,,,,,,,,,,,,,,,,,,,,,,,
instruc_dig,25738,2008.1,65,,,100,,,,,,,,,,,,,,,,,,,,,,,,,,,,,,,,,,,,
dig_instruc,27750,,,,,,[],,,,,,,,,,,,,,,,,,,,,,,,,,,,,,,,,,,
harvest_instruc,29253,null,null,,,,,,,,,,,,,,,,,,,,,,,,,,,,,,,,,,,,,,,
instruc_travel,31425,2171.2,76,,,,,,,,,,,,,,,,,,,,,,,,,,,,,,,,,,,,,,,
travel_prac,41430,,,,,,[],0,,,,,,,,,,,,,,,,,,,,,,,,,,,,,,,,,,
instruc_alien_greet,44313,2882.2,32,,,,,,,,,,,,,,,,,,,,,,,,,,,,,,,,,,,,,,,
time_out,46281,1967.2,32,,,,,,,,,,,,,,,,,,,,,,,,,,,,,,,,,,,,,,,
instruc_break,47617,1334.8,32,,,,,,,,,,,,,,,,,,,,,,,,,,,,,,,,,,,,,,,
quiz_prac,57370,9751.7,,,,,{Q0:C,Q1:B,Q2:B},,,,,,,,,,,,,,,,,,,,,,,,,,,,,,,,,
quiz_correct,62217,4843.9,,,,,{Q0:C,Q1:B,Q2:B},,,,,,,,,,,,,,,,,,,,,,,,,,,,,,,,,
instruc_prac_game,64866,2648.1,32,,,,,,,,,,,,,,,,,,,,,,,,,,,,,,,,,,,,,,,
alien_welcome_prac,69869,null,null,,,,,,,,,,,,,,,,,,,,,,,,,,,,,,,,,,,,,,,
land_prac,70374,null,null,,,99,,0,,,,,,,,,,,,,,,,,,,,,,,,,,,,,,,,,,
dig_prac,72382,,,,,,[],,,,,,,,,,,,,,,,,,,,,,,,,,,,,,,,,,,
harvest_prac,73885,null,null,,,,,,,,,,,,,,,,,,,,,,,,,,,,,,,,,,,,,,,
decision_prac,73984,98.29999995,65,,,,,,1,,,,,,,,,,,,,,,,,,,,,,,,,,,,,,,,,
dig_prac,75997,,,,,,[],,,,,,,,,,,,,,,,,,,,,,,,,,,,,,,,,,,
harvest_prac,77501,null,null,,,,,,,,,,,,,,,,,,,,,,,,,,,,,,,,,,,,,,,
decision_prac,77568,66.10000002,65,,,,,,2,,,,,,,,,,,,,,,,,,,,,,,,,,,,,,,,,
dig_prac,79581,,,,,,[],,,,,,,,,,,,,,,,,,,,,,,,,,,,,,,,,,,
harvest_prac,81085,null,null,,,,,,,,,,,,,,,,,,,,,,,,,,,,,,,,,,,,,,,
decision_prac,81136,50.10000002,76,,,,,,3,,,,,,,,,,,,,,,,,,,,,,,,,,,,,,,,,
travel,91085,,,,,,[],0,,,,,,,,,,,,,,,,,,,,,,,,,,,,,,,,,,
alien_welcome_prac,96093,null,null,,,,,,,,,,,,,,,,,,,,,,,,,,,,,,,,,,,,,,,
land_prac,96598,null,null,,,107,,0,,,,,,,,,,,,,,,,,,,,,,,,,,,,,,,,,,
dig_prac,98606,,,,,,[],,,,,,,,,,,,,,,,,,,,,,,,,,,,,,,,,,,
harvest_prac,100109,null,null,,,,,,,,,,,,,,,,,,,,,,,,,,,,,,,,,,,,,,,
decision_prac,100208,97.5,65,,,,,,4,,,,,,,,,,,,,,,,,,,,,,,,,,,,,,,,,
dig_prac,102213,,,,,,[],,,,,,,,,,,,,,,,,,,,,,,,,,,,,,,,,,,
harvest_prac,103718,null,null,,,,,,,,,,,,,,,,,,,,,,,,,,,,,,,,,,,,,,,
decision_prac,104487,768.6999999,65,,,,,,,1,,,,,,,,,,,,,,,,,,,,,,,,,,,,,,,,
instruc_begin_exp,181335,76845.1,,,,,,,,1,1,,,,,,,,,,,,,,,,,,,,,,,,,,,,,,,
alien_welcome,186342,null,null,,,,,,,,,74,30,51,67,5,14,28,109,54,39,75,73,90,94,47,76,101,48,25,64,17,104,92,80,20,77,68,32,42,119,23
land,186845,null,null,,,100,,1,,,,,,,,,,,,,,,,,,,,,,,,,,,,,,,,,,
dig,188853,,,,,,[],1,,,,,,,,,,,,,,,,,,,,,,,,,,,,,,,,,,
harvest,190358,null,null,,,17,,1,,,,,,100,0.167798691,0.17,,,,,,,,,,,,,,,,,,,,,,,,,,
decision,190678,318.4,65,,,17,,1,,,,,,,,,9345,1,0,FALSE,,,,,,,,,,,,,,,,,,,,,,
dig,192365,,,,,,[],1,,,,,,,,,,,,,,,,,,,,,,,,,,,,,,,,,,
harvest,193869,null,null,,,3,,1,,,,,,17,0.181500765,0.176470588,,,,,,,,,,,,,,,,,,,,,,,,,,
decision,194589,719.7,76,,,3,,1,,,,,,,,,13253,1,1,TRUE,,,,,,,,,,,,,,,,,,,,,,
travel,203877,,,,,,[],1,,,,,,,,,,,,,,,,,,,,,,,,,,,,,,,,,,
alien_welcome,208885,null,null,,,,,,,,,46,30,51,67,5,14,28,109,54,39,75,73,90,94,47,76,101,48,25,64,17,104,92,80,20,77,68,32,42,119,23
land,209390,null,null,,,106,,2,,,,,,,,,,,,,,,,,,,,,,,,,,,,,,,,,,
dig,211398,,,,,,[],2,,,,,,,,,,,,,,,,,,,,,,,,,,,,,,,,,,
harvest,212901,null,null,,,16,,2,,,,,,106,0.154923826,0.150943396,,,,,,,,,,,,,,,,,,,,,,,,,,
decision,213093,191.1999999,76,,,16,,2,,,,,,,,,31756,1,0,TRUE,,,,,,,,,,,,,,,,,,,,,,
travel,222902,,,,,,[],2,,,,,,,,,,,,,,,,,,,,,,,,,,,,,,,,,,
alien_welcome,227909,null,null,,,,,,,,,113,30,51,67,5,14,28,109,54,39,75,73,90,94,47,76,101,48,25,64,17,104,92,80,20,77,68,32,42,119,23
land,228413,null,null,,,96,,3,,,,,,,,,,,,,,,,,,,,,,,,,,,,,,,,,,
dig,230421,,,,,,[],3,,,,,,,,,,,,,,,,,,,,,,,,,,,,,,,,,,
harvest,231925,null,null,,,49,,3,,,,,,96,0.512822838,0.510416667,,,,,,,,,,,,,,,,,,,,,,,,,,
decision,231973,46.30000007,76,,,49,,3,,,,,,,,,50636,1,0,TRUE,,,,,,,,,,,,,,,,,,,,,,
travel,241925,,,,,,[],3,,,,,,,,,,,,,,,,,,,,,,,,,,,,,,,,,,
alien_welcome,246933,null,null,,,,,,,,,45,30,51,67,5,14,28,109,54,39,75,73,90,94,47,76,101,48,25,64,17,104,92,80,20,77,68,32,42,119,23
land,247437,null,null,,,98,,4,,,,,,,,,,,,,,,,,,,,,,,,,,,,,,,,,,
dig,249445,,,,,,[],4,,,,,,,,,,,,,,,,,,,,,,,,,,,,,,,,,,
harvest,250949,null,null,,,43,,4,,,,,,98,0.437537308,0.43877551,,,,,,,,,,,,,,,,,,,,,,,,,,
decision,251116,165.8,76,,,43,,4,,,,,,,,,69779,1,0,TRUE,,,,,,,,,,,,,,,,,,,,,,
travel,260949,,,,,,[],4,,,,,,,,,,,,,,,,,,,,,,,,,,,,,,,,,,
alien_welcome,265957,null,null,,,,,,,,,26,30,51,67,5,14,28,109,54,39,75,73,90,94,47,76,101,48,25,64,17,104,92,80,20,77,68,32,42,119,23
land,266461,null,null,,,103,,5,,,,,,,,,,,,,,,,,,,,,,,,,,,,,,,,,,
dig,268469,,,,,,[],5,,,,,,,,,,,,,,,,,,,,,,,,,,,,,,,,,,
harvest,269974,null,null,,,50,,5,,,,,,103,0.489087058,0.485436893,,,,,,,,,,,,,,,,,,,,,,,,,,
decision,269996,21.29999995,76,,,50,,5,,,,,,,,,88659,1,0,TRUE,,,,,,,,,,,,,,,,,,,,,,
travel,279973,,,,,,[],5,,,,,,,,,,,,,,,,,,,,,,,,,,,,,,,,,,
alien_welcome,284980,null,null,,,,,,,,,18,30,51,67,5,14,28,109,54,39,75,73,90,94,47,76,101,48,25,64,17,104,92,80,20,77,68,32,42,119,23
land,285485,null,null,,,98,,6,,,,,,,,,,,,,,,,,,,,,,,,,,,,,,,,,,
dig,287493,,,,,,[],6,,,,,,,,,,,,,,,,,,,,,,,,,,,,,,,,,,
harvest,288997,null,null,,,85,,6,,,,,,98,0.865209406,0.867346939,,,,,,,,,,,,,,,,,,,,,,,,,,
decision,290052,1053.8,65,,,85,,6,,,,,,,,,108715,1,0,FALSE,,,,,,,,,,,,,,,,,,,,,,
dig,291006,,,,,,[],6,,,,,,,,,,,,,,,,,,,,,,,,,,,,,,,,,,
harvest,292509,null,null,,,71,,6,,,,,,85,0.831492931,0.835294118,,,,,,,,,,,,,,,,,,,,,,,,,,
decision,292899,389.2,65,,,71,,6,,,,,,,,,111562,1,1,FALSE,,,,,,,,,,,,,,,,,,,,,,
dig,294517,,,,,,[],6,,,,,,,,,,,,,,,,,,,,,,,,,,,,,,,,,,
harvest,296021,null,null,,,63,,6,,,,,,71,0.883402841,0.887323944,,,,,,,,,,,,,,,,,,,,,,,,,,
decision,298029,null,null,,,63,,6,,,,,,,,,116693,1,2,FALSE,,,,,,,,,,,,,,,,,,,,,,
time_out,300037,null,null,,,63,,,,,,,,,,,,,,,,,,,,,,,,,,,,,,,,,,,,
decision,300692,653.1,76,,,63,,6,,,,,,,,,119355,1,2,TRUE,,,,,,,,,,,,,,,,,,,,,,
travel,310043,,,,,,[],6,,,,,,,,,,,,,,,,,,,,,,,,,,,,,,,,,,
alien_welcome,315046,null,null,,,,,,,,,33,30,51,67,5,14,28,109,54,39,75,73,90,94,47,76,101,48,25,64,17,104,92,80,20,77,68,32,42,119,23
land,315549,null,null,,,103,,7,,,,,,,,,,,,,,,,,,,,,,,,,,,,,,,,,,
dig,317557,,,,,,[],7,,,,,,,,,,,,,,,,,,,,,,,,,,,,,,,,,,
harvest,319060,null,null,,,82,,7,,,,,,103,0.793461027,0.796116505,,,,,,,,,,,,,,,,,,,,,,,,,,
decision,319133,71.80000007,65,,,82,,7,,,,,,,,,137796,1,0,FALSE,,,,,,,,,,,,,,,,,,,,,,
dig,321070,,,,,,[],7,,,,,,,,,,,,,,,,,,,,,,,,,,,,,,,,,,
harvest,322574,null,null,,,67,,7,,,,,,82,0.813464567,0.817073171,,,,,,,,,,,,,,,,,,,,,,,,,,
decision,324582,null,null,,,67,,7,,,,,,,,,143245,1,1,FALSE,,,,,,,,,,,,,,,,,,,,,,
time_out,326589,null,null,,,67,,,,,,,,,,,,,,,,,,,,,,,,,,,,,,,,,,,,
decision,328598,null,null,,,67,,7,,,,,,,,,147261,1,1,FALSE,,,,,,,,,,,,,,,,,,,,,,
time_out,330606,null,null,,,67,,,,,,,,,,,,,,,,,,,,,,,,,,,,,,,,,,,,
decision,330691,84.5,65,,,67,,7,,,,,,,,,149355,1,1,FALSE,,,,,,,,,,,,,,,,,,,,,,
dig,332614,,,,,,[],7,,,,,,,,,,,,,,,,,,,,,,,,,,,,,,,,,,
harvest,334117,null,null,,,47,,7,,,,,,67,0.703030878,0.701492537,,,,,,,,,,,,,,,,,,,,,,,,,,
decision,334139,20.5999999,76,,,47,,7,,,,,,,,,152802,1,2,TRUE,,,,,,,,,,,,,,,,,,,,,,
travel,344118,,,,,,[],7,,,,,,,,,,,,,,,,,,,,,,,,,,,,,,,,,,
alien_welcome,349126,null,null,,,,,,,,,27,30,51,67,5,14,28,109,54,39,75,73,90,94,47,76,101,48,25,64,17,104,92,80,20,77,68,32,42,119,23
land,349629,null,null,,,96,,8,,,,,,,,,,,,,,,,,,,,,,,,,,,,,,,,,,
dig,351637,,,,,,[],8,,,,,,,,,,,,,,,,,,,,,,,,,,,,,,,,,,
harvest,353141,null,null,,,78,,8,,,,,,96,0.812670508,0.8125,,,,,,,,,,,,,,,,,,,,,,,,,,
decision,355149,null,null,,,78,,8,,,,,,,,,173812,1,0,FALSE,,,,,,,,,,,,,,,,,,,,,,
time_out,357157,null,null,,,78,,,,,,,,,,,,,,,,,,,,,,,,,,,,,,,,,,,,
decision,359166,null,null,,,78,,8,,,,,,,,,177829,1,0,FALSE,,,,,,,,,,,,,,,,,,,,,,
time_out,361174,null,null,,,78,,,,,,,,,,,,,,,,,,,,,,,,,,,,,,,,,,,,
decision,363181,null,null,,,78,,8,,,,,,,,,181844,1,0,FALSE,,,,,,,,,,,,,,,,,,,,,,
time_out,365190,null,null,,,78,,,,,,,,,,,,,,,,,,,,,,,,,,,,,,,,,,,,
decision,366722,1531,65,,,78,,8,,,,,,,,,185385,1,0,FALSE,,,,,,,,,,,,,,,,,,,,,,
dig,367198,,,,,,[],8,,,,,,,,,,,,,,,,,,,,,,,,,,,,,,,,,,
harvest,368701,null,null,,,60,,8,,,,,,78,0.774234929,0.769230769,,,,,,,,,,,,,,,,,,,,,,,,,,
decision,368986,283.9,76,,,60,,8,,,,,,,,,187649,1,1,TRUE,,,,,,,,,,,,,,,,,,,,,,
travel,378702,,,,,,[],8,,,,,,,,,,,,,,,,,,,,,,,,,,,,,,,,,,
alien_welcome,383710,null,null,,,,,,,,,78,30,51,67,5,14,28,109,54,39,75,73,90,94,47,76,101,48,25,64,17,104,92,80,20,77,68,32,42,119,23
land,384214,null,null,,,99,,9,,,,,,,,,,,,,,,,,,,,,,,,,,,,,,,,,,
dig,386221,,,,,,[],9,,,,,,,,,,,,,,,,,,,,,,,,,,,,,,,,,,
harvest,387725,null,null,,,22,,9,,,,,,99,0.221149383,0.222222222,,,,,,,,,,,,,,,,,,,,,,,,,,
decision,388897,1170.9,76,,,22,,9,,,,,,,,,207560,1,0,TRUE,,,,,,,,,,,,,,,,,,,,,,
travel,397733,,,,,,[],9,,,,,,,,,,,,,,,,,,,,,,,,,,,,,,,,,,
alien_welcome,402742,null,null,,,,,,,,,62,30,51,67,5,14,28,109,54,39,75,73,90,94,47,76,101,48,25,64,17,104,92,80,20,77,68,32,42,119,23
land,403245,null,null,,,98,,10,,,,,,,,,,,,,,,,,,,,,,,,,,,,,,,,,,
dig,405253,,,,,,[],10,,,,,,,,,,,,,,,,,,,,,,,,,,,,,,,,,,
harvest,406758,null,null,,,12,,10,,,,,,98,0.127120333,0.12244898,,,,,,,,,,,,,,,,,,,,,,,,,,
decision,406801,42.30000007,76,,,12,,10,,,,,,,,,225464,1,0,TRUE,,,,,,,,,,,,,,,,,,,,,,
travel,416765,,,,,,[],10,,,,,,,,,,,,,,,,,,,,,,,,,,,,,,,,,,
alien_welcome,421774,null,null,,,,,,,,,13,30,51,67,5,14,28,109,54,39,75,73,90,94,47,76,101,48,25,64,17,104,92,80,20,77,68,32,42,119,23
land,422278,null,null,,,92,,11,,,,,,,,,,,,,,,,,,,,,,,,,,,,,,,,,,
dig,424285,,,,,,[],11,,,,,,,,,,,,,,,,,,,,,,,,,,,,,,,,,,
harvest,425789,null,null,,,17,,11,,,,,,92,0.179605984,0.184782609,,,,,,,,,,,,,,,,,,,,,,,,,,
decision,425945,154.9,76,,,17,,11,,,,,,,,,244608,1,0,TRUE,,,,,,,,,,,,,,,,,,,,,,
travel,435789,,,,,,[],11,,,,,,,,,,,,,,,,,,,,,,,,,,,,,,,,,,
alien_welcome,440797,null,null,,,,,,,,,114,30,51,67,5,14,28,109,54,39,75,73,90,94,47,76,101,48,25,64,17,104,92,80,20,77,68,32,42,119,23
land,441302,null,null,,,101,,12,,,,,,,,,,,,,,,,,,,,,,,,,,,,,,,,,,
dig,443310,,,,,,[],12,,,,,,,,,,,,,,,,,,,,,,,,,,,,,,,,,,
harvest,444813,null,null,,,25,,12,,,,,,101,0.247367583,0.247524752,,,,,,,,,,,,,,,,,,,,,,,,,,
decision,444850,36,76,,,25,,12,,,,,,,,,263513,1,0,TRUE,,,,,,,,,,,,,,,,,,,,,,
travel,454822,,,,,,[],12,,,,,,,,,,,,,,,,,,,,,,,,,,,,,,,,,,
alien_welcome,459829,null,null,,,,,,,,,106,30,51,67,5,14,28,109,54,39,75,73,90,94,47,76,101,48,25,64,17,104,92,80,20,77,68,32,42,119,23
land,460333,null,null,,,96,,13,,,,,,,,,,,,,,,,,,,,,,,,,,,,,,,,,,
dig,462341,,,,,,[],13,,,,,,,,,,,,,,,,,,,,,,,,,,,,,,,,,,
harvest,463845,null,null,,,17,,13,,,,,,96,0.172053141,0.177083333,,,,,,,,,,,,,,,,,,,,,,,,,,
decision,463864,17.60000002,65,,,17,,13,,,,,,,,,282527,1,0,FALSE,,,,,,,,,,,,,,,,,,,,,,
dig,465850,,,,,,[],13,,,,,,,,,,,,,,,,,,,,,,,,,,,,,,,,,,
harvest,467358,null,null,,,4,,13,,,,,,17,0.253108844,0.235294118,,,,,,,,,,,,,,,,,,,,,,,,,,
decision,469366,null,null,,,4,,13,,,,,,,,,288029,1,1,FALSE,,,,,,,,,,,,,,,,,,,,,,
time_out,471373,null,null,,,4,,,,,,,,,,,,,,,,,,,,,,,,,,,,,,,,,,,,
decision,473381,null,null,,,4,,13,,,,,,,,,292045,1,1,FALSE,,,,,,,,,,,,,,,,,,,,,,
time_out,475389,null,null,,,4,,,,,,,,,,,,,,,,,,,,,,,,,,,,,,,,,,,,
decision,477397,null,null,,,4,,13,,,,,,,,,296060,1,1,FALSE,,,,,,,,,,,,,,,,,,,,,,
time_out,479405,null,null,,,4,,,,,,,,,,,,,,,,,,,,,,,,,,,,,,,,,,,,
decision,481413,null,null,,,4,,13,,,,,,,,,300076,1,1,FALSE,,,,,,,,,,,,,,,,,,,,,,
time_out,483421,null,null,,,4,,,,,,,,,,,,,,,,,,,,,,,,,,,,,,,,,,,,
decision,485429,null,null,,,4,,13,,,,,,,,,304092,1,1,FALSE,,,,,,,,,,,,,,,,,,,,,,
time_out,487437,null,null,,,4,,,,,,,,,,,,,,,,,,,,,,,,,,,,,,,,,,,,
decision,487535,97.29999995,65,,,0,,13,,,,,,,,,306198,1,1,FALSE,,,,,,,,,,,,,,,,,,,,,,
dig,489446,,,,,,[],13,,,,,,,,,,,,,,,,,,,,,,,,,,,,,,,,,,
harvest,490949,null,null,,,0,,13,,,,,,0,0.314074249,NaN,,,,,,,,,,,,,,,,,,,,,,,,,,
decision,491016,65.5,76,,,0,,13,,,,,,,,,309679,1,2,TRUE,,,,,,,,,,,,,,,,,,,,,,
travel,500950,,,,,,[],13,,,,,,,,,,,,,,,,,,,,,,,,,,,,,,,,,,
alien_welcome,505958,null,null,,,,,,,,,7,30,51,67,5,14,28,109,54,39,75,73,90,94,47,76,101,48,25,64,17,104,92,80,20,77,68,32,42,119,23
land,506461,null,null,,,107,,14,,,,,,,,,,,,,,,,,,,,,,,,,,,,,,,,,,
dig,508469,,,,,,[],14,,,,,,,,,,,,,,,,,,,,,,,,,,,,,,,,,,
harvest,509973,null,null,,,92,,14,,,,,,107,0.855892811,0.859813084,,,,,,,,,,,,,,,,,,,,,,,,,,
decision,511981,null,null,,,92,,14,,,,,,,,,330645,1,0,FALSE,,,,,,,,,,,,,,,,,,,,,,
time_out,513989,null,null,,,92,,,,,,,,,,,,,,,,,,,,,,,,,,,,,,,,,,,,
decision,514167,176.3,65,,,92,,14,,,,,,,,,332830,1,0,FALSE,,,,,,,,,,,,,,,,,,,,,,
dig,515997,,,,,,[],14,,,,,,,,,,,,,,,,,,,,,,,,,,,,,,,,,,
harvest,517502,null,null,,,71,,14,,,,,,92,0.771778482,0.77173913,,,,,,,,,,,,,,,,,,,,,,,,,,
decision,519503,null,null,,,71,,14,,,,,,,,,338166,1,1,FALSE,,,,,,,,,,,,,,,,,,,,,,
time_out,521510,null,null,,,71,,,,,,,,,,,,,,,,,,,,,,,,,,,,,,,,,,,,
decision,523517,null,null,,,71,,14,,,,,,,,,342181,1,1,FALSE,,,,,,,,,,,,,,,,,,,,,,
time_out,525525,null,null,,,71,,,,,,,,,,,,,,,,,,,,,,,,,,,,,,,,,,,,
decision,527533,null,null,,,71,,14,,,,,,,,,346196,1,1,FALSE,,,,,,,,,,,,,,,,,,,,,,
time_out,529542,null,null,,,71,,,,,,,,,,,,,,,,,,,,,,,,,,,,,,,,,,,,
decision,531549,null,null,,,71,,14,,,,,,,,,350212,1,1,FALSE,,,,,,,,,,,,,,,,,,,,,,
time_out,533557,null,null,,,71,,,,,,,,,,,,,,,,,,,,,,,,,,,,,,,,,,,,
decision,535561,null,null,,,71,,14,,,,,,,,,354224,1,1,FALSE,,,,,,,,,,,,,,,,,,,,,,
time_out,537565,null,null,,,71,,,,,,,,,,,,,,,,,,,,,,,,,,,,,,,,,,,,
decision,539567,null,null,,,71,,14,,,,,,,,,358230,1,1,FALSE,,,,,,,,,,,,,,,,,,,,,,
time_out,541574,null,null,,,71,,,,,,,,,,,,,,,,,,,,,,,,,,,,,,,,,,,,
decision,543582,null,null,,,71,,14,,,,,,,,,362245,1,1,TRUE,,,,,,,,,,,,,,,,,,,,,,
catch,553585,null,null,,,71,,,,,,,,,,,,,,,,,,,,,,,,,,,,,,,,,,,,
end_of_block,574542,20956.1,32,,,,,,,,,,,,,,,,,,,,,,,,,,,,,,,,,,,,,,,
alien_welcome,579558,null,null,,,,,,,,,44,30,51,67,5,14,28,109,54,39,75,73,90,94,47,76,101,48,25,64,17,104,92,80,20,77,68,32,42,119,23
land,580062,null,null,,,103,,15,,,,,,,,,,,,,,,,,,,,,,,,,,,,,,,,,,
dig,582069,,,,,,[],15,,,,,,,,,,,,,,,,,,,,,,,,,,,,,,,,,,
harvest,583573,null,null,,,19,,15,,,,,,103,0.188221842,0.184466019,,,,,,,,,,,,,,,,,,,,,,,,,,
decision,584502,928.4,65,,,19,,15,,,,,,,,,9959,2,0,FALSE,,,,,,,,,,,,,,,,,,,,,,
dig,585581,,,,,,[],15,,,,,,,,,,,,,,,,,,,,,,,,,,,,,,,,,,
harvest,587085,null,null,,,4,,15,,,,,,19,0.231822136,0.210526316,,,,,,,,,,,,,,,,,,,,,,,,,,
decision,587087,0.800000072,76,,,4,,15,,,,,,,,,12544,2,1,TRUE,,,,,,,,,,,,,,,,,,,,,,
travel,597093,,,,,,[],15,,,,,,,,,,,,,,,,,,,,,,,,,,,,,,,,,,
alien_welcome,602102,null,null,,,,,,,,,10,30,51,67,5,14,28,109,54,39,75,73,90,94,47,76,101,48,25,64,17,104,92,80,20,77,68,32,42,119,23
land,602605,null,null,,,100,,16,,,,,,,,,,,,,,,,,,,,,,,,,,,,,,,,,,
dig,604613,,,,,,[],16,,,,,,,,,,,,,,,,,,,,,,,,,,,,,,,,,,
harvest,606117,null,null,,,20,,16,,,,,,100,0.202002734,0.2,,,,,,,,,,,,,,,,,,,,,,,,,,
decision,606981,863.1999999,76,,,20,,16,,,,,,,,,32438,2,0,TRUE,,,,,,,,,,,,,,,,,,,,,,
travel,616125,,,,,,[],16,,,,,,,,,,,,,,,,,,,,,,,,,,,,,,,,,,
alien_welcome,621133,null,null,,,,,,,,,85,30,51,67,5,14,28,109,54,39,75,73,90,94,47,76,101,48,25,64,17,104,92,80,20,77,68,32,42,119,23
land,621637,null,null,,,95,,17,,,,,,,,,,,,,,,,,,,,,,,,,,,,,,,,,,
dig,623645,,,,,,[],17,,,,,,,,,,,,,,,,,,,,,,,,,,,,,,,,,,
harvest,625150,null,null,,,20,,17,,,,,,95,0.210239229,0.210526316,,,,,,,,,,,,,,,,,,,,,,,,,,
decision,625293,142.5,65,,,20,,17,,,,,,,,,50749,2,0,FALSE,,,,,,,,,,,,,,,,,,,,,,
dig,627157,,,,,,[],17,,,,,,,,,,,,,,,,,,,,,,,,,,,,,,,,,,
harvest,628661,null,null,,,5,,17,,,,,,20,0.2444859,0.25,,,,,,,,,,,,,,,,,,,,,,,,,,
decision,628892,230.1,76,,,5,,17,,,,,,,,,54348,2,1,TRUE,,,,,,,,,,,,,,,,,,,,,,
travel,638669,,,,,,[],17,,,,,,,,,,,,,,,,,,,,,,,,,,,,,,,,,,
alien_welcome,643677,null,null,,,,,,,,,98,30,51,67,5,14,28,109,54,39,75,73,90,94,47,76,101,48,25,64,17,104,92,80,20,77,68,32,42,119,23
land,644181,null,null,,,107,,18,,,,,,,,,,,,,,,,,,,,,,,,,,,,,,,,,,
dig,646189,,,,,,[],18,,,,,,,,,,,,,,,,,,,,,,,,,,,,,,,,,,
harvest,647693,null,null,,,88,,18,,,,,,107,0.826524105,0.822429907,,,,,,,,,,,,,,,,,,,,,,,,,,
decision,648748,1053.9,76,,,88,,18,,,,,,,,,74204,2,0,TRUE,,,,,,,,,,,,,,,,,,,,,,
travel,657698,,,,,,[],18,,,,,,,,,,,,,,,,,,,,,,,,,,,,,,,,,,
alien_welcome,662701,null,null,,,,,,,,,79,30,51,67,5,14,28,109,54,39,75,73,90,94,47,76,101,48,25,64,17,104,92,80,20,77,68,32,42,119,23
land,663205,null,null,,,107,,19,,,,,,,,,,,,,,,,,,,,,,,,,,,,,,,,,,
dig,665212,,,,,,[],19,,,,,,,,,,,,,,,,,,,,,,,,,,,,,,,,,,
harvest,666717,null,null,,,80,,19,,,,,,107,0.745673125,0.747663551,,,,,,,,,,,,,,,,,,,,,,,,,,
decision,666732,13.39999998,76,,,80,,19,,,,,,,,,92188,2,0,TRUE,,,,,,,,,,,,,,,,,,,,,,
travel,676717,,,,,,[],19,,,,,,,,,,,,,,,,,,,,,,,,,,,,,,,,,,
alien_welcome,681725,null,null,,,,,,,,,108,30,51,67,5,14,28,109,54,39,75,73,90,94,47,76,101,48,25,64,17,104,92,80,20,77,68,32,42,119,23
land,682229,null,null,,,99,,20,,,,,,,,,,,,,,,,,,,,,,,,,,,,,,,,,,
dig,684237,,,,,,[],20,,,,,,,,,,,,,,,,,,,,,,,,,,,,,,,,,,
harvest,685742,null,null,,,77,,20,,,,,,99,0.773297875,0.777777778,,,,,,,,,,,,,,,,,,,,,,,,,,
decision,685891,148.9,76,,,77,,20,,,,,,,,,111348,2,0,TRUE,,,,,,,,,,,,,,,,,,,,,,
travel,695749,,,,,,[],20,,,,,,,,,,,,,,,,,,,,,,,,,,,,,,,,,,
alien_welcome,700755,null,null,,,,,,,,,4,30,51,67,5,14,28,109,54,39,75,73,90,94,47,76,101,48,25,64,17,104,92,80,20,77,68,32,42,119,23
land,701259,null,null,,,98,,21,,,,,,,,,,,,,,,,,,,,,,,,,,,,,,,,,,
dig,703269,,,,,,[],21,,,,,,,,,,,,,,,,,,,,,,,,,,,,,,,,,,
harvest,704773,null,null,,,77,,21,,,,,,98,0.782286113,0.785714286,,,,,,,,,,,,,,,,,,,,,,,,,,
decision,705099,324.8,76,,,77,,21,,,,,,,,,130555,2,0,TRUE,,,,,,,,,,,,,,,,,,,,,,
travel,714781,,,,,,[],21,,,,,,,,,,,,,,,,,,,,,,,,,,,,,,,,,,
alien_welcome,719787,null,null,,,,,,,,,69,30,51,67,5,14,28,109,54,39,75,73,90,94,47,76,101,48,25,64,17,104,92,80,20,77,68,32,42,119,23
land,720294,null,null,,,100,,22,,,,,,,,,,,,,,,,,,,,,,,,,,,,,,,,,,
dig,722302,,,,,,[],22,,,,,,,,,,,,,,,,,,,,,,,,,,,,,,,,,,
harvest,723805,null,null,,,83,,22,,,,,,100,0.832167487,0.83,,,,,,,,,,,,,,,,,,,,,,,,,,
decision,723995,189,76,,,83,,22,,,,,,,,,149451,2,0,TRUE,,,,,,,,,,,,,,,,,,,,,,
travel,733814,,,,,,[],22,,,,,,,,,,,,,,,,,,,,,,,,,,,,,,,,,,
alien_welcome,738822,null,null,,,,,,,,,72,30,51,67,5,14,28,109,54,39,75,73,90,94,47,76,101,48,25,64,17,104,92,80,20,77,68,32,42,119,23
land,739325,null,null,,,100,,23,,,,,,,,,,,,,,,,,,,,,,,,,,,,,,,,,,
dig,741333,,,,,,[],23,,,,,,,,,,,,,,,,,,,,,,,,,,,,,,,,,,
harvest,742837,null,null,,,49,,23,,,,,,100,0.485771996,0.49,,,,,,,,,,,,,,,,,,,,,,,,,,
decision,742866,27.5999999,76,,,49,,23,,,,,,,,,168322,2,0,TRUE,,,,,,,,,,,,,,,,,,,,,,
travel,752846,,,,,,[],23,,,,,,,,,,,,,,,,,,,,,,,,,,,,,,,,,,
alien_welcome,757854,null,null,,,,,,,,,66,30,51,67,5,14,28,109,54,39,75,73,90,94,47,76,101,48,25,64,17,104,92,80,20,77,68,32,42,119,23
land,758357,null,null,,,105,,24,,,,,,,,,,,,,,,,,,,,,,,,,,,,,,,,,,
dig,760365,,,,,,[],24,,,,,,,,,,,,,,,,,,,,,,,,,,,,,,,,,,
harvest,761870,null,null,,,96,,24,,,,,,105,0.918814509,0.914285714,,,,,,,,,,,,,,,,,,,,,,,,,,
decision,762210,339.6,76,,,96,,24,,,,,,,,,187667,2,0,TRUE,,,,,,,,,,,,,,,,,,,,,,
travel,771874,,,,,,[],24,,,,,,,,,,,,,,,,,,,,,,,,,,,,,,,,,,
alien_welcome,776877,null,null,,,,,,,,,81,30,51,67,5,14,28,109,54,39,75,73,90,94,47,76,101,48,25,64,17,104,92,80,20,77,68,32,42,119,23
land,777381,null,null,,,96,,25,,,,,,,,,,,,,,,,,,,,,,,,,,,,,,,,,,
dig,779389,,,,,,[],25,,,,,,,,,,,,,,,,,,,,,,,,,,,,,,,,,,
harvest,780894,null,null,,,75,,25,,,,,,96,0.78225797,0.78125,,,,,,,,,,,,,,,,,,,,,,,,,,
decision,781009,114.3,76,,,75,,25,,,,,,,,,206465,2,0,TRUE,,,,,,,,,,,,,,,,,,,,,,
travel,790901,,,,,,[],25,,,,,,,,,,,,,,,,,,,,,,,,,,,,,,,,,,
alien_welcome,795909,null,null,,,,,,,,,105,30,51,67,5,14,28,109,54,39,75,73,90,94,47,76,101,48,25,64,17,104,92,80,20,77,68,32,42,119,23
land,796413,null,null,,,97,,26,,,,,,,,,,,,,,,,,,,,,,,,,,,,,,,,,,
dig,798421,,,,,,[],26,,,,,,,,,,,,,,,,,,,,,,,,,,,,,,,,,,
harvest,799925,null,null,,,21,,26,,,,,,97,0.21204987,0.216494845,,,,,,,,,,,,,,,,,,,,,,,,,,
decision,800121,195,76,,,21,,26,,,,,,,,,225577,2,0,TRUE,,,,,,,,,,,,,,,,,,,,,,
travel,809933,,,,,,[],26,,,,,,,,,,,,,,,,,,,,,,,,,,,,,,,,,,
alien_welcome,814936,null,null,,,,,,,,,110,30,51,67,5,14,28,109,54,39,75,73,90,94,47,76,101,48,25,64,17,104,92,80,20,77,68,32,42,119,23
land,815441,null,null,,,98,,27,,,,,,,,,,,,,,,,,,,,,,,,,,,,,,,,,,
dig,817454,,,,,,[],27,,,,,,,,,,,,,,,,,,,,,,,,,,,,,,,,,,
harvest,818957,null,null,,,23,,27,,,,,,98,0.236171665,0.234693878,,,,,,,,,,,,,,,,,,,,,,,,,,
decision,819339,380.4,76,,,23,,27,,,,,,,,,244795,2,0,TRUE,,,,,,,,,,,,,,,,,,,,,,
travel,828963,,,,,,[],27,,,,,,,,,,,,,,,,,,,,,,,,,,,,,,,,,,
alien_welcome,833965,null,null,,,,,,,,,53,30,51,67,5,14,28,109,54,39,75,73,90,94,47,76,101,48,25,64,17,104,92,80,20,77,68,32,42,119,23
land,834469,null,null,,,100,,28,,,,,,,,,,,,,,,,,,,,,,,,,,,,,,,,,,
dig,836477,,,,,,[],28,,,,,,,,,,,,,,,,,,,,,,,,,,,,,,,,,,
harvest,837981,null,null,,,23,,28,,,,,,100,0.226380061,0.23,,,,,,,,,,,,,,,,,,,,,,,,,,
decision,838072,89.70000005,76,,,23,,28,,,,,,,,,263528,2,0,TRUE,,,,,,,,,,,,,,,,,,,,,,
travel,847989,,,,,,[],28,,,,,,,,,,,,,,,,,,,,,,,,,,,,,,,,,,
alien_welcome,852998,null,null,,,,,,,,,37,30,51,67,5,14,28,109,54,39,75,73,90,94,47,76,101,48,25,64,17,104,92,80,20,77,68,32,42,119,23
land,853501,null,null,,,100,,29,,,,,,,,,,,,,,,,,,,,,,,,,,,,,,,,,,
dig,855509,,,,,,[],29,,,,,,,,,,,,,,,,,,,,,,,,,,,,,,,,,,
harvest,857014,null,null,,,28,,29,,,,,,100,0.284564908,0.28,,,,,,,,,,,,,,,,,,,,,,,,,,
decision,857424,409.4000001,76,,,28,,29,,,,,,,,,282880,2,0,TRUE,,,,,,,,,,,,,,,,,,,,,,
travel,867013,,,,,,[],29,,,,,,,,,,,,,,,,,,,,,,,,,,,,,,,,,,
alien_welcome,872021,null,null,,,,,,,,,116,30,51,67,5,14,28,109,54,39,75,73,90,94,47,76,101,48,25,64,17,104,92,80,20,77,68,32,42,119,23
land,872525,null,null,,,107,,30,,,,,,,,,,,,,,,,,,,,,,,,,,,,,,,,,,
dig,874533,,,,,,[],30,,,,,,,,,,,,,,,,,,,,,,,,,,,,,,,,,,
harvest,876037,null,null,,,87,,30,,,,,,107,0.814344916,0.813084112,,,,,,,,,,,,,,,,,,,,,,,,,,
decision,876183,145.4,76,,,87,,30,,,,,,,,,301639,2,0,TRUE,,,,,,,,,,,,,,,,,,,,,,
travel,886037,,,,,,[],30,,,,,,,,,,,,,,,,,,,,,,,,,,,,,,,,,,
alien_welcome,891045,null,null,,,,,,,,,3,30,51,67,5,14,28,109,54,39,75,73,90,94,47,76,101,48,25,64,17,104,92,80,20,77,68,32,42,119,23
land,891550,null,null,,,100,,31,,,,,,,,,,,,,,,,,,,,,,,,,,,,,,,,,,
dig,893558,,,,,,[],31,,,,,,,,,,,,,,,,,,,,,,,,,,,,,,,,,,
harvest,895061,null,null,,,78,,31,,,,,,100,0.781540159,0.78,,,,,,,,,,,,,,,,,,,,,,,,,,
decision,895127,65.20000005,76,,,78,,31,,,,,,,,,320583,2,0,TRUE,,,,,,,,,,,,,,,,,,,,,,
travel,905062,,,,,,[],31,,,,,,,,,,,,,,,,,,,,,,,,,,,,,,,,,,
alien_welcome,910069,null,null,,,,,,,,,103,30,51,67,5,14,28,109,54,39,75,73,90,94,47,76,101,48,25,64,17,104,92,80,20,77,68,32,42,119,23
land,910573,null,null,,,109,,32,,,,,,,,,,,,,,,,,,,,,,,,,,,,,,,,,,
dig,912581,,,,,,[],32,,,,,,,,,,,,,,,,,,,,,,,,,,,,,,,,,,
harvest,914085,null,null,,,91,,32,,,,,,109,0.834241711,0.834862385,,,,,,,,,,,,,,,,,,,,,,,,,,
decision,914118,32.5,76,,,91,,32,,,,,,,,,339575,2,0,TRUE,,,,,,,,,,,,,,,,,,,,,,
travel,924094,,,,,,[],32,,,,,,,,,,,,,,,,,,,,,,,,,,,,,,,,,,
alien_welcome,929101,null,null,,,,,,,,,38,30,51,67,5,14,28,109,54,39,75,73,90,94,47,76,101,48,25,64,17,104,92,80,20,77,68,32,42,119,23
land,929605,null,null,,,96,,33,,,,,,,,,,,,,,,,,,,,,,,,,,,,,,,,,,
dig,931613,,,,,,[],33,,,,,,,,,,,,,,,,,,,,,,,,,,,,,,,,,,
harvest,933117,null,null,,,79,,33,,,,,,96,0.827322908,0.822916667,,,,,,,,,,,,,,,,,,,,,,,,,,
decision,933135,16.20000005,76,,,79,,33,,,,,,,,,358591,2,0,TRUE,,,,,,,,,,,,,,,,,,,,,,
travel,943126,,,,,,[],33,,,,,,,,,,,,,,,,,,,,,,,,,,,,,,,,,,
alien_welcome,948133,null,null,,,,,,,,,82,30,51,67,5,14,28,109,54,39,75,73,90,94,47,76,101,48,25,64,17,104,92,80,20,77,68,32,42,119,23
land,948637,null,null,,,98,,34,,,,,,,,,,,,,,,,,,,,,,,,,,,,,,,,,,
dig,950645,,,,,,[],34,,,,,,,,,,,,,,,,,,,,,,,,,,,,,,,,,,
harvest,952149,null,null,,,79,,34,,,,,,98,0.808197267,0.806122449,,,,,,,,,,,,,,,,,,,,,,,,,,
decision,952278,127.4,76,,,79,,34,,,,,,,,,377734,2,0,TRUE,,,,,,,,,,,,,,,,,,,,,,
end_of_block,955054,2772.9,32,,,,,,,,,,,,,,,,,,,,,,,,,,,,,,,,,,,,,,,
alien_welcome,960069,null,null,,,,,,,,,22,30,51,67,5,14,28,109,54,39,75,73,90,94,47,76,101,48,25,64,17,104,92,80,20,77,68,32,42,119,23
land,960574,null,null,,,105,,35,,,,,,,,,,,,,,,,,,,,,,,,,,,,,,,,,,
dig,962581,,,,,,[],35,,,,,,,,,,,,,,,,,,,,,,,,,,,,,,,,,,
harvest,964085,null,null,,,52,,35,,,,,,105,0.49772856,0.495238095,,,,,,,,,,,,,,,,,,,,,,,,,,
decision,966093,null,null,,,52,,35,,,,,,,,,11037,3,0,FALSE,,,,,,,,,,,,,,,,,,,,,,
time_out,968101,null,null,,,52,,,,,,,,,,,,,,,,,,,,,,,,,,,,,,,,,,,,
decision,969831,1728.4,65,,,52,,35,,,,,,,,,14775,3,0,FALSE,,,,,,,,,,,,,,,,,,,,,,
dig,970109,,,,,,[],35,,,,,,,,,,,,,,,,,,,,,,,,,,,,,,,,,,
harvest,971613,null,null,,,26,,35,,,,,,52,0.504289918,0.5,,,,,,,,,,,,,,,,,,,,,,,,,,
decision,971774,159.6999999,76,,,26,,35,,,,,,,,,16718,3,1,TRUE,,,,,,,,,,,,,,,,,,,,,,
travel,981621,,,,,,[],35,,,,,,,,,,,,,,,,,,,,,,,,,,,,,,,,,,
alien_welcome,986630,null,null,,,,,,,,,97,30,51,67,5,14,28,109,54,39,75,73,90,94,47,76,101,48,25,64,17,104,92,80,20,77,68,32,42,119,23
land,987133,null,null,,,95,,36,,,,,,,,,,,,,,,,,,,,,,,,,,,,,,,,,,
dig,989141,,,,,,[],36,,,,,,,,,,,,,,,,,,,,,,,,,,,,,,,,,,
harvest,990646,null,null,,,78,,36,,,,,,95,0.816877045,0.821052632,,,,,,,,,,,,,,,,,,,,,,,,,,
decision,990686,39.30000007,76,,,78,,36,,,,,,,,,35630,3,0,TRUE,,,,,,,,,,,,,,,,,,,,,,
travel,1000645,,,,,,[],36,,,,,,,,,,,,,,,,,,,,,,,,,,,,,,,,,,
alien_welcome,1005654,null,null,,,,,,,,,65,30,51,67,5,14,28,109,54,39,75,73,90,94,47,76,101,48,25,64,17,104,92,80,20,77,68,32,42,119,23
land,1006157,null,null,,,105,,37,,,,,,,,,,,,,,,,,,,,,,,,,,,,,,,,,,
dig,1008165,,,,,,[],37,,,,,,,,,,,,,,,,,,,,,,,,,,,,,,,,,,
harvest,1009670,null,null,,,62,,37,,,,,,105,0.593484409,0.59047619,,,,,,,,,,,,,,,,,,,,,,,,,,
decision,1009709,38.29999995,76,,,62,,37,,,,,,,,,54653,3,0,TRUE,,,,,,,,,,,,,,,,,,,,,,
travel,1019669,,,,,,[],37,,,,,,,,,,,,,,,,,,,,,,,,,,,,,,,,,,
alien_welcome,1024678,null,null,,,,,,,,,41,30,51,67,5,14,28,109,54,39,75,73,90,94,47,76,101,48,25,64,17,104,92,80,20,77,68,32,42,119,23
land,1025182,null,null,,,105,,38,,,,,,,,,,,,,,,,,,,,,,,,,,,,,,,,,,
dig,1027190,,,,,,[],38,,,,,,,,,,,,,,,,,,,,,,,,,,,,,,,,,,
harvest,1028693,null,null,,,42,,38,,,,,,105,0.396641138,0.4,,,,,,,,,,,,,,,,,,,,,,,,,,
decision,1029076,381.9000001,76,,,42,,38,,,,,,,,,74020,3,0,TRUE,,,,,,,,,,,,,,,,,,,,,,
travel,1038702,,,,,,[],38,,,,,,,,,,,,,,,,,,,,,,,,,,,,,,,,,,
alien_welcome,1043709,null,null,,,,,,,,,16,30,51,67,5,14,28,109,54,39,75,73,90,94,47,76,101,48,25,64,17,104,92,80,20,77,68,32,42,119,23
land,1044214,null,null,,,99,,39,,,,,,,,,,,,,,,,,,,,,,,,,,,,,,,,,,
dig,1046222,,,,,,[],39,,,,,,,,,,,,,,,,,,,,,,,,,,,,,,,,,,
harvest,1047725,null,null,,,46,,39,,,,,,99,0.465893375,0.464646465,,,,,,,,,,,,,,,,,,,,,,,,,,
decision,1047932,205.5999999,76,,,46,,39,,,,,,,,,92876,3,0,TRUE,,,,,,,,,,,,,,,,,,,,,,
travel,1057734,,,,,,[],39,,,,,,,,,,,,,,,,,,,,,,,,,,,,,,,,,,
alien_welcome,1062742,null,null,,,,,,,,,112,30,51,67,5,14,28,109,54,39,75,73,90,94,47,76,101,48,25,64,17,104,92,80,20,77,68,32,42,119,23
land,1063246,null,null,,,98,,40,,,,,,,,,,,,,,,,,,,,,,,,,,,,,,,,,,
dig,1065253,,,,,,[],40,,,,,,,,,,,,,,,,,,,,,,,,,,,,,,,,,,
harvest,1066757,null,null,,,46,,40,,,,,,98,0.465024271,0.469387755,,,,,,,,,,,,,,,,,,,,,,,,,,
decision,1067117,358,76,,,46,,40,,,,,,,,,112061,3,0,TRUE,,,,,,,,,,,,,,,,,,,,,,
travel,1076765,,,,,,[],40,,,,,,,,,,,,,,,,,,,,,,,,,,,,,,,,,,
alien_welcome,1081773,null,null,,,,,,,,,35,30,51,67,5,14,28,109,54,39,75,73,90,94,47,76,101,48,25,64,17,104,92,80,20,77,68,32,42,119,23
land,1082277,null,null,,,93,,41,,,,,,,,,,,,,,,,,,,,,,,,,,,,,,,,,,
dig,1084285,,,,,,[],41,,,,,,,,,,,,,,,,,,,,,,,,,,,,,,,,,,
harvest,1085787,null,null,,,72,,41,,,,,,93,0.7767812,0.774193548,,,,,,,,,,,,,,,,,,,,,,,,,,
decision,1086076,287.9,76,,,72,,41,,,,,,,,,131020,3,0,TRUE,,,,,,,,,,,,,,,,,,,,,,
travel,1095797,,,,,,[],41,,,,,,,,,,,,,,,,,,,,,,,,,,,,,,,,,,
alien_welcome,1100805,null,null,,,,,,,,,57,30,51,67,5,14,28,109,54,39,75,73,90,94,47,76,101,48,25,64,17,104,92,80,20,77,68,32,42,119,23
land,1101309,null,null,,,99,,42,,,,,,,,,,,,,,,,,,,,,,,,,,,,,,,,,,
dig,1103317,,,,,,[],42,,,,,,,,,,,,,,,,,,,,,,,,,,,,,,,,,,
harvest,1104821,null,null,,,63,,42,,,,,,99,0.633836732,0.636363636,,,,,,,,,,,,,,,,,,,,,,,,,,
decision,1104851,29.10000002,76,,,63,,42,,,,,,,,,149795,3,0,TRUE,,,,,,,,,,,,,,,,,,,,,,
travel,1114821,,,,,,[],42,,,,,,,,,,,,,,,,,,,,,,,,,,,,,,,,,,
alien_welcome,1119829,null,null,,,,,,,,,50,30,51,67,5,14,28,109,54,39,75,73,90,94,47,76,101,48,25,64,17,104,92,80,20,77,68,32,42,119,23
land,1120334,null,null,,,101,,43,,,,,,,,,,,,,,,,,,,,,,,,,,,,,,,,,,
dig,1122342,,,,,,[],43,,,,,,,,,,,,,,,,,,,,,,,,,,,,,,,,,,
harvest,1123845,null,null,,,60,,43,,,,,,101,0.597931697,0.594059406,,,,,,,,,,,,,,,,,,,,,,,,,,
decision,1124019,172.6,76,,,60,,43,,,,,,,,,168963,3,0,TRUE,,,,,,,,,,,,,,,,,,,,,,
travel,1133846,,,,,,[],43,,,,,,,,,,,,,,,,,,,,,,,,,,,,,,,,,,
alien_welcome,1138853,null,null,,,,,,,,,118,30,51,67,5,14,28,109,54,39,75,73,90,94,47,76,101,48,25,64,17,104,92,80,20,77,68,32,42,119,23
land,1139357,null,null,,,103,,44,,,,,,,,,,,,,,,,,,,,,,,,,,,,,,,,,,
dig,1141365,,,,,,[],44,,,,,,,,,,,,,,,,,,,,,,,,,,,,,,,,,,
harvest,1142869,null,null,,,54,,44,,,,,,103,0.527409274,0.524271845,,,,,,,,,,,,,,,,,,,,,,,,,,
decision,1142970,99.29999995,76,,,54,,44,,,,,,,,,187914,3,0,TRUE,,,,,,,,,,,,,,,,,,,,,,
travel,1152878,,,,,,[],44,,,,,,,,,,,,,,,,,,,,,,,,,,,,,,,,,,
alien_welcome,1157886,null,null,,,,,,,,,95,30,51,67,5,14,28,109,54,39,75,73,90,94,47,76,101,48,25,64,17,104,92,80,20,77,68,32,42,119,23
land,1158389,null,null,,,105,,45,,,,,,,,,,,,,,,,,,,,,,,,,,,,,,,,,,
dig,1160397,,,,,,[],45,,,,,,,,,,,,,,,,,,,,,,,,,,,,,,,,,,
harvest,1161901,null,null,,,95,,45,,,,,,105,0.909112787,0.904761905,,,,,,,,,,,,,,,,,,,,,,,,,,
decision,1162002,99.70000005,76,,,95,,45,,,,,,,,,206946,3,0,TRUE,,,,,,,,,,,,,,,,,,,,,,
travel,1171909,,,,,,[],45,,,,,,,,,,,,,,,,,,,,,,,,,,,,,,,,,,
alien_welcome,1176917,null,null,,,,,,,,,63,30,51,67,5,14,28,109,54,39,75,73,90,94,47,76,101,48,25,64,17,104,92,80,20,77,68,32,42,119,23
land,1177421,null,null,,,109,,46,,,,,,,,,,,,,,,,,,,,,,,,,,,,,,,,,,
dig,1179429,,,,,,[],46,,,,,,,,,,,,,,,,,,,,,,,,,,,,,,,,,,
harvest,1180934,null,null,,,93,,46,,,,,,109,0.853701372,0.853211009,,,,,,,,,,,,,,,,,,,,,,,,,,
decision,1181065,130.6999999,76,,,93,,46,,,,,,,,,226010,3,0,TRUE,,,,,,,,,,,,,,,,,,,,,,
travel,1190941,,,,,,[],46,,,,,,,,,,,,,,,,,,,,,,,,,,,,,,,,,,
alien_welcome,1195949,null,null,,,,,,,,,61,30,51,67,5,14,28,109,54,39,75,73,90,94,47,76,101,48,25,64,17,104,92,80,20,77,68,32,42,119,23
land,1196453,null,null,,,96,,47,,,,,,,,,,,,,,,,,,,,,,,,,,,,,,,,,,
dig,1198461,,,,,,[],47,,,,,,,,,,,,,,,,,,,,,,,,,,,,,,,,,,
harvest,1199965,null,null,,,76,,47,,,,,,96,0.796652386,0.791666667,,,,,,,,,,,,,,,,,,,,,,,,,,
decision,1200105,139,76,,,76,,47,,,,,,,,,245049,3,0,TRUE,,,,,,,,,,,,,,,,,,,,,,
travel,1209974,,,,,,[],47,,,,,,,,,,,,,,,,,,,,,,,,,,,,,,,,,,
alien_welcome,1214981,null,null,,,,,,,,,59,30,51,67,5,14,28,109,54,39,75,73,90,94,47,76,101,48,25,64,17,104,92,80,20,77,68,32,42,119,23
land,1215485,null,null,,,97,,48,,,,,,,,,,,,,,,,,,,,,,,,,,,,,,,,,,
dig,1217494,,,,,,[],48,,,,,,,,,,,,,,,,,,,,,,,,,,,,,,,,,,
harvest,1218997,null,null,,,83,,48,,,,,,97,0.859011921,0.855670103,,,,,,,,,,,,,,,,,,,,,,,,,,
decision,1219160,161.6999999,76,,,83,,48,,,,,,,,,264104,3,0,TRUE,,,,,,,,,,,,,,,,,,,,,,
travel,1229006,,,,,,[],48,,,,,,,,,,,,,,,,,,,,,,,,,,,,,,,,,,
alien_welcome,1234014,null,null,,,,,,,,,31,30,51,67,5,14,28,109,54,39,75,73,90,94,47,76,101,48,25,64,17,104,92,80,20,77,68,32,42,119,23
land,1234517,null,null,,,102,,49,,,,,,,,,,,,,,,,,,,,,,,,,,,,,,,,,,
dig,1236525,,,,,,[],49,,,,,,,,,,,,,,,,,,,,,,,,,,,,,,,,,,
harvest,1238029,null,null,,,48,,49,,,,,,102,0.467783472,0.470588235,,,,,,,,,,,,,,,,,,,,,,,,,,
decision,1238208,177.5,76,,,48,,49,,,,,,,,,283152,3,0,TRUE,,,,,,,,,,,,,,,,,,,,,,
travel,1248038,,,,,,[],49,,,,,,,,,,,,,,,,,,,,,,,,,,,,,,,,,,
alien_welcome,1253046,null,null,,,,,,,,,96,30,51,67,5,14,28,109,54,39,75,73,90,94,47,76,101,48,25,64,17,104,92,80,20,77,68,32,42,119,23
land,1253549,null,null,,,100,,50,,,,,,,,,,,,,,,,,,,,,,,,,,,,,,,,,,
dig,1255557,,,,,,[],50,,,,,,,,,,,,,,,,,,,,,,,,,,,,,,,,,,
harvest,1257062,null,null,,,57,,50,,,,,,100,0.568014237,0.57,,,,,,,,,,,,,,,,,,,,,,,,,,
decision,1258625,1562,76,,,57,,50,,,,,,,,,303569,3,0,TRUE,,,,,,,,,,,,,,,,,,,,,,
travel,1267069,,,,,,[],50,,,,,,,,,,,,,,,,,,,,,,,,,,,,,,,,,,
alien_welcome,1272077,null,null,,,,,,,,,86,30,51,67,5,14,28,109,54,39,75,73,90,94,47,76,101,48,25,64,17,104,92,80,20,77,68,32,42,119,23
land,1272581,null,null,,,103,,51,,,,,,,,,,,,,,,,,,,,,,,,,,,,,,,,,,
dig,1274589,,,,,,[],51,,,,,,,,,,,,,,,,,,,,,,,,,,,,,,,,,,
harvest,1276094,null,null,,,85,,51,,,,,,103,0.825807227,0.825242718,,,,,,,,,,,,,,,,,,,,,,,,,,
decision,1276207,112,76,,,85,,51,,,,,,,,,321151,3,0,TRUE,,,,,,,,,,,,,,,,,,,,,,
travel,1286101,,,,,,[],51,,,,,,,,,,,,,,,,,,,,,,,,,,,,,,,,,,
alien_welcome,1291109,null,null,,,,,,,,,36,30,51,67,5,14,28,109,54,39,75,73,90,94,47,76,101,48,25,64,17,104,92,80,20,77,68,32,42,119,23
land,1291613,null,null,,,105,,52,,,,,,,,,,,,,,,,,,,,,,,,,,,,,,,,,,
dig,1293621,,,,,,[],52,,,,,,,,,,,,,,,,,,,,,,,,,,,,,,,,,,
harvest,1295125,null,null,,,85,,52,,,,,,105,0.809628862,0.80952381,,,,,,,,,,,,,,,,,,,,,,,,,,
decision,1297133,null,null,,,85,,52,,,,,,,,,342077,3,0,FALSE,,,,,,,,,,,,,,,,,,,,,,
time_out,1299141,null,null,,,85,,,,,,,,,,,,,,,,,,,,,,,,,,,,,,,,,,,,
decision,1299239,96.80000007,76,,,85,,52,,,,,,,,,344183,3,0,TRUE,,,,,,,,,,,,,,,,,,,,,,
travel,1309149,,,,,,[],52,,,,,,,,,,,,,,,,,,,,,,,,,,,,,,,,,,
alien_welcome,1314157,null,null,,,,,,,,,43,30,51,67,5,14,28,109,54,39,75,73,90,94,47,76,101,48,25,64,17,104,92,80,20,77,68,32,42,119,23
land,1314661,null,null,,,99,,53,,,,,,,,,,,,,,,,,,,,,,,,,,,,,,,,,,
dig,1316669,,,,,,[],53,,,,,,,,,,,,,,,,,,,,,,,,,,,,,,,,,,
harvest,1318173,null,null,,,73,,53,,,,,,99,0.735438881,0.737373737,,,,,,,,,,,,,,,,,,,,,,,,,,
decision,1318190,16.39999998,76,,,73,,53,,,,,,,,,363134,3,0,TRUE,,,,,,,,,,,,,,,,,,,,,,
end_of_block,1322190,3995.2,32,,,,,,,,,,,,,,,,,,,,,,,,,,,,,,,,,,,,,,,
alien_welcome,1327205,null,null,,,,,,,,,107,30,51,67,5,14,28,109,54,39,75,73,90,94,47,76,101,48,25,64,17,104,92,80,20,77,68,32,42,119,23
land,1327709,null,null,,,98,,54,,,,,,,,,,,,,,,,,,,,,,,,,,,,,,,,,,
dig,1329717,,,,,,[],54,,,,,,,,,,,,,,,,,,,,,,,,,,,,,,,,,,
harvest,1331222,null,null,,,12,,54,,,,,,98,0.12364498,0.12244898,,,,,,,,,,,,,,,,,,,,,,,,,,
decision,1331487,263.9,76,,,12,,54,,,,,,,,,9294,4,0,TRUE,,,,,,,,,,,,,,,,,,,,,,
travel,1341221,,,,,,[],54,,,,,,,,,,,,,,,,,,,,,,,,,,,,,,,,,,
alien_welcome,1346230,null,null,,,,,,,,,8,30,51,67,5,14,28,109,54,39,75,73,90,94,47,76,101,48,25,64,17,104,92,80,20,77,68,32,42,119,23
land,1346733,null,null,,,102,,55,,,,,,,,,,,,,,,,,,,,,,,,,,,,,,,,,,
dig,1348741,,,,,,[],55,,,,,,,,,,,,,,,,,,,,,,,,,,,,,,,,,,
harvest,1350246,null,null,,,17,,55,,,,,,102,0.170617238,0.166666667,,,,,,,,,,,,,,,,,,,,,,,,,,
decision,1352254,null,null,,,17,,55,,,,,,,,,30061,4,0,FALSE,,,,,,,,,,,,,,,,,,,,,,
time_out,1354262,null,null,,,17,,,,,,,,,,,,,,,,,,,,,,,,,,,,,,,,,,,,
decision,1354445,182.4,65,,,17,,55,,,,,,,,,32252,4,0,FALSE,,,,,,,,,,,,,,,,,,,,,,
dig,1356270,,,,,,[],55,,,,,,,,,,,,,,,,,,,,,,,,,,,,,,,,,,
harvest,1357773,null,null,,,4,,55,,,,,,17,0.255727307,0.235294118,,,,,,,,,,,,,,,,,,,,,,,,,,
decision,1357877,103.2,76,,,4,,55,,,,,,,,,35685,4,1,TRUE,,,,,,,,,,,,,,,,,,,,,,
travel,1367782,,,,,,[],55,,,,,,,,,,,,,,,,,,,,,,,,,,,,,,,,,,
alien_welcome,1372789,null,null,,,,,,,,,11,30,51,67,5,14,28,109,54,39,75,73,90,94,47,76,101,48,25,64,17,104,92,80,20,77,68,32,42,119,23
land,1373293,null,null,,,92,,56,,,,,,,,,,,,,,,,,,,,,,,,,,,,,,,,,,
dig,1375301,,,,,,[],56,,,,,,,,,,,,,,,,,,,,,,,,,,,,,,,,,,
harvest,1376805,null,null,,,20,,56,,,,,,92,0.213675164,0.217391304,,,,,,,,,,,,,,,,,,,,,,,,,,
decision,1376988,181.5,76,,,20,,56,,,,,,,,,54795,4,0,TRUE,,,,,,,,,,,,,,,,,,,,,,
travel,1386806,,,,,,[],56,,,,,,,,,,,,,,,,,,,,,,,,,,,,,,,,,,
alien_welcome,1391814,null,null,,,,,,,,,24,30,51,67,5,14,28,109,54,39,75,73,90,94,47,76,101,48,25,64,17,104,92,80,20,77,68,32,42,119,23
land,1392317,null,null,,,95,,57,,,,,,,,,,,,,,,,,,,,,,,,,,,,,,,,,,
dig,1394325,,,,,,[],57,,,,,,,,,,,,,,,,,,,,,,,,,,,,,,,,,,
harvest,1395829,null,null,,,77,,57,,,,,,95,0.811333378,0.810526316,,,,,,,,,,,,,,,,,,,,,,,,,,
decision,1395900,69.70000005,76,,,77,,57,,,,,,,,,73708,4,0,TRUE,,,,,,,,,,,,,,,,,,,,,,
travel,1405838,,,,,,[],57,,,,,,,,,,,,,,,,,,,,,,,,,,,,,,,,,,
alien_welcome,1410845,null,null,,,,,,,,,58,30,51,67,5,14,28,109,54,39,75,73,90,94,47,76,101,48,25,64,17,104,92,80,20,77,68,32,42,119,23
land,1411348,null,null,,,97,,58,,,,,,,,,,,,,,,,,,,,,,,,,,,,,,,,,,
dig,1413357,,,,,,[],58,,,,,,,,,,,,,,,,,,,,,,,,,,,,,,,,,,
harvest,1414862,null,null,,,74,,58,,,,,,97,0.762122206,0.762886598,,,,,,,,,,,,,,,,,,,,,,,,,,
decision,1414988,125.1,76,,,74,,58,,,,,,,,,92795,4,0,TRUE,,,,,,,,,,,,,,,,,,,,,,
travel,1424869,,,,,,[],58,,,,,,,,,,,,,,,,,,,,,,,,,,,,,,,,,,
alien_welcome,1429877,null,null,,,,,,,,,120,30,51,67,5,14,28,109,54,39,75,73,90,94,47,76,101,48,25,64,17,104,92,80,20,77,68,32,42,119,23
land,1430382,null,null,,,98,,59,,,,,,,,,,,,,,,,,,,,,,,,,,,,,,,,,,
dig,1432389,,,,,,[],59,,,,,,,,,,,,,,,,,,,,,,,,,,,,,,,,,,
harvest,1433893,null,null,,,82,,59,,,,,,98,0.837316873,0.836734694,,,,,,,,,,,,,,,,,,,,,,,,,,
decision,1435708,1813.8,76,,,82,,59,,,,,,,,,113515,4,0,TRUE,,,,,,,,,,,,,,,,,,,,,,
travel,1443902,,,,,,[],59,,,,,,,,,,,,,,,,,,,,,,,,,,,,,,,,,,
alien_welcome,1448909,null,null,,,,,,,,,99,30,51,67,5,14,28,109,54,39,75,73,90,94,47,76,101,48,25,64,17,104,92,80,20,77,68,32,42,119,23
land,1449414,null,null,,,101,,60,,,,,,,,,,,,,,,,,,,,,,,,,,,,,,,,,,
dig,1451422,,,,,,[],60,,,,,,,,,,,,,,,,,,,,,,,,,,,,,,,,,,
harvest,1452925,null,null,,,78,,60,,,,,,101,0.768724345,0.772277228,,,,,,,,,,,,,,,,,,,,,,,,,,
decision,1452947,20.60000002,76,,,78,,60,,,,,,,,,130754,4,0,TRUE,,,,,,,,,,,,,,,,,,,,,,
travel,1462934,,,,,,[],60,,,,,,,,,,,,,,,,,,,,,,,,,,,,,,,,,,
alien_welcome,1467942,null,null,,,,,,,,,117,30,51,67,5,14,28,109,54,39,75,73,90,94,47,76,101,48,25,64,17,104,92,80,20,77,68,32,42,119,23
land,1468445,null,null,,,97,,61,,,,,,,,,,,,,,,,,,,,,,,,,,,,,,,,,,
dig,1470453,,,,,,[],61,,,,,,,,,,,,,,,,,,,,,,,,,,,,,,,,,,
harvest,1471957,null,null,,,85,,61,,,,,,97,0.874477653,0.87628866,,,,,,,,,,,,,,,,,,,,,,,,,,
decision,1473788,1829.7,76,,,85,,61,,,,,,,,,151596,4,0,TRUE,,,,,,,,,,,,,,,,,,,,,,
travel,1481965,,,,,,[],61,,,,,,,,,,,,,,,,,,,,,,,,,,,,,,,,,,
alien_welcome,1486974,null,null,,,,,,,,,6,30,51,67,5,14,28,109,54,39,75,73,90,94,47,76,101,48,25,64,17,104,92,80,20,77,68,32,42,119,23
land,1487477,null,null,,,101,,62,,,,,,,,,,,,,,,,,,,,,,,,,,,,,,,,,,
dig,1489485,,,,,,[],62,,,,,,,,,,,,,,,,,,,,,,,,,,,,,,,,,,
harvest,1490990,null,null,,,80,,62,,,,,,101,0.79207162,0.792079208,,,,,,,,,,,,,,,,,,,,,,,,,,
decision,1491075,84,76,,,80,,62,,,,,,,,,168882,4,0,TRUE,,,,,,,,,,,,,,,,,,,,,,
travel,1500997,,,,,,[],62,,,,,,,,,,,,,,,,,,,,,,,,,,,,,,,,,,
alien_welcome,1506005,null,null,,,,,,,,,29,30,51,67,5,14,28,109,54,39,75,73,90,94,47,76,101,48,25,64,17,104,92,80,20,77,68,32,42,119,23
land,1506509,null,null,,,98,,63,,,,,,,,,,,,,,,,,,,,,,,,,,,,,,,,,,
dig,1508517,,,,,,[],63,,,,,,,,,,,,,,,,,,,,,,,,,,,,,,,,,,
harvest,1510019,null,null,,,15,,63,,,,,,98,0.151000042,0.153061224,,,,,,,,,,,,,,,,,,,,,,,,,,
decision,1510115,94.60000002,76,,,15,,63,,,,,,,,,187922,4,0,TRUE,,,,,,,,,,,,,,,,,,,,,,
travel,1520029,,,,,,[],63,,,,,,,,,,,,,,,,,,,,,,,,,,,,,,,,,,
alien_welcome,1525037,null,null,,,,,,,,,71,30,51,67,5,14,28,109,54,39,75,73,90,94,47,76,101,48,25,64,17,104,92,80,20,77,68,32,42,119,23
land,1525541,null,null,,,101,,64,,,,,,,,,,,,,,,,,,,,,,,,,,,,,,,,,,
dig,1527549,,,,,,[],64,,,,,,,,,,,,,,,,,,,,,,,,,,,,,,,,,,
harvest,1529053,null,null,,,14,,64,,,,,,101,0.142487026,0.138613861,,,,,,,,,,,,,,,,,,,,,,,,,,
decision,1529545,491.3000001,65,,,14,,64,,,,,,,,,207352,4,0,FALSE,,,,,,,,,,,,,,,,,,,,,,
dig,1531057,,,,,,[],64,,,,,,,,,,,,,,,,,,,,,,,,,,,,,,,,,,
harvest,1532565,null,null,,,3,,64,,,,,,14,0.24040634,0.214285714,,,,,,,,,,,,,,,,,,,,,,,,,,
decision,1532641,75,76,,,3,,64,,,,,,,,,210448,4,1,TRUE,,,,,,,,,,,,,,,,,,,,,,
travel,1542565,,,,,,[],64,,,,,,,,,,,,,,,,,,,,,,,,,,,,,,,,,,
alien_welcome,1547573,null,null,,,,,,,,,88,30,51,67,5,14,28,109,54,39,75,73,90,94,47,76,101,48,25,64,17,104,92,80,20,77,68,32,42,119,23
land,1548077,null,null,,,103,,65,,,,,,,,,,,,,,,,,,,,,,,,,,,,,,,,,,
dig,1550085,,,,,,[],65,,,,,,,,,,,,,,,,,,,,,,,,,,,,,,,,,,
harvest,1551589,null,null,,,86,,65,,,,,,103,0.831769185,0.834951456,,,,,,,,,,,,,,,,,,,,,,,,,,
decision,1551610,19.60000002,76,,,86,,65,,,,,,,,,229417,4,0,TRUE,,,,,,,,,,,,,,,,,,,,,,
travel,1561589,,,,,,[],65,,,,,,,,,,,,,,,,,,,,,,,,,,,,,,,,,,
alien_welcome,1566597,null,null,,,,,,,,,21,30,51,67,5,14,28,109,54,39,75,73,90,94,47,76,101,48,25,64,17,104,92,80,20,77,68,32,42,119,23
land,1567101,null,null,,,97,,66,,,,,,,,,,,,,,,,,,,,,,,,,,,,,,,,,,
dig,1569105,,,,,,[],66,,,,,,,,,,,,,,,,,,,,,,,,,,,,,,,,,,
harvest,1570614,null,null,,,80,,66,,,,,,97,0.825733215,0.824742268,,,,,,,,,,,,,,,,,,,,,,,,,,
decision,1570737,121.9,76,,,80,,66,,,,,,,,,248544,4,0,TRUE,,,,,,,,,,,,,,,,,,,,,,
travel,1580622,,,,,,[],66,,,,,,,,,,,,,,,,,,,,,,,,,,,,,,,,,,
alien_welcome,1585630,null,null,,,,,,,,,93,30,51,67,5,14,28,109,54,39,75,73,90,94,47,76,101,48,25,64,17,104,92,80,20,77,68,32,42,119,23
land,1586134,null,null,,,98,,67,,,,,,,,,,,,,,,,,,,,,,,,,,,,,,,,,,
dig,1588142,,,,,,[],67,,,,,,,,,,,,,,,,,,,,,,,,,,,,,,,,,,
harvest,1589645,null,null,,,90,,67,,,,,,98,0.914333632,0.918367347,,,,,,,,,,,,,,,,,,,,,,,,,,
decision,1589697,50.5,76,,,90,,67,,,,,,,,,267504,4,0,TRUE,,,,,,,,,,,,,,,,,,,,,,
travel,1599654,,,,,,[],67,,,,,,,,,,,,,,,,,,,,,,,,,,,,,,,,,,
alien_welcome,1604662,null,null,,,,,,,,,15,30,51,67,5,14,28,109,54,39,75,73,90,94,47,76,101,48,25,64,17,104,92,80,20,77,68,32,42,119,23
land,1605165,null,null,,,101,,68,,,,,,,,,,,,,,,,,,,,,,,,,,,,,,,,,,
dig,1607174,,,,,,[],68,,,,,,,,,,,,,,,,,,,,,,,,,,,,,,,,,,
harvest,1608678,null,null,,,82,,68,,,,,,101,0.811223293,0.811881188,,,,,,,,,,,,,,,,,,,,,,,,,,
decision,1608881,202.1999999,76,,,82,,68,,,,,,,,,286688,4,0,TRUE,,,,,,,,,,,,,,,,,,,,,,
travel,1618686,,,,,,[],68,,,,,,,,,,,,,,,,,,,,,,,,,,,,,,,,,,
alien_welcome,1623694,null,null,,,,,,,,,56,30,51,67,5,14,28,109,54,39,75,73,90,94,47,76,101,48,25,64,17,104,92,80,20,77,68,32,42,119,23
land,1624198,null,null,,,103,,69,,,,,,,,,,,,,,,,,,,,,,,,,,,,,,,,,,
dig,1626202,,,,,,[],69,,,,,,,,,,,,,,,,,,,,,,,,,,,,,,,,,,
harvest,1627710,null,null,,,84,,69,,,,,,103,0.8167126,0.815533981,,,,,,,,,,,,,,,,,,,,,,,,,,
decision,1627713,2,76,,,84,,69,,,,,,,,,305520,4,0,TRUE,,,,,,,,,,,,,,,,,,,,,,
travel,1637717,,,,,,[],69,,,,,,,,,,,,,,,,,,,,,,,,,,,,,,,,,,
alien_welcome,1642725,null,null,,,,,,,,,87,30,51,67,5,14,28,109,54,39,75,73,90,94,47,76,101,48,25,64,17,104,92,80,20,77,68,32,42,119,23
land,1643229,null,null,,,98,,70,,,,,,,,,,,,,,,,,,,,,,,,,,,,,,,,,,
dig,1645237,,,,,,[],70,,,,,,,,,,,,,,,,,,,,,,,,,,,,,,,,,,
harvest,1646742,null,null,,,74,,70,,,,,,98,0.751601601,0.755102041,,,,,,,,,,,,,,,,,,,,,,,,,,
decision,1646808,64.79999995,76,,,74,,70,,,,,,,,,324615,4,0,TRUE,,,,,,,,,,,,,,,,,,,,,,
travel,1656749,,,,,,[],70,,,,,,,,,,,,,,,,,,,,,,,,,,,,,,,,,,
alien_welcome,1661757,null,null,,,,,,,,,70,30,51,67,5,14,28,109,54,39,75,73,90,94,47,76,101,48,25,64,17,104,92,80,20,77,68,32,42,119,23
land,1662261,null,null,,,102,,71,,,,,,,,,,,,,,,,,,,,,,,,,,,,,,,,,,
dig,1664269,,,,,,[],71,,,,,,,,,,,,,,,,,,,,,,,,,,,,,,,,,,
harvest,1665773,null,null,,,81,,71,,,,,,102,0.795268771,0.794117647,,,,,,,,,,,,,,,,,,,,,,,,,,
decision,1666079,304.6,76,,,81,,71,,,,,,,,,343886,4,0,TRUE,,,,,,,,,,,,,,,,,,,,,,
travel,1675781,,,,,,[],71,,,,,,,,,,,,,,,,,,,,,,,,,,,,,,,,,,
alien_welcome,1680783,null,null,,,,,,,,,1,30,51,67,5,14,28,109,54,39,75,73,90,94,47,76,101,48,25,64,17,104,92,80,20,77,68,32,42,119,23
land,1681286,null,null,,,105,,72,,,,,,,,,,,,,,,,,,,,,,,,,,,,,,,,,,
dig,1683294,,,,,,[],72,,,,,,,,,,,,,,,,,,,,,,,,,,,,,,,,,,
harvest,1684797,null,null,,,84,,72,,,,,,105,0.803849269,0.8,,,,,,,,,,,,,,,,,,,,,,,,,,
decision,1685246,448,76,,,84,,72,,,,,,,,,363053,4,0,TRUE,,,,,,,,,,,,,,,,,,,,,,
end_of_block,1692151,6899.5,32,,,,,,,,,,,,,,,,,,,,,,,,,,,,,,,,,,,,,,,
alien_welcome,1697173,null,null,,,,,,,,,55,30,51,67,5,14,28,109,54,39,75,73,90,94,47,76,101,48,25,64,17,104,92,80,20,77,68,32,42,119,23
land,1697678,null,null,,,95,,73,,,,,,,,,,,,,,,,,,,,,,,,,,,,,,,,,,
dig,1699686,,,,,,[],73,,,,,,,,,,,,,,,,,,,,,,,,,,,,,,,,,,
harvest,1701190,null,null,,,54,,73,,,,,,95,0.569407004,0.568421053,,,,,,,,,,,,,,,,,,,,,,,,,,
decision,1701310,119.2,76,,,54,,73,,,,,,,,,9157,5,0,TRUE,,,,,,,,,,,,,,,,,,,,,,
travel,1711193,,,,,,[],73,,,,,,,,,,,,,,,,,,,,,,,,,,,,,,,,,,
alien_welcome,1716197,null,null,,,,,,,,,40,30,51,67,5,14,28,109,54,39,75,73,90,94,47,76,101,48,25,64,17,104,92,80,20,77,68,32,42,119,23
land,1716702,null,null,,,97,,74,,,,,,,,,,,,,,,,,,,,,,,,,,,,,,,,,,
dig,1718710,,,,,,[],74,,,,,,,,,,,,,,,,,,,,,,,,,,,,,,,,,,
harvest,1720213,null,null,,,48,,74,,,,,,97,0.495911319,0.494845361,,,,,,,,,,,,,,,,,,,,,,,,,,
decision,1720366,151.4000001,76,,,48,,74,,,,,,,,,28212,5,0,TRUE,,,,,,,,,,,,,,,,,,,,,,
travel,1730222,,,,,,[],74,,,,,,,,,,,,,,,,,,,,,,,,,,,,,,,,,,
alien_welcome,1735230,null,null,,,,,,,,,83,30,51,67,5,14,28,109,54,39,75,73,90,94,47,76,101,48,25,64,17,104,92,80,20,77,68,32,42,119,23
land,1735733,null,null,,,102,,75,,,,,,,,,,,,,,,,,,,,,,,,,,,,,,,,,,
dig,1737742,,,,,,[],75,,,,,,,,,,,,,,,,,,,,,,,,,,,,,,,,,,
harvest,1739245,null,null,,,49,,75,,,,,,102,0.477980112,0.480392157,,,,,,,,,,,,,,,,,,,,,,,,,,
decision,1739421,174.8,76,,,49,,75,,,,,,,,,47268,5,0,TRUE,,,,,,,,,,,,,,,,,,,,,,
travel,1749254,,,,,,[],75,,,,,,,,,,,,,,,,,,,,,,,,,,,,,,,,,,
alien_welcome,1754262,null,null,,,,,,,,,102,30,51,67,5,14,28,109,54,39,75,73,90,94,47,76,101,48,25,64,17,104,92,80,20,77,68,32,42,119,23
land,1754765,null,null,,,105,,76,,,,,,,,,,,,,,,,,,,,,,,,,,,,,,,,,,
dig,1756773,,,,,,[],76,,,,,,,,,,,,,,,,,,,,,,,,,,,,,,,,,,
harvest,1758277,null,null,,,53,,76,,,,,,105,0.509092875,0.504761905,,,,,,,,,,,,,,,,,,,,,,,,,,
decision,1758351,72.10000002,76,,,53,,76,,,,,,,,,66197,5,0,TRUE,,,,,,,,,,,,,,,,,,,,,,
travel,1768285,,,,,,[],76,,,,,,,,,,,,,,,,,,,,,,,,,,,,,,,,,,
alien_welcome,1773294,null,null,,,,,,,,,9,30,51,67,5,14,28,109,54,39,75,73,90,94,47,76,101,48,25,64,17,104,92,80,20,77,68,32,42,119,23
land,1773797,null,null,,,106,,77,,,,,,,,,,,,,,,,,,,,,,,,,,,,,,,,,,
dig,1775805,,,,,,[],77,,,,,,,,,,,,,,,,,,,,,,,,,,,,,,,,,,
harvest,1777310,null,null,,,62,,77,,,,,,106,0.584867116,0.58490566,,,,,,,,,,,,,,,,,,,,,,,,,,
decision,1777349,37.5,76,,,62,,77,,,,,,,,,85195,5,0,TRUE,,,,,,,,,,,,,,,,,,,,,,
travel,1787309,,,,,,[],77,,,,,,,,,,,,,,,,,,,,,,,,,,,,,,,,,,
alien_welcome,1792317,null,null,,,,,,,,,2,30,51,67,5,14,28,109,54,39,75,73,90,94,47,76,101,48,25,64,17,104,92,80,20,77,68,32,42,119,23
land,1792822,null,null,,,98,,78,,,,,,,,,,,,,,,,,,,,,,,,,,,,,,,,,,
dig,1794829,,,,,,[],78,,,,,,,,,,,,,,,,,,,,,,,,,,,,,,,,,,
harvest,1796333,null,null,,,51,,78,,,,,,98,0.520642299,0.520408163,,,,,,,,,,,,,,,,,,,,,,,,,,
decision,1796444,110.2,76,,,51,,78,,,,,,,,,104290,5,0,TRUE,,,,,,,,,,,,,,,,,,,,,,
travel,1806333,,,,,,[],78,,,,,,,,,,,,,,,,,,,,,,,,,,,,,,,,,,
alien_welcome,1811341,null,null,,,,,,,,,12,30,51,67,5,14,28,109,54,39,75,73,90,94,47,76,101,48,25,64,17,104,92,80,20,77,68,32,42,119,23
land,1811846,null,null,,,111,,79,,,,,,,,,,,,,,,,,,,,,,,,,,,,,,,,,,
dig,1813854,,,,,,[],79,,,,,,,,,,,,,,,,,,,,,,,,,,,,,,,,,,
harvest,1815357,null,null,,,61,,79,,,,,,111,0.550920757,0.54954955,,,,,,,,,,,,,,,,,,,,,,,,,,
decision,1815723,365.2,76,,,61,,79,,,,,,,,,123570,5,0,TRUE,,,,,,,,,,,,,,,,,,,,,,
travel,1825366,,,,,,[],79,,,,,,,,,,,,,,,,,,,,,,,,,,,,,,,,,,
alien_welcome,1830373,null,null,,,,,,,,,49,30,51,67,5,14,28,109,54,39,75,73,90,94,47,76,101,48,25,64,17,104,92,80,20,77,68,32,42,119,23
land,1830875,null,null,,,97,,80,,,,,,,,,,,,,,,,,,,,,,,,,,,,,,,,,,
dig,1832885,,,,,,[],80,,,,,,,,,,,,,,,,,,,,,,,,,,,,,,,,,,
harvest,1834389,null,null,,,37,,80,,,,,,97,0.386149771,0.381443299,,,,,,,,,,,,,,,,,,,,,,,,,,
decision,1834572,181.9000001,76,,,37,,80,,,,,,,,,142419,5,0,TRUE,,,,,,,,,,,,,,,,,,,,,,
travel,1844398,,,,,,[],80,,,,,,,,,,,,,,,,,,,,,,,,,,,,,,,,,,
alien_welcome,1849406,null,null,,,,,,,,,84,30,51,67,5,14,28,109,54,39,75,73,90,94,47,76,101,48,25,64,17,104,92,80,20,77,68,32,42,119,23
land,1849909,null,null,,,93,,81,,,,,,,,,,,,,,,,,,,,,,,,,,,,,,,,,,
dig,1851917,,,,,,[],81,,,,,,,,,,,,,,,,,,,,,,,,,,,,,,,,,,
harvest,1853422,null,null,,,44,,81,,,,,,93,0.470104746,0.47311828,,,,,,,,,,,,,,,,,,,,,,,,,,
decision,1853588,164.8,76,,,44,,81,,,,,,,,,161434,5,0,TRUE,,,,,,,,,,,,,,,,,,,,,,
travel,1863429,,,,,,[],81,,,,,,,,,,,,,,,,,,,,,,,,,,,,,,,,,,
alien_welcome,1868435,null,null,,,,,,,,,111,30,51,67,5,14,28,109,54,39,75,73,90,94,47,76,101,48,25,64,17,104,92,80,20,77,68,32,42,119,23
land,1868941,null,null,,,108,,82,,,,,,,,,,,,,,,,,,,,,,,,,,,,,,,,,,
dig,1870949,,,,,,[],82,,,,,,,,,,,,,,,,,,,,,,,,,,,,,,,,,,
harvest,1872454,null,null,,,59,,82,,,,,,108,0.549873021,0.546296296,,,,,,,,,,,,,,,,,,,,,,,,,,
decision,1872571,116.1999999,65,,,59,,82,,,,,,,,,180417,5,0,FALSE,,,,,,,,,,,,,,,,,,,,,,
dig,1874462,,,,,,[],82,,,,,,,,,,,,,,,,,,,,,,,,,,,,,,,,,,
harvest,1875965,null,null,,,29,,82,,,,,,59,0.48756671,0.491525424,,,,,,,,,,,,,,,,,,,,,,,,,,
decision,1877973,null,null,,,29,,82,,,,,,,,,185819,5,1,FALSE,,,,,,,,,,,,,,,,,,,,,,
time_out,1879981,null,null,,,29,,,,,,,,,,,,,,,,,,,,,,,,,,,,,,,,,,,,
decision,1881989,null,null,,,29,,82,,,,,,,,,189835,5,1,FALSE,,,,,,,,,,,,,,,,,,,,,,
time_out,1883998,null,null,,,29,,,,,,,,,,,,,,,,,,,,,,,,,,,,,,,,,,,,
decision,1886006,null,null,,,29,,82,,,,,,,,,193852,5,1,FALSE,,,,,,,,,,,,,,,,,,,,,,
time_out,1888014,null,null,,,29,,,,,,,,,,,,,,,,,,,,,,,,,,,,,,,,,,,,
decision,1889419,1403.7,65,,,29,,82,,,,,,,,,197265,5,1,FALSE,,,,,,,,,,,,,,,,,,,,,,
dig,1890022,,,,,,[],82,,,,,,,,,,,,,,,,,,,,,,,,,,,,,,,,,,
harvest,1891525,null,null,,,14,,82,,,,,,29,0.485484208,0.482758621,,,,,,,,,,,,,,,,,,,,,,,,,,
decision,1891666,140,76,,,14,,82,,,,,,,,,199513,5,2,TRUE,,,,,,,,,,,,,,,,,,,,,,
travel,1901534,,,,,,[],82,,,,,,,,,,,,,,,,,,,,,,,,,,,,,,,,,,
alien_welcome,1906541,null,null,,,,,,,,,34,30,51,67,5,14,28,109,54,39,75,73,90,94,47,76,101,48,25,64,17,104,92,80,20,77,68,32,42,119,23
land,1907045,null,null,,,99,,83,,,,,,,,,,,,,,,,,,,,,,,,,,,,,,,,,,
dig,1909054,,,,,,[],83,,,,,,,,,,,,,,,,,,,,,,,,,,,,,,,,,,
harvest,1910557,null,null,,,46,,83,,,,,,99,0.469001583,0.464646465,,,,,,,,,,,,,,,,,,,,,,,,,,
decision,1910617,58.80000007,76,,,46,,83,,,,,,,,,218464,5,0,TRUE,,,,,,,,,,,,,,,,,,,,,,
travel,1920566,,,,,,[],83,,,,,,,,,,,,,,,,,,,,,,,,,,,,,,,,,,
alien_welcome,1925574,null,null,,,,,,,,,60,30,51,67,5,14,28,109,54,39,75,73,90,94,47,76,101,48,25,64,17,104,92,80,20,77,68,32,42,119,23
land,1926078,null,null,,,104,,84,,,,,,,,,,,,,,,,,,,,,,,,,,,,,,,,,,
dig,1928085,,,,,,[],84,,,,,,,,,,,,,,,,,,,,,,,,,,,,,,,,,,
harvest,1929589,null,null,,,51,,84,,,,,,104,0.493439099,0.490384615,,,,,,,,,,,,,,,,,,,,,,,,,,
decision,1929593,2.200000048,65,,,51,,84,,,,,,,,,237439,5,0,FALSE,,,,,,,,,,,,,,,,,,,,,,
dig,1931597,,,,,,[],84,,,,,,,,,,,,,,,,,,,,,,,,,,,,,,,,,,
harvest,1933102,null,null,,,24,,84,,,,,,51,0.463626016,0.470588235,,,,,,,,,,,,,,,,,,,,,,,,,,
decision,1933258,155.1,76,,,24,,84,,,,,,,,,241104,5,1,TRUE,,,,,,,,,,,,,,,,,,,,,,
travel,1943109,,,,,,[],84,,,,,,,,,,,,,,,,,,,,,,,,,,,,,,,,,,
alien_welcome,1948117,null,null,,,,,,,,,100,30,51,67,5,14,28,109,54,39,75,73,90,94,47,76,101,48,25,64,17,104,92,80,20,77,68,32,42,119,23
land,1948622,null,null,,,99,,85,,,,,,,,,,,,,,,,,,,,,,,,,,,,,,,,,,
dig,1950629,,,,,,[],85,,,,,,,,,,,,,,,,,,,,,,,,,,,,,,,,,,
harvest,1952133,null,null,,,50,,85,,,,,,99,0.502941866,0.505050505,,,,,,,,,,,,,,,,,,,,,,,,,,
decision,1952345,210.8,65,,,50,,85,,,,,,,,,260191,5,0,FALSE,,,,,,,,,,,,,,,,,,,,,,
dig,1954141,,,,,,[],85,,,,,,,,,,,,,,,,,,,,,,,,,,,,,,,,,,
harvest,1955645,null,null,,,26,,85,,,,,,50,0.519272684,0.52,,,,,,,,,,,,,,,,,,,,,,,,,,
decision,1955792,146.0999999,76,,,26,,85,,,,,,,,,263639,5,1,TRUE,,,,,,,,,,,,,,,,,,,,,,
travel,1965654,,,,,,[],85,,,,,,,,,,,,,,,,,,,,,,,,,,,,,,,,,,
alien_welcome,1970662,null,null,,,,,,,,,19,30,51,67,5,14,28,109,54,39,75,73,90,94,47,76,101,48,25,64,17,104,92,80,20,77,68,32,42,119,23
land,1971165,null,null,,,92,,86,,,,,,,,,,,,,,,,,,,,,,,,,,,,,,,,,,
dig,1973173,,,,,,[],86,,,,,,,,,,,,,,,,,,,,,,,,,,,,,,,,,,
harvest,1974678,null,null,,,47,,86,,,,,,92,0.506324321,0.510869565,,,,,,,,,,,,,,,,,,,,,,,,,,
decision,1975257,578.1,65,,,47,,86,,,,,,,,,283103,5,0,FALSE,,,,,,,,,,,,,,,,,,,,,,
dig,1976686,,,,,,[],86,,,,,,,,,,,,,,,,,,,,,,,,,,,,,,,,,,
harvest,1978189,null,null,,,20,,86,,,,,,47,0.434699712,0.425531915,,,,,,,,,,,,,,,,,,,,,,,,,,
decision,1978291,101.4,76,,,20,,86,,,,,,,,,286138,5,1,TRUE,,,,,,,,,,,,,,,,,,,,,,
travel,1988197,,,,,,[],86,,,,,,,,,,,,,,,,,,,,,,,,,,,,,,,,,,
alien_welcome,1993205,null,null,,,,,,,,,91,30,51,67,5,14,28,109,54,39,75,73,90,94,47,76,101,48,25,64,17,104,92,80,20,77,68,32,42,119,23
land,1993709,null,null,,,104,,87,,,,,,,,,,,,,,,,,,,,,,,,,,,,,,,,,,
dig,1995718,,,,,,[],87,,,,,,,,,,,,,,,,,,,,,,,,,,,,,,,,,,
harvest,1997221,null,null,,,49,,87,,,,,,104,0.472164987,0.471153846,,,,,,,,,,,,,,,,,,,,,,,,,,
decision,1997336,113.1999999,76,,,49,,87,,,,,,,,,305182,5,0,TRUE,,,,,,,,,,,,,,,,,,,,,,
travel,2007230,,,,,,[],87,,,,,,,,,,,,,,,,,,,,,,,,,,,,,,,,,,
alien_welcome,2012238,null,null,,,,,,,,,89,30,51,67,5,14,28,109,54,39,75,73,90,94,47,76,101,48,25,64,17,104,92,80,20,77,68,32,42,119,23
land,2012742,null,null,,,104,,88,,,,,,,,,,,,,,,,,,,,,,,,,,,,,,,,,,
dig,2014749,,,,,,[],88,,,,,,,,,,,,,,,,,,,,,,,,,,,,,,,,,,
harvest,2016253,null,null,,,84,,88,,,,,,104,0.806944787,0.807692308,,,,,,,,,,,,,,,,,,,,,,,,,,
decision,2017384,1129.9,76,,,84,,88,,,,,,,,,325231,5,0,TRUE,,,,,,,,,,,,,,,,,,,,,,
travel,2026261,,,,,,[],88,,,,,,,,,,,,,,,,,,,,,,,,,,,,,,,,,,
alien_welcome,2031270,null,null,,,,,,,,,52,30,51,67,5,14,28,109,54,39,75,73,90,94,47,76,101,48,25,64,17,104,92,80,20,77,68,32,42,119,23
land,2031773,null,null,,,100,,89,,,,,,,,,,,,,,,,,,,,,,,,,,,,,,,,,,
dig,2033781,,,,,,[],89,,,,,,,,,,,,,,,,,,,,,,,,,,,,,,,,,,
harvest,2035286,null,null,,,81,,89,,,,,,100,0.812725667,0.81,,,,,,,,,,,,,,,,,,,,,,,,,,
decision,2035423,136.5,76,,,81,,89,,,,,,,,,343270,5,0,TRUE,,,,,,,,,,,,,,,,,,,,,,
travel,2045293,,,,,,[],89,,,,,,,,,,,,,,,,,,,,,,,,,,,,,,,,,,
alien_welcome,2050302,null,null,,,,,,,,,115,30,51,67,5,14,28,109,54,39,75,73,90,94,47,76,101,48,25,64,17,104,92,80,20,77,68,32,42,119,23
land,2050806,null,null,,,101,,90,,,,,,,,,,,,,,,,,,,,,,,,,,,,,,,,,,
dig,2052813,,,,,,[],90,,,,,,,,,,,,,,,,,,,,,,,,,,,,,,,,,,
harvest,2054317,null,null,,,79,,90,,,,,,101,0.786888986,0.782178218,,,,,,,,,,,,,,,,,,,,,,,,,,
decision,2054479,160.3000001,65,,,79,,90,,,,,,,,,362325,5,0,TRUE,,,,,,,,,,,,,,,,,,,,,,
catch,2057487,3002.2,90,,,79,,,,,,,,,,,,,,,,,,,,,,,,,,,,,,,,,,,,
debrief,2890479,832989.8,,,,,{planet_threshold:yes,planet_threshold_desc:I collect small amount of gems then I left,dig_threshold:yes,dig_threshold_desc:Only collect the high amount of gems ,surprise:yes,surprise_desc:Collect more amount of gems then i decide stay on it,dynamic:yes,dynamic_desc:Getting more number of gems,other:no,other_desc:,feedback:Nice},,,,,,,,,,,,,,,,,,,,,,,,,
demo,2896686,6205,,,,,{age:25,gender:female},,,,,,,,,,,,,,,,,,,,,,,,,,,,,,,,,,
end_of_exp,2908589,11900.8,32,,,,,,,,,,,,,,,,,,2,0,,,,,,,,,,,,,,,,,,,,