trial_type,time_elapsed,rt,key_press,condition,subject_id,next_reward,responses,planet,curr_prac_trial,n_prac_rounds,button_pressed,alien,aliens,reward_received,decay_rate_actual,decay_rate_exp,time_in_block,block_num,prt,last_trial_on_planet,bonus,num_failures,,,,,,,,,,,,,,,,,,,,,,,,,,,,,,,
fullscreen,217900,,,,,,,,,,,,,,,,,,,,,,,,,,,,,,,,,,,,,,,,,,,,,,,,,,,,
instruc_welcome,222650,4748.3,32,1,ACQN7FGVWD0RH,,,,,,,,,,,,,,,,,,,,,,,,,,,,,,,,,,,,,,,,,,,,,,,,
instruc_goal,224233,1582.4,32,,,,,,,,,,,,,,,,,,,,,,,,,,,,,,,,,,,,,,,,,,,,,,,,,,
instruc_dig,227457,3223.3,65,,,100,,,,,,,,,,,,,,,,,,,,,,,,,,,,,,,,,,,,,,,,,,,,,,,
dig_instruc,229466,,,,,,[],,,,,,,,,,,,,,,,,,,,,,,,,,,,,,,,,,,,,,,,,,,,,,
harvest_instruc,230969,null,null,,,,,,,,,,,,,,,,,,,,,,,,,,,,,,,,,,,,,,,,,,,,,,,,,,
instruc_travel,244497,13527.4,76,,,,,,,,,,,,,,,,,,,,,,,,,,,,,,,,,,,,,,,,,,,,,,,,,,
travel_prac,254500,,,,,,[],0,,,,,,,,,,,,,,,,,,,,,,,,,,,,,,,,,,,,,,,,,,,,,
instruc_alien_greet,257369,2867.4,32,,,,,,,,,,,,,,,,,,,,,,,,,,,,,,,,,,,,,,,,,,,,,,,,,,
time_out,262625,5254.9,32,,,,,,,,,,,,,,,,,,,,,,,,,,,,,,,,,,,,,,,,,,,,,,,,,,
instruc_break,263865,1239.5,32,,,,,,,,,,,,,,,,,,,,,,,,,,,,,,,,,,,,,,,,,,,,,,,,,,
quiz_prac,269851,5983.2,,,,,{Q0:C,Q1:B,Q2:B},,,,,,,,,,,,,,,,,,,,,,,,,,,,,,,,,,,,,,,,,,,,
quiz_correct,272787,2932,,,,,{Q0:C,Q1:B,Q2:B},,,,,,,,,,,,,,,,,,,,,,,,,,,,,,,,,,,,,,,,,,,,
instruc_prac_game,275330,2542.6,32,,,,,,,,,,,,,,,,,,,,,,,,,,,,,,,,,,,,,,,,,,,,,,,,,,
alien_welcome_prac,280332,null,null,,,,,,,,,,,,,,,,,,,,,,,,,,,,,,,,,,,,,,,,,,,,,,,,,,
land_prac,280835,null,null,,,95,,0,,,,,,,,,,,,,,,,,,,,,,,,,,,,,,,,,,,,,,,,,,,,,
dig_prac,282839,,,,,,[],,,,,,,,,,,,,,,,,,,,,,,,,,,,,,,,,,,,,,,,,,,,,,
harvest_prac,284341,null,null,,,,,,,,,,,,,,,,,,,,,,,,,,,,,,,,,,,,,,,,,,,,,,,,,,
decision_prac,284442,100,76,,,,,,1,,,,,,,,,,,,,,,,,,,,,,,,,,,,,,,,,,,,,,,,,,,,
travel,294347,,,,,,[],0,,,,,,,,,,,,,,,,,,,,,,,,,,,,,,,,,,,,,,,,,,,,,
alien_welcome_prac,299349,null,null,,,,,,,,,,,,,,,,,,,,,,,,,,,,,,,,,,,,,,,,,,,,,,,,,,
land_prac,299851,null,null,,,104,,0,,,,,,,,,,,,,,,,,,,,,,,,,,,,,,,,,,,,,,,,,,,,,
dig_prac,301854,,,,,,[],,,,,,,,,,,,,,,,,,,,,,,,,,,,,,,,,,,,,,,,,,,,,,
harvest_prac,303356,null,null,,,,,,,,,,,,,,,,,,,,,,,,,,,,,,,,,,,,,,,,,,,,,,,,,,
decision_prac,303401,44.19999981,76,,,,,,2,,,,,,,,,,,,,,,,,,,,,,,,,,,,,,,,,,,,,,,,,,,,
travel,313360,,,,,,[],0,,,,,,,,,,,,,,,,,,,,,,,,,,,,,,,,,,,,,,,,,,,,,
alien_welcome_prac,318362,null,null,,,,,,,,,,,,,,,,,,,,,,,,,,,,,,,,,,,,,,,,,,,,,,,,,,
land_prac,318863,null,null,,,94,,0,,,,,,,,,,,,,,,,,,,,,,,,,,,,,,,,,,,,,,,,,,,,,
dig_prac,320868,,,,,,[],,,,,,,,,,,,,,,,,,,,,,,,,,,,,,,,,,,,,,,,,,,,,,
harvest_prac,322370,null,null,,,,,,,,,,,,,,,,,,,,,,,,,,,,,,,,,,,,,,,,,,,,,,,,,,
decision_prac,322409,37.89999962,76,,,,,,3,,,,,,,,,,,,,,,,,,,,,,,,,,,,,,,,,,,,,,,,,,,,
travel,332370,,,,,,[],0,,,,,,,,,,,,,,,,,,,,,,,,,,,,,,,,,,,,,,,,,,,,,
alien_welcome_prac,337372,null,null,,,,,,,,,,,,,,,,,,,,,,,,,,,,,,,,,,,,,,,,,,,,,,,,,,
land_prac,337875,null,null,,,99,,0,,,,,,,,,,,,,,,,,,,,,,,,,,,,,,,,,,,,,,,,,,,,,
dig_prac,339878,,,,,,[],,,,,,,,,,,,,,,,,,,,,,,,,,,,,,,,,,,,,,,,,,,,,,
harvest_prac,341380,null,null,,,,,,,,,,,,,,,,,,,,,,,,,,,,,,,,,,,,,,,,,,,,,,,,,,
decision_prac,341403,21.69999981,76,,,,,,4,,,,,,,,,,,,,,,,,,,,,,,,,,,,,,,,,,,,,,,,,,,,
travel,351379,,,,,,[],0,,,,,,,,,,,,,,,,,,,,,,,,,,,,,,,,,,,,,,,,,,,,,
alien_welcome_prac,361351,,,,,,[],,,,,,,,,,,,,,,,,,,,,,,,,,,,,,,,,,,,,,,,,,,,,,
land_prac,361854,null,null,,,99,,0,,,,,,,,,,,,,,,,,,,,,,,,,,,,,,,,,,,,,,,,,,,,,
dig_prac,363858,,,,,,[],,,,,,,,,,,,,,,,,,,,,,,,,,,,,,,,,,,,,,,,,,,,,,
harvest_prac,365360,null,null,,,,,,,,,,,,,,,,,,,,,,,,,,,,,,,,,,,,,,,,,,,,,,,,,,
decision_prac,365395,33.89999962,76,,,,,,,1,,,,,,,,,,,,,,,,,,,,,,,,,,,,,,,,,,,,,,,,,,,
instruc_begin_exp,368076,2678.4,,,,,,,,1,1,,,,,,,,,,,,,,,,,,,,,,,,,,,,,,,,,,,,,,,,,,
alien_welcome,373079,null,null,,,,,,,,,28,75,110,36,22,40,67,80,30,109,34,35,25,92,10,71,51,3,43,20,106,17,83,54,112,4,82,37,117,60,85,24,49,62,18,66,91,46,6,88,31,87
land,373581,null,null,,,97,,1,,,,,,,,,,,,,,,,,,,,,,,,,,,,,,,,,,,,,,,,,,,,,
dig,375585,,,,,,[],1,,,,,,,,,,,,,,,,,,,,,,,,,,,,,,,,,,,,,,,,,,,,,
harvest,377087,null,null,,,17,,1,,,,,,97,0.172770365,0.175257732,,,,,,,,,,,,,,,,,,,,,,,,,,,,,,,,,,,,,
decision,377251,163.1000004,76,,,17,,1,,,,,,,,,9174,1,0,TRUE,,,,,,,,,,,,,,,,,,,,,,,,,,,,,,,,,
travel,387083,,,,,,[],1,,,,,,,,,,,,,,,,,,,,,,,,,,,,,,,,,,,,,,,,,,,,,
alien_welcome,392086,null,null,,,,,,,,,69,75,110,36,22,40,67,80,30,109,34,35,25,92,10,71,51,3,43,20,106,17,83,54,112,4,82,37,117,60,85,24,49,62,18,66,91,46,6,88,31,87
land,392588,null,null,,,103,,2,,,,,,,,,,,,,,,,,,,,,,,,,,,,,,,,,,,,,,,,,,,,,
dig,394593,,,,,,[],2,,,,,,,,,,,,,,,,,,,,,,,,,,,,,,,,,,,,,,,,,,,,,
harvest,396095,null,null,,,15,,2,,,,,,103,0.141169006,0.145631068,,,,,,,,,,,,,,,,,,,,,,,,,,,,,,,,,,,,,
decision,396147,50.80000019,76,,,15,,2,,,,,,,,,28070,1,0,TRUE,,,,,,,,,,,,,,,,,,,,,,,,,,,,,,,,,
travel,406096,,,,,,[],2,,,,,,,,,,,,,,,,,,,,,,,,,,,,,,,,,,,,,,,,,,,,,
alien_welcome,411098,null,null,,,,,,,,,94,75,110,36,22,40,67,80,30,109,34,35,25,92,10,71,51,3,43,20,106,17,83,54,112,4,82,37,117,60,85,24,49,62,18,66,91,46,6,88,31,87
land,411600,null,null,,,101,,3,,,,,,,,,,,,,,,,,,,,,,,,,,,,,,,,,,,,,,,,,,,,,
dig,413604,,,,,,[],3,,,,,,,,,,,,,,,,,,,,,,,,,,,,,,,,,,,,,,,,,,,,,
harvest,415106,null,null,,,48,,3,,,,,,101,0.473076452,0.475247525,,,,,,,,,,,,,,,,,,,,,,,,,,,,,,,,,,,,,
decision,415211,104.8000002,76,,,48,,3,,,,,,,,,47134,1,0,TRUE,,,,,,,,,,,,,,,,,,,,,,,,,,,,,,,,,
travel,425107,,,,,,[],3,,,,,,,,,,,,,,,,,,,,,,,,,,,,,,,,,,,,,,,,,,,,,
alien_welcome,430110,null,null,,,,,,,,,41,75,110,36,22,40,67,80,30,109,34,35,25,92,10,71,51,3,43,20,106,17,83,54,112,4,82,37,117,60,85,24,49,62,18,66,91,46,6,88,31,87
land,430611,null,null,,,109,,4,,,,,,,,,,,,,,,,,,,,,,,,,,,,,,,,,,,,,,,,,,,,,
dig,432615,,,,,,[],4,,,,,,,,,,,,,,,,,,,,,,,,,,,,,,,,,,,,,,,,,,,,,
harvest,434117,null,null,,,58,,4,,,,,,109,0.529403569,0.532110092,,,,,,,,,,,,,,,,,,,,,,,,,,,,,,,,,,,,,
decision,434171,52.69999981,76,,,58,,4,,,,,,,,,66094,1,0,TRUE,,,,,,,,,,,,,,,,,,,,,,,,,,,,,,,,,
travel,444120,,,,,,[],4,,,,,,,,,,,,,,,,,,,,,,,,,,,,,,,,,,,,,,,,,,,,,
alien_welcome,449123,null,null,,,,,,,,,104,75,110,36,22,40,67,80,30,109,34,35,25,92,10,71,51,3,43,20,106,17,83,54,112,4,82,37,117,60,85,24,49,62,18,66,91,46,6,88,31,87
land,449625,null,null,,,111,,5,,,,,,,,,,,,,,,,,,,,,,,,,,,,,,,,,,,,,,,,,,,,,
dig,451631,,,,,,[],5,,,,,,,,,,,,,,,,,,,,,,,,,,,,,,,,,,,,,,,,,,,,,
harvest,453133,null,null,,,54,,5,,,,,,111,0.485936727,0.486486486,,,,,,,,,,,,,,,,,,,,,,,,,,,,,,,,,,,,,
decision,453197,62.4000001,76,,,54,,5,,,,,,,,,85120,1,0,TRUE,,,,,,,,,,,,,,,,,,,,,,,,,,,,,,,,,
travel,463138,,,,,,[],5,,,,,,,,,,,,,,,,,,,,,,,,,,,,,,,,,,,,,,,,,,,,,
alien_welcome,468140,null,null,,,,,,,,,27,75,110,36,22,40,67,80,30,109,34,35,25,92,10,71,51,3,43,20,106,17,83,54,112,4,82,37,117,60,85,24,49,62,18,66,91,46,6,88,31,87
land,468641,null,null,,,101,,6,,,,,,,,,,,,,,,,,,,,,,,,,,,,,,,,,,,,,,,,,,,,,
dig,470645,,,,,,[],6,,,,,,,,,,,,,,,,,,,,,,,,,,,,,,,,,,,,,,,,,,,,,
harvest,472148,null,null,,,82,,6,,,,,,101,0.809228357,0.811881188,,,,,,,,,,,,,,,,,,,,,,,,,,,,,,,,,,,,,
decision,472156,7.799999714,76,,,82,,6,,,,,,,,,104079,1,0,TRUE,,,,,,,,,,,,,,,,,,,,,,,,,,,,,,,,,
travel,482151,,,,,,[],6,,,,,,,,,,,,,,,,,,,,,,,,,,,,,,,,,,,,,,,,,,,,,
alien_welcome,487153,null,null,,,,,,,,,21,75,110,36,22,40,67,80,30,109,34,35,25,92,10,71,51,3,43,20,106,17,83,54,112,4,82,37,117,60,85,24,49,62,18,66,91,46,6,88,31,87
land,487654,null,null,,,99,,7,,,,,,,,,,,,,,,,,,,,,,,,,,,,,,,,,,,,,,,,,,,,,
dig,489658,,,,,,[],7,,,,,,,,,,,,,,,,,,,,,,,,,,,,,,,,,,,,,,,,,,,,,
harvest,491160,null,null,,,81,,7,,,,,,99,0.819131006,0.818181818,,,,,,,,,,,,,,,,,,,,,,,,,,,,,,,,,,,,,
decision,491196,35.19999981,76,,,81,,7,,,,,,,,,123119,1,0,TRUE,,,,,,,,,,,,,,,,,,,,,,,,,,,,,,,,,
travel,501164,,,,,,[],7,,,,,,,,,,,,,,,,,,,,,,,,,,,,,,,,,,,,,,,,,,,,,
alien_welcome,506165,null,null,,,,,,,,,61,75,110,36,22,40,67,80,30,109,34,35,25,92,10,71,51,3,43,20,106,17,83,54,112,4,82,37,117,60,85,24,49,62,18,66,91,46,6,88,31,87
land,506667,null,null,,,92,,8,,,,,,,,,,,,,,,,,,,,,,,,,,,,,,,,,,,,,,,,,,,,,
dig,508671,,,,,,[],8,,,,,,,,,,,,,,,,,,,,,,,,,,,,,,,,,,,,,,,,,,,,,
harvest,510173,null,null,,,67,,8,,,,,,92,0.730246106,0.72826087,,,,,,,,,,,,,,,,,,,,,,,,,,,,,,,,,,,,,
decision,511325,1150,76,,,67,,8,,,,,,,,,143248,1,0,TRUE,,,,,,,,,,,,,,,,,,,,,,,,,,,,,,,,,
travel,520176,,,,,,[],8,,,,,,,,,,,,,,,,,,,,,,,,,,,,,,,,,,,,,,,,,,,,,
alien_welcome,525179,null,null,,,,,,,,,5,75,110,36,22,40,67,80,30,109,34,35,25,92,10,71,51,3,43,20,106,17,83,54,112,4,82,37,117,60,85,24,49,62,18,66,91,46,6,88,31,87
land,525681,null,null,,,110,,9,,,,,,,,,,,,,,,,,,,,,,,,,,,,,,,,,,,,,,,,,,,,,
dig,527684,,,,,,[],9,,,,,,,,,,,,,,,,,,,,,,,,,,,,,,,,,,,,,,,,,,,,,
harvest,529187,null,null,,,12,,9,,,,,,110,0.113148862,0.109090909,,,,,,,,,,,,,,,,,,,,,,,,,,,,,,,,,,,,,
decision,529261,73,76,,,12,,9,,,,,,,,,161184,1,0,TRUE,,,,,,,,,,,,,,,,,,,,,,,,,,,,,,,,,
travel,539193,,,,,,[],9,,,,,,,,,,,,,,,,,,,,,,,,,,,,,,,,,,,,,,,,,,,,,
alien_welcome,544195,null,null,,,,,,,,,96,75,110,36,22,40,67,80,30,109,34,35,25,92,10,71,51,3,43,20,106,17,83,54,112,4,82,37,117,60,85,24,49,62,18,66,91,46,6,88,31,87
land,544697,null,null,,,95,,10,,,,,,,,,,,,,,,,,,,,,,,,,,,,,,,,,,,,,,,,,,,,,
dig,546700,,,,,,[],10,,,,,,,,,,,,,,,,,,,,,,,,,,,,,,,,,,,,,,,,,,,,,
harvest,548202,null,null,,,16,,10,,,,,,95,0.167535148,0.168421053,,,,,,,,,,,,,,,,,,,,,,,,,,,,,,,,,,,,,
decision,548252,49.5,76,,,16,,10,,,,,,,,,180175,1,0,TRUE,,,,,,,,,,,,,,,,,,,,,,,,,,,,,,,,,
travel,558202,,,,,,[],10,,,,,,,,,,,,,,,,,,,,,,,,,,,,,,,,,,,,,,,,,,,,,
alien_welcome,563204,null,null,,,,,,,,,74,75,110,36,22,40,67,80,30,109,34,35,25,92,10,71,51,3,43,20,106,17,83,54,112,4,82,37,117,60,85,24,49,62,18,66,91,46,6,88,31,87
land,563705,null,null,,,108,,11,,,,,,,,,,,,,,,,,,,,,,,,,,,,,,,,,,,,,,,,,,,,,
dig,565709,,,,,,[],11,,,,,,,,,,,,,,,,,,,,,,,,,,,,,,,,,,,,,,,,,,,,,
harvest,567212,null,null,,,21,,11,,,,,,108,0.191748089,0.194444444,,,,,,,,,,,,,,,,,,,,,,,,,,,,,,,,,,,,,
decision,567356,143,76,,,21,,11,,,,,,,,,199279,1,0,TRUE,,,,,,,,,,,,,,,,,,,,,,,,,,,,,,,,,
travel,577218,,,,,,[],11,,,,,,,,,,,,,,,,,,,,,,,,,,,,,,,,,,,,,,,,,,,,,
alien_welcome,582220,null,null,,,,,,,,,64,75,110,36,22,40,67,80,30,109,34,35,25,92,10,71,51,3,43,20,106,17,83,54,112,4,82,37,117,60,85,24,49,62,18,66,91,46,6,88,31,87
land,582722,null,null,,,105,,12,,,,,,,,,,,,,,,,,,,,,,,,,,,,,,,,,,,,,,,,,,,,,
dig,584726,,,,,,[],12,,,,,,,,,,,,,,,,,,,,,,,,,,,,,,,,,,,,,,,,,,,,,
harvest,586228,null,null,,,19,,12,,,,,,105,0.184721419,0.180952381,,,,,,,,,,,,,,,,,,,,,,,,,,,,,,,,,,,,,
decision,586327,97.9000001,76,,,19,,12,,,,,,,,,218250,1,0,TRUE,,,,,,,,,,,,,,,,,,,,,,,,,,,,,,,,,
travel,596232,,,,,,[],12,,,,,,,,,,,,,,,,,,,,,,,,,,,,,,,,,,,,,,,,,,,,,
alien_welcome,601233,null,null,,,,,,,,,118,75,110,36,22,40,67,80,30,109,34,35,25,92,10,71,51,3,43,20,106,17,83,54,112,4,82,37,117,60,85,24,49,62,18,66,91,46,6,88,31,87
land,601735,null,null,,,101,,13,,,,,,,,,,,,,,,,,,,,,,,,,,,,,,,,,,,,,,,,,,,,,
dig,603739,,,,,,[],13,,,,,,,,,,,,,,,,,,,,,,,,,,,,,,,,,,,,,,,,,,,,,
harvest,605242,null,null,,,18,,13,,,,,,101,0.182567023,0.178217822,,,,,,,,,,,,,,,,,,,,,,,,,,,,,,,,,,,,,
decision,605278,35.5,76,,,18,,13,,,,,,,,,237201,1,0,TRUE,,,,,,,,,,,,,,,,,,,,,,,,,,,,,,,,,
travel,615246,,,,,,[],13,,,,,,,,,,,,,,,,,,,,,,,,,,,,,,,,,,,,,,,,,,,,,
alien_welcome,620247,null,null,,,,,,,,,7,75,110,36,22,40,67,80,30,109,34,35,25,92,10,71,51,3,43,20,106,17,83,54,112,4,82,37,117,60,85,24,49,62,18,66,91,46,6,88,31,87
land,620749,null,null,,,98,,14,,,,,,,,,,,,,,,,,,,,,,,,,,,,,,,,,,,,,,,,,,,,,
dig,622752,,,,,,[],14,,,,,,,,,,,,,,,,,,,,,,,,,,,,,,,,,,,,,,,,,,,,,
harvest,624255,null,null,,,84,,14,,,,,,98,0.857987909,0.857142857,,,,,,,,,,,,,,,,,,,,,,,,,,,,,,,,,,,,,
decision,624453,197.0999999,76,,,84,,14,,,,,,,,,256376,1,0,TRUE,,,,,,,,,,,,,,,,,,,,,,,,,,,,,,,,,
travel,634260,,,,,,[],14,,,,,,,,,,,,,,,,,,,,,,,,,,,,,,,,,,,,,,,,,,,,,
alien_welcome,639262,null,null,,,,,,,,,97,75,110,36,22,40,67,80,30,109,34,35,25,92,10,71,51,3,43,20,106,17,83,54,112,4,82,37,117,60,85,24,49,62,18,66,91,46,6,88,31,87
land,639765,null,null,,,104,,15,,,,,,,,,,,,,,,,,,,,,,,,,,,,,,,,,,,,,,,,,,,,,
dig,641769,,,,,,[],15,,,,,,,,,,,,,,,,,,,,,,,,,,,,,,,,,,,,,,,,,,,,,
harvest,643272,null,null,,,82,,15,,,,,,104,0.788713736,0.788461538,,,,,,,,,,,,,,,,,,,,,,,,,,,,,,,,,,,,,
decision,645274,null,null,,,82,,15,,,,,,,,,277197,1,0,FALSE,,,,,,,,,,,,,,,,,,,,,,,,,,,,,,,,,
time_out,647277,null,null,,,82,,,,,,,,,,,,,,,,,,,,,,,,,,,,,,,,,,,,,,,,,,,,,,,
decision,648478,1199.8,76,,,82,,15,,,,,,,,,280401,1,0,TRUE,,,,,,,,,,,,,,,,,,,,,,,,,,,,,,,,,
travel,657275,,,,,,[],15,,,,,,,,,,,,,,,,,,,,,,,,,,,,,,,,,,,,,,,,,,,,,
alien_welcome,662277,null,null,,,,,,,,,65,75,110,36,22,40,67,80,30,109,34,35,25,92,10,71,51,3,43,20,106,17,83,54,112,4,82,37,117,60,85,24,49,62,18,66,91,46,6,88,31,87
land,662779,null,null,,,100,,16,,,,,,,,,,,,,,,,,,,,,,,,,,,,,,,,,,,,,,,,,,,,,
dig,664782,,,,,,[],16,,,,,,,,,,,,,,,,,,,,,,,,,,,,,,,,,,,,,,,,,,,,,
harvest,666284,null,null,,,52,,16,,,,,,100,0.522455193,0.52,,,,,,,,,,,,,,,,,,,,,,,,,,,,,,,,,,,,,
decision,666366,81.29999971,76,,,52,,16,,,,,,,,,298289,1,0,TRUE,,,,,,,,,,,,,,,,,,,,,,,,,,,,,,,,,
travel,676289,,,,,,[],16,,,,,,,,,,,,,,,,,,,,,,,,,,,,,,,,,,,,,,,,,,,,,
alien_welcome,681291,null,null,,,,,,,,,79,75,110,36,22,40,67,80,30,109,34,35,25,92,10,71,51,3,43,20,106,17,83,54,112,4,82,37,117,60,85,24,49,62,18,66,91,46,6,88,31,87
land,681793,null,null,,,96,,17,,,,,,,,,,,,,,,,,,,,,,,,,,,,,,,,,,,,,,,,,,,,,
dig,683797,,,,,,[],17,,,,,,,,,,,,,,,,,,,,,,,,,,,,,,,,,,,,,,,,,,,,,
harvest,685299,null,null,,,76,,17,,,,,,96,0.791795371,0.791666667,,,,,,,,,,,,,,,,,,,,,,,,,,,,,,,,,,,,,
decision,686118,818.4000001,76,,,76,,17,,,,,,,,,318041,1,0,TRUE,,,,,,,,,,,,,,,,,,,,,,,,,,,,,,,,,
travel,695304,,,,,,[],17,,,,,,,,,,,,,,,,,,,,,,,,,,,,,,,,,,,,,,,,,,,,,
alien_welcome,700306,null,null,,,,,,,,,13,75,110,36,22,40,67,80,30,109,34,35,25,92,10,71,51,3,43,20,106,17,83,54,112,4,82,37,117,60,85,24,49,62,18,66,91,46,6,88,31,87
land,700808,null,null,,,105,,18,,,,,,,,,,,,,,,,,,,,,,,,,,,,,,,,,,,,,,,,,,,,,
dig,702812,,,,,,[],18,,,,,,,,,,,,,,,,,,,,,,,,,,,,,,,,,,,,,,,,,,,,,
harvest,704314,null,null,,,87,,18,,,,,,105,0.83252691,0.828571429,,,,,,,,,,,,,,,,,,,,,,,,,,,,,,,,,,,,,
decision,704407,92.39999962,76,,,87,,18,,,,,,,,,336330,1,0,TRUE,,,,,,,,,,,,,,,,,,,,,,,,,,,,,,,,,
travel,714312,,,,,,[],18,,,,,,,,,,,,,,,,,,,,,,,,,,,,,,,,,,,,,,,,,,,,,
alien_welcome,719314,null,null,,,,,,,,,12,75,110,36,22,40,67,80,30,109,34,35,25,92,10,71,51,3,43,20,106,17,83,54,112,4,82,37,117,60,85,24,49,62,18,66,91,46,6,88,31,87
land,719816,null,null,,,94,,19,,,,,,,,,,,,,,,,,,,,,,,,,,,,,,,,,,,,,,,,,,,,,
dig,721820,,,,,,[],19,,,,,,,,,,,,,,,,,,,,,,,,,,,,,,,,,,,,,,,,,,,,,
harvest,723323,null,null,,,76,,19,,,,,,94,0.806625701,0.808510638,,,,,,,,,,,,,,,,,,,,,,,,,,,,,,,,,,,,,
decision,723375,51.5,76,,,76,,19,,,,,,,,,355298,1,0,TRUE,,,,,,,,,,,,,,,,,,,,,,,,,,,,,,,,,
travel,733325,,,,,,[],19,,,,,,,,,,,,,,,,,,,,,,,,,,,,,,,,,,,,,,,,,,,,,
alien_welcome,738327,null,null,,,,,,,,,57,75,110,36,22,40,67,80,30,109,34,35,25,92,10,71,51,3,43,20,106,17,83,54,112,4,82,37,117,60,85,24,49,62,18,66,91,46,6,88,31,87
land,738828,null,null,,,102,,20,,,,,,,,,,,,,,,,,,,,,,,,,,,,,,,,,,,,,,,,,,,,,
dig,740832,,,,,,[],20,,,,,,,,,,,,,,,,,,,,,,,,,,,,,,,,,,,,,,,,,,,,,
harvest,742334,null,null,,,78,,20,,,,,,102,0.764842642,0.764705882,,,,,,,,,,,,,,,,,,,,,,,,,,,,,,,,,,,,,
decision,742511,175.7999997,76,,,78,,20,,,,,,,,,374434,1,0,TRUE,,,,,,,,,,,,,,,,,,,,,,,,,,,,,,,,,
catch,746471,3957.7,90,,,78,,,,,,,,,,,,,,,,,,,,,,,,,,,,,,,,,,,,,,,,,,,,,,,
end_of_block,752055,5582.9,32,,,,,,,,,,,,,,,,,,,,,,,,,,,,,,,,,,,,,,,,,,,,,,,,,,
alien_welcome,757067,null,null,,,,,,,,,73,75,110,36,22,40,67,80,30,109,34,35,25,92,10,71,51,3,43,20,106,17,83,54,112,4,82,37,117,60,85,24,49,62,18,66,91,46,6,88,31,87
land,757569,null,null,,,107,,21,,,,,,,,,,,,,,,,,,,,,,,,,,,,,,,,,,,,,,,,,,,,,
dig,759574,,,,,,[],21,,,,,,,,,,,,,,,,,,,,,,,,,,,,,,,,,,,,,,,,,,,,,
harvest,761076,null,null,,,18,,21,,,,,,107,0.170981231,0.168224299,,,,,,,,,,,,,,,,,,,,,,,,,,,,,,,,,,,,,
decision,761247,170.9000001,76,,,18,,21,,,,,,,,,9191,2,0,TRUE,,,,,,,,,,,,,,,,,,,,,,,,,,,,,,,,,
travel,771081,,,,,,[],21,,,,,,,,,,,,,,,,,,,,,,,,,,,,,,,,,,,,,,,,,,,,,
alien_welcome,776083,null,null,,,,,,,,,42,75,110,36,22,40,67,80,30,109,34,35,25,92,10,71,51,3,43,20,106,17,83,54,112,4,82,37,117,60,85,24,49,62,18,66,91,46,6,88,31,87
land,776586,null,null,,,97,,22,,,,,,,,,,,,,,,,,,,,,,,,,,,,,,,,,,,,,,,,,,,,,
dig,778590,,,,,,[],22,,,,,,,,,,,,,,,,,,,,,,,,,,,,,,,,,,,,,,,,,,,,,
harvest,780092,null,null,,,14,,22,,,,,,97,0.143890352,0.144329897,,,,,,,,,,,,,,,,,,,,,,,,,,,,,,,,,,,,,
decision,780273,180.0999999,76,,,14,,22,,,,,,,,,28216,2,0,TRUE,,,,,,,,,,,,,,,,,,,,,,,,,,,,,,,,,
travel,790096,,,,,,[],22,,,,,,,,,,,,,,,,,,,,,,,,,,,,,,,,,,,,,,,,,,,,,
alien_welcome,795098,null,null,,,,,,,,,99,75,110,36,22,40,67,80,30,109,34,35,25,92,10,71,51,3,43,20,106,17,83,54,112,4,82,37,117,60,85,24,49,62,18,66,91,46,6,88,31,87
land,795600,null,null,,,101,,23,,,,,,,,,,,,,,,,,,,,,,,,,,,,,,,,,,,,,,,,,,,,,
dig,797605,,,,,,[],23,,,,,,,,,,,,,,,,,,,,,,,,,,,,,,,,,,,,,,,,,,,,,
harvest,799107,null,null,,,15,,23,,,,,,101,0.146704781,0.148514851,,,,,,,,,,,,,,,,,,,,,,,,,,,,,,,,,,,,,
decision,799311,203.5999999,76,,,15,,23,,,,,,,,,47254,2,0,TRUE,,,,,,,,,,,,,,,,,,,,,,,,,,,,,,,,,
travel,809107,,,,,,[],23,,,,,,,,,,,,,,,,,,,,,,,,,,,,,,,,,,,,,,,,,,,,,
alien_welcome,814112,null,null,,,,,,,,,1,75,110,36,22,40,67,80,30,109,34,35,25,92,10,71,51,3,43,20,106,17,83,54,112,4,82,37,117,60,85,24,49,62,18,66,91,46,6,88,31,87
land,814613,null,null,,,101,,24,,,,,,,,,,,,,,,,,,,,,,,,,,,,,,,,,,,,,,,,,,,,,
dig,816617,,,,,,[],24,,,,,,,,,,,,,,,,,,,,,,,,,,,,,,,,,,,,,,,,,,,,,
harvest,818119,null,null,,,76,,24,,,,,,101,0.748730583,0.752475248,,,,,,,,,,,,,,,,,,,,,,,,,,,,,,,,,,,,,
decision,818225,104.6999998,76,,,76,,24,,,,,,,,,66168,2,0,TRUE,,,,,,,,,,,,,,,,,,,,,,,,,,,,,,,,,
travel,828121,,,,,,[],24,,,,,,,,,,,,,,,,,,,,,,,,,,,,,,,,,,,,,,,,,,,,,
alien_welcome,833123,null,null,,,,,,,,,23,75,110,36,22,40,67,80,30,109,34,35,25,92,10,71,51,3,43,20,106,17,83,54,112,4,82,37,117,60,85,24,49,62,18,66,91,46,6,88,31,87
land,833624,null,null,,,97,,25,,,,,,,,,,,,,,,,,,,,,,,,,,,,,,,,,,,,,,,,,,,,,
dig,835628,,,,,,[],25,,,,,,,,,,,,,,,,,,,,,,,,,,,,,,,,,,,,,,,,,,,,,
harvest,837131,null,null,,,76,,25,,,,,,97,0.779779761,0.783505155,,,,,,,,,,,,,,,,,,,,,,,,,,,,,,,,,,,,,
decision,837217,85.89999962,76,,,76,,25,,,,,,,,,85161,2,0,TRUE,,,,,,,,,,,,,,,,,,,,,,,,,,,,,,,,,
travel,847132,,,,,,[],25,,,,,,,,,,,,,,,,,,,,,,,,,,,,,,,,,,,,,,,,,,,,,
alien_welcome,852134,null,null,,,,,,,,,68,75,110,36,22,40,67,80,30,109,34,35,25,92,10,71,51,3,43,20,106,17,83,54,112,4,82,37,117,60,85,24,49,62,18,66,91,46,6,88,31,87
land,852635,null,null,,,99,,26,,,,,,,,,,,,,,,,,,,,,,,,,,,,,,,,,,,,,,,,,,,,,
dig,854639,,,,,,[],26,,,,,,,,,,,,,,,,,,,,,,,,,,,,,,,,,,,,,,,,,,,,,
harvest,856141,null,null,,,85,,26,,,,,,99,0.856264608,0.858585859,,,,,,,,,,,,,,,,,,,,,,,,,,,,,,,,,,,,,
decision,856385,243,76,,,85,,26,,,,,,,,,104328,2,0,TRUE,,,,,,,,,,,,,,,,,,,,,,,,,,,,,,,,,
travel,866145,,,,,,[],26,,,,,,,,,,,,,,,,,,,,,,,,,,,,,,,,,,,,,,,,,,,,,
alien_welcome,871148,null,null,,,,,,,,,101,75,110,36,22,40,67,80,30,109,34,35,25,92,10,71,51,3,43,20,106,17,83,54,112,4,82,37,117,60,85,24,49,62,18,66,91,46,6,88,31,87
land,871649,null,null,,,96,,27,,,,,,,,,,,,,,,,,,,,,,,,,,,,,,,,,,,,,,,,,,,,,
dig,873653,,,,,,[],27,,,,,,,,,,,,,,,,,,,,,,,,,,,,,,,,,,,,,,,,,,,,,
harvest,875157,null,null,,,74,,27,,,,,,96,0.774767497,0.770833333,,,,,,,,,,,,,,,,,,,,,,,,,,,,,,,,,,,,,
decision,875402,243.6999998,76,,,74,,27,,,,,,,,,123345,2,0,TRUE,,,,,,,,,,,,,,,,,,,,,,,,,,,,,,,,,
travel,885163,,,,,,[],27,,,,,,,,,,,,,,,,,,,,,,,,,,,,,,,,,,,,,,,,,,,,,
alien_welcome,890165,null,null,,,,,,,,,108,75,110,36,22,40,67,80,30,109,34,35,25,92,10,71,51,3,43,20,106,17,83,54,112,4,82,37,117,60,85,24,49,62,18,66,91,46,6,88,31,87
land,890666,null,null,,,109,,28,,,,,,,,,,,,,,,,,,,,,,,,,,,,,,,,,,,,,,,,,,,,,
dig,892671,,,,,,[],28,,,,,,,,,,,,,,,,,,,,,,,,,,,,,,,,,,,,,,,,,,,,,
harvest,894173,null,null,,,86,,28,,,,,,109,0.792326532,0.788990826,,,,,,,,,,,,,,,,,,,,,,,,,,,,,,,,,,,,,
decision,894361,187,76,,,86,,28,,,,,,,,,142304,2,0,TRUE,,,,,,,,,,,,,,,,,,,,,,,,,,,,,,,,,
travel,904176,,,,,,[],28,,,,,,,,,,,,,,,,,,,,,,,,,,,,,,,,,,,,,,,,,,,,,
alien_welcome,909178,null,null,,,,,,,,,48,75,110,36,22,40,67,80,30,109,34,35,25,92,10,71,51,3,43,20,106,17,83,54,112,4,82,37,117,60,85,24,49,62,18,66,91,46,6,88,31,87
land,909680,null,null,,,103,,29,,,,,,,,,,,,,,,,,,,,,,,,,,,,,,,,,,,,,,,,,,,,,
dig,911684,,,,,,[],29,,,,,,,,,,,,,,,,,,,,,,,,,,,,,,,,,,,,,,,,,,,,,
harvest,913186,null,null,,,57,,29,,,,,,103,0.555535317,0.553398058,,,,,,,,,,,,,,,,,,,,,,,,,,,,,,,,,,,,,
decision,913417,230.0999999,76,,,57,,29,,,,,,,,,161360,2,0,TRUE,,,,,,,,,,,,,,,,,,,,,,,,,,,,,,,,,
travel,923187,,,,,,[],29,,,,,,,,,,,,,,,,,,,,,,,,,,,,,,,,,,,,,,,,,,,,,
alien_welcome,928189,null,null,,,,,,,,,115,75,110,36,22,40,67,80,30,109,34,35,25,92,10,71,51,3,43,20,106,17,83,54,112,4,82,37,117,60,85,24,49,62,18,66,91,46,6,88,31,87
land,928691,null,null,,,99,,30,,,,,,,,,,,,,,,,,,,,,,,,,,,,,,,,,,,,,,,,,,,,,
dig,930694,,,,,,[],30,,,,,,,,,,,,,,,,,,,,,,,,,,,,,,,,,,,,,,,,,,,,,
harvest,932196,null,null,,,76,,30,,,,,,99,0.770394184,0.767676768,,,,,,,,,,,,,,,,,,,,,,,,,,,,,,,,,,,,,
decision,932689,492.0999999,76,,,76,,30,,,,,,,,,180633,2,0,TRUE,,,,,,,,,,,,,,,,,,,,,,,,,,,,,,,,,
travel,942200,,,,,,[],30,,,,,,,,,,,,,,,,,,,,,,,,,,,,,,,,,,,,,,,,,,,,,
alien_welcome,947202,null,null,,,,,,,,,63,75,110,36,22,40,67,80,30,109,34,35,25,92,10,71,51,3,43,20,106,17,83,54,112,4,82,37,117,60,85,24,49,62,18,66,91,46,6,88,31,87
land,947703,null,null,,,100,,31,,,,,,,,,,,,,,,,,,,,,,,,,,,,,,,,,,,,,,,,,,,,,
dig,949707,,,,,,[],31,,,,,,,,,,,,,,,,,,,,,,,,,,,,,,,,,,,,,,,,,,,,,
harvest,951209,null,null,,,72,,31,,,,,,100,0.723326506,0.72,,,,,,,,,,,,,,,,,,,,,,,,,,,,,,,,,,,,,
decision,951395,184.2999997,76,,,72,,31,,,,,,,,,199338,2,0,TRUE,,,,,,,,,,,,,,,,,,,,,,,,,,,,,,,,,
travel,961210,,,,,,[],31,,,,,,,,,,,,,,,,,,,,,,,,,,,,,,,,,,,,,,,,,,,,,
alien_welcome,966212,null,null,,,,,,,,,2,75,110,36,22,40,67,80,30,109,34,35,25,92,10,71,51,3,43,20,106,17,83,54,112,4,82,37,117,60,85,24,49,62,18,66,91,46,6,88,31,87
land,966714,null,null,,,97,,32,,,,,,,,,,,,,,,,,,,,,,,,,,,,,,,,,,,,,,,,,,,,,
dig,968718,,,,,,[],32,,,,,,,,,,,,,,,,,,,,,,,,,,,,,,,,,,,,,,,,,,,,,
harvest,970220,null,null,,,15,,32,,,,,,97,0.157627843,0.154639175,,,,,,,,,,,,,,,,,,,,,,,,,,,,,,,,,,,,,
decision,970386,164.9000001,76,,,15,,32,,,,,,,,,218330,2,0,TRUE,,,,,,,,,,,,,,,,,,,,,,,,,,,,,,,,,
travel,980220,,,,,,[],32,,,,,,,,,,,,,,,,,,,,,,,,,,,,,,,,,,,,,,,,,,,,,
alien_welcome,985222,null,null,,,,,,,,,53,75,110,36,22,40,67,80,30,109,34,35,25,92,10,71,51,3,43,20,106,17,83,54,112,4,82,37,117,60,85,24,49,62,18,66,91,46,6,88,31,87
land,985723,null,null,,,99,,33,,,,,,,,,,,,,,,,,,,,,,,,,,,,,,,,,,,,,,,,,,,,,
dig,987727,,,,,,[],33,,,,,,,,,,,,,,,,,,,,,,,,,,,,,,,,,,,,,,,,,,,,,
harvest,989229,null,null,,,18,,33,,,,,,99,0.181175962,0.181818182,,,,,,,,,,,,,,,,,,,,,,,,,,,,,,,,,,,,,
decision,989346,115.8999996,76,,,18,,33,,,,,,,,,237289,2,0,TRUE,,,,,,,,,,,,,,,,,,,,,,,,,,,,,,,,,
travel,999235,,,,,,[],33,,,,,,,,,,,,,,,,,,,,,,,,,,,,,,,,,,,,,,,,,,,,,
alien_welcome,1004238,null,null,,,,,,,,,116,75,110,36,22,40,67,80,30,109,34,35,25,92,10,71,51,3,43,20,106,17,83,54,112,4,82,37,117,60,85,24,49,62,18,66,91,46,6,88,31,87
land,1004739,null,null,,,103,,34,,,,,,,,,,,,,,,,,,,,,,,,,,,,,,,,,,,,,,,,,,,,,
dig,1006743,,,,,,[],34,,,,,,,,,,,,,,,,,,,,,,,,,,,,,,,,,,,,,,,,,,,,,
harvest,1008245,null,null,,,21,,34,,,,,,103,0.203444864,0.203883495,,,,,,,,,,,,,,,,,,,,,,,,,,,,,,,,,,,,,
decision,1008315,68.69999981,76,,,21,,34,,,,,,,,,256258,2,0,TRUE,,,,,,,,,,,,,,,,,,,,,,,,,,,,,,,,,
travel,1018247,,,,,,[],34,,,,,,,,,,,,,,,,,,,,,,,,,,,,,,,,,,,,,,,,,,,,,
alien_welcome,1023249,null,null,,,,,,,,,16,75,110,36,22,40,67,80,30,109,34,35,25,92,10,71,51,3,43,20,106,17,83,54,112,4,82,37,117,60,85,24,49,62,18,66,91,46,6,88,31,87
land,1023751,null,null,,,103,,35,,,,,,,,,,,,,,,,,,,,,,,,,,,,,,,,,,,,,,,,,,,,,
dig,1025755,,,,,,[],35,,,,,,,,,,,,,,,,,,,,,,,,,,,,,,,,,,,,,,,,,,,,,
harvest,1027258,null,null,,,18,,35,,,,,,103,0.174645423,0.174757282,,,,,,,,,,,,,,,,,,,,,,,,,,,,,,,,,,,,,
decision,1027411,152,76,,,18,,35,,,,,,,,,275354,2,0,TRUE,,,,,,,,,,,,,,,,,,,,,,,,,,,,,,,,,
travel,1037262,,,,,,[],35,,,,,,,,,,,,,,,,,,,,,,,,,,,,,,,,,,,,,,,,,,,,,
alien_welcome,1042265,null,null,,,,,,,,,56,75,110,36,22,40,67,80,30,109,34,35,25,92,10,71,51,3,43,20,106,17,83,54,112,4,82,37,117,60,85,24,49,62,18,66,91,46,6,88,31,87
land,1042766,null,null,,,104,,36,,,,,,,,,,,,,,,,,,,,,,,,,,,,,,,,,,,,,,,,,,,,,
dig,1044770,,,,,,[],36,,,,,,,,,,,,,,,,,,,,,,,,,,,,,,,,,,,,,,,,,,,,,
harvest,1046271,null,null,,,89,,36,,,,,,104,0.852208121,0.855769231,,,,,,,,,,,,,,,,,,,,,,,,,,,,,,,,,,,,,
decision,1046330,57.79999971,76,,,89,,36,,,,,,,,,294273,2,0,TRUE,,,,,,,,,,,,,,,,,,,,,,,,,,,,,,,,,
travel,1056273,,,,,,[],36,,,,,,,,,,,,,,,,,,,,,,,,,,,,,,,,,,,,,,,,,,,,,
alien_welcome,1061275,null,null,,,,,,,,,100,75,110,36,22,40,67,80,30,109,34,35,25,92,10,71,51,3,43,20,106,17,83,54,112,4,82,37,117,60,85,24,49,62,18,66,91,46,6,88,31,87
land,1061777,null,null,,,106,,37,,,,,,,,,,,,,,,,,,,,,,,,,,,,,,,,,,,,,,,,,,,,,
dig,1063782,,,,,,[],37,,,,,,,,,,,,,,,,,,,,,,,,,,,,,,,,,,,,,,,,,,,,,
harvest,1065284,null,null,,,84,,37,,,,,,106,0.793676961,0.79245283,,,,,,,,,,,,,,,,,,,,,,,,,,,,,,,,,,,,,
decision,1065539,254.5,76,,,84,,37,,,,,,,,,313483,2,0,TRUE,,,,,,,,,,,,,,,,,,,,,,,,,,,,,,,,,
travel,1075283,,,,,,[],37,,,,,,,,,,,,,,,,,,,,,,,,,,,,,,,,,,,,,,,,,,,,,
alien_welcome,1080286,null,null,,,,,,,,,111,75,110,36,22,40,67,80,30,109,34,35,25,92,10,71,51,3,43,20,106,17,83,54,112,4,82,37,117,60,85,24,49,62,18,66,91,46,6,88,31,87
land,1080787,null,null,,,105,,38,,,,,,,,,,,,,,,,,,,,,,,,,,,,,,,,,,,,,,,,,,,,,
dig,1082791,,,,,,[],38,,,,,,,,,,,,,,,,,,,,,,,,,,,,,,,,,,,,,,,,,,,,,
harvest,1084293,null,null,,,88,,38,,,,,,105,0.840197442,0.838095238,,,,,,,,,,,,,,,,,,,,,,,,,,,,,,,,,,,,,
decision,1084396,102.0999999,76,,,88,,38,,,,,,,,,332339,2,0,TRUE,,,,,,,,,,,,,,,,,,,,,,,,,,,,,,,,,
travel,1094293,,,,,,[],38,,,,,,,,,,,,,,,,,,,,,,,,,,,,,,,,,,,,,,,,,,,,,
alien_welcome,1099295,null,null,,,,,,,,,15,75,110,36,22,40,67,80,30,109,34,35,25,92,10,71,51,3,43,20,106,17,83,54,112,4,82,37,117,60,85,24,49,62,18,66,91,46,6,88,31,87
land,1099797,null,null,,,104,,39,,,,,,,,,,,,,,,,,,,,,,,,,,,,,,,,,,,,,,,,,,,,,
dig,1101800,,,,,,[],39,,,,,,,,,,,,,,,,,,,,,,,,,,,,,,,,,,,,,,,,,,,,,
harvest,1103303,null,null,,,93,,39,,,,,,104,0.895789685,0.894230769,,,,,,,,,,,,,,,,,,,,,,,,,,,,,,,,,,,,,
decision,1103507,203.3999996,76,,,93,,39,,,,,,,,,351450,2,0,TRUE,,,,,,,,,,,,,,,,,,,,,,,,,,,,,,,,,
travel,1113305,,,,,,[],39,,,,,,,,,,,,,,,,,,,,,,,,,,,,,,,,,,,,,,,,,,,,,
alien_welcome,1118309,null,null,,,,,,,,,58,75,110,36,22,40,67,80,30,109,34,35,25,92,10,71,51,3,43,20,106,17,83,54,112,4,82,37,117,60,85,24,49,62,18,66,91,46,6,88,31,87
land,1118810,null,null,,,105,,40,,,,,,,,,,,,,,,,,,,,,,,,,,,,,,,,,,,,,,,,,,,,,
dig,1120814,,,,,,[],40,,,,,,,,,,,,,,,,,,,,,,,,,,,,,,,,,,,,,,,,,,,,,
harvest,1122316,null,null,,,82,,40,,,,,,105,0.777656478,0.780952381,,,,,,,,,,,,,,,,,,,,,,,,,,,,,,,,,,,,,
decision,1122437,119.5999999,76,,,82,,40,,,,,,,,,370380,2,0,TRUE,,,,,,,,,,,,,,,,,,,,,,,,,,,,,,,,,
end_of_block,1125804,3363.7,32,,,,,,,,,,,,,,,,,,,,,,,,,,,,,,,,,,,,,,,,,,,,,,,,,,
alien_welcome,1130815,null,null,,,,,,,,,45,75,110,36,22,40,67,80,30,109,34,35,25,92,10,71,51,3,43,20,106,17,83,54,112,4,82,37,117,60,85,24,49,62,18,66,91,46,6,88,31,87
land,1131317,null,null,,,103,,41,,,,,,,,,,,,,,,,,,,,,,,,,,,,,,,,,,,,,,,,,,,,,
dig,1133320,,,,,,[],41,,,,,,,,,,,,,,,,,,,,,,,,,,,,,,,,,,,,,,,,,,,,,
harvest,1134823,null,null,,,51,,41,,,,,,103,0.498559275,0.495145631,,,,,,,,,,,,,,,,,,,,,,,,,,,,,,,,,,,,,
decision,1134964,140.7999997,76,,,51,,41,,,,,,,,,9158,3,0,TRUE,,,,,,,,,,,,,,,,,,,,,,,,,,,,,,,,,
travel,1144825,,,,,,[],41,,,,,,,,,,,,,,,,,,,,,,,,,,,,,,,,,,,,,,,,,,,,,
alien_welcome,1149827,null,null,,,,,,,,,77,75,110,36,22,40,67,80,30,109,34,35,25,92,10,71,51,3,43,20,106,17,83,54,112,4,82,37,117,60,85,24,49,62,18,66,91,46,6,88,31,87
land,1150329,null,null,,,100,,42,,,,,,,,,,,,,,,,,,,,,,,,,,,,,,,,,,,,,,,,,,,,,
dig,1152333,,,,,,[],42,,,,,,,,,,,,,,,,,,,,,,,,,,,,,,,,,,,,,,,,,,,,,
harvest,1153835,null,null,,,81,,42,,,,,,100,0.813724433,0.81,,,,,,,,,,,,,,,,,,,,,,,,,,,,,,,,,,,,,
decision,1154012,175.5,76,,,81,,42,,,,,,,,,28205,3,0,TRUE,,,,,,,,,,,,,,,,,,,,,,,,,,,,,,,,,
travel,1163837,,,,,,[],42,,,,,,,,,,,,,,,,,,,,,,,,,,,,,,,,,,,,,,,,,,,,,
alien_welcome,1168840,null,null,,,,,,,,,19,75,110,36,22,40,67,80,30,109,34,35,25,92,10,71,51,3,43,20,106,17,83,54,112,4,82,37,117,60,85,24,49,62,18,66,91,46,6,88,31,87
land,1169341,null,null,,,102,,43,,,,,,,,,,,,,,,,,,,,,,,,,,,,,,,,,,,,,,,,,,,,,
dig,1171345,,,,,,[],43,,,,,,,,,,,,,,,,,,,,,,,,,,,,,,,,,,,,,,,,,,,,,
harvest,1172848,null,null,,,51,,43,,,,,,102,0.503924656,0.5,,,,,,,,,,,,,,,,,,,,,,,,,,,,,,,,,,,,,
decision,1172859,10.70000029,76,,,51,,43,,,,,,,,,47052,3,0,TRUE,,,,,,,,,,,,,,,,,,,,,,,,,,,,,,,,,
travel,1182848,,,,,,[],43,,,,,,,,,,,,,,,,,,,,,,,,,,,,,,,,,,,,,,,,,,,,,
alien_welcome,1187849,null,null,,,,,,,,,76,75,110,36,22,40,67,80,30,109,34,35,25,92,10,71,51,3,43,20,106,17,83,54,112,4,82,37,117,60,85,24,49,62,18,66,91,46,6,88,31,87
land,1188351,null,null,,,109,,44,,,,,,,,,,,,,,,,,,,,,,,,,,,,,,,,,,,,,,,,,,,,,
dig,1190355,,,,,,[],44,,,,,,,,,,,,,,,,,,,,,,,,,,,,,,,,,,,,,,,,,,,,,
harvest,1191857,null,null,,,58,,44,,,,,,109,0.528461879,0.532110092,,,,,,,,,,,,,,,,,,,,,,,,,,,,,,,,,,,,,
decision,1192071,213.2999997,76,,,58,,44,,,,,,,,,66264,3,0,TRUE,,,,,,,,,,,,,,,,,,,,,,,,,,,,,,,,,
travel,1201859,,,,,,[],44,,,,,,,,,,,,,,,,,,,,,,,,,,,,,,,,,,,,,,,,,,,,,
alien_welcome,1206861,null,null,,,,,,,,,84,75,110,36,22,40,67,80,30,109,34,35,25,92,10,71,51,3,43,20,106,17,83,54,112,4,82,37,117,60,85,24,49,62,18,66,91,46,6,88,31,87
land,1207363,null,null,,,104,,45,,,,,,,,,,,,,,,,,,,,,,,,,,,,,,,,,,,,,,,,,,,,,
dig,1209367,,,,,,[],45,,,,,,,,,,,,,,,,,,,,,,,,,,,,,,,,,,,,,,,,,,,,,
harvest,1210869,null,null,,,56,,45,,,,,,104,0.536775851,0.538461538,,,,,,,,,,,,,,,,,,,,,,,,,,,,,,,,,,,,,
decision,1212338,1467.7,76,,,56,,45,,,,,,,,,86531,3,0,TRUE,,,,,,,,,,,,,,,,,,,,,,,,,,,,,,,,,
travel,1220875,,,,,,[],45,,,,,,,,,,,,,,,,,,,,,,,,,,,,,,,,,,,,,,,,,,,,,
alien_welcome,1225877,null,null,,,,,,,,,70,75,110,36,22,40,67,80,30,109,34,35,25,92,10,71,51,3,43,20,106,17,83,54,112,4,82,37,117,60,85,24,49,62,18,66,91,46,6,88,31,87
land,1226379,null,null,,,95,,46,,,,,,,,,,,,,,,,,,,,,,,,,,,,,,,,,,,,,,,,,,,,,
dig,1228383,,,,,,[],46,,,,,,,,,,,,,,,,,,,,,,,,,,,,,,,,,,,,,,,,,,,,,
harvest,1229886,null,null,,,43,,46,,,,,,95,0.453127143,0.452631579,,,,,,,,,,,,,,,,,,,,,,,,,,,,,,,,,,,,,
decision,1231888,null,null,,,43,,46,,,,,,,,,106081,3,0,FALSE,,,,,,,,,,,,,,,,,,,,,,,,,,,,,,,,,
time_out,1233892,null,null,,,43,,,,,,,,,,,,,,,,,,,,,,,,,,,,,,,,,,,,,,,,,,,,,,,
decision,1235894,null,null,,,43,,46,,,,,,,,,110087,3,0,FALSE,,,,,,,,,,,,,,,,,,,,,,,,,,,,,,,,,
time_out,1237898,null,null,,,43,,,,,,,,,,,,,,,,,,,,,,,,,,,,,,,,,,,,,,,,,,,,,,,
decision,1239902,null,null,,,43,,46,,,,,,,,,114095,3,0,FALSE,,,,,,,,,,,,,,,,,,,,,,,,,,,,,,,,,
time_out,1241905,null,null,,,43,,,,,,,,,,,,,,,,,,,,,,,,,,,,,,,,,,,,,,,,,,,,,,,
decision,1243907,null,null,,,43,,46,,,,,,,,,118100,3,0,FALSE,,,,,,,,,,,,,,,,,,,,,,,,,,,,,,,,,
time_out,1245912,null,null,,,43,,,,,,,,,,,,,,,,,,,,,,,,,,,,,,,,,,,,,,,,,,,,,,,
decision,1247914,null,null,,,43,,46,,,,,,,,,122107,3,0,FALSE,,,,,,,,,,,,,,,,,,,,,,,,,,,,,,,,,
time_out,1249917,null,null,,,43,,,,,,,,,,,,,,,,,,,,,,,,,,,,,,,,,,,,,,,,,,,,,,,
decision,1251919,null,null,,,43,,46,,,,,,,,,126112,3,0,FALSE,,,,,,,,,,,,,,,,,,,,,,,,,,,,,,,,,
time_out,1253924,null,null,,,43,,,,,,,,,,,,,,,,,,,,,,,,,,,,,,,,,,,,,,,,,,,,,,,
decision,1255925,null,null,,,43,,46,,,,,,,,,130119,3,0,FALSE,,,,,,,,,,,,,,,,,,,,,,,,,,,,,,,,,
time_out,1257930,null,null,,,43,,,,,,,,,,,,,,,,,,,,,,,,,,,,,,,,,,,,,,,,,,,,,,,
decision,1259932,null,null,,,43,,46,,,,,,,,,134125,3,0,FALSE,,,,,,,,,,,,,,,,,,,,,,,,,,,,,,,,,
time_out,1261937,null,null,,,43,,,,,,,,,,,,,,,,,,,,,,,,,,,,,,,,,,,,,,,,,,,,,,,
decision,1263939,null,null,,,43,,46,,,,,,,,,138132,3,0,FALSE,,,,,,,,,,,,,,,,,,,,,,,,,,,,,,,,,
time_out,1265943,null,null,,,43,,,,,,,,,,,,,,,,,,,,,,,,,,,,,,,,,,,,,,,,,,,,,,,
decision,1267946,null,null,,,43,,46,,,,,,,,,142139,3,0,FALSE,,,,,,,,,,,,,,,,,,,,,,,,,,,,,,,,,
time_out,1269950,null,null,,,43,,,,,,,,,,,,,,,,,,,,,,,,,,,,,,,,,,,,,,,,,,,,,,,
decision,1271952,null,null,,,43,,46,,,,,,,,,146146,3,0,FALSE,,,,,,,,,,,,,,,,,,,,,,,,,,,,,,,,,
time_out,1273957,null,null,,,43,,,,,,,,,,,,,,,,,,,,,,,,,,,,,,,,,,,,,,,,,,,,,,,
decision,1275959,null,null,,,43,,46,,,,,,,,,150152,3,0,FALSE,,,,,,,,,,,,,,,,,,,,,,,,,,,,,,,,,
time_out,1277963,null,null,,,43,,,,,,,,,,,,,,,,,,,,,,,,,,,,,,,,,,,,,,,,,,,,,,,
decision,1279966,null,null,,,43,,46,,,,,,,,,154159,3,0,FALSE,,,,,,,,,,,,,,,,,,,,,,,,,,,,,,,,,
time_out,1281970,null,null,,,43,,,,,,,,,,,,,,,,,,,,,,,,,,,,,,,,,,,,,,,,,,,,,,,
decision,1283972,null,null,,,43,,46,,,,,,,,,158166,3,0,FALSE,,,,,,,,,,,,,,,,,,,,,,,,,,,,,,,,,
time_out,1285977,null,null,,,43,,,,,,,,,,,,,,,,,,,,,,,,,,,,,,,,,,,,,,,,,,,,,,,
decision,1287979,null,null,,,43,,46,,,,,,,,,162172,3,0,FALSE,,,,,,,,,,,,,,,,,,,,,,,,,,,,,,,,,
time_out,1289984,null,null,,,43,,,,,,,,,,,,,,,,,,,,,,,,,,,,,,,,,,,,,,,,,,,,,,,
decision,1291986,null,null,,,43,,46,,,,,,,,,166179,3,0,FALSE,,,,,,,,,,,,,,,,,,,,,,,,,,,,,,,,,
time_out,1293990,null,null,,,43,,,,,,,,,,,,,,,,,,,,,,,,,,,,,,,,,,,,,,,,,,,,,,,
decision,1295993,null,null,,,43,,46,,,,,,,,,170186,3,0,FALSE,,,,,,,,,,,,,,,,,,,,,,,,,,,,,,,,,
time_out,1297997,null,null,,,43,,,,,,,,,,,,,,,,,,,,,,,,,,,,,,,,,,,,,,,,,,,,,,,
decision,1300001,null,null,,,43,,46,,,,,,,,,174194,3,0,FALSE,,,,,,,,,,,,,,,,,,,,,,,,,,,,,,,,,
time_out,1302005,null,null,,,43,,,,,,,,,,,,,,,,,,,,,,,,,,,,,,,,,,,,,,,,,,,,,,,
decision,1304008,null,null,,,43,,46,,,,,,,,,178201,3,0,FALSE,,,,,,,,,,,,,,,,,,,,,,,,,,,,,,,,,
time_out,1306012,null,null,,,43,,,,,,,,,,,,,,,,,,,,,,,,,,,,,,,,,,,,,,,,,,,,,,,
decision,1308014,null,null,,,43,,46,,,,,,,,,182207,3,0,FALSE,,,,,,,,,,,,,,,,,,,,,,,,,,,,,,,,,
time_out,1310019,null,null,,,43,,,,,,,,,,,,,,,,,,,,,,,,,,,,,,,,,,,,,,,,,,,,,,,
decision,1312021,null,null,,,43,,46,,,,,,,,,186214,3,0,FALSE,,,,,,,,,,,,,,,,,,,,,,,,,,,,,,,,,
time_out,1314025,null,null,,,43,,,,,,,,,,,,,,,,,,,,,,,,,,,,,,,,,,,,,,,,,,,,,,,
decision,1314774,747.4000001,76,,,43,,46,,,,,,,,,188967,3,0,TRUE,,,,,,,,,,,,,,,,,,,,,,,,,,,,,,,,,
travel,1324031,,,,,,[],46,,,,,,,,,,,,,,,,,,,,,,,,,,,,,,,,,,,,,,,,,,,,,
alien_welcome,1329034,null,null,,,,,,,,,86,75,110,36,22,40,67,80,30,109,34,35,25,92,10,71,51,3,43,20,106,17,83,54,112,4,82,37,117,60,85,24,49,62,18,66,91,46,6,88,31,87
land,1329536,null,null,,,100,,47,,,,,,,,,,,,,,,,,,,,,,,,,,,,,,,,,,,,,,,,,,,,,
dig,1331540,,,,,,[],47,,,,,,,,,,,,,,,,,,,,,,,,,,,,,,,,,,,,,,,,,,,,,
harvest,1333042,null,null,,,75,,47,,,,,,100,0.754368646,0.75,,,,,,,,,,,,,,,,,,,,,,,,,,,,,,,,,,,,,
decision,1333966,923,76,,,75,,47,,,,,,,,,208159,3,0,TRUE,,,,,,,,,,,,,,,,,,,,,,,,,,,,,,,,,
travel,1343043,,,,,,[],47,,,,,,,,,,,,,,,,,,,,,,,,,,,,,,,,,,,,,,,,,,,,,
alien_welcome,1348046,null,null,,,,,,,,,47,75,110,36,22,40,67,80,30,109,34,35,25,92,10,71,51,3,43,20,106,17,83,54,112,4,82,37,117,60,85,24,49,62,18,66,91,46,6,88,31,87
land,1348547,null,null,,,98,,48,,,,,,,,,,,,,,,,,,,,,,,,,,,,,,,,,,,,,,,,,,,,,
dig,1350552,,,,,,[],48,,,,,,,,,,,,,,,,,,,,,,,,,,,,,,,,,,,,,,,,,,,,,
harvest,1352054,null,null,,,78,,48,,,,,,98,0.791653241,0.795918367,,,,,,,,,,,,,,,,,,,,,,,,,,,,,,,,,,,,,
decision,1352213,158.5,76,,,78,,48,,,,,,,,,226406,3,0,TRUE,,,,,,,,,,,,,,,,,,,,,,,,,,,,,,,,,
travel,1362058,,,,,,[],48,,,,,,,,,,,,,,,,,,,,,,,,,,,,,,,,,,,,,,,,,,,,,
alien_welcome,1367060,null,null,,,,,,,,,9,75,110,36,22,40,67,80,30,109,34,35,25,92,10,71,51,3,43,20,106,17,83,54,112,4,82,37,117,60,85,24,49,62,18,66,91,46,6,88,31,87
land,1367562,null,null,,,109,,49,,,,,,,,,,,,,,,,,,,,,,,,,,,,,,,,,,,,,,,,,,,,,
dig,1369566,,,,,,[],49,,,,,,,,,,,,,,,,,,,,,,,,,,,,,,,,,,,,,,,,,,,,,
harvest,1371068,null,null,,,52,,49,,,,,,109,0.476168352,0.47706422,,,,,,,,,,,,,,,,,,,,,,,,,,,,,,,,,,,,,
decision,1371367,297.5,76,,,52,,49,,,,,,,,,245560,3,0,TRUE,,,,,,,,,,,,,,,,,,,,,,,,,,,,,,,,,
travel,1381074,,,,,,[],49,,,,,,,,,,,,,,,,,,,,,,,,,,,,,,,,,,,,,,,,,,,,,
alien_welcome,1386076,null,null,,,,,,,,,89,75,110,36,22,40,67,80,30,109,34,35,25,92,10,71,51,3,43,20,106,17,83,54,112,4,82,37,117,60,85,24,49,62,18,66,91,46,6,88,31,87
land,1386578,null,null,,,102,,50,,,,,,,,,,,,,,,,,,,,,,,,,,,,,,,,,,,,,,,,,,,,,
dig,1388582,,,,,,[],50,,,,,,,,,,,,,,,,,,,,,,,,,,,,,,,,,,,,,,,,,,,,,
harvest,1390084,null,null,,,49,,50,,,,,,102,0.478155198,0.480392157,,,,,,,,,,,,,,,,,,,,,,,,,,,,,,,,,,,,,
decision,1392086,null,null,,,49,,50,,,,,,,,,266280,3,0,FALSE,,,,,,,,,,,,,,,,,,,,,,,,,,,,,,,,,
time_out,1394091,null,null,,,49,,,,,,,,,,,,,,,,,,,,,,,,,,,,,,,,,,,,,,,,,,,,,,,
decision,1396093,null,null,,,49,,50,,,,,,,,,270286,3,0,FALSE,,,,,,,,,,,,,,,,,,,,,,,,,,,,,,,,,
time_out,1398098,null,null,,,49,,,,,,,,,,,,,,,,,,,,,,,,,,,,,,,,,,,,,,,,,,,,,,,
decision,1400100,null,null,,,49,,50,,,,,,,,,274293,3,0,FALSE,,,,,,,,,,,,,,,,,,,,,,,,,,,,,,,,,
time_out,1402106,null,null,,,49,,,,,,,,,,,,,,,,,,,,,,,,,,,,,,,,,,,,,,,,,,,,,,,
decision,1404108,null,null,,,49,,50,,,,,,,,,278301,3,0,FALSE,,,,,,,,,,,,,,,,,,,,,,,,,,,,,,,,,
time_out,1406112,null,null,,,49,,,,,,,,,,,,,,,,,,,,,,,,,,,,,,,,,,,,,,,,,,,,,,,
decision,1408115,null,null,,,49,,50,,,,,,,,,282308,3,0,FALSE,,,,,,,,,,,,,,,,,,,,,,,,,,,,,,,,,
time_out,1410120,null,null,,,49,,,,,,,,,,,,,,,,,,,,,,,,,,,,,,,,,,,,,,,,,,,,,,,
decision,1412122,null,null,,,49,,50,,,,,,,,,286316,3,0,FALSE,,,,,,,,,,,,,,,,,,,,,,,,,,,,,,,,,
time_out,1414128,null,null,,,49,,,,,,,,,,,,,,,,,,,,,,,,,,,,,,,,,,,,,,,,,,,,,,,
decision,1416130,null,null,,,49,,50,,,,,,,,,290323,3,0,FALSE,,,,,,,,,,,,,,,,,,,,,,,,,,,,,,,,,
time_out,1418136,null,null,,,49,,,,,,,,,,,,,,,,,,,,,,,,,,,,,,,,,,,,,,,,,,,,,,,
decision,1420138,null,null,,,49,,50,,,,,,,,,294331,3,0,FALSE,,,,,,,,,,,,,,,,,,,,,,,,,,,,,,,,,
time_out,1422145,null,null,,,49,,,,,,,,,,,,,,,,,,,,,,,,,,,,,,,,,,,,,,,,,,,,,,,
decision,1424147,null,null,,,49,,50,,,,,,,,,298340,3,0,FALSE,,,,,,,,,,,,,,,,,,,,,,,,,,,,,,,,,
time_out,1426152,null,null,,,49,,,,,,,,,,,,,,,,,,,,,,,,,,,,,,,,,,,,,,,,,,,,,,,
decision,1428155,null,null,,,49,,50,,,,,,,,,302348,3,0,FALSE,,,,,,,,,,,,,,,,,,,,,,,,,,,,,,,,,
time_out,1430160,null,null,,,49,,,,,,,,,,,,,,,,,,,,,,,,,,,,,,,,,,,,,,,,,,,,,,,
decision,1432162,null,null,,,49,,50,,,,,,,,,306356,3,0,FALSE,,,,,,,,,,,,,,,,,,,,,,,,,,,,,,,,,
time_out,1434168,null,null,,,49,,,,,,,,,,,,,,,,,,,,,,,,,,,,,,,,,,,,,,,,,,,,,,,
decision,1436170,null,null,,,49,,50,,,,,,,,,310364,3,0,FALSE,,,,,,,,,,,,,,,,,,,,,,,,,,,,,,,,,
time_out,1438176,null,null,,,49,,,,,,,,,,,,,,,,,,,,,,,,,,,,,,,,,,,,,,,,,,,,,,,
decision,1440178,null,null,,,49,,50,,,,,,,,,314371,3,0,FALSE,,,,,,,,,,,,,,,,,,,,,,,,,,,,,,,,,
time_out,1442184,null,null,,,49,,,,,,,,,,,,,,,,,,,,,,,,,,,,,,,,,,,,,,,,,,,,,,,
decision,1444186,null,null,,,49,,50,,,,,,,,,318379,3,0,FALSE,,,,,,,,,,,,,,,,,,,,,,,,,,,,,,,,,
time_out,1446191,null,null,,,49,,,,,,,,,,,,,,,,,,,,,,,,,,,,,,,,,,,,,,,,,,,,,,,
decision,1448194,null,null,,,49,,50,,,,,,,,,322387,3,0,FALSE,,,,,,,,,,,,,,,,,,,,,,,,,,,,,,,,,
time_out,1450199,null,null,,,49,,,,,,,,,,,,,,,,,,,,,,,,,,,,,,,,,,,,,,,,,,,,,,,
decision,1452201,null,null,,,49,,50,,,,,,,,,326395,3,0,FALSE,,,,,,,,,,,,,,,,,,,,,,,,,,,,,,,,,
time_out,1454207,null,null,,,49,,,,,,,,,,,,,,,,,,,,,,,,,,,,,,,,,,,,,,,,,,,,,,,
decision,1456209,null,null,,,49,,50,,,,,,,,,330402,3,0,FALSE,,,,,,,,,,,,,,,,,,,,,,,,,,,,,,,,,
time_out,1458214,null,null,,,49,,,,,,,,,,,,,,,,,,,,,,,,,,,,,,,,,,,,,,,,,,,,,,,
decision,1460216,null,null,,,49,,50,,,,,,,,,334409,3,0,FALSE,,,,,,,,,,,,,,,,,,,,,,,,,,,,,,,,,
time_out,1462222,null,null,,,49,,,,,,,,,,,,,,,,,,,,,,,,,,,,,,,,,,,,,,,,,,,,,,,
decision,1464224,null,null,,,49,,50,,,,,,,,,338417,3,0,FALSE,,,,,,,,,,,,,,,,,,,,,,,,,,,,,,,,,
time_out,1466229,null,null,,,49,,,,,,,,,,,,,,,,,,,,,,,,,,,,,,,,,,,,,,,,,,,,,,,
decision,1468232,null,null,,,49,,50,,,,,,,,,342425,3,0,FALSE,,,,,,,,,,,,,,,,,,,,,,,,,,,,,,,,,
time_out,1470237,null,null,,,49,,,,,,,,,,,,,,,,,,,,,,,,,,,,,,,,,,,,,,,,,,,,,,,
decision,1472239,null,null,,,49,,50,,,,,,,,,346433,3,0,FALSE,,,,,,,,,,,,,,,,,,,,,,,,,,,,,,,,,
time_out,1474245,null,null,,,49,,,,,,,,,,,,,,,,,,,,,,,,,,,,,,,,,,,,,,,,,,,,,,,
decision,1476247,null,null,,,49,,50,,,,,,,,,350440,3,0,FALSE,,,,,,,,,,,,,,,,,,,,,,,,,,,,,,,,,
time_out,1478252,null,null,,,49,,,,,,,,,,,,,,,,,,,,,,,,,,,,,,,,,,,,,,,,,,,,,,,
decision,1480254,null,null,,,49,,50,,,,,,,,,354447,3,0,FALSE,,,,,,,,,,,,,,,,,,,,,,,,,,,,,,,,,
time_out,1482261,null,null,,,49,,,,,,,,,,,,,,,,,,,,,,,,,,,,,,,,,,,,,,,,,,,,,,,
decision,1484263,null,null,,,49,,50,,,,,,,,,358456,3,0,FALSE,,,,,,,,,,,,,,,,,,,,,,,,,,,,,,,,,
time_out,1486269,null,null,,,49,,,,,,,,,,,,,,,,,,,,,,,,,,,,,,,,,,,,,,,,,,,,,,,
decision,1488271,null,null,,,49,,50,,,,,,,,,362464,3,0,TRUE,,,,,,,,,,,,,,,,,,,,,,,,,,,,,,,,,
end_of_block,1510494,22218.4,32,,,,,,,,,,,,,,,,,,,,,,,,,,,,,,,,,,,,,,,,,,,,,,,,,,
alien_welcome,1515509,null,null,,,,,,,,,8,75,110,36,22,40,67,80,30,109,34,35,25,92,10,71,51,3,43,20,106,17,83,54,112,4,82,37,117,60,85,24,49,62,18,66,91,46,6,88,31,87
land,1516011,null,null,,,105,,51,,,,,,,,,,,,,,,,,,,,,,,,,,,,,,,,,,,,,,,,,,,,,
dig,1518015,,,,,,[],51,,,,,,,,,,,,,,,,,,,,,,,,,,,,,,,,,,,,,,,,,,,,,
harvest,1519517,null,null,,,23,,51,,,,,,105,0.222973462,0.219047619,,,,,,,,,,,,,,,,,,,,,,,,,,,,,,,,,,,,,
decision,1521519,null,null,,,23,,51,,,,,,,,,11021,4,0,FALSE,,,,,,,,,,,,,,,,,,,,,,,,,,,,,,,,,
time_out,1523524,null,null,,,23,,,,,,,,,,,,,,,,,,,,,,,,,,,,,,,,,,,,,,,,,,,,,,,
decision,1525390,1865.4,76,,,23,,51,,,,,,,,,14893,4,0,TRUE,,,,,,,,,,,,,,,,,,,,,,,,,,,,,,,,,
travel,1533523,,,,,,[],51,,,,,,,,,,,,,,,,,,,,,,,,,,,,,,,,,,,,,,,,,,,,,
alien_welcome,1538526,null,null,,,,,,,,,39,75,110,36,22,40,67,80,30,109,34,35,25,92,10,71,51,3,43,20,106,17,83,54,112,4,82,37,117,60,85,24,49,62,18,66,91,46,6,88,31,87
land,1539028,null,null,,,96,,52,,,,,,,,,,,,,,,,,,,,,,,,,,,,,,,,,,,,,,,,,,,,,
dig,1541032,,,,,,[],52,,,,,,,,,,,,,,,,,,,,,,,,,,,,,,,,,,,,,,,,,,,,,
harvest,1542536,null,null,,,20,,52,,,,,,96,0.207565008,0.208333333,,,,,,,,,,,,,,,,,,,,,,,,,,,,,,,,,,,,,
decision,1542538,1,76,,,20,,52,,,,,,,,,32040,4,0,TRUE,,,,,,,,,,,,,,,,,,,,,,,,,,,,,,,,,
travel,1552543,,,,,,[],52,,,,,,,,,,,,,,,,,,,,,,,,,,,,,,,,,,,,,,,,,,,,,
alien_welcome,1557545,null,null,,,,,,,,,95,75,110,36,22,40,67,80,30,109,34,35,25,92,10,71,51,3,43,20,106,17,83,54,112,4,82,37,117,60,85,24,49,62,18,66,91,46,6,88,31,87
land,1558047,null,null,,,104,,53,,,,,,,,,,,,,,,,,,,,,,,,,,,,,,,,,,,,,,,,,,,,,
dig,1560051,,,,,,[],53,,,,,,,,,,,,,,,,,,,,,,,,,,,,,,,,,,,,,,,,,,,,,
harvest,1561554,null,null,,,30,,53,,,,,,104,0.28662398,0.288461538,,,,,,,,,,,,,,,,,,,,,,,,,,,,,,,,,,,,,
decision,1563556,null,null,,,30,,53,,,,,,,,,53059,4,0,FALSE,,,,,,,,,,,,,,,,,,,,,,,,,,,,,,,,,
time_out,1565562,null,null,,,30,,,,,,,,,,,,,,,,,,,,,,,,,,,,,,,,,,,,,,,,,,,,,,,
decision,1567564,null,null,,,30,,53,,,,,,,,,57066,4,0,FALSE,,,,,,,,,,,,,,,,,,,,,,,,,,,,,,,,,
time_out,1569568,null,null,,,30,,,,,,,,,,,,,,,,,,,,,,,,,,,,,,,,,,,,,,,,,,,,,,,
decision,1571570,null,null,,,30,,53,,,,,,,,,61072,4,0,FALSE,,,,,,,,,,,,,,,,,,,,,,,,,,,,,,,,,
time_out,1573575,null,null,,,30,,,,,,,,,,,,,,,,,,,,,,,,,,,,,,,,,,,,,,,,,,,,,,,
decision,1575577,null,null,,,30,,53,,,,,,,,,65080,4,0,FALSE,,,,,,,,,,,,,,,,,,,,,,,,,,,,,,,,,
time_out,1577583,null,null,,,30,,,,,,,,,,,,,,,,,,,,,,,,,,,,,,,,,,,,,,,,,,,,,,,
decision,1579585,null,null,,,30,,53,,,,,,,,,69087,4,0,FALSE,,,,,,,,,,,,,,,,,,,,,,,,,,,,,,,,,
time_out,1581591,null,null,,,30,,,,,,,,,,,,,,,,,,,,,,,,,,,,,,,,,,,,,,,,,,,,,,,
decision,1583593,null,null,,,30,,53,,,,,,,,,73095,4,0,FALSE,,,,,,,,,,,,,,,,,,,,,,,,,,,,,,,,,
time_out,1585598,null,null,,,30,,,,,,,,,,,,,,,,,,,,,,,,,,,,,,,,,,,,,,,,,,,,,,,
decision,1587601,null,null,,,30,,53,,,,,,,,,77103,4,0,FALSE,,,,,,,,,,,,,,,,,,,,,,,,,,,,,,,,,
time_out,1589606,null,null,,,30,,,,,,,,,,,,,,,,,,,,,,,,,,,,,,,,,,,,,,,,,,,,,,,
decision,1591608,null,null,,,30,,53,,,,,,,,,81111,4,0,FALSE,,,,,,,,,,,,,,,,,,,,,,,,,,,,,,,,,
time_out,1593614,null,null,,,30,,,,,,,,,,,,,,,,,,,,,,,,,,,,,,,,,,,,,,,,,,,,,,,
decision,1595616,null,null,,,30,,53,,,,,,,,,85119,4,0,FALSE,,,,,,,,,,,,,,,,,,,,,,,,,,,,,,,,,
time_out,1597622,null,null,,,30,,,,,,,,,,,,,,,,,,,,,,,,,,,,,,,,,,,,,,,,,,,,,,,
decision,1599624,null,null,,,30,,53,,,,,,,,,89127,4,0,FALSE,,,,,,,,,,,,,,,,,,,,,,,,,,,,,,,,,
time_out,1601630,null,null,,,30,,,,,,,,,,,,,,,,,,,,,,,,,,,,,,,,,,,,,,,,,,,,,,,
decision,1603634,null,null,,,30,,53,,,,,,,,,93136,4,0,FALSE,,,,,,,,,,,,,,,,,,,,,,,,,,,,,,,,,
time_out,1605639,null,null,,,30,,,,,,,,,,,,,,,,,,,,,,,,,,,,,,,,,,,,,,,,,,,,,,,
decision,1607641,null,null,,,30,,53,,,,,,,,,97144,4,0,FALSE,,,,,,,,,,,,,,,,,,,,,,,,,,,,,,,,,
time_out,1609647,null,null,,,30,,,,,,,,,,,,,,,,,,,,,,,,,,,,,,,,,,,,,,,,,,,,,,,
decision,1611649,null,null,,,30,,53,,,,,,,,,101151,4,0,FALSE,,,,,,,,,,,,,,,,,,,,,,,,,,,,,,,,,
time_out,1613654,null,null,,,30,,,,,,,,,,,,,,,,,,,,,,,,,,,,,,,,,,,,,,,,,,,,,,,
decision,1615656,null,null,,,30,,53,,,,,,,,,105158,4,0,FALSE,,,,,,,,,,,,,,,,,,,,,,,,,,,,,,,,,
time_out,1617662,null,null,,,30,,,,,,,,,,,,,,,,,,,,,,,,,,,,,,,,,,,,,,,,,,,,,,,
decision,1619663,null,null,,,30,,53,,,,,,,,,109166,4,0,FALSE,,,,,,,,,,,,,,,,,,,,,,,,,,,,,,,,,
time_out,1621668,null,null,,,30,,,,,,,,,,,,,,,,,,,,,,,,,,,,,,,,,,,,,,,,,,,,,,,
decision,1623670,null,null,,,30,,53,,,,,,,,,113172,4,0,FALSE,,,,,,,,,,,,,,,,,,,,,,,,,,,,,,,,,
time_out,1625675,null,null,,,30,,,,,,,,,,,,,,,,,,,,,,,,,,,,,,,,,,,,,,,,,,,,,,,
decision,1627677,null,null,,,30,,53,,,,,,,,,117179,4,0,FALSE,,,,,,,,,,,,,,,,,,,,,,,,,,,,,,,,,
time_out,1629683,null,null,,,30,,,,,,,,,,,,,,,,,,,,,,,,,,,,,,,,,,,,,,,,,,,,,,,
decision,1631685,null,null,,,30,,53,,,,,,,,,121187,4,0,FALSE,,,,,,,,,,,,,,,,,,,,,,,,,,,,,,,,,
time_out,1633690,null,null,,,30,,,,,,,,,,,,,,,,,,,,,,,,,,,,,,,,,,,,,,,,,,,,,,,
decision,1635692,null,null,,,30,,53,,,,,,,,,125194,4,0,FALSE,,,,,,,,,,,,,,,,,,,,,,,,,,,,,,,,,
time_out,1637697,null,null,,,30,,,,,,,,,,,,,,,,,,,,,,,,,,,,,,,,,,,,,,,,,,,,,,,
decision,1638513,814.4000001,76,,,30,,53,,,,,,,,,128015,4,0,TRUE,,,,,,,,,,,,,,,,,,,,,,,,,,,,,,,,,
travel,1647699,,,,,,[],53,,,,,,,,,,,,,,,,,,,,,,,,,,,,,,,,,,,,,,,,,,,,,
alien_welcome,1652701,null,null,,,,,,,,,14,75,110,36,22,40,67,80,30,109,34,35,25,92,10,71,51,3,43,20,106,17,83,54,112,4,82,37,117,60,85,24,49,62,18,66,91,46,6,88,31,87
land,1653204,null,null,,,112,,54,,,,,,,,,,,,,,,,,,,,,,,,,,,,,,,,,,,,,,,,,,,,,
dig,1655208,,,,,,[],54,,,,,,,,,,,,,,,,,,,,,,,,,,,,,,,,,,,,,,,,,,,,,
harvest,1656711,null,null,,,90,,54,,,,,,112,0.805300829,0.803571429,,,,,,,,,,,,,,,,,,,,,,,,,,,,,,,,,,,,,
decision,1656856,143.9000001,76,,,90,,54,,,,,,,,,146358,4,0,TRUE,,,,,,,,,,,,,,,,,,,,,,,,,,,,,,,,,
travel,1666719,,,,,,[],54,,,,,,,,,,,,,,,,,,,,,,,,,,,,,,,,,,,,,,,,,,,,,
alien_welcome,1671721,null,null,,,,,,,,,98,75,110,36,22,40,67,80,30,109,34,35,25,92,10,71,51,3,43,20,106,17,83,54,112,4,82,37,117,60,85,24,49,62,18,66,91,46,6,88,31,87
land,1672223,null,null,,,97,,55,,,,,,,,,,,,,,,,,,,,,,,,,,,,,,,,,,,,,,,,,,,,,
dig,1674227,,,,,,[],55,,,,,,,,,,,,,,,,,,,,,,,,,,,,,,,,,,,,,,,,,,,,,
harvest,1675730,null,null,,,72,,55,,,,,,97,0.74028245,0.742268041,,,,,,,,,,,,,,,,,,,,,,,,,,,,,,,,,,,,,
decision,1677732,null,null,,,72,,55,,,,,,,,,167234,4,0,FALSE,,,,,,,,,,,,,,,,,,,,,,,,,,,,,,,,,
time_out,1679737,null,null,,,72,,,,,,,,,,,,,,,,,,,,,,,,,,,,,,,,,,,,,,,,,,,,,,,
decision,1681739,null,null,,,72,,55,,,,,,,,,171241,4,0,FALSE,,,,,,,,,,,,,,,,,,,,,,,,,,,,,,,,,
time_out,1683745,null,null,,,72,,,,,,,,,,,,,,,,,,,,,,,,,,,,,,,,,,,,,,,,,,,,,,,
decision,1685746,null,null,,,72,,55,,,,,,,,,175249,4,0,FALSE,,,,,,,,,,,,,,,,,,,,,,,,,,,,,,,,,
time_out,1687752,null,null,,,72,,,,,,,,,,,,,,,,,,,,,,,,,,,,,,,,,,,,,,,,,,,,,,,
decision,1689754,null,null,,,72,,55,,,,,,,,,179256,4,0,FALSE,,,,,,,,,,,,,,,,,,,,,,,,,,,,,,,,,
time_out,1691760,null,null,,,72,,,,,,,,,,,,,,,,,,,,,,,,,,,,,,,,,,,,,,,,,,,,,,,
decision,1693533,1772.7,76,,,72,,55,,,,,,,,,183036,4,0,TRUE,,,,,,,,,,,,,,,,,,,,,,,,,,,,,,,,,
travel,1701766,,,,,,[],55,,,,,,,,,,,,,,,,,,,,,,,,,,,,,,,,,,,,,,,,,,,,,
alien_welcome,1706769,null,null,,,,,,,,,113,75,110,36,22,40,67,80,30,109,34,35,25,92,10,71,51,3,43,20,106,17,83,54,112,4,82,37,117,60,85,24,49,62,18,66,91,46,6,88,31,87
land,1707271,null,null,,,106,,56,,,,,,,,,,,,,,,,,,,,,,,,,,,,,,,,,,,,,,,,,,,,,
dig,1709275,,,,,,[],56,,,,,,,,,,,,,,,,,,,,,,,,,,,,,,,,,,,,,,,,,,,,,
harvest,1710777,null,null,,,95,,56,,,,,,106,0.894630568,0.896226415,,,,,,,,,,,,,,,,,,,,,,,,,,,,,,,,,,,,,
decision,1712778,null,null,,,95,,56,,,,,,,,,202281,4,0,FALSE,,,,,,,,,,,,,,,,,,,,,,,,,,,,,,,,,
time_out,1714784,null,null,,,95,,,,,,,,,,,,,,,,,,,,,,,,,,,,,,,,,,,,,,,,,,,,,,,
decision,1716787,null,null,,,95,,56,,,,,,,,,206289,4,0,FALSE,,,,,,,,,,,,,,,,,,,,,,,,,,,,,,,,,
time_out,1718793,null,null,,,95,,,,,,,,,,,,,,,,,,,,,,,,,,,,,,,,,,,,,,,,,,,,,,,
decision,1720795,null,null,,,95,,56,,,,,,,,,210298,4,0,FALSE,,,,,,,,,,,,,,,,,,,,,,,,,,,,,,,,,
time_out,1722801,null,null,,,95,,,,,,,,,,,,,,,,,,,,,,,,,,,,,,,,,,,,,,,,,,,,,,,
decision,1724805,null,null,,,95,,56,,,,,,,,,214307,4,0,FALSE,,,,,,,,,,,,,,,,,,,,,,,,,,,,,,,,,
time_out,1726811,null,null,,,95,,,,,,,,,,,,,,,,,,,,,,,,,,,,,,,,,,,,,,,,,,,,,,,
decision,1728813,null,null,,,95,,56,,,,,,,,,218315,4,0,FALSE,,,,,,,,,,,,,,,,,,,,,,,,,,,,,,,,,
time_out,1730819,null,null,,,95,,,,,,,,,,,,,,,,,,,,,,,,,,,,,,,,,,,,,,,,,,,,,,,
decision,1732821,null,null,,,95,,56,,,,,,,,,222324,4,0,FALSE,,,,,,,,,,,,,,,,,,,,,,,,,,,,,,,,,
time_out,1734827,null,null,,,95,,,,,,,,,,,,,,,,,,,,,,,,,,,,,,,,,,,,,,,,,,,,,,,
decision,1736829,null,null,,,95,,56,,,,,,,,,226331,4,0,FALSE,,,,,,,,,,,,,,,,,,,,,,,,,,,,,,,,,
time_out,1738835,null,null,,,95,,,,,,,,,,,,,,,,,,,,,,,,,,,,,,,,,,,,,,,,,,,,,,,
decision,1740837,null,null,,,95,,56,,,,,,,,,230339,4,0,FALSE,,,,,,,,,,,,,,,,,,,,,,,,,,,,,,,,,
time_out,1742842,null,null,,,95,,,,,,,,,,,,,,,,,,,,,,,,,,,,,,,,,,,,,,,,,,,,,,,
decision,1744844,null,null,,,95,,56,,,,,,,,,234346,4,0,FALSE,,,,,,,,,,,,,,,,,,,,,,,,,,,,,,,,,
time_out,1746850,null,null,,,95,,,,,,,,,,,,,,,,,,,,,,,,,,,,,,,,,,,,,,,,,,,,,,,
decision,1748852,null,null,,,95,,56,,,,,,,,,238354,4,0,FALSE,,,,,,,,,,,,,,,,,,,,,,,,,,,,,,,,,
time_out,1750858,null,null,,,95,,,,,,,,,,,,,,,,,,,,,,,,,,,,,,,,,,,,,,,,,,,,,,,
decision,1752859,null,null,,,95,,56,,,,,,,,,242361,4,0,FALSE,,,,,,,,,,,,,,,,,,,,,,,,,,,,,,,,,
time_out,1754864,null,null,,,95,,,,,,,,,,,,,,,,,,,,,,,,,,,,,,,,,,,,,,,,,,,,,,,
decision,1756866,null,null,,,95,,56,,,,,,,,,246369,4,0,FALSE,,,,,,,,,,,,,,,,,,,,,,,,,,,,,,,,,
time_out,1758872,null,null,,,95,,,,,,,,,,,,,,,,,,,,,,,,,,,,,,,,,,,,,,,,,,,,,,,
decision,1760874,null,null,,,95,,56,,,,,,,,,250376,4,0,FALSE,,,,,,,,,,,,,,,,,,,,,,,,,,,,,,,,,
time_out,1762879,null,null,,,95,,,,,,,,,,,,,,,,,,,,,,,,,,,,,,,,,,,,,,,,,,,,,,,
decision,1764882,null,null,,,95,,56,,,,,,,,,254384,4,0,FALSE,,,,,,,,,,,,,,,,,,,,,,,,,,,,,,,,,
time_out,1766887,null,null,,,95,,,,,,,,,,,,,,,,,,,,,,,,,,,,,,,,,,,,,,,,,,,,,,,
decision,1768889,null,null,,,95,,56,,,,,,,,,258392,4,0,FALSE,,,,,,,,,,,,,,,,,,,,,,,,,,,,,,,,,
time_out,1770895,null,null,,,95,,,,,,,,,,,,,,,,,,,,,,,,,,,,,,,,,,,,,,,,,,,,,,,
decision,1772897,null,null,,,95,,56,,,,,,,,,262399,4,0,FALSE,,,,,,,,,,,,,,,,,,,,,,,,,,,,,,,,,
time_out,1774903,null,null,,,95,,,,,,,,,,,,,,,,,,,,,,,,,,,,,,,,,,,,,,,,,,,,,,,
decision,1776904,null,null,,,95,,56,,,,,,,,,266407,4,0,FALSE,,,,,,,,,,,,,,,,,,,,,,,,,,,,,,,,,
time_out,1778910,null,null,,,95,,,,,,,,,,,,,,,,,,,,,,,,,,,,,,,,,,,,,,,,,,,,,,,
decision,1780912,null,null,,,95,,56,,,,,,,,,270414,4,0,FALSE,,,,,,,,,,,,,,,,,,,,,,,,,,,,,,,,,
time_out,1782917,null,null,,,95,,,,,,,,,,,,,,,,,,,,,,,,,,,,,,,,,,,,,,,,,,,,,,,
decision,1784921,null,null,,,95,,56,,,,,,,,,274423,4,0,FALSE,,,,,,,,,,,,,,,,,,,,,,,,,,,,,,,,,
time_out,1786927,null,null,,,95,,,,,,,,,,,,,,,,,,,,,,,,,,,,,,,,,,,,,,,,,,,,,,,
decision,1788929,null,null,,,95,,56,,,,,,,,,278431,4,0,FALSE,,,,,,,,,,,,,,,,,,,,,,,,,,,,,,,,,
time_out,1790934,null,null,,,95,,,,,,,,,,,,,,,,,,,,,,,,,,,,,,,,,,,,,,,,,,,,,,,
decision,1792937,null,null,,,95,,56,,,,,,,,,282439,4,0,FALSE,,,,,,,,,,,,,,,,,,,,,,,,,,,,,,,,,
time_out,1794944,null,null,,,95,,,,,,,,,,,,,,,,,,,,,,,,,,,,,,,,,,,,,,,,,,,,,,,
decision,1796946,null,null,,,95,,56,,,,,,,,,286448,4,0,FALSE,,,,,,,,,,,,,,,,,,,,,,,,,,,,,,,,,
time_out,1798951,null,null,,,95,,,,,,,,,,,,,,,,,,,,,,,,,,,,,,,,,,,,,,,,,,,,,,,
decision,1800953,null,null,,,95,,56,,,,,,,,,290455,4,0,FALSE,,,,,,,,,,,,,,,,,,,,,,,,,,,,,,,,,
time_out,1802959,null,null,,,95,,,,,,,,,,,,,,,,,,,,,,,,,,,,,,,,,,,,,,,,,,,,,,,
decision,1804231,1271.1,76,,,95,,56,,,,,,,,,293734,4,0,TRUE,,,,,,,,,,,,,,,,,,,,,,,,,,,,,,,,,
travel,1812959,,,,,,[],56,,,,,,,,,,,,,,,,,,,,,,,,,,,,,,,,,,,,,,,,,,,,,
alien_welcome,1817962,null,null,,,,,,,,,52,75,110,36,22,40,67,80,30,109,34,35,25,92,10,71,51,3,43,20,106,17,83,54,112,4,82,37,117,60,85,24,49,62,18,66,91,46,6,88,31,87
land,1818464,null,null,,,98,,57,,,,,,,,,,,,,,,,,,,,,,,,,,,,,,,,,,,,,,,,,,,,,
dig,1820468,,,,,,[],57,,,,,,,,,,,,,,,,,,,,,,,,,,,,,,,,,,,,,,,,,,,,,
harvest,1821970,null,null,,,82,,57,,,,,,98,0.841105558,0.836734694,,,,,,,,,,,,,,,,,,,,,,,,,,,,,,,,,,,,,
decision,1823231,1259.5,76,,,82,,57,,,,,,,,,312733,4,0,TRUE,,,,,,,,,,,,,,,,,,,,,,,,,,,,,,,,,
travel,1831977,,,,,,[],57,,,,,,,,,,,,,,,,,,,,,,,,,,,,,,,,,,,,,,,,,,,,,
alien_welcome,1836980,null,null,,,,,,,,,55,75,110,36,22,40,67,80,30,109,34,35,25,92,10,71,51,3,43,20,106,17,83,54,112,4,82,37,117,60,85,24,49,62,18,66,91,46,6,88,31,87
land,1837483,null,null,,,100,,58,,,,,,,,,,,,,,,,,,,,,,,,,,,,,,,,,,,,,,,,,,,,,
dig,1839487,,,,,,[],58,,,,,,,,,,,,,,,,,,,,,,,,,,,,,,,,,,,,,,,,,,,,,
harvest,1840989,null,null,,,71,,58,,,,,,100,0.706095883,0.71,,,,,,,,,,,,,,,,,,,,,,,,,,,,,,,,,,,,,
decision,1841199,208.2999997,76,,,71,,58,,,,,,,,,330701,4,0,TRUE,,,,,,,,,,,,,,,,,,,,,,,,,,,,,,,,,
travel,1850991,,,,,,[],58,,,,,,,,,,,,,,,,,,,,,,,,,,,,,,,,,,,,,,,,,,,,,
alien_welcome,1855994,null,null,,,,,,,,,50,75,110,36,22,40,67,80,30,109,34,35,25,92,10,71,51,3,43,20,106,17,83,54,112,4,82,37,117,60,85,24,49,62,18,66,91,46,6,88,31,87
land,1856496,null,null,,,102,,59,,,,,,,,,,,,,,,,,,,,,,,,,,,,,,,,,,,,,,,,,,,,,
dig,1858501,,,,,,[],59,,,,,,,,,,,,,,,,,,,,,,,,,,,,,,,,,,,,,,,,,,,,,
harvest,1860004,null,null,,,76,,59,,,,,,102,0.745714471,0.745098039,,,,,,,,,,,,,,,,,,,,,,,,,,,,,,,,,,,,,
decision,1860080,75.19999981,76,,,76,,59,,,,,,,,,349582,4,0,TRUE,,,,,,,,,,,,,,,,,,,,,,,,,,,,,,,,,
travel,1870006,,,,,,[],59,,,,,,,,,,,,,,,,,,,,,,,,,,,,,,,,,,,,,,,,,,,,,
alien_welcome,1875008,null,null,,,,,,,,,102,75,110,36,22,40,67,80,30,109,34,35,25,92,10,71,51,3,43,20,106,17,83,54,112,4,82,37,117,60,85,24,49,62,18,66,91,46,6,88,31,87
land,1875510,null,null,,,106,,60,,,,,,,,,,,,,,,,,,,,,,,,,,,,,,,,,,,,,,,,,,,,,
dig,1877514,,,,,,[],60,,,,,,,,,,,,,,,,,,,,,,,,,,,,,,,,,,,,,,,,,,,,,
harvest,1879016,null,null,,,31,,60,,,,,,106,0.291606075,0.29245283,,,,,,,,,,,,,,,,,,,,,,,,,,,,,,,,,,,,,
decision,1879095,78.0999999,76,,,31,,60,,,,,,,,,368598,4,0,TRUE,,,,,,,,,,,,,,,,,,,,,,,,,,,,,,,,,
end_of_block,1882976,3875.2,32,,,,,,,,,,,,,,,,,,,,,,,,,,,,,,,,,,,,,,,,,,,,,,,,,,
alien_welcome,1887992,null,null,,,,,,,,,33,75,110,36,22,40,67,80,30,109,34,35,25,92,10,71,51,3,43,20,106,17,83,54,112,4,82,37,117,60,85,24,49,62,18,66,91,46,6,88,31,87
land,1888495,null,null,,,101,,61,,,,,,,,,,,,,,,,,,,,,,,,,,,,,,,,,,,,,,,,,,,,,
dig,1890499,,,,,,[],61,,,,,,,,,,,,,,,,,,,,,,,,,,,,,,,,,,,,,,,,,,,,,
harvest,1892001,null,null,,,45,,61,,,,,,101,0.447293718,0.445544554,,,,,,,,,,,,,,,,,,,,,,,,,,,,,,,,,,,,,
decision,1892511,509.5999999,76,,,45,,61,,,,,,,,,9532,5,0,TRUE,,,,,,,,,,,,,,,,,,,,,,,,,,,,,,,,,
travel,1902004,,,,,,[],61,,,,,,,,,,,,,,,,,,,,,,,,,,,,,,,,,,,,,,,,,,,,,
alien_welcome,1907008,null,null,,,,,,,,,78,75,110,36,22,40,67,80,30,109,34,35,25,92,10,71,51,3,43,20,106,17,83,54,112,4,82,37,117,60,85,24,49,62,18,66,91,46,6,88,31,87
land,1907511,null,null,,,95,,62,,,,,,,,,,,,,,,,,,,,,,,,,,,,,,,,,,,,,,,,,,,,,
dig,1909515,,,,,,[],62,,,,,,,,,,,,,,,,,,,,,,,,,,,,,,,,,,,,,,,,,,,,,
harvest,1911017,null,null,,,48,,62,,,,,,95,0.503493365,0.505263158,,,,,,,,,,,,,,,,,,,,,,,,,,,,,,,,,,,,,
decision,1912096,1077.9,76,,,48,,62,,,,,,,,,29116,5,0,TRUE,,,,,,,,,,,,,,,,,,,,,,,,,,,,,,,,,
travel,1921022,,,,,,[],62,,,,,,,,,,,,,,,,,,,,,,,,,,,,,,,,,,,,,,,,,,,,,
alien_welcome,1926025,null,null,,,,,,,,,44,75,110,36,22,40,67,80,30,109,34,35,25,92,10,71,51,3,43,20,106,17,83,54,112,4,82,37,117,60,85,24,49,62,18,66,91,46,6,88,31,87
land,1926527,null,null,,,106,,63,,,,,,,,,,,,,,,,,,,,,,,,,,,,,,,,,,,,,,,,,,,,,
dig,1928531,,,,,,[],63,,,,,,,,,,,,,,,,,,,,,,,,,,,,,,,,,,,,,,,,,,,,,
harvest,1930033,null,null,,,53,,63,,,,,,106,0.50389038,0.5,,,,,,,,,,,,,,,,,,,,,,,,,,,,,,,,,,,,,
decision,1932035,null,null,,,53,,63,,,,,,,,,49055,5,0,FALSE,,,,,,,,,,,,,,,,,,,,,,,,,,,,,,,,,
time_out,1934041,null,null,,,53,,,,,,,,,,,,,,,,,,,,,,,,,,,,,,,,,,,,,,,,,,,,,,,
decision,1935672,1630.2,76,,,53,,63,,,,,,,,,52693,5,0,TRUE,,,,,,,,,,,,,,,,,,,,,,,,,,,,,,,,,
travel,1944041,,,,,,[],63,,,,,,,,,,,,,,,,,,,,,,,,,,,,,,,,,,,,,,,,,,,,,
alien_welcome,1949043,null,null,,,,,,,,,103,75,110,36,22,40,67,80,30,109,34,35,25,92,10,71,51,3,43,20,106,17,83,54,112,4,82,37,117,60,85,24,49,62,18,66,91,46,6,88,31,87
land,1949545,null,null,,,99,,64,,,,,,,,,,,,,,,,,,,,,,,,,,,,,,,,,,,,,,,,,,,,,
dig,1951549,,,,,,[],64,,,,,,,,,,,,,,,,,,,,,,,,,,,,,,,,,,,,,,,,,,,,,
harvest,1953051,null,null,,,40,,64,,,,,,99,0.400192472,0.404040404,,,,,,,,,,,,,,,,,,,,,,,,,,,,,,,,,,,,,
decision,1954760,1708,76,,,40,,64,,,,,,,,,71780,5,0,TRUE,,,,,,,,,,,,,,,,,,,,,,,,,,,,,,,,,
travel,1963056,,,,,,[],64,,,,,,,,,,,,,,,,,,,,,,,,,,,,,,,,,,,,,,,,,,,,,
alien_welcome,1968060,null,null,,,,,,,,,72,75,110,36,22,40,67,80,30,109,34,35,25,92,10,71,51,3,43,20,106,17,83,54,112,4,82,37,117,60,85,24,49,62,18,66,91,46,6,88,31,87
land,1968562,null,null,,,97,,65,,,,,,,,,,,,,,,,,,,,,,,,,,,,,,,,,,,,,,,,,,,,,
dig,1970566,,,,,,[],65,,,,,,,,,,,,,,,,,,,,,,,,,,,,,,,,,,,,,,,,,,,,,
harvest,1972068,null,null,,,57,,65,,,,,,97,0.582715662,0.587628866,,,,,,,,,,,,,,,,,,,,,,,,,,,,,,,,,,,,,
decision,1973082,1012.9,76,,,57,,65,,,,,,,,,90102,5,0,TRUE,,,,,,,,,,,,,,,,,,,,,,,,,,,,,,,,,
travel,1982071,,,,,,[],65,,,,,,,,,,,,,,,,,,,,,,,,,,,,,,,,,,,,,,,,,,,,,
alien_welcome,1987074,null,null,,,,,,,,,59,75,110,36,22,40,67,80,30,109,34,35,25,92,10,71,51,3,43,20,106,17,83,54,112,4,82,37,117,60,85,24,49,62,18,66,91,46,6,88,31,87
land,1987576,null,null,,,108,,66,,,,,,,,,,,,,,,,,,,,,,,,,,,,,,,,,,,,,,,,,,,,,
dig,1989580,,,,,,[],66,,,,,,,,,,,,,,,,,,,,,,,,,,,,,,,,,,,,,,,,,,,,,
harvest,1991082,null,null,,,55,,66,,,,,,108,0.513496299,0.509259259,,,,,,,,,,,,,,,,,,,,,,,,,,,,,,,,,,,,,
decision,1991273,190.5999999,76,,,55,,66,,,,,,,,,108294,5,0,TRUE,,,,,,,,,,,,,,,,,,,,,,,,,,,,,,,,,
travel,2001082,,,,,,[],66,,,,,,,,,,,,,,,,,,,,,,,,,,,,,,,,,,,,,,,,,,,,,
alien_welcome,2006084,null,null,,,,,,,,,105,75,110,36,22,40,67,80,30,109,34,35,25,92,10,71,51,3,43,20,106,17,83,54,112,4,82,37,117,60,85,24,49,62,18,66,91,46,6,88,31,87
land,2006586,null,null,,,95,,67,,,,,,,,,,,,,,,,,,,,,,,,,,,,,,,,,,,,,,,,,,,,,
dig,2008591,,,,,,[],67,,,,,,,,,,,,,,,,,,,,,,,,,,,,,,,,,,,,,,,,,,,,,
harvest,2010093,null,null,,,40,,67,,,,,,95,0.41751341,0.421052632,,,,,,,,,,,,,,,,,,,,,,,,,,,,,,,,,,,,,
decision,2010449,355.2000003,76,,,40,,67,,,,,,,,,127469,5,0,TRUE,,,,,,,,,,,,,,,,,,,,,,,,,,,,,,,,,
travel,2020096,,,,,,[],67,,,,,,,,,,,,,,,,,,,,,,,,,,,,,,,,,,,,,,,,,,,,,
alien_welcome,2025099,null,null,,,,,,,,,120,75,110,36,22,40,67,80,30,109,34,35,25,92,10,71,51,3,43,20,106,17,83,54,112,4,82,37,117,60,85,24,49,62,18,66,91,46,6,88,31,87
land,2025602,null,null,,,100,,68,,,,,,,,,,,,,,,,,,,,,,,,,,,,,,,,,,,,,,,,,,,,,
dig,2027605,,,,,,[],68,,,,,,,,,,,,,,,,,,,,,,,,,,,,,,,,,,,,,,,,,,,,,
harvest,2029108,null,null,,,58,,68,,,,,,100,0.576991478,0.58,,,,,,,,,,,,,,,,,,,,,,,,,,,,,,,,,,,,,
decision,2029251,141.3000002,76,,,58,,68,,,,,,,,,146271,5,0,TRUE,,,,,,,,,,,,,,,,,,,,,,,,,,,,,,,,,
travel,2039113,,,,,,[],68,,,,,,,,,,,,,,,,,,,,,,,,,,,,,,,,,,,,,,,,,,,,,
alien_welcome,2044116,null,null,,,,,,,,,26,75,110,36,22,40,67,80,30,109,34,35,25,92,10,71,51,3,43,20,106,17,83,54,112,4,82,37,117,60,85,24,49,62,18,66,91,46,6,88,31,87
land,2044619,null,null,,,101,,69,,,,,,,,,,,,,,,,,,,,,,,,,,,,,,,,,,,,,,,,,,,,,
dig,2046623,,,,,,[],69,,,,,,,,,,,,,,,,,,,,,,,,,,,,,,,,,,,,,,,,,,,,,
harvest,2048125,null,null,,,57,,69,,,,,,101,0.55995517,0.564356436,,,,,,,,,,,,,,,,,,,,,,,,,,,,,,,,,,,,,
decision,2048170,44.0999999,76,,,57,,69,,,,,,,,,165190,5,0,TRUE,,,,,,,,,,,,,,,,,,,,,,,,,,,,,,,,,
travel,2058132,,,,,,[],69,,,,,,,,,,,,,,,,,,,,,,,,,,,,,,,,,,,,,,,,,,,,,
alien_welcome,2063134,null,null,,,,,,,,,38,75,110,36,22,40,67,80,30,109,34,35,25,92,10,71,51,3,43,20,106,17,83,54,112,4,82,37,117,60,85,24,49,62,18,66,91,46,6,88,31,87
land,2063637,null,null,,,87,,70,,,,,,,,,,,,,,,,,,,,,,,,,,,,,,,,,,,,,,,,,,,,,
dig,2065641,,,,,,[],70,,,,,,,,,,,,,,,,,,,,,,,,,,,,,,,,,,,,,,,,,,,,,
harvest,2067143,null,null,,,42,,70,,,,,,87,0.481461519,0.482758621,,,,,,,,,,,,,,,,,,,,,,,,,,,,,,,,,,,,,
decision,2068241,1097.3,76,,,42,,70,,,,,,,,,185262,5,0,TRUE,,,,,,,,,,,,,,,,,,,,,,,,,,,,,,,,,
travel,2077150,,,,,,[],70,,,,,,,,,,,,,,,,,,,,,,,,,,,,,,,,,,,,,,,,,,,,,
alien_welcome,2082153,null,null,,,,,,,,,32,75,110,36,22,40,67,80,30,109,34,35,25,92,10,71,51,3,43,20,106,17,83,54,112,4,82,37,117,60,85,24,49,62,18,66,91,46,6,88,31,87
land,2082655,null,null,,,94,,71,,,,,,,,,,,,,,,,,,,,,,,,,,,,,,,,,,,,,,,,,,,,,
dig,2084660,,,,,,[],71,,,,,,,,,,,,,,,,,,,,,,,,,,,,,,,,,,,,,,,,,,,,,
harvest,2086162,null,null,,,47,,71,,,,,,94,0.499009825,0.5,,,,,,,,,,,,,,,,,,,,,,,,,,,,,,,,,,,,,
decision,2086305,142.5999999,76,,,47,,71,,,,,,,,,203326,5,0,TRUE,,,,,,,,,,,,,,,,,,,,,,,,,,,,,,,,,
travel,2096169,,,,,,[],71,,,,,,,,,,,,,,,,,,,,,,,,,,,,,,,,,,,,,,,,,,,,,
alien_welcome,2101172,null,null,,,,,,,,,114,75,110,36,22,40,67,80,30,109,34,35,25,92,10,71,51,3,43,20,106,17,83,54,112,4,82,37,117,60,85,24,49,62,18,66,91,46,6,88,31,87
land,2101674,null,null,,,98,,72,,,,,,,,,,,,,,,,,,,,,,,,,,,,,,,,,,,,,,,,,,,,,
dig,2103678,,,,,,[],72,,,,,,,,,,,,,,,,,,,,,,,,,,,,,,,,,,,,,,,,,,,,,
harvest,2105180,null,null,,,48,,72,,,,,,98,0.485899055,0.489795918,,,,,,,,,,,,,,,,,,,,,,,,,,,,,,,,,,,,,
decision,2107182,null,null,,,48,,72,,,,,,,,,224202,5,0,FALSE,,,,,,,,,,,,,,,,,,,,,,,,,,,,,,,,,
time_out,2109189,null,null,,,48,,,,,,,,,,,,,,,,,,,,,,,,,,,,,,,,,,,,,,,,,,,,,,,
decision,2109386,196.6999998,76,,,48,,72,,,,,,,,,226407,5,0,TRUE,,,,,,,,,,,,,,,,,,,,,,,,,,,,,,,,,
travel,2119195,,,,,,[],72,,,,,,,,,,,,,,,,,,,,,,,,,,,,,,,,,,,,,,,,,,,,,
alien_welcome,2124197,null,null,,,,,,,,,93,75,110,36,22,40,67,80,30,109,34,35,25,92,10,71,51,3,43,20,106,17,83,54,112,4,82,37,117,60,85,24,49,62,18,66,91,46,6,88,31,87
land,2124700,null,null,,,102,,73,,,,,,,,,,,,,,,,,,,,,,,,,,,,,,,,,,,,,,,,,,,,,
dig,2126705,,,,,,[],73,,,,,,,,,,,,,,,,,,,,,,,,,,,,,,,,,,,,,,,,,,,,,
harvest,2128207,null,null,,,49,,73,,,,,,102,0.484787461,0.480392157,,,,,,,,,,,,,,,,,,,,,,,,,,,,,,,,,,,,,
decision,2130208,null,null,,,49,,73,,,,,,,,,247229,5,0,FALSE,,,,,,,,,,,,,,,,,,,,,,,,,,,,,,,,,
time_out,2132215,null,null,,,49,,,,,,,,,,,,,,,,,,,,,,,,,,,,,,,,,,,,,,,,,,,,,,,
decision,2132506,289.7999997,76,,,49,,73,,,,,,,,,249526,5,0,TRUE,,,,,,,,,,,,,,,,,,,,,,,,,,,,,,,,,
travel,2142217,,,,,,[],73,,,,,,,,,,,,,,,,,,,,,,,,,,,,,,,,,,,,,,,,,,,,,
alien_welcome,2147219,null,null,,,,,,,,,119,75,110,36,22,40,67,80,30,109,34,35,25,92,10,71,51,3,43,20,106,17,83,54,112,4,82,37,117,60,85,24,49,62,18,66,91,46,6,88,31,87
land,2147722,null,null,,,102,,74,,,,,,,,,,,,,,,,,,,,,,,,,,,,,,,,,,,,,,,,,,,,,
dig,2149728,,,,,,[],74,,,,,,,,,,,,,,,,,,,,,,,,,,,,,,,,,,,,,,,,,,,,,
harvest,2151230,null,null,,,50,,74,,,,,,102,0.49468184,0.490196078,,,,,,,,,,,,,,,,,,,,,,,,,,,,,,,,,,,,,
decision,2151299,68.19999981,76,,,50,,74,,,,,,,,,268319,5,0,TRUE,,,,,,,,,,,,,,,,,,,,,,,,,,,,,,,,,
travel,2161234,,,,,,[],74,,,,,,,,,,,,,,,,,,,,,,,,,,,,,,,,,,,,,,,,,,,,,
alien_welcome,2166237,null,null,,,,,,,,,11,75,110,36,22,40,67,80,30,109,34,35,25,92,10,71,51,3,43,20,106,17,83,54,112,4,82,37,117,60,85,24,49,62,18,66,91,46,6,88,31,87
land,2166739,null,null,,,100,,75,,,,,,,,,,,,,,,,,,,,,,,,,,,,,,,,,,,,,,,,,,,,,
dig,2168743,,,,,,[],75,,,,,,,,,,,,,,,,,,,,,,,,,,,,,,,,,,,,,,,,,,,,,
harvest,2170246,null,null,,,50,,75,,,,,,100,0.499572051,0.5,,,,,,,,,,,,,,,,,,,,,,,,,,,,,,,,,,,,,
decision,2170275,27.5999999,76,,,50,,75,,,,,,,,,287295,5,0,TRUE,,,,,,,,,,,,,,,,,,,,,,,,,,,,,,,,,
travel,2180255,,,,,,[],75,,,,,,,,,,,,,,,,,,,,,,,,,,,,,,,,,,,,,,,,,,,,,
alien_welcome,2185258,null,null,,,,,,,,,81,75,110,36,22,40,67,80,30,109,34,35,25,92,10,71,51,3,43,20,106,17,83,54,112,4,82,37,117,60,85,24,49,62,18,66,91,46,6,88,31,87
land,2185760,null,null,,,100,,76,,,,,,,,,,,,,,,,,,,,,,,,,,,,,,,,,,,,,,,,,,,,,
dig,2187764,,,,,,[],76,,,,,,,,,,,,,,,,,,,,,,,,,,,,,,,,,,,,,,,,,,,,,
harvest,2189266,null,null,,,83,,76,,,,,,100,0.831055619,0.83,,,,,,,,,,,,,,,,,,,,,,,,,,,,,,,,,,,,,
decision,2189563,295.3999996,76,,,83,,76,,,,,,,,,306583,5,0,TRUE,,,,,,,,,,,,,,,,,,,,,,,,,,,,,,,,,
travel,2199273,,,,,,[],76,,,,,,,,,,,,,,,,,,,,,,,,,,,,,,,,,,,,,,,,,,,,,
alien_welcome,2204276,null,null,,,,,,,,,107,75,110,36,22,40,67,80,30,109,34,35,25,92,10,71,51,3,43,20,106,17,83,54,112,4,82,37,117,60,85,24,49,62,18,66,91,46,6,88,31,87
land,2204779,null,null,,,99,,77,,,,,,,,,,,,,,,,,,,,,,,,,,,,,,,,,,,,,,,,,,,,,
dig,2206783,,,,,,[],77,,,,,,,,,,,,,,,,,,,,,,,,,,,,,,,,,,,,,,,,,,,,,
harvest,2208285,null,null,,,76,,77,,,,,,99,0.765679016,0.767676768,,,,,,,,,,,,,,,,,,,,,,,,,,,,,,,,,,,,,
decision,2208794,508.2000003,76,,,76,,77,,,,,,,,,325815,5,0,TRUE,,,,,,,,,,,,,,,,,,,,,,,,,,,,,,,,,
travel,2218290,,,,,,[],77,,,,,,,,,,,,,,,,,,,,,,,,,,,,,,,,,,,,,,,,,,,,,
alien_welcome,2223293,null,null,,,,,,,,,90,75,110,36,22,40,67,80,30,109,34,35,25,92,10,71,51,3,43,20,106,17,83,54,112,4,82,37,117,60,85,24,49,62,18,66,91,46,6,88,31,87
land,2223795,null,null,,,108,,78,,,,,,,,,,,,,,,,,,,,,,,,,,,,,,,,,,,,,,,,,,,,,
dig,2225800,,,,,,[],78,,,,,,,,,,,,,,,,,,,,,,,,,,,,,,,,,,,,,,,,,,,,,
harvest,2227302,null,null,,,81,,78,,,,,,108,0.752386984,0.75,,,,,,,,,,,,,,,,,,,,,,,,,,,,,,,,,,,,,
decision,2227628,324.6000004,76,,,81,,78,,,,,,,,,344648,5,0,TRUE,,,,,,,,,,,,,,,,,,,,,,,,,,,,,,,,,
travel,2237311,,,,,,[],78,,,,,,,,,,,,,,,,,,,,,,,,,,,,,,,,,,,,,,,,,,,,,
alien_welcome,2242314,null,null,,,,,,,,,29,75,110,36,22,40,67,80,30,109,34,35,25,92,10,71,51,3,43,20,106,17,83,54,112,4,82,37,117,60,85,24,49,62,18,66,91,46,6,88,31,87
land,2242816,null,null,,,97,,79,,,,,,,,,,,,,,,,,,,,,,,,,,,,,,,,,,,,,,,,,,,,,
dig,2244820,,,,,,[],79,,,,,,,,,,,,,,,,,,,,,,,,,,,,,,,,,,,,,,,,,,,,,
harvest,2246322,null,null,,,51,,79,,,,,,97,0.526883073,0.525773196,,,,,,,,,,,,,,,,,,,,,,,,,,,,,,,,,,,,,
decision,2246396,72.4000001,76,,,51,,79,,,,,,,,,363416,5,0,TRUE,,,,,,,,,,,,,,,,,,,,,,,,,,,,,,,,,
catch,2249883,3481.6,90,,,51,,,,,,,,,,,,,,,,,,,,,,,,,,,,,,,,,,,,,,,,,,,,,,,
debrief,2371390,121501.9,,,,,{planet_threshold:yes,planet_threshold_desc:IT WAS MY OWN THOUGHTS,dig_threshold:yes,dig_threshold_desc:IT WAS OVERTHINKING,surprise:yes,surprise_desc:IT WAS DECIDED BY MY OWN THINKING,dynamic:yes,dynamic_desc:IT WAS VERY EASY ,other:yes,other_desc:CONCERNTRATE THE GERMS,feedback:VERY NICE},,,,,,,,,,,,,,,,,,,,,,,,,,,,,,,,,,,,
demo,2429471,58077,,,,,{age:25,gender:female},,,,,,,,,,,,,,,,,,,,,,,,,,,,,,,,,,,,,,,,,,,,,
end_of_exp,2437214,7740.9,32,,,,,,,,,,,,,,,,,,2,0,,,,,,,,,,,,,,,,,,,,,,,,,,,,,,,