trial_type,time_elapsed,rt,key_press,condition,subject_id,next_reward,responses,planet,curr_prac_trial,n_prac_rounds,button_pressed,alien,aliens,reward_received,decay_rate_actual,decay_rate_exp,time_in_block,block_num,prt,last_trial_on_planet,bonus,num_failures,,,,,,,,,,,,,,,,,,,,,,,,,,,,,,,,,,,
fullscreen,3812,,,,,,,,,,,,,,,,,,,,,,,,,,,,,,,,,,,,,,,,,,,,,,,,,,,,,,,,
instruc_welcome,12710,8896,32,1,AMNYS937UWC8M,,,,,,,,,,,,,,,,,,,,,,,,,,,,,,,,,,,,,,,,,,,,,,,,,,,,
instruc_goal,14903,2192,32,,,,,,,,,,,,,,,,,,,,,,,,,,,,,,,,,,,,,,,,,,,,,,,,,,,,,,
instruc_dig,18180,3275,65,,,100,,,,,,,,,,,,,,,,,,,,,,,,,,,,,,,,,,,,,,,,,,,,,,,,,,,
dig_instruc,20188,,,,,,[],,,,,,,,,,,,,,,,,,,,,,,,,,,,,,,,,,,,,,,,,,,,,,,,,,
harvest_instruc,21694,null,null,,,,,,,,,,,,,,,,,,,,,,,,,,,,,,,,,,,,,,,,,,,,,,,,,,,,,,
instruc_travel,24500,2804,76,,,,,,,,,,,,,,,,,,,,,,,,,,,,,,,,,,,,,,,,,,,,,,,,,,,,,,
travel_prac,34501,,,,,,[],0,,,,,,,,,,,,,,,,,,,,,,,,,,,,,,,,,,,,,,,,,,,,,,,,,
instruc_alien_greet,38090,3587,32,,,,,,,,,,,,,,,,,,,,,,,,,,,,,,,,,,,,,,,,,,,,,,,,,,,,,,
time_out,42982,4892,32,,,,,,,,,,,,,,,,,,,,,,,,,,,,,,,,,,,,,,,,,,,,,,,,,,,,,,
instruc_break,45874,2891,32,,,,,,,,,,,,,,,,,,,,,,,,,,,,,,,,,,,,,,,,,,,,,,,,,,,,,,
quiz_prac,52475,6600,,,,,{Q0:A,Q1:A,Q2:A},,,,,,,,,,,,,,,,,,,,,,,,,,,,,,,,,,,,,,,,,,,,,,,,
quiz_incorrect,59689,7210,,,,,{Q0:C,Q1:B,Q2:B},,,,,,,,,,,,,,,,,,,,,,,,,,,,,,,,,,,,,,,,,,,,,,,,
instruc_goal,76353,16663,32,,,,,,,,,,,,,,,,,,,,,,,,,,,,,,,,,,,,,,,,,,,,,,,,,,,,,,
instruc_dig,81482,5128,65,,,100,,,,,,,,,,,,,,,,,,,,,,,,,,,,,,,,,,,,,,,,,,,,,,,,,,,
dig_instruc,83486,,,,,,[],,,,,,,,,,,,,,,,,,,,,,,,,,,,,,,,,,,,,,,,,,,,,,,,,,
harvest_instruc,84991,null,null,,,,,,,,,,,,,,,,,,,,,,,,,,,,,,,,,,,,,,,,,,,,,,,,,,,,,,
instruc_travel,90470,5477,76,,,,,,,,,,,,,,,,,,,,,,,,,,,,,,,,,,,,,,,,,,,,,,,,,,,,,,
travel_prac,100472,,,,,,[],0,,,,,,,,,,,,,,,,,,,,,,,,,,,,,,,,,,,,,,,,,,,,,,,,,
time_out,105235,4762,32,,,,,,,,,,,,,,,,,,,,,,,,,,,,,,,,,,,,,,,,,,,,,,,,,,,,,,
instruc_break,109334,4098,32,,,,,,,,,,,,,,,,,,,,,,,,,,,,,,,,,,,,,,,,,,,,,,,,,,,,,,
quiz_prac,150125,40792,,,,,{Q0:A,Q1:A,Q2:A},,,,,,,,,,,,,,,,,,,,,,,,,,,,,,,,,,,,,,,,,,,,,,,,
quiz_incorrect,246209,96082,,,,,{Q0:A,Q1:A,Q2:B},,,,,,,,,,,,,,,,,,,,,,,,,,,,,,,,,,,,,,,,,,,,,,,,
instruc_goal,256171,9961,32,,,,,,,,,,,,,,,,,,,,,,,,,,,,,,,,,,,,,,,,,,,,,,,,,,,,,,
instruc_dig,259018,2846,65,,,100,,,,,,,,,,,,,,,,,,,,,,,,,,,,,,,,,,,,,,,,,,,,,,,,,,,
dig_instruc,261022,,,,,,[],,,,,,,,,,,,,,,,,,,,,,,,,,,,,,,,,,,,,,,,,,,,,,,,,,
harvest_instruc,262523,null,null,,,,,,,,,,,,,,,,,,,,,,,,,,,,,,,,,,,,,,,,,,,,,,,,,,,,,,
instruc_travel,264987,2463,76,,,,,,,,,,,,,,,,,,,,,,,,,,,,,,,,,,,,,,,,,,,,,,,,,,,,,,
travel_prac,274990,,,,,,[],0,,,,,,,,,,,,,,,,,,,,,,,,,,,,,,,,,,,,,,,,,,,,,,,,,
time_out,278185,3194,32,,,,,,,,,,,,,,,,,,,,,,,,,,,,,,,,,,,,,,,,,,,,,,,,,,,,,,
instruc_break,284006,5821,32,,,,,,,,,,,,,,,,,,,,,,,,,,,,,,,,,,,,,,,,,,,,,,,,,,,,,,
quiz_prac,322198,38191,,,,,{Q0:A,Q1:C,Q2:B},,,,,,,,,,,,,,,,,,,,,,,,,,,,,,,,,,,,,,,,,,,,,,,,
quiz_incorrect,342692,20491,,,,,{Q0:A,Q1:B,Q2:B},,,,,,,,,,,,,,,,,,,,,,,,,,,,,,,,,,,,,,,,,,,,,,,,
instruc_goal,344141,1447,32,,,,,,,,,,,,,,,,,,,,,,,,,,,,,,,,,,,,,,,,,,,,,,,,,,,,,,
instruc_dig,344702,560,65,,,100,,,,,,,,,,,,,,,,,,,,,,,,,,,,,,,,,,,,,,,,,,,,,,,,,,,
dig_instruc,346704,,,,,,[],,,,,,,,,,,,,,,,,,,,,,,,,,,,,,,,,,,,,,,,,,,,,,,,,,
harvest_instruc,348206,null,null,,,,,,,,,,,,,,,,,,,,,,,,,,,,,,,,,,,,,,,,,,,,,,,,,,,,,,
instruc_travel,350046,1839,76,,,,,,,,,,,,,,,,,,,,,,,,,,,,,,,,,,,,,,,,,,,,,,,,,,,,,,
travel_prac,360047,,,,,,[],0,,,,,,,,,,,,,,,,,,,,,,,,,,,,,,,,,,,,,,,,,,,,,,,,,
time_out,364337,4288,32,,,,,,,,,,,,,,,,,,,,,,,,,,,,,,,,,,,,,,,,,,,,,,,,,,,,,,
instruc_break,365893,1556,32,,,,,,,,,,,,,,,,,,,,,,,,,,,,,,,,,,,,,,,,,,,,,,,,,,,,,,
quiz_prac,462374,96480,,,,,{Q0:C,Q1:A,Q2:A},,,,,,,,,,,,,,,,,,,,,,,,,,,,,,,,,,,,,,,,,,,,,,,,
quiz_incorrect,466717,4342,,,,,{Q0:C,Q1:B,Q2:B},,,,,,,,,,,,,,,,,,,,,,,,,,,,,,,,,,,,,,,,,,,,,,,,
instruc_goal,468422,1704,32,,,,,,,,,,,,,,,,,,,,,,,,,,,,,,,,,,,,,,,,,,,,,,,,,,,,,,
instruc_dig,469271,847,65,,,100,,,,,,,,,,,,,,,,,,,,,,,,,,,,,,,,,,,,,,,,,,,,,,,,,,,
dig_instruc,471278,,,,,,[],,,,,,,,,,,,,,,,,,,,,,,,,,,,,,,,,,,,,,,,,,,,,,,,,,
harvest_instruc,472779,null,null,,,,,,,,,,,,,,,,,,,,,,,,,,,,,,,,,,,,,,,,,,,,,,,,,,,,,,
instruc_travel,474158,1379,76,,,,,,,,,,,,,,,,,,,,,,,,,,,,,,,,,,,,,,,,,,,,,,,,,,,,,,
travel_prac,484160,,,,,,[],0,,,,,,,,,,,,,,,,,,,,,,,,,,,,,,,,,,,,,,,,,,,,,,,,,
time_out,486289,2127,32,,,,,,,,,,,,,,,,,,,,,,,,,,,,,,,,,,,,,,,,,,,,,,,,,,,,,,
instruc_break,487171,881,32,,,,,,,,,,,,,,,,,,,,,,,,,,,,,,,,,,,,,,,,,,,,,,,,,,,,,,
quiz_prac,590266,103095,,,,,{Q0:C,Q1:B,Q2:B},,,,,,,,,,,,,,,,,,,,,,,,,,,,,,,,,,,,,,,,,,,,,,,,
quiz_correct,606984,16715,,,,,{Q0:C,Q1:B,Q2:B},,,,,,,,,,,,,,,,,,,,,,,,,,,,,,,,,,,,,,,,,,,,,,,,
instruc_prac_game,613560,6575,32,,,,,,,,,,,,,,,,,,,,,,,,,,,,,,,,,,,,,,,,,,,,,,,,,,,,,,
alien_welcome_prac,618565,null,null,,,,,,,,,,,,,,,,,,,,,,,,,,,,,,,,,,,,,,,,,,,,,,,,,,,,,,
land_prac,619070,null,null,,,92,,0,,,,,,,,,,,,,,,,,,,,,,,,,,,,,,,,,,,,,,,,,,,,,,,,,
dig_prac,621073,,,,,,[],,,,,,,,,,,,,,,,,,,,,,,,,,,,,,,,,,,,,,,,,,,,,,,,,,
harvest_prac,622576,null,null,,,,,,,,,,,,,,,,,,,,,,,,,,,,,,,,,,,,,,,,,,,,,,,,,,,,,,
decision_prac,622631,54,65,,,,,,1,,,,,,,,,,,,,,,,,,,,,,,,,,,,,,,,,,,,,,,,,,,,,,,,
dig_prac,624653,,,,,,[],,,,,,,,,,,,,,,,,,,,,,,,,,,,,,,,,,,,,,,,,,,,,,,,,,
harvest_prac,626165,null,null,,,,,,,,,,,,,,,,,,,,,,,,,,,,,,,,,,,,,,,,,,,,,,,,,,,,,,
decision_prac,627035,868,65,,,,,,2,,,,,,,,,,,,,,,,,,,,,,,,,,,,,,,,,,,,,,,,,,,,,,,,
dig_prac,629039,,,,,,[],,,,,,,,,,,,,,,,,,,,,,,,,,,,,,,,,,,,,,,,,,,,,,,,,,
harvest_prac,630546,null,null,,,,,,,,,,,,,,,,,,,,,,,,,,,,,,,,,,,,,,,,,,,,,,,,,,,,,,
decision_prac,630566,20,76,,,,,,3,,,,,,,,,,,,,,,,,,,,,,,,,,,,,,,,,,,,,,,,,,,,,,,,
travel,640542,,,,,,[],0,,,,,,,,,,,,,,,,,,,,,,,,,,,,,,,,,,,,,,,,,,,,,,,,,
alien_welcome_prac,645543,null,null,,,,,,,,,,,,,,,,,,,,,,,,,,,,,,,,,,,,,,,,,,,,,,,,,,,,,,
land_prac,646045,null,null,,,102,,0,,,,,,,,,,,,,,,,,,,,,,,,,,,,,,,,,,,,,,,,,,,,,,,,,
dig_prac,648048,,,,,,[],,,,,,,,,,,,,,,,,,,,,,,,,,,,,,,,,,,,,,,,,,,,,,,,,,
harvest_prac,649550,null,null,,,,,,,,,,,,,,,,,,,,,,,,,,,,,,,,,,,,,,,,,,,,,,,,,,,,,,
decision_prac,649564,13,65,,,,,,4,,,,,,,,,,,,,,,,,,,,,,,,,,,,,,,,,,,,,,,,,,,,,,,,
dig_prac,651567,,,,,,[],,,,,,,,,,,,,,,,,,,,,,,,,,,,,,,,,,,,,,,,,,,,,,,,,,
harvest_prac,653120,null,null,,,,,,,,,,,,,,,,,,,,,,,,,,,,,,,,,,,,,,,,,,,,,,,,,,,,,,
decision_prac,654782,1655,76,,,,,,,1,,,,,,,,,,,,,,,,,,,,,,,,,,,,,,,,,,,,,,,,,,,,,,,
instruc_begin_exp,663030,8246,,,,,,,,1,1,,,,,,,,,,,,,,,,,,,,,,,,,,,,,,,,,,,,,,,,,,,,,,
alien_welcome,668037,null,null,,,,,,,,,98,49,118,78,72,91,32,60,108,73,7,87,69,55,95,45,101,84,54,71,25,23,40,99,29,107,103,116,59,75,86,94,102,68,77,105,120,50,8,76,109,5,110,34,65,90
land,668541,null,null,,,101,,1,,,,,,,,,,,,,,,,,,,,,,,,,,,,,,,,,,,,,,,,,,,,,,,,,
dig,670547,,,,,,[],1,,,,,,,,,,,,,,,,,,,,,,,,,,,,,,,,,,,,,,,,,,,,,,,,,
harvest,672078,null,null,,,30,,1,,,,,,101,0.292968321,0.297029703,,,,,,,,,,,,,,,,,,,,,,,,,,,,,,,,,,,,,,,,,
decision,672260,178,65,,,30,,1,,,,,,,,,9228,1,0,FALSE,,,,,,,,,,,,,,,,,,,,,,,,,,,,,,,,,,,,,
dig,674084,,,,,,[],1,,,,,,,,,,,,,,,,,,,,,,,,,,,,,,,,,,,,,,,,,,,,,,,,,
harvest,675591,null,null,,,6,,1,,,,,,30,0.214531826,0.2,,,,,,,,,,,,,,,,,,,,,,,,,,,,,,,,,,,,,,,,,
decision,675695,104,65,,,6,,1,,,,,,,,,12664,1,1,FALSE,,,,,,,,,,,,,,,,,,,,,,,,,,,,,,,,,,,,,
dig,677594,,,,,,[],1,,,,,,,,,,,,,,,,,,,,,,,,,,,,,,,,,,,,,,,,,,,,,,,,,
harvest,679098,null,null,,,1,,1,,,,,,6,0.197907831,0.166666667,,,,,,,,,,,,,,,,,,,,,,,,,,,,,,,,,,,,,,,,,
decision,679210,112,65,,,1,,1,,,,,,,,,16179,1,2,FALSE,,,,,,,,,,,,,,,,,,,,,,,,,,,,,,,,,,,,,
dig,681101,,,,,,[],1,,,,,,,,,,,,,,,,,,,,,,,,,,,,,,,,,,,,,,,,,,,,,,,,,
harvest,682605,null,null,,,0,,1,,,,,,1,0.126417802,0,,,,,,,,,,,,,,,,,,,,,,,,,,,,,,,,,,,,,,,,,
decision,684607,null,null,,,0,,1,,,,,,,,,21576,1,3,FALSE,,,,,,,,,,,,,,,,,,,,,,,,,,,,,,,,,,,,,
time_out,686611,null,null,,,0,,,,,,,,,,,,,,,,,,,,,,,,,,,,,,,,,,,,,,,,,,,,,,,,,,,
decision,686829,217,65,,,0,,1,,,,,,,,,23797,1,3,FALSE,,,,,,,,,,,,,,,,,,,,,,,,,,,,,,,,,,,,,
dig,688613,,,,,,[],1,,,,,,,,,,,,,,,,,,,,,,,,,,,,,,,,,,,,,,,,,,,,,,,,,
harvest,690114,null,null,,,0,,1,,,,,,0,0.197107929,NaN,,,,,,,,,,,,,,,,,,,,,,,,,,,,,,,,,,,,,,,,,
decision,690183,68,65,,,0,,1,,,,,,,,,27151,1,4,FALSE,,,,,,,,,,,,,,,,,,,,,,,,,,,,,,,,,,,,,
dig,692119,,,,,,[],1,,,,,,,,,,,,,,,,,,,,,,,,,,,,,,,,,,,,,,,,,,,,,,,,,
harvest,693621,null,null,,,0,,1,,,,,,0,0.135038948,NaN,,,,,,,,,,,,,,,,,,,,,,,,,,,,,,,,,,,,,,,,,
decision,694409,787,76,,,0,,1,,,,,,,,,31377,1,5,TRUE,,,,,,,,,,,,,,,,,,,,,,,,,,,,,,,,,,,,,
travel,703619,,,,,,[],1,,,,,,,,,,,,,,,,,,,,,,,,,,,,,,,,,,,,,,,,,,,,,,,,,
alien_welcome,708621,null,null,,,,,,,,,82,49,118,78,72,91,32,60,108,73,7,87,69,55,95,45,101,84,54,71,25,23,40,99,29,107,103,116,59,75,86,94,102,68,77,105,120,50,8,76,109,5,110,34,65,90
land,709124,null,null,,,103,,2,,,,,,,,,,,,,,,,,,,,,,,,,,,,,,,,,,,,,,,,,,,,,,,,,
dig,711128,,,,,,[],2,,,,,,,,,,,,,,,,,,,,,,,,,,,,,,,,,,,,,,,,,,,,,,,,,
harvest,712630,null,null,,,27,,2,,,,,,103,0.266956355,0.262135922,,,,,,,,,,,,,,,,,,,,,,,,,,,,,,,,,,,,,,,,,
decision,712758,127,65,,,27,,2,,,,,,,,,49727,1,0,FALSE,,,,,,,,,,,,,,,,,,,,,,,,,,,,,,,,,,,,,
dig,714635,,,,,,[],2,,,,,,,,,,,,,,,,,,,,,,,,,,,,,,,,,,,,,,,,,,,,,,,,,
harvest,716140,null,null,,,5,,2,,,,,,27,0.172530355,0.185185185,,,,,,,,,,,,,,,,,,,,,,,,,,,,,,,,,,,,,,,,,
decision,716460,318,76,,,5,,2,,,,,,,,,53429,1,1,TRUE,,,,,,,,,,,,,,,,,,,,,,,,,,,,,,,,,,,,,
travel,726142,,,,,,[],2,,,,,,,,,,,,,,,,,,,,,,,,,,,,,,,,,,,,,,,,,,,,,,,,,
alien_welcome,731146,null,null,,,,,,,,,80,49,118,78,72,91,32,60,108,73,7,87,69,55,95,45,101,84,54,71,25,23,40,99,29,107,103,116,59,75,86,94,102,68,77,105,120,50,8,76,109,5,110,34,65,90
land,731651,null,null,,,95,,3,,,,,,,,,,,,,,,,,,,,,,,,,,,,,,,,,,,,,,,,,,,,,,,,,
dig,733653,,,,,,[],3,,,,,,,,,,,,,,,,,,,,,,,,,,,,,,,,,,,,,,,,,,,,,,,,,
harvest,735168,null,null,,,47,,3,,,,,,95,0.491123705,0.494736842,,,,,,,,,,,,,,,,,,,,,,,,,,,,,,,,,,,,,,,,,
decision,735661,493,65,,,47,,3,,,,,,,,,72630,1,0,FALSE,,,,,,,,,,,,,,,,,,,,,,,,,,,,,,,,,,,,,
dig,737170,,,,,,[],3,,,,,,,,,,,,,,,,,,,,,,,,,,,,,,,,,,,,,,,,,,,,,,,,,
harvest,738673,null,null,,,25,,3,,,,,,47,0.529737699,0.531914894,,,,,,,,,,,,,,,,,,,,,,,,,,,,,,,,,,,,,,,,,
decision,738951,276,65,,,25,,3,,,,,,,,,75919,1,1,FALSE,,,,,,,,,,,,,,,,,,,,,,,,,,,,,,,,,,,,,
dig,740677,,,,,,[],3,,,,,,,,,,,,,,,,,,,,,,,,,,,,,,,,,,,,,,,,,,,,,,,,,
harvest,742180,null,null,,,12,,3,,,,,,25,0.484522346,0.48,,,,,,,,,,,,,,,,,,,,,,,,,,,,,,,,,,,,,,,,,
decision,742261,80,65,,,12,,3,,,,,,,,,79229,1,2,FALSE,,,,,,,,,,,,,,,,,,,,,,,,,,,,,,,,,,,,,
dig,744187,,,,,,[],3,,,,,,,,,,,,,,,,,,,,,,,,,,,,,,,,,,,,,,,,,,,,,,,,,
harvest,745688,null,null,,,6,,3,,,,,,12,0.513342694,0.5,,,,,,,,,,,,,,,,,,,,,,,,,,,,,,,,,,,,,,,,,
decision,745819,130,76,,,6,,3,,,,,,,,,82787,1,3,TRUE,,,,,,,,,,,,,,,,,,,,,,,,,,,,,,,,,,,,,
travel,755686,,,,,,[],3,,,,,,,,,,,,,,,,,,,,,,,,,,,,,,,,,,,,,,,,,,,,,,,,,
alien_welcome,760700,null,null,,,,,,,,,38,49,118,78,72,91,32,60,108,73,7,87,69,55,95,45,101,84,54,71,25,23,40,99,29,107,103,116,59,75,86,94,102,68,77,105,120,50,8,76,109,5,110,34,65,90
land,761204,null,null,,,105,,4,,,,,,,,,,,,,,,,,,,,,,,,,,,,,,,,,,,,,,,,,,,,,,,,,
dig,763207,,,,,,[],4,,,,,,,,,,,,,,,,,,,,,,,,,,,,,,,,,,,,,,,,,,,,,,,,,
harvest,764709,null,null,,,55,,4,,,,,,105,0.525783223,0.523809524,,,,,,,,,,,,,,,,,,,,,,,,,,,,,,,,,,,,,,,,,
decision,764819,109,65,,,55,,4,,,,,,,,,101788,1,0,FALSE,,,,,,,,,,,,,,,,,,,,,,,,,,,,,,,,,,,,,
dig,766712,,,,,,[],4,,,,,,,,,,,,,,,,,,,,,,,,,,,,,,,,,,,,,,,,,,,,,,,,,
harvest,768219,null,null,,,27,,4,,,,,,55,0.48758732,0.490909091,,,,,,,,,,,,,,,,,,,,,,,,,,,,,,,,,,,,,,,,,
decision,768264,44,65,,,27,,4,,,,,,,,,105233,1,1,FALSE,,,,,,,,,,,,,,,,,,,,,,,,,,,,,,,,,,,,,
dig,770224,,,,,,[],4,,,,,,,,,,,,,,,,,,,,,,,,,,,,,,,,,,,,,,,,,,,,,,,,,
harvest,771729,null,null,,,12,,4,,,,,,27,0.449471046,0.444444444,,,,,,,,,,,,,,,,,,,,,,,,,,,,,,,,,,,,,,,,,
decision,771862,131,76,,,12,,4,,,,,,,,,108830,1,2,TRUE,,,,,,,,,,,,,,,,,,,,,,,,,,,,,,,,,,,,,
travel,781728,,,,,,[],4,,,,,,,,,,,,,,,,,,,,,,,,,,,,,,,,,,,,,,,,,,,,,,,,,
alien_welcome,786733,null,null,,,,,,,,,119,49,118,78,72,91,32,60,108,73,7,87,69,55,95,45,101,84,54,71,25,23,40,99,29,107,103,116,59,75,86,94,102,68,77,105,120,50,8,76,109,5,110,34,65,90
land,787234,null,null,,,94,,5,,,,,,,,,,,,,,,,,,,,,,,,,,,,,,,,,,,,,,,,,,,,,,,,,
dig,789252,,,,,,[],5,,,,,,,,,,,,,,,,,,,,,,,,,,,,,,,,,,,,,,,,,,,,,,,,,
harvest,790754,null,null,,,53,,5,,,,,,94,0.56323705,0.563829787,,,,,,,,,,,,,,,,,,,,,,,,,,,,,,,,,,,,,,,,,
decision,790899,144,65,,,53,,5,,,,,,,,,127867,1,0,FALSE,,,,,,,,,,,,,,,,,,,,,,,,,,,,,,,,,,,,,
dig,792757,,,,,,[],5,,,,,,,,,,,,,,,,,,,,,,,,,,,,,,,,,,,,,,,,,,,,,,,,,
harvest,794264,null,null,,,28,,5,,,,,,53,0.526210206,0.528301887,,,,,,,,,,,,,,,,,,,,,,,,,,,,,,,,,,,,,,,,,
decision,794579,310,65,,,28,,5,,,,,,,,,131548,1,1,FALSE,,,,,,,,,,,,,,,,,,,,,,,,,,,,,,,,,,,,,
dig,796273,,,,,,[],5,,,,,,,,,,,,,,,,,,,,,,,,,,,,,,,,,,,,,,,,,,,,,,,,,
harvest,797777,null,null,,,14,,5,,,,,,28,0.488339253,0.5,,,,,,,,,,,,,,,,,,,,,,,,,,,,,,,,,,,,,,,,,
decision,797922,144,65,,,14,,5,,,,,,,,,134890,1,2,FALSE,,,,,,,,,,,,,,,,,,,,,,,,,,,,,,,,,,,,,
dig,799780,,,,,,[],5,,,,,,,,,,,,,,,,,,,,,,,,,,,,,,,,,,,,,,,,,,,,,,,,,
harvest,801282,null,null,,,6,,5,,,,,,14,0.463998197,0.428571429,,,,,,,,,,,,,,,,,,,,,,,,,,,,,,,,,,,,,,,,,
decision,801382,98,76,,,6,,5,,,,,,,,,138350,1,3,TRUE,,,,,,,,,,,,,,,,,,,,,,,,,,,,,,,,,,,,,
travel,811285,,,,,,[],5,,,,,,,,,,,,,,,,,,,,,,,,,,,,,,,,,,,,,,,,,,,,,,,,,
alien_welcome,816290,null,null,,,,,,,,,16,49,118,78,72,91,32,60,108,73,7,87,69,55,95,45,101,84,54,71,25,23,40,99,29,107,103,116,59,75,86,94,102,68,77,105,120,50,8,76,109,5,110,34,65,90
land,816808,null,null,,,97,,6,,,,,,,,,,,,,,,,,,,,,,,,,,,,,,,,,,,,,,,,,,,,,,,,,
dig,818812,,,,,,[],6,,,,,,,,,,,,,,,,,,,,,,,,,,,,,,,,,,,,,,,,,,,,,,,,,
harvest,820315,null,null,,,79,,6,,,,,,97,0.813118343,0.81443299,,,,,,,,,,,,,,,,,,,,,,,,,,,,,,,,,,,,,,,,,
decision,820578,261,76,,,79,,6,,,,,,,,,157547,1,0,TRUE,,,,,,,,,,,,,,,,,,,,,,,,,,,,,,,,,,,,,
travel,830320,,,,,,[],6,,,,,,,,,,,,,,,,,,,,,,,,,,,,,,,,,,,,,,,,,,,,,,,,,
alien_welcome,835325,null,null,,,,,,,,,39,49,118,78,72,91,32,60,108,73,7,87,69,55,95,45,101,84,54,71,25,23,40,99,29,107,103,116,59,75,86,94,102,68,77,105,120,50,8,76,109,5,110,34,65,90
land,835827,null,null,,,101,,7,,,,,,,,,,,,,,,,,,,,,,,,,,,,,,,,,,,,,,,,,,,,,,,,,
dig,837830,,,,,,[],7,,,,,,,,,,,,,,,,,,,,,,,,,,,,,,,,,,,,,,,,,,,,,,,,,
harvest,839331,null,null,,,88,,7,,,,,,101,0.869307482,0.871287129,,,,,,,,,,,,,,,,,,,,,,,,,,,,,,,,,,,,,,,,,
decision,839412,80,65,,,88,,7,,,,,,,,,176381,1,0,FALSE,,,,,,,,,,,,,,,,,,,,,,,,,,,,,,,,,,,,,
dig,841336,,,,,,[],7,,,,,,,,,,,,,,,,,,,,,,,,,,,,,,,,,,,,,,,,,,,,,,,,,
harvest,842842,null,null,,,76,,7,,,,,,88,0.866790727,0.863636364,,,,,,,,,,,,,,,,,,,,,,,,,,,,,,,,,,,,,,,,,
decision,843099,257,65,,,76,,7,,,,,,,,,180068,1,1,FALSE,,,,,,,,,,,,,,,,,,,,,,,,,,,,,,,,,,,,,
dig,844847,,,,,,[],7,,,,,,,,,,,,,,,,,,,,,,,,,,,,,,,,,,,,,,,,,,,,,,,,,
harvest,846349,null,null,,,60,,7,,,,,,76,0.792308575,0.789473684,,,,,,,,,,,,,,,,,,,,,,,,,,,,,,,,,,,,,,,,,
decision,846596,245,65,,,60,,7,,,,,,,,,183564,1,2,FALSE,,,,,,,,,,,,,,,,,,,,,,,,,,,,,,,,,,,,,
dig,848354,,,,,,[],7,,,,,,,,,,,,,,,,,,,,,,,,,,,,,,,,,,,,,,,,,,,,,,,,,
harvest,849856,null,null,,,43,,7,,,,,,60,0.722470713,0.716666667,,,,,,,,,,,,,,,,,,,,,,,,,,,,,,,,,,,,,,,,,
decision,850027,170,65,,,43,,7,,,,,,,,,186996,1,3,FALSE,,,,,,,,,,,,,,,,,,,,,,,,,,,,,,,,,,,,,
dig,851861,,,,,,[],7,,,,,,,,,,,,,,,,,,,,,,,,,,,,,,,,,,,,,,,,,,,,,,,,,
harvest,853367,null,null,,,35,,7,,,,,,43,0.825580875,0.813953488,,,,,,,,,,,,,,,,,,,,,,,,,,,,,,,,,,,,,,,,,
decision,854423,1055,76,,,35,,7,,,,,,,,,191391,1,4,TRUE,,,,,,,,,,,,,,,,,,,,,,,,,,,,,,,,,,,,,
travel,863364,,,,,,[],7,,,,,,,,,,,,,,,,,,,,,,,,,,,,,,,,,,,,,,,,,,,,,,,,,
alien_welcome,868367,null,null,,,,,,,,,57,49,118,78,72,91,32,60,108,73,7,87,69,55,95,45,101,84,54,71,25,23,40,99,29,107,103,116,59,75,86,94,102,68,77,105,120,50,8,76,109,5,110,34,65,90
land,868873,null,null,,,98,,8,,,,,,,,,,,,,,,,,,,,,,,,,,,,,,,,,,,,,,,,,,,,,,,,,
dig,870879,,,,,,[],8,,,,,,,,,,,,,,,,,,,,,,,,,,,,,,,,,,,,,,,,,,,,,,,,,
harvest,872389,null,null,,,80,,8,,,,,,98,0.817584697,0.816326531,,,,,,,,,,,,,,,,,,,,,,,,,,,,,,,,,,,,,,,,,
decision,873391,1001,76,,,80,,8,,,,,,,,,210359,1,0,TRUE,,,,,,,,,,,,,,,,,,,,,,,,,,,,,,,,,,,,,
travel,882384,,,,,,[],8,,,,,,,,,,,,,,,,,,,,,,,,,,,,,,,,,,,,,,,,,,,,,,,,,
alien_welcome,887388,null,null,,,,,,,,,35,49,118,78,72,91,32,60,108,73,7,87,69,55,95,45,101,84,54,71,25,23,40,99,29,107,103,116,59,75,86,94,102,68,77,105,120,50,8,76,109,5,110,34,65,90
land,887889,null,null,,,98,,9,,,,,,,,,,,,,,,,,,,,,,,,,,,,,,,,,,,,,,,,,,,,,,,,,
dig,889893,,,,,,[],9,,,,,,,,,,,,,,,,,,,,,,,,,,,,,,,,,,,,,,,,,,,,,,,,,
harvest,891395,null,null,,,21,,9,,,,,,98,0.21761422,0.214285714,,,,,,,,,,,,,,,,,,,,,,,,,,,,,,,,,,,,,,,,,
decision,892460,1064,65,,,21,,9,,,,,,,,,229428,1,0,FALSE,,,,,,,,,,,,,,,,,,,,,,,,,,,,,,,,,,,,,
dig,893416,,,,,,[],9,,,,,,,,,,,,,,,,,,,,,,,,,,,,,,,,,,,,,,,,,,,,,,,,,
harvest,894917,null,null,,,3,,9,,,,,,21,0.152904768,0.142857143,,,,,,,,,,,,,,,,,,,,,,,,,,,,,,,,,,,,,,,,,
decision,895640,722,76,,,3,,9,,,,,,,,,232609,1,1,TRUE,,,,,,,,,,,,,,,,,,,,,,,,,,,,,,,,,,,,,
travel,904914,,,,,,[],9,,,,,,,,,,,,,,,,,,,,,,,,,,,,,,,,,,,,,,,,,,,,,,,,,
alien_welcome,909916,null,null,,,,,,,,,36,49,118,78,72,91,32,60,108,73,7,87,69,55,95,45,101,84,54,71,25,23,40,99,29,107,103,116,59,75,86,94,102,68,77,105,120,50,8,76,109,5,110,34,65,90
land,910418,null,null,,,101,,10,,,,,,,,,,,,,,,,,,,,,,,,,,,,,,,,,,,,,,,,,,,,,,,,,
dig,912422,,,,,,[],10,,,,,,,,,,,,,,,,,,,,,,,,,,,,,,,,,,,,,,,,,,,,,,,,,
harvest,913928,null,null,,,15,,10,,,,,,101,0.151099347,0.148514851,,,,,,,,,,,,,,,,,,,,,,,,,,,,,,,,,,,,,,,,,
decision,914442,512,65,,,15,,10,,,,,,,,,251410,1,0,FALSE,,,,,,,,,,,,,,,,,,,,,,,,,,,,,,,,,,,,,
dig,915935,,,,,,[],10,,,,,,,,,,,,,,,,,,,,,,,,,,,,,,,,,,,,,,,,,,,,,,,,,
harvest,917437,null,null,,,3,,10,,,,,,15,0.182960395,0.2,,,,,,,,,,,,,,,,,,,,,,,,,,,,,,,,,,,,,,,,,
decision,919440,null,null,,,3,,10,,,,,,,,,256408,1,1,FALSE,,,,,,,,,,,,,,,,,,,,,,,,,,,,,,,,,,,,,
time_out,921447,null,null,,,3,,,,,,,,,,,,,,,,,,,,,,,,,,,,,,,,,,,,,,,,,,,,,,,,,,,
decision,922006,558,65,,,3,,10,,,,,,,,,258974,1,1,FALSE,,,,,,,,,,,,,,,,,,,,,,,,,,,,,,,,,,,,,
dig,923451,,,,,,[],10,,,,,,,,,,,,,,,,,,,,,,,,,,,,,,,,,,,,,,,,,,,,,,,,,
harvest,924954,null,null,,,1,,10,,,,,,3,0.235935997,0.333333333,,,,,,,,,,,,,,,,,,,,,,,,,,,,,,,,,,,,,,,,,
decision,925179,223,76,,,1,,10,,,,,,,,,262148,1,2,TRUE,,,,,,,,,,,,,,,,,,,,,,,,,,,,,,,,,,,,,
travel,934957,,,,,,[],10,,,,,,,,,,,,,,,,,,,,,,,,,,,,,,,,,,,,,,,,,,,,,,,,,
alien_welcome,939959,null,null,,,,,,,,,79,49,118,78,72,91,32,60,108,73,7,87,69,55,95,45,101,84,54,71,25,23,40,99,29,107,103,116,59,75,86,94,102,68,77,105,120,50,8,76,109,5,110,34,65,90
land,940463,null,null,,,97,,11,,,,,,,,,,,,,,,,,,,,,,,,,,,,,,,,,,,,,,,,,,,,,,,,,
dig,942466,,,,,,[],11,,,,,,,,,,,,,,,,,,,,,,,,,,,,,,,,,,,,,,,,,,,,,,,,,
harvest,943972,null,null,,,23,,11,,,,,,97,0.234342997,0.237113402,,,,,,,,,,,,,,,,,,,,,,,,,,,,,,,,,,,,,,,,,
decision,945238,1265,76,,,23,,11,,,,,,,,,282207,1,0,TRUE,,,,,,,,,,,,,,,,,,,,,,,,,,,,,,,,,,,,,
travel,953972,,,,,,[],11,,,,,,,,,,,,,,,,,,,,,,,,,,,,,,,,,,,,,,,,,,,,,,,,,
alien_welcome,959000,null,null,,,,,,,,,28,49,118,78,72,91,32,60,108,73,7,87,69,55,95,45,101,84,54,71,25,23,40,99,29,107,103,116,59,75,86,94,102,68,77,105,120,50,8,76,109,5,110,34,65,90
land,959501,null,null,,,94,,12,,,,,,,,,,,,,,,,,,,,,,,,,,,,,,,,,,,,,,,,,,,,,,,,,
dig,961504,,,,,,[],12,,,,,,,,,,,,,,,,,,,,,,,,,,,,,,,,,,,,,,,,,,,,,,,,,
harvest,963006,null,null,,,18,,12,,,,,,94,0.188110679,0.191489362,,,,,,,,,,,,,,,,,,,,,,,,,,,,,,,,,,,,,,,,,
decision,963988,978,65,,,18,,12,,,,,,,,,300957,1,0,FALSE,,,,,,,,,,,,,,,,,,,,,,,,,,,,,,,,,,,,,
dig,965033,,,,,,[],12,,,,,,,,,,,,,,,,,,,,,,,,,,,,,,,,,,,,,,,,,,,,,,,,,
harvest,966538,null,null,,,4,,12,,,,,,18,0.209589467,0.222222222,,,,,,,,,,,,,,,,,,,,,,,,,,,,,,,,,,,,,,,,,
decision,966795,256,76,,,4,,12,,,,,,,,,303764,1,1,TRUE,,,,,,,,,,,,,,,,,,,,,,,,,,,,,,,,,,,,,
travel,976536,,,,,,[],12,,,,,,,,,,,,,,,,,,,,,,,,,,,,,,,,,,,,,,,,,,,,,,,,,
alien_welcome,981541,null,null,,,,,,,,,89,49,118,78,72,91,32,60,108,73,7,87,69,55,95,45,101,84,54,71,25,23,40,99,29,107,103,116,59,75,86,94,102,68,77,105,120,50,8,76,109,5,110,34,65,90
land,982046,null,null,,,98,,13,,,,,,,,,,,,,,,,,,,,,,,,,,,,,,,,,,,,,,,,,,,,,,,,,
dig,984049,,,,,,[],13,,,,,,,,,,,,,,,,,,,,,,,,,,,,,,,,,,,,,,,,,,,,,,,,,
harvest,985551,null,null,,,15,,13,,,,,,98,0.156717587,0.153061224,,,,,,,,,,,,,,,,,,,,,,,,,,,,,,,,,,,,,,,,,
decision,986414,861,76,,,15,,13,,,,,,,,,323382,1,0,TRUE,,,,,,,,,,,,,,,,,,,,,,,,,,,,,,,,,,,,,
travel,995554,,,,,,[],13,,,,,,,,,,,,,,,,,,,,,,,,,,,,,,,,,,,,,,,,,,,,,,,,,
alien_welcome,1000560,null,null,,,,,,,,,113,49,118,78,72,91,32,60,108,73,7,87,69,55,95,45,101,84,54,71,25,23,40,99,29,107,103,116,59,75,86,94,102,68,77,105,120,50,8,76,109,5,110,34,65,90
land,1001065,null,null,,,93,,14,,,,,,,,,,,,,,,,,,,,,,,,,,,,,,,,,,,,,,,,,,,,,,,,,
dig,1003068,,,,,,[],14,,,,,,,,,,,,,,,,,,,,,,,,,,,,,,,,,,,,,,,,,,,,,,,,,
harvest,1004572,null,null,,,77,,14,,,,,,93,0.830311522,0.827956989,,,,,,,,,,,,,,,,,,,,,,,,,,,,,,,,,,,,,,,,,
decision,1005236,662,65,,,77,,14,,,,,,,,,342205,1,0,FALSE,,,,,,,,,,,,,,,,,,,,,,,,,,,,,,,,,,,,,
dig,1006579,,,,,,[],14,,,,,,,,,,,,,,,,,,,,,,,,,,,,,,,,,,,,,,,,,,,,,,,,,
harvest,1008080,null,null,,,59,,14,,,,,,77,0.768662855,0.766233766,,,,,,,,,,,,,,,,,,,,,,,,,,,,,,,,,,,,,,,,,
decision,1008163,82,76,,,59,,14,,,,,,,,,345132,1,1,TRUE,,,,,,,,,,,,,,,,,,,,,,,,,,,,,,,,,,,,,
travel,1018150,,,,,,[],14,,,,,,,,,,,,,,,,,,,,,,,,,,,,,,,,,,,,,,,,,,,,,,,,,
alien_welcome,1023159,null,null,,,,,,,,,104,49,118,78,72,91,32,60,108,73,7,87,69,55,95,45,101,84,54,71,25,23,40,99,29,107,103,116,59,75,86,94,102,68,77,105,120,50,8,76,109,5,110,34,65,90
land,1023664,null,null,,,97,,15,,,,,,,,,,,,,,,,,,,,,,,,,,,,,,,,,,,,,,,,,,,,,,,,,
dig,1025667,,,,,,[],15,,,,,,,,,,,,,,,,,,,,,,,,,,,,,,,,,,,,,,,,,,,,,,,,,
harvest,1027172,null,null,,,74,,15,,,,,,97,0.765403343,0.762886598,,,,,,,,,,,,,,,,,,,,,,,,,,,,,,,,,,,,,,,,,
decision,1028009,836,65,,,74,,15,,,,,,,,,364978,1,0,TRUE,,,,,,,,,,,,,,,,,,,,,,,,,,,,,,,,,,,,,
catch,1031324,3312,90,,,74,,,,,,,,,,,,,,,,,,,,,,,,,,,,,,,,,,,,,,,,,,,,,,,,,,,
end_of_block,1090043,58719,32,,,,,,,,,,,,,,,,,,,,,,,,,,,,,,,,,,,,,,,,,,,,,,,,,,,,,,
alien_welcome,1095064,null,null,,,,,,,,,112,49,118,78,72,91,32,60,108,73,7,87,69,55,95,45,101,84,54,71,25,23,40,99,29,107,103,116,59,75,86,94,102,68,77,105,120,50,8,76,109,5,110,34,65,90
land,1095568,null,null,,,110,,16,,,,,,,,,,,,,,,,,,,,,,,,,,,,,,,,,,,,,,,,,,,,,,,,,
dig,1097570,,,,,,[],16,,,,,,,,,,,,,,,,,,,,,,,,,,,,,,,,,,,,,,,,,,,,,,,,,
harvest,1099074,null,null,,,24,,16,,,,,,110,0.216417463,0.218181818,,,,,,,,,,,,,,,,,,,,,,,,,,,,,,,,,,,,,,,,,
decision,1099668,593,65,,,24,,16,,,,,,,,,9622,2,0,FALSE,,,,,,,,,,,,,,,,,,,,,,,,,,,,,,,,,,,,,
dig,1101080,,,,,,[],16,,,,,,,,,,,,,,,,,,,,,,,,,,,,,,,,,,,,,,,,,,,,,,,,,
harvest,1102585,null,null,,,5,,16,,,,,,24,0.215120532,0.208333333,,,,,,,,,,,,,,,,,,,,,,,,,,,,,,,,,,,,,,,,,
decision,1104442,1855,76,,,5,,16,,,,,,,,,14396,2,1,TRUE,,,,,,,,,,,,,,,,,,,,,,,,,,,,,,,,,,,,,
travel,1112592,,,,,,[],16,,,,,,,,,,,,,,,,,,,,,,,,,,,,,,,,,,,,,,,,,,,,,,,,,
alien_welcome,1117594,null,null,,,,,,,,,9,49,118,78,72,91,32,60,108,73,7,87,69,55,95,45,101,84,54,71,25,23,40,99,29,107,103,116,59,75,86,94,102,68,77,105,120,50,8,76,109,5,110,34,65,90
land,1118095,null,null,,,86,,17,,,,,,,,,,,,,,,,,,,,,,,,,,,,,,,,,,,,,,,,,,,,,,,,,
dig,1120097,,,,,,[],17,,,,,,,,,,,,,,,,,,,,,,,,,,,,,,,,,,,,,,,,,,,,,,,,,
harvest,1121603,null,null,,,17,,17,,,,,,86,0.20216897,0.197674419,,,,,,,,,,,,,,,,,,,,,,,,,,,,,,,,,,,,,,,,,
decision,1122206,601,76,,,17,,17,,,,,,,,,32160,2,0,TRUE,,,,,,,,,,,,,,,,,,,,,,,,,,,,,,,,,,,,,
travel,1131609,,,,,,[],17,,,,,,,,,,,,,,,,,,,,,,,,,,,,,,,,,,,,,,,,,,,,,,,,,
alien_welcome,1136614,null,null,,,,,,,,,48,49,118,78,72,91,32,60,108,73,7,87,69,55,95,45,101,84,54,71,25,23,40,99,29,107,103,116,59,75,86,94,102,68,77,105,120,50,8,76,109,5,110,34,65,90
land,1137120,null,null,,,98,,18,,,,,,,,,,,,,,,,,,,,,,,,,,,,,,,,,,,,,,,,,,,,,,,,,
dig,1139122,,,,,,[],18,,,,,,,,,,,,,,,,,,,,,,,,,,,,,,,,,,,,,,,,,,,,,,,,,
harvest,1140624,null,null,,,18,,18,,,,,,98,0.184929315,0.183673469,,,,,,,,,,,,,,,,,,,,,,,,,,,,,,,,,,,,,,,,,
decision,1141497,872,76,,,18,,18,,,,,,,,,51452,2,0,TRUE,,,,,,,,,,,,,,,,,,,,,,,,,,,,,,,,,,,,,
travel,1150627,,,,,,[],18,,,,,,,,,,,,,,,,,,,,,,,,,,,,,,,,,,,,,,,,,,,,,,,,,
alien_welcome,1155633,null,null,,,,,,,,,114,49,118,78,72,91,32,60,108,73,7,87,69,55,95,45,101,84,54,71,25,23,40,99,29,107,103,116,59,75,86,94,102,68,77,105,120,50,8,76,109,5,110,34,65,90
land,1156137,null,null,,,99,,19,,,,,,,,,,,,,,,,,,,,,,,,,,,,,,,,,,,,,,,,,,,,,,,,,
dig,1158140,,,,,,[],19,,,,,,,,,,,,,,,,,,,,,,,,,,,,,,,,,,,,,,,,,,,,,,,,,
harvest,1159644,null,null,,,79,,19,,,,,,99,0.79307459,0.797979798,,,,,,,,,,,,,,,,,,,,,,,,,,,,,,,,,,,,,,,,,
decision,1161647,null,null,,,79,,19,,,,,,,,,71601,2,0,FALSE,,,,,,,,,,,,,,,,,,,,,,,,,,,,,,,,,,,,,
time_out,1163690,null,null,,,79,,,,,,,,,,,,,,,,,,,,,,,,,,,,,,,,,,,,,,,,,,,,,,,,,,,
decision,1165218,1526,65,,,79,,19,,,,,,,,,75173,2,0,FALSE,,,,,,,,,,,,,,,,,,,,,,,,,,,,,,,,,,,,,
dig,1165697,,,,,,[],19,,,,,,,,,,,,,,,,,,,,,,,,,,,,,,,,,,,,,,,,,,,,,,,,,
harvest,1167198,null,null,,,70,,19,,,,,,79,0.885978069,0.886075949,,,,,,,,,,,,,,,,,,,,,,,,,,,,,,,,,,,,,,,,,
decision,1169200,null,null,,,70,,19,,,,,,,,,79155,2,1,FALSE,,,,,,,,,,,,,,,,,,,,,,,,,,,,,,,,,,,,,
time_out,1171207,null,null,,,70,,,,,,,,,,,,,,,,,,,,,,,,,,,,,,,,,,,,,,,,,,,,,,,,,,,
decision,1172563,1354,76,,,70,,19,,,,,,,,,82518,2,1,TRUE,,,,,,,,,,,,,,,,,,,,,,,,,,,,,,,,,,,,,
travel,1181207,,,,,,[],19,,,,,,,,,,,,,,,,,,,,,,,,,,,,,,,,,,,,,,,,,,,,,,,,,
alien_welcome,1186212,null,null,,,,,,,,,85,49,118,78,72,91,32,60,108,73,7,87,69,55,95,45,101,84,54,71,25,23,40,99,29,107,103,116,59,75,86,94,102,68,77,105,120,50,8,76,109,5,110,34,65,90
land,1186714,null,null,,,103,,20,,,,,,,,,,,,,,,,,,,,,,,,,,,,,,,,,,,,,,,,,,,,,,,,,
dig,1188718,,,,,,[],20,,,,,,,,,,,,,,,,,,,,,,,,,,,,,,,,,,,,,,,,,,,,,,,,,
harvest,1190224,null,null,,,81,,20,,,,,,103,0.785282203,0.786407767,,,,,,,,,,,,,,,,,,,,,,,,,,,,,,,,,,,,,,,,,
decision,1191857,1631,65,,,81,,20,,,,,,,,,101811,2,0,FALSE,,,,,,,,,,,,,,,,,,,,,,,,,,,,,,,,,,,,,
dig,1192231,,,,,,[],20,,,,,,,,,,,,,,,,,,,,,,,,,,,,,,,,,,,,,,,,,,,,,,,,,
harvest,1193737,null,null,,,71,,20,,,,,,81,0.87045736,0.87654321,,,,,,,,,,,,,,,,,,,,,,,,,,,,,,,,,,,,,,,,,
decision,1195746,null,null,,,71,,20,,,,,,,,,105700,2,1,FALSE,,,,,,,,,,,,,,,,,,,,,,,,,,,,,,,,,,,,,
time_out,1197752,null,null,,,71,,,,,,,,,,,,,,,,,,,,,,,,,,,,,,,,,,,,,,,,,,,,,,,,,,,
decision,1198474,720,76,,,71,,20,,,,,,,,,108428,2,1,TRUE,,,,,,,,,,,,,,,,,,,,,,,,,,,,,,,,,,,,,
travel,1207756,,,,,,[],20,,,,,,,,,,,,,,,,,,,,,,,,,,,,,,,,,,,,,,,,,,,,,,,,,
alien_welcome,1212764,null,null,,,,,,,,,1,49,118,78,72,91,32,60,108,73,7,87,69,55,95,45,101,84,54,71,25,23,40,99,29,107,103,116,59,75,86,94,102,68,77,105,120,50,8,76,109,5,110,34,65,90
land,1213265,null,null,,,100,,21,,,,,,,,,,,,,,,,,,,,,,,,,,,,,,,,,,,,,,,,,,,,,,,,,
dig,1215268,,,,,,[],21,,,,,,,,,,,,,,,,,,,,,,,,,,,,,,,,,,,,,,,,,,,,,,,,,
harvest,1216768,null,null,,,73,,21,,,,,,100,0.729859645,0.73,,,,,,,,,,,,,,,,,,,,,,,,,,,,,,,,,,,,,,,,,
decision,1218095,1324,65,,,73,,21,,,,,,,,,128049,2,0,FALSE,,,,,,,,,,,,,,,,,,,,,,,,,,,,,,,,,,,,,
dig,1218775,,,,,,[],21,,,,,,,,,,,,,,,,,,,,,,,,,,,,,,,,,,,,,,,,,,,,,,,,,
harvest,1220281,null,null,,,55,,21,,,,,,73,0.752392838,0.753424658,,,,,,,,,,,,,,,,,,,,,,,,,,,,,,,,,,,,,,,,,
decision,1222276,1993,65,,,55,,21,,,,,,,,,132230,2,1,FALSE,,,,,,,,,,,,,,,,,,,,,,,,,,,,,,,,,,,,,
dig,1222287,,,,,,[],21,,,,,,,,,,,,,,,,,,,,,,,,,,,,,,,,,,,,,,,,,,,,,,,,,
harvest,1223794,null,null,,,44,,21,,,,,,55,0.799916253,0.8,,,,,,,,,,,,,,,,,,,,,,,,,,,,,,,,,,,,,,,,,
decision,1224642,844,76,,,44,,21,,,,,,,,,134596,2,2,TRUE,,,,,,,,,,,,,,,,,,,,,,,,,,,,,,,,,,,,,
travel,1233800,,,,,,[],21,,,,,,,,,,,,,,,,,,,,,,,,,,,,,,,,,,,,,,,,,,,,,,,,,
alien_welcome,1238815,null,null,,,,,,,,,30,49,118,78,72,91,32,60,108,73,7,87,69,55,95,45,101,84,54,71,25,23,40,99,29,107,103,116,59,75,86,94,102,68,77,105,120,50,8,76,109,5,110,34,65,90
land,1239319,null,null,,,106,,22,,,,,,,,,,,,,,,,,,,,,,,,,,,,,,,,,,,,,,,,,,,,,,,,,
dig,1241323,,,,,,[],22,,,,,,,,,,,,,,,,,,,,,,,,,,,,,,,,,,,,,,,,,,,,,,,,,
harvest,1242835,null,null,,,92,,22,,,,,,106,0.863299413,0.867924528,,,,,,,,,,,,,,,,,,,,,,,,,,,,,,,,,,,,,,,,,
decision,1243956,1119,65,,,92,,22,,,,,,,,,153911,2,0,FALSE,,,,,,,,,,,,,,,,,,,,,,,,,,,,,,,,,,,,,
dig,1244840,,,,,,[],22,,,,,,,,,,,,,,,,,,,,,,,,,,,,,,,,,,,,,,,,,,,,,,,,,
harvest,1246342,null,null,,,74,,22,,,,,,92,0.803444221,0.804347826,,,,,,,,,,,,,,,,,,,,,,,,,,,,,,,,,,,,,,,,,
decision,1247553,1210,65,,,74,,22,,,,,,,,,157508,2,1,FALSE,,,,,,,,,,,,,,,,,,,,,,,,,,,,,,,,,,,,,
dig,1248346,,,,,,[],22,,,,,,,,,,,,,,,,,,,,,,,,,,,,,,,,,,,,,,,,,,,,,,,,,
harvest,1249912,null,null,,,62,,22,,,,,,74,0.84203891,0.837837838,,,,,,,,,,,,,,,,,,,,,,,,,,,,,,,,,,,,,,,,,
decision,1250855,941,76,,,62,,22,,,,,,,,,160810,2,2,TRUE,,,,,,,,,,,,,,,,,,,,,,,,,,,,,,,,,,,,,
travel,1259916,,,,,,[],22,,,,,,,,,,,,,,,,,,,,,,,,,,,,,,,,,,,,,,,,,,,,,,,,,
alien_welcome,1264921,null,null,,,,,,,,,61,49,118,78,72,91,32,60,108,73,7,87,69,55,95,45,101,84,54,71,25,23,40,99,29,107,103,116,59,75,86,94,102,68,77,105,120,50,8,76,109,5,110,34,65,90
land,1265426,null,null,,,101,,23,,,,,,,,,,,,,,,,,,,,,,,,,,,,,,,,,,,,,,,,,,,,,,,,,
dig,1267431,,,,,,[],23,,,,,,,,,,,,,,,,,,,,,,,,,,,,,,,,,,,,,,,,,,,,,,,,,
harvest,1268950,null,null,,,77,,23,,,,,,101,0.758437691,0.762376238,,,,,,,,,,,,,,,,,,,,,,,,,,,,,,,,,,,,,,,,,
decision,1269834,882,65,,,77,,23,,,,,,,,,179788,2,0,FALSE,,,,,,,,,,,,,,,,,,,,,,,,,,,,,,,,,,,,,
dig,1270954,,,,,,[],23,,,,,,,,,,,,,,,,,,,,,,,,,,,,,,,,,,,,,,,,,,,,,,,,,
harvest,1272458,null,null,,,66,,23,,,,,,77,0.863356506,0.857142857,,,,,,,,,,,,,,,,,,,,,,,,,,,,,,,,,,,,,,,,,
decision,1273129,670,65,,,66,,23,,,,,,,,,183084,2,1,FALSE,,,,,,,,,,,,,,,,,,,,,,,,,,,,,,,,,,,,,
dig,1274506,,,,,,[],23,,,,,,,,,,,,,,,,,,,,,,,,,,,,,,,,,,,,,,,,,,,,,,,,,
harvest,1276009,null,null,,,42,,23,,,,,,66,0.633853318,0.636363636,,,,,,,,,,,,,,,,,,,,,,,,,,,,,,,,,,,,,,,,,
decision,1276509,498,76,,,42,,23,,,,,,,,,186464,2,2,TRUE,,,,,,,,,,,,,,,,,,,,,,,,,,,,,,,,,,,,,
travel,1286007,,,,,,[],23,,,,,,,,,,,,,,,,,,,,,,,,,,,,,,,,,,,,,,,,,,,,,,,,,
alien_welcome,1291013,null,null,,,,,,,,,17,49,118,78,72,91,32,60,108,73,7,87,69,55,95,45,101,84,54,71,25,23,40,99,29,107,103,116,59,75,86,94,102,68,77,105,120,50,8,76,109,5,110,34,65,90
land,1291535,null,null,,,98,,24,,,,,,,,,,,,,,,,,,,,,,,,,,,,,,,,,,,,,,,,,,,,,,,,,
dig,1293541,,,,,,[],24,,,,,,,,,,,,,,,,,,,,,,,,,,,,,,,,,,,,,,,,,,,,,,,,,
harvest,1295077,null,null,,,46,,24,,,,,,98,0.465359556,0.469387755,,,,,,,,,,,,,,,,,,,,,,,,,,,,,,,,,,,,,,,,,
decision,1295886,807,76,,,46,,24,,,,,,,,,205840,2,0,TRUE,,,,,,,,,,,,,,,,,,,,,,,,,,,,,,,,,,,,,
travel,1305079,,,,,,[],24,,,,,,,,,,,,,,,,,,,,,,,,,,,,,,,,,,,,,,,,,,,,,,,,,
alien_welcome,1310085,null,null,,,,,,,,,63,49,118,78,72,91,32,60,108,73,7,87,69,55,95,45,101,84,54,71,25,23,40,99,29,107,103,116,59,75,86,94,102,68,77,105,120,50,8,76,109,5,110,34,65,90
land,1310588,null,null,,,105,,25,,,,,,,,,,,,,,,,,,,,,,,,,,,,,,,,,,,,,,,,,,,,,,,,,
dig,1312592,,,,,,[],25,,,,,,,,,,,,,,,,,,,,,,,,,,,,,,,,,,,,,,,,,,,,,,,,,
harvest,1314098,null,null,,,79,,25,,,,,,105,0.747741276,0.752380952,,,,,,,,,,,,,,,,,,,,,,,,,,,,,,,,,,,,,,,,,
decision,1316102,null,null,,,79,,25,,,,,,,,,226057,2,0,FALSE,,,,,,,,,,,,,,,,,,,,,,,,,,,,,,,,,,,,,
time_out,1318107,null,null,,,79,,,,,,,,,,,,,,,,,,,,,,,,,,,,,,,,,,,,,,,,,,,,,,,,,,,
decision,1318891,782,65,,,79,,25,,,,,,,,,228845,2,0,FALSE,,,,,,,,,,,,,,,,,,,,,,,,,,,,,,,,,,,,,
dig,1320114,,,,,,[],25,,,,,,,,,,,,,,,,,,,,,,,,,,,,,,,,,,,,,,,,,,,,,,,,,
harvest,1321616,null,null,,,61,,25,,,,,,79,0.769868675,0.772151899,,,,,,,,,,,,,,,,,,,,,,,,,,,,,,,,,,,,,,,,,
decision,1322155,538,65,,,61,,25,,,,,,,,,232110,2,1,FALSE,,,,,,,,,,,,,,,,,,,,,,,,,,,,,,,,,,,,,
dig,1323621,,,,,,[],25,,,,,,,,,,,,,,,,,,,,,,,,,,,,,,,,,,,,,,,,,,,,,,,,,
harvest,1325123,null,null,,,52,,25,,,,,,61,0.851786069,0.852459016,,,,,,,,,,,,,,,,,,,,,,,,,,,,,,,,,,,,,,,,,
decision,1326535,1410,65,,,52,,25,,,,,,,,,236489,2,2,FALSE,,,,,,,,,,,,,,,,,,,,,,,,,,,,,,,,,,,,,
dig,1327129,,,,,,[],25,,,,,,,,,,,,,,,,,,,,,,,,,,,,,,,,,,,,,,,,,,,,,,,,,
harvest,1328634,null,null,,,37,,25,,,,,,52,0.720598963,0.711538462,,,,,,,,,,,,,,,,,,,,,,,,,,,,,,,,,,,,,,,,,
decision,1330636,null,null,,,37,,25,,,,,,,,,240591,2,3,FALSE,,,,,,,,,,,,,,,,,,,,,,,,,,,,,,,,,,,,,
time_out,1332647,null,null,,,37,,,,,,,,,,,,,,,,,,,,,,,,,,,,,,,,,,,,,,,,,,,,,,,,,,,
decision,1332674,25,76,,,37,,25,,,,,,,,,242628,2,3,TRUE,,,,,,,,,,,,,,,,,,,,,,,,,,,,,,,,,,,,,
travel,1342651,,,,,,[],25,,,,,,,,,,,,,,,,,,,,,,,,,,,,,,,,,,,,,,,,,,,,,,,,,
alien_welcome,1347658,null,null,,,,,,,,,64,49,118,78,72,91,32,60,108,73,7,87,69,55,95,45,101,84,54,71,25,23,40,99,29,107,103,116,59,75,86,94,102,68,77,105,120,50,8,76,109,5,110,34,65,90
land,1348166,null,null,,,98,,26,,,,,,,,,,,,,,,,,,,,,,,,,,,,,,,,,,,,,,,,,,,,,,,,,
dig,1350170,,,,,,[],26,,,,,,,,,,,,,,,,,,,,,,,,,,,,,,,,,,,,,,,,,,,,,,,,,
harvest,1351677,null,null,,,74,,26,,,,,,98,0.758902708,0.755102041,,,,,,,,,,,,,,,,,,,,,,,,,,,,,,,,,,,,,,,,,
decision,1352058,380,76,,,74,,26,,,,,,,,,262012,2,0,TRUE,,,,,,,,,,,,,,,,,,,,,,,,,,,,,,,,,,,,,
travel,1361695,,,,,,[],26,,,,,,,,,,,,,,,,,,,,,,,,,,,,,,,,,,,,,,,,,,,,,,,,,
alien_welcome,1366735,null,null,,,,,,,,,2,49,118,78,72,91,32,60,108,73,7,87,69,55,95,45,101,84,54,71,25,23,40,99,29,107,103,116,59,75,86,94,102,68,77,105,120,50,8,76,109,5,110,34,65,90
land,1367239,null,null,,,98,,27,,,,,,,,,,,,,,,,,,,,,,,,,,,,,,,,,,,,,,,,,,,,,,,,,
dig,1369243,,,,,,[],27,,,,,,,,,,,,,,,,,,,,,,,,,,,,,,,,,,,,,,,,,,,,,,,,,
harvest,1370753,null,null,,,14,,27,,,,,,98,0.143830521,0.142857143,,,,,,,,,,,,,,,,,,,,,,,,,,,,,,,,,,,,,,,,,
decision,1371317,550,65,,,14,,27,,,,,,,,,281272,2,0,FALSE,,,,,,,,,,,,,,,,,,,,,,,,,,,,,,,,,,,,,
dig,1372772,,,,,,[],27,,,,,,,,,,,,,,,,,,,,,,,,,,,,,,,,,,,,,,,,,,,,,,,,,
harvest,1374274,null,null,,,1,,27,,,,,,14,0.095533455,0.071428571,,,,,,,,,,,,,,,,,,,,,,,,,,,,,,,,,,,,,,,,,
decision,1375133,858,76,,,1,,27,,,,,,,,,285088,2,1,TRUE,,,,,,,,,,,,,,,,,,,,,,,,,,,,,,,,,,,,,
travel,1384273,,,,,,[],27,,,,,,,,,,,,,,,,,,,,,,,,,,,,,,,,,,,,,,,,,,,,,,,,,
alien_welcome,1389278,null,null,,,,,,,,,47,49,118,78,72,91,32,60,108,73,7,87,69,55,95,45,101,84,54,71,25,23,40,99,29,107,103,116,59,75,86,94,102,68,77,105,120,50,8,76,109,5,110,34,65,90
land,1389785,null,null,,,100,,28,,,,,,,,,,,,,,,,,,,,,,,,,,,,,,,,,,,,,,,,,,,,,,,,,
dig,1391787,,,,,,[],28,,,,,,,,,,,,,,,,,,,,,,,,,,,,,,,,,,,,,,,,,,,,,,,,,
harvest,1393291,null,null,,,31,,28,,,,,,100,0.307620617,0.31,,,,,,,,,,,,,,,,,,,,,,,,,,,,,,,,,,,,,,,,,
decision,1393828,535,65,,,31,,28,,,,,,,,,303782,2,0,FALSE,,,,,,,,,,,,,,,,,,,,,,,,,,,,,,,,,,,,,
dig,1395297,,,,,,[],28,,,,,,,,,,,,,,,,,,,,,,,,,,,,,,,,,,,,,,,,,,,,,,,,,
harvest,1396798,null,null,,,6,,28,,,,,,31,0.19655781,0.193548387,,,,,,,,,,,,,,,,,,,,,,,,,,,,,,,,,,,,,,,,,
decision,1396877,78,65,,,6,,28,,,,,,,,,306832,2,1,FALSE,,,,,,,,,,,,,,,,,,,,,,,,,,,,,,,,,,,,,
dig,1398802,,,,,,[],28,,,,,,,,,,,,,,,,,,,,,,,,,,,,,,,,,,,,,,,,,,,,,,,,,
harvest,1400309,null,null,,,1,,28,,,,,,6,0.226509773,0.166666667,,,,,,,,,,,,,,,,,,,,,,,,,,,,,,,,,,,,,,,,,
decision,1401270,960,76,,,1,,28,,,,,,,,,311225,2,2,TRUE,,,,,,,,,,,,,,,,,,,,,,,,,,,,,,,,,,,,,
travel,1410310,,,,,,[],28,,,,,,,,,,,,,,,,,,,,,,,,,,,,,,,,,,,,,,,,,,,,,,,,,
alien_welcome,1415316,null,null,,,,,,,,,58,49,118,78,72,91,32,60,108,73,7,87,69,55,95,45,101,84,54,71,25,23,40,99,29,107,103,116,59,75,86,94,102,68,77,105,120,50,8,76,109,5,110,34,65,90
land,1415821,null,null,,,95,,29,,,,,,,,,,,,,,,,,,,,,,,,,,,,,,,,,,,,,,,,,,,,,,,,,
dig,1417831,,,,,,[],29,,,,,,,,,,,,,,,,,,,,,,,,,,,,,,,,,,,,,,,,,,,,,,,,,
harvest,1419337,null,null,,,25,,29,,,,,,95,0.268405858,0.263157895,,,,,,,,,,,,,,,,,,,,,,,,,,,,,,,,,,,,,,,,,
decision,1420169,831,65,,,25,,29,,,,,,,,,330123,2,0,FALSE,,,,,,,,,,,,,,,,,,,,,,,,,,,,,,,,,,,,,
dig,1421342,,,,,,[],29,,,,,,,,,,,,,,,,,,,,,,,,,,,,,,,,,,,,,,,,,,,,,,,,,
harvest,1422847,null,null,,,6,,29,,,,,,25,0.230311595,0.24,,,,,,,,,,,,,,,,,,,,,,,,,,,,,,,,,,,,,,,,,
decision,1423168,321,76,,,6,,29,,,,,,,,,333123,2,1,TRUE,,,,,,,,,,,,,,,,,,,,,,,,,,,,,,,,,,,,,
travel,1432851,,,,,,[],29,,,,,,,,,,,,,,,,,,,,,,,,,,,,,,,,,,,,,,,,,,,,,,,,,
alien_welcome,1437853,null,null,,,,,,,,,31,49,118,78,72,91,32,60,108,73,7,87,69,55,95,45,101,84,54,71,25,23,40,99,29,107,103,116,59,75,86,94,102,68,77,105,120,50,8,76,109,5,110,34,65,90
land,1438354,null,null,,,99,,30,,,,,,,,,,,,,,,,,,,,,,,,,,,,,,,,,,,,,,,,,,,,,,,,,
dig,1440357,,,,,,[],30,,,,,,,,,,,,,,,,,,,,,,,,,,,,,,,,,,,,,,,,,,,,,,,,,
harvest,1441858,null,null,,,15,,30,,,,,,99,0.14650501,0.151515152,,,,,,,,,,,,,,,,,,,,,,,,,,,,,,,,,,,,,,,,,
decision,1442051,192,76,,,15,,30,,,,,,,,,352006,2,0,TRUE,,,,,,,,,,,,,,,,,,,,,,,,,,,,,,,,,,,,,
travel,1451882,,,,,,[],30,,,,,,,,,,,,,,,,,,,,,,,,,,,,,,,,,,,,,,,,,,,,,,,,,
alien_welcome,1456917,null,null,,,,,,,,,24,49,118,78,72,91,32,60,108,73,7,87,69,55,95,45,101,84,54,71,25,23,40,99,29,107,103,116,59,75,86,94,102,68,77,105,120,50,8,76,109,5,110,34,65,90
land,1457424,null,null,,,108,,31,,,,,,,,,,,,,,,,,,,,,,,,,,,,,,,,,,,,,,,,,,,,,,,,,
dig,1459428,,,,,,[],31,,,,,,,,,,,,,,,,,,,,,,,,,,,,,,,,,,,,,,,,,,,,,,,,,
harvest,1460985,null,null,,,92,,31,,,,,,108,0.849257779,0.851851852,,,,,,,,,,,,,,,,,,,,,,,,,,,,,,,,,,,,,,,,,
decision,1462323,1337,65,,,92,,31,,,,,,,,,372278,2,0,TRUE,,,,,,,,,,,,,,,,,,,,,,,,,,,,,,,,,,,,,
end_of_block,1465166,2837,32,,,,,,,,,,,,,,,,,,,,,,,,,,,,,,,,,,,,,,,,,,,,,,,,,,,,,,
alien_welcome,1470182,null,null,,,,,,,,,66,49,118,78,72,91,32,60,108,73,7,87,69,55,95,45,101,84,54,71,25,23,40,99,29,107,103,116,59,75,86,94,102,68,77,105,120,50,8,76,109,5,110,34,65,90
land,1470686,null,null,,,97,,32,,,,,,,,,,,,,,,,,,,,,,,,,,,,,,,,,,,,,,,,,,,,,,,,,
dig,1472689,,,,,,[],32,,,,,,,,,,,,,,,,,,,,,,,,,,,,,,,,,,,,,,,,,,,,,,,,,
harvest,1474193,null,null,,,51,,32,,,,,,97,0.526199771,0.525773196,,,,,,,,,,,,,,,,,,,,,,,,,,,,,,,,,,,,,,,,,
decision,1474540,346,65,,,51,,32,,,,,,,,,9370,3,0,FALSE,,,,,,,,,,,,,,,,,,,,,,,,,,,,,,,,,,,,,
dig,1476200,,,,,,[],32,,,,,,,,,,,,,,,,,,,,,,,,,,,,,,,,,,,,,,,,,,,,,,,,,
harvest,1477706,null,null,,,24,,32,,,,,,51,0.467182743,0.470588235,,,,,,,,,,,,,,,,,,,,,,,,,,,,,,,,,,,,,,,,,
decision,1478626,917,76,,,24,,32,,,,,,,,,13456,3,1,TRUE,,,,,,,,,,,,,,,,,,,,,,,,,,,,,,,,,,,,,
travel,1487711,,,,,,[],32,,,,,,,,,,,,,,,,,,,,,,,,,,,,,,,,,,,,,,,,,,,,,,,,,
alien_welcome,1492724,null,null,,,,,,,,,4,49,118,78,72,91,32,60,108,73,7,87,69,55,95,45,101,84,54,71,25,23,40,99,29,107,103,116,59,75,86,94,102,68,77,105,120,50,8,76,109,5,110,34,65,90
land,1493233,null,null,,,93,,33,,,,,,,,,,,,,,,,,,,,,,,,,,,,,,,,,,,,,,,,,,,,,,,,,
dig,1495236,,,,,,[],33,,,,,,,,,,,,,,,,,,,,,,,,,,,,,,,,,,,,,,,,,,,,,,,,,
harvest,1496741,null,null,,,74,,33,,,,,,93,0.797528722,0.795698925,,,,,,,,,,,,,,,,,,,,,,,,,,,,,,,,,,,,,,,,,
decision,1497028,286,76,,,74,,33,,,,,,,,,31859,3,0,TRUE,,,,,,,,,,,,,,,,,,,,,,,,,,,,,,,,,,,,,
travel,1506746,,,,,,[],33,,,,,,,,,,,,,,,,,,,,,,,,,,,,,,,,,,,,,,,,,,,,,,,,,
alien_welcome,1511752,null,null,,,,,,,,,53,49,118,78,72,91,32,60,108,73,7,87,69,55,95,45,101,84,54,71,25,23,40,99,29,107,103,116,59,75,86,94,102,68,77,105,120,50,8,76,109,5,110,34,65,90
land,1512258,null,null,,,100,,34,,,,,,,,,,,,,,,,,,,,,,,,,,,,,,,,,,,,,,,,,,,,,,,,,
dig,1514261,,,,,,[],34,,,,,,,,,,,,,,,,,,,,,,,,,,,,,,,,,,,,,,,,,,,,,,,,,
harvest,1515768,null,null,,,51,,34,,,,,,100,0.510948983,0.51,,,,,,,,,,,,,,,,,,,,,,,,,,,,,,,,,,,,,,,,,
decision,1516641,871,76,,,51,,34,,,,,,,,,51471,3,0,TRUE,,,,,,,,,,,,,,,,,,,,,,,,,,,,,,,,,,,,,
travel,1525772,,,,,,[],34,,,,,,,,,,,,,,,,,,,,,,,,,,,,,,,,,,,,,,,,,,,,,,,,,
alien_welcome,1530776,null,null,,,,,,,,,21,49,118,78,72,91,32,60,108,73,7,87,69,55,95,45,101,84,54,71,25,23,40,99,29,107,103,116,59,75,86,94,102,68,77,105,120,50,8,76,109,5,110,34,65,90
land,1531277,null,null,,,113,,35,,,,,,,,,,,,,,,,,,,,,,,,,,,,,,,,,,,,,,,,,,,,,,,,,
dig,1533280,,,,,,[],35,,,,,,,,,,,,,,,,,,,,,,,,,,,,,,,,,,,,,,,,,,,,,,,,,
harvest,1534786,null,null,,,59,,35,,,,,,113,0.519710024,0.522123894,,,,,,,,,,,,,,,,,,,,,,,,,,,,,,,,,,,,,,,,,
decision,1535651,863,65,,,59,,35,,,,,,,,,70481,3,0,FALSE,,,,,,,,,,,,,,,,,,,,,,,,,,,,,,,,,,,,,
dig,1536809,,,,,,[],35,,,,,,,,,,,,,,,,,,,,,,,,,,,,,,,,,,,,,,,,,,,,,,,,,
harvest,1538311,null,null,,,30,,35,,,,,,59,0.5048537,0.508474576,,,,,,,,,,,,,,,,,,,,,,,,,,,,,,,,,,,,,,,,,
decision,1539144,831,76,,,30,,35,,,,,,,,,73974,3,1,TRUE,,,,,,,,,,,,,,,,,,,,,,,,,,,,,,,,,,,,,
travel,1548311,,,,,,[],35,,,,,,,,,,,,,,,,,,,,,,,,,,,,,,,,,,,,,,,,,,,,,,,,,
alien_welcome,1553313,null,null,,,,,,,,,81,49,118,78,72,91,32,60,108,73,7,87,69,55,95,45,101,84,54,71,25,23,40,99,29,107,103,116,59,75,86,94,102,68,77,105,120,50,8,76,109,5,110,34,65,90
land,1553819,null,null,,,98,,36,,,,,,,,,,,,,,,,,,,,,,,,,,,,,,,,,,,,,,,,,,,,,,,,,
dig,1555822,,,,,,[],36,,,,,,,,,,,,,,,,,,,,,,,,,,,,,,,,,,,,,,,,,,,,,,,,,
harvest,1557327,null,null,,,56,,36,,,,,,98,0.570093784,0.571428571,,,,,,,,,,,,,,,,,,,,,,,,,,,,,,,,,,,,,,,,,
decision,1557520,192,76,,,56,,36,,,,,,,,,92351,3,0,TRUE,,,,,,,,,,,,,,,,,,,,,,,,,,,,,,,,,,,,,
travel,1567326,,,,,,[],36,,,,,,,,,,,,,,,,,,,,,,,,,,,,,,,,,,,,,,,,,,,,,,,,,
alien_welcome,1572327,null,null,,,,,,,,,83,49,118,78,72,91,32,60,108,73,7,87,69,55,95,45,101,84,54,71,25,23,40,99,29,107,103,116,59,75,86,94,102,68,77,105,120,50,8,76,109,5,110,34,65,90
land,1572844,null,null,,,92,,37,,,,,,,,,,,,,,,,,,,,,,,,,,,,,,,,,,,,,,,,,,,,,,,,,
dig,1574850,,,,,,[],37,,,,,,,,,,,,,,,,,,,,,,,,,,,,,,,,,,,,,,,,,,,,,,,,,
harvest,1576351,null,null,,,45,,37,,,,,,92,0.485006152,0.489130435,,,,,,,,,,,,,,,,,,,,,,,,,,,,,,,,,,,,,,,,,
decision,1577134,781,76,,,45,,37,,,,,,,,,111964,3,0,TRUE,,,,,,,,,,,,,,,,,,,,,,,,,,,,,,,,,,,,,
travel,1586355,,,,,,[],37,,,,,,,,,,,,,,,,,,,,,,,,,,,,,,,,,,,,,,,,,,,,,,,,,
alien_welcome,1591360,null,null,,,,,,,,,52,49,118,78,72,91,32,60,108,73,7,87,69,55,95,45,101,84,54,71,25,23,40,99,29,107,103,116,59,75,86,94,102,68,77,105,120,50,8,76,109,5,110,34,65,90
land,1591865,null,null,,,92,,38,,,,,,,,,,,,,,,,,,,,,,,,,,,,,,,,,,,,,,,,,,,,,,,,,
dig,1593869,,,,,,[],38,,,,,,,,,,,,,,,,,,,,,,,,,,,,,,,,,,,,,,,,,,,,,,,,,
harvest,1595374,null,null,,,77,,38,,,,,,92,0.831890565,0.836956522,,,,,,,,,,,,,,,,,,,,,,,,,,,,,,,,,,,,,,,,,
decision,1595982,608,76,,,77,,38,,,,,,,,,130813,3,0,TRUE,,,,,,,,,,,,,,,,,,,,,,,,,,,,,,,,,,,,,
travel,1605376,,,,,,[],38,,,,,,,,,,,,,,,,,,,,,,,,,,,,,,,,,,,,,,,,,,,,,,,,,
alien_welcome,1610376,null,null,,,,,,,,,106,49,118,78,72,91,32,60,108,73,7,87,69,55,95,45,101,84,54,71,25,23,40,99,29,107,103,116,59,75,86,94,102,68,77,105,120,50,8,76,109,5,110,34,65,90
land,1610878,null,null,,,105,,39,,,,,,,,,,,,,,,,,,,,,,,,,,,,,,,,,,,,,,,,,,,,,,,,,
dig,1612881,,,,,,[],39,,,,,,,,,,,,,,,,,,,,,,,,,,,,,,,,,,,,,,,,,,,,,,,,,
harvest,1614390,null,null,,,78,,39,,,,,,105,0.742169262,0.742857143,,,,,,,,,,,,,,,,,,,,,,,,,,,,,,,,,,,,,,,,,
decision,1614786,394,65,,,78,,39,,,,,,,,,149616,3,0,FALSE,,,,,,,,,,,,,,,,,,,,,,,,,,,,,,,,,,,,,
dig,1616397,,,,,,[],39,,,,,,,,,,,,,,,,,,,,,,,,,,,,,,,,,,,,,,,,,,,,,,,,,
harvest,1617900,null,null,,,63,,39,,,,,,78,0.810718189,0.807692308,,,,,,,,,,,,,,,,,,,,,,,,,,,,,,,,,,,,,,,,,
decision,1618526,625,76,,,63,,39,,,,,,,,,153357,3,1,TRUE,,,,,,,,,,,,,,,,,,,,,,,,,,,,,,,,,,,,,
travel,1627904,,,,,,[],39,,,,,,,,,,,,,,,,,,,,,,,,,,,,,,,,,,,,,,,,,,,,,,,,,
alien_welcome,1632909,null,null,,,,,,,,,62,49,118,78,72,91,32,60,108,73,7,87,69,55,95,45,101,84,54,71,25,23,40,99,29,107,103,116,59,75,86,94,102,68,77,105,120,50,8,76,109,5,110,34,65,90
land,1633414,null,null,,,89,,40,,,,,,,,,,,,,,,,,,,,,,,,,,,,,,,,,,,,,,,,,,,,,,,,,
dig,1635416,,,,,,[],40,,,,,,,,,,,,,,,,,,,,,,,,,,,,,,,,,,,,,,,,,,,,,,,,,
harvest,1636919,null,null,,,46,,40,,,,,,89,0.511282359,0.516853933,,,,,,,,,,,,,,,,,,,,,,,,,,,,,,,,,,,,,,,,,
decision,1637169,248,65,,,46,,40,,,,,,,,,171999,3,0,FALSE,,,,,,,,,,,,,,,,,,,,,,,,,,,,,,,,,,,,,
dig,1638926,,,,,,[],40,,,,,,,,,,,,,,,,,,,,,,,,,,,,,,,,,,,,,,,,,,,,,,,,,
harvest,1640428,null,null,,,24,,40,,,,,,46,0.512252136,0.52173913,,,,,,,,,,,,,,,,,,,,,,,,,,,,,,,,,,,,,,,,,
decision,1640432,2,76,,,24,,40,,,,,,,,,175262,3,1,TRUE,,,,,,,,,,,,,,,,,,,,,,,,,,,,,,,,,,,,,
travel,1650428,,,,,,[],40,,,,,,,,,,,,,,,,,,,,,,,,,,,,,,,,,,,,,,,,,,,,,,,,,
alien_welcome,1655431,null,null,,,,,,,,,22,49,118,78,72,91,32,60,108,73,7,87,69,55,95,45,101,84,54,71,25,23,40,99,29,107,103,116,59,75,86,94,102,68,77,105,120,50,8,76,109,5,110,34,65,90
land,1655936,null,null,,,102,,41,,,,,,,,,,,,,,,,,,,,,,,,,,,,,,,,,,,,,,,,,,,,,,,,,
dig,1657939,,,,,,[],41,,,,,,,,,,,,,,,,,,,,,,,,,,,,,,,,,,,,,,,,,,,,,,,,,
harvest,1659444,null,null,,,50,,41,,,,,,102,0.491142658,0.490196078,,,,,,,,,,,,,,,,,,,,,,,,,,,,,,,,,,,,,,,,,
decision,1660009,563,65,,,50,,41,,,,,,,,,194839,3,0,FALSE,,,,,,,,,,,,,,,,,,,,,,,,,,,,,,,,,,,,,
dig,1661452,,,,,,[],41,,,,,,,,,,,,,,,,,,,,,,,,,,,,,,,,,,,,,,,,,,,,,,,,,
harvest,1662959,null,null,,,23,,41,,,,,,50,0.455271342,0.46,,,,,,,,,,,,,,,,,,,,,,,,,,,,,,,,,,,,,,,,,
decision,1663762,802,76,,,23,,41,,,,,,,,,198592,3,1,TRUE,,,,,,,,,,,,,,,,,,,,,,,,,,,,,,,,,,,,,
travel,1672965,,,,,,[],41,,,,,,,,,,,,,,,,,,,,,,,,,,,,,,,,,,,,,,,,,,,,,,,,,
alien_welcome,1677967,null,null,,,,,,,,,67,49,118,78,72,91,32,60,108,73,7,87,69,55,95,45,101,84,54,71,25,23,40,99,29,107,103,116,59,75,86,94,102,68,77,105,120,50,8,76,109,5,110,34,65,90
land,1678472,null,null,,,107,,42,,,,,,,,,,,,,,,,,,,,,,,,,,,,,,,,,,,,,,,,,,,,,,,,,
dig,1680474,,,,,,[],42,,,,,,,,,,,,,,,,,,,,,,,,,,,,,,,,,,,,,,,,,,,,,,,,,
harvest,1681981,null,null,,,89,,42,,,,,,107,0.829803889,0.831775701,,,,,,,,,,,,,,,,,,,,,,,,,,,,,,,,,,,,,,,,,
decision,1682586,604,65,,,89,,42,,,,,,,,,217417,3,0,FALSE,,,,,,,,,,,,,,,,,,,,,,,,,,,,,,,,,,,,,
dig,1683989,,,,,,[],42,,,,,,,,,,,,,,,,,,,,,,,,,,,,,,,,,,,,,,,,,,,,,,,,,
harvest,1685496,null,null,,,73,,42,,,,,,89,0.818776043,0.820224719,,,,,,,,,,,,,,,,,,,,,,,,,,,,,,,,,,,,,,,,,
decision,1686017,520,76,,,73,,42,,,,,,,,,220847,3,1,TRUE,,,,,,,,,,,,,,,,,,,,,,,,,,,,,,,,,,,,,
travel,1695499,,,,,,[],42,,,,,,,,,,,,,,,,,,,,,,,,,,,,,,,,,,,,,,,,,,,,,,,,,
alien_welcome,1700504,null,null,,,,,,,,,115,49,118,78,72,91,32,60,108,73,7,87,69,55,95,45,101,84,54,71,25,23,40,99,29,107,103,116,59,75,86,94,102,68,77,105,120,50,8,76,109,5,110,34,65,90
land,1701010,null,null,,,96,,43,,,,,,,,,,,,,,,,,,,,,,,,,,,,,,,,,,,,,,,,,,,,,,,,,
dig,1703014,,,,,,[],43,,,,,,,,,,,,,,,,,,,,,,,,,,,,,,,,,,,,,,,,,,,,,,,,,
harvest,1704516,null,null,,,75,,43,,,,,,96,0.777006711,0.78125,,,,,,,,,,,,,,,,,,,,,,,,,,,,,,,,,,,,,,,,,
decision,1704855,337,76,,,75,,43,,,,,,,,,239685,3,0,TRUE,,,,,,,,,,,,,,,,,,,,,,,,,,,,,,,,,,,,,
travel,1714518,,,,,,[],43,,,,,,,,,,,,,,,,,,,,,,,,,,,,,,,,,,,,,,,,,,,,,,,,,
alien_welcome,1719520,null,null,,,,,,,,,37,49,118,78,72,91,32,60,108,73,7,87,69,55,95,45,101,84,54,71,25,23,40,99,29,107,103,116,59,75,86,94,102,68,77,105,120,50,8,76,109,5,110,34,65,90
land,1720021,null,null,,,105,,44,,,,,,,,,,,,,,,,,,,,,,,,,,,,,,,,,,,,,,,,,,,,,,,,,
dig,1722024,,,,,,[],44,,,,,,,,,,,,,,,,,,,,,,,,,,,,,,,,,,,,,,,,,,,,,,,,,
harvest,1723529,null,null,,,82,,44,,,,,,105,0.782542454,0.780952381,,,,,,,,,,,,,,,,,,,,,,,,,,,,,,,,,,,,,,,,,
decision,1724344,814,76,,,82,,44,,,,,,,,,259185,3,0,TRUE,,,,,,,,,,,,,,,,,,,,,,,,,,,,,,,,,,,,,
travel,1733541,,,,,,[],44,,,,,,,,,,,,,,,,,,,,,,,,,,,,,,,,,,,,,,,,,,,,,,,,,
alien_welcome,1738544,null,null,,,,,,,,,15,49,118,78,72,91,32,60,108,73,7,87,69,55,95,45,101,84,54,71,25,23,40,99,29,107,103,116,59,75,86,94,102,68,77,105,120,50,8,76,109,5,110,34,65,90
land,1739049,null,null,,,99,,45,,,,,,,,,,,,,,,,,,,,,,,,,,,,,,,,,,,,,,,,,,,,,,,,,
dig,1741052,,,,,,[],45,,,,,,,,,,,,,,,,,,,,,,,,,,,,,,,,,,,,,,,,,,,,,,,,,
harvest,1742560,null,null,,,71,,45,,,,,,99,0.714519488,0.717171717,,,,,,,,,,,,,,,,,,,,,,,,,,,,,,,,,,,,,,,,,
decision,1742677,116,65,,,71,,45,,,,,,,,,277507,3,0,FALSE,,,,,,,,,,,,,,,,,,,,,,,,,,,,,,,,,,,,,
dig,1744565,,,,,,[],45,,,,,,,,,,,,,,,,,,,,,,,,,,,,,,,,,,,,,,,,,,,,,,,,,
harvest,1746107,null,null,,,59,,45,,,,,,71,0.832072664,0.830985915,,,,,,,,,,,,,,,,,,,,,,,,,,,,,,,,,,,,,,,,,
decision,1747143,1035,76,,,59,,45,,,,,,,,,281974,3,1,TRUE,,,,,,,,,,,,,,,,,,,,,,,,,,,,,,,,,,,,,
travel,1756114,,,,,,[],45,,,,,,,,,,,,,,,,,,,,,,,,,,,,,,,,,,,,,,,,,,,,,,,,,
alien_welcome,1761121,null,null,,,,,,,,,18,49,118,78,72,91,32,60,108,73,7,87,69,55,95,45,101,84,54,71,25,23,40,99,29,107,103,116,59,75,86,94,102,68,77,105,120,50,8,76,109,5,110,34,65,90
land,1761623,null,null,,,100,,46,,,,,,,,,,,,,,,,,,,,,,,,,,,,,,,,,,,,,,,,,,,,,,,,,
dig,1763625,,,,,,[],46,,,,,,,,,,,,,,,,,,,,,,,,,,,,,,,,,,,,,,,,,,,,,,,,,
harvest,1765131,null,null,,,56,,46,,,,,,100,0.560357866,0.56,,,,,,,,,,,,,,,,,,,,,,,,,,,,,,,,,,,,,,,,,
decision,1766145,1013,65,,,56,,46,,,,,,,,,300976,3,0,FALSE,,,,,,,,,,,,,,,,,,,,,,,,,,,,,,,,,,,,,
dig,1767137,,,,,,[],46,,,,,,,,,,,,,,,,,,,,,,,,,,,,,,,,,,,,,,,,,,,,,,,,,
harvest,1768639,null,null,,,30,,46,,,,,,56,0.543506599,0.535714286,,,,,,,,,,,,,,,,,,,,,,,,,,,,,,,,,,,,,,,,,
decision,1769277,636,76,,,30,,46,,,,,,,,,304107,3,1,TRUE,,,,,,,,,,,,,,,,,,,,,,,,,,,,,,,,,,,,,
travel,1778643,,,,,,[],46,,,,,,,,,,,,,,,,,,,,,,,,,,,,,,,,,,,,,,,,,,,,,,,,,
alien_welcome,1783650,null,null,,,,,,,,,44,49,118,78,72,91,32,60,108,73,7,87,69,55,95,45,101,84,54,71,25,23,40,99,29,107,103,116,59,75,86,94,102,68,77,105,120,50,8,76,109,5,110,34,65,90
land,1784156,null,null,,,106,,47,,,,,,,,,,,,,,,,,,,,,,,,,,,,,,,,,,,,,,,,,,,,,,,,,
dig,1786159,,,,,,[],47,,,,,,,,,,,,,,,,,,,,,,,,,,,,,,,,,,,,,,,,,,,,,,,,,
harvest,1787664,null,null,,,53,,47,,,,,,106,0.499673953,0.5,,,,,,,,,,,,,,,,,,,,,,,,,,,,,,,,,,,,,,,,,
decision,1787889,224,65,,,53,,47,,,,,,,,,322719,3,0,FALSE,,,,,,,,,,,,,,,,,,,,,,,,,,,,,,,,,,,,,
dig,1789670,,,,,,[],47,,,,,,,,,,,,,,,,,,,,,,,,,,,,,,,,,,,,,,,,,,,,,,,,,
harvest,1791177,null,null,,,29,,47,,,,,,53,0.54774606,0.547169811,,,,,,,,,,,,,,,,,,,,,,,,,,,,,,,,,,,,,,,,,
decision,1791812,633,65,,,29,,47,,,,,,,,,326642,3,1,FALSE,,,,,,,,,,,,,,,,,,,,,,,,,,,,,,,,,,,,,
dig,1793182,,,,,,[],47,,,,,,,,,,,,,,,,,,,,,,,,,,,,,,,,,,,,,,,,,,,,,,,,,
harvest,1794688,null,null,,,15,,47,,,,,,29,0.520872598,0.517241379,,,,,,,,,,,,,,,,,,,,,,,,,,,,,,,,,,,,,,,,,
decision,1794880,191,76,,,15,,47,,,,,,,,,329710,3,2,TRUE,,,,,,,,,,,,,,,,,,,,,,,,,,,,,,,,,,,,,
travel,1804686,,,,,,[],47,,,,,,,,,,,,,,,,,,,,,,,,,,,,,,,,,,,,,,,,,,,,,,,,,
alien_welcome,1809695,null,null,,,,,,,,,70,49,118,78,72,91,32,60,108,73,7,87,69,55,95,45,101,84,54,71,25,23,40,99,29,107,103,116,59,75,86,94,102,68,77,105,120,50,8,76,109,5,110,34,65,90
land,1810202,null,null,,,101,,48,,,,,,,,,,,,,,,,,,,,,,,,,,,,,,,,,,,,,,,,,,,,,,,,,
dig,1812205,,,,,,[],48,,,,,,,,,,,,,,,,,,,,,,,,,,,,,,,,,,,,,,,,,,,,,,,,,
harvest,1813712,null,null,,,80,,48,,,,,,101,0.790824814,0.792079208,,,,,,,,,,,,,,,,,,,,,,,,,,,,,,,,,,,,,,,,,
decision,1813959,247,65,,,80,,48,,,,,,,,,348790,3,0,FALSE,,,,,,,,,,,,,,,,,,,,,,,,,,,,,,,,,,,,,
dig,1815720,,,,,,[],48,,,,,,,,,,,,,,,,,,,,,,,,,,,,,,,,,,,,,,,,,,,,,,,,,
harvest,1817226,null,null,,,61,,48,,,,,,80,0.765470161,0.7625,,,,,,,,,,,,,,,,,,,,,,,,,,,,,,,,,,,,,,,,,
decision,1818077,851,65,,,61,,48,,,,,,,,,352908,3,1,FALSE,,,,,,,,,,,,,,,,,,,,,,,,,,,,,,,,,,,,,
dig,1819232,,,,,,[],48,,,,,,,,,,,,,,,,,,,,,,,,,,,,,,,,,,,,,,,,,,,,,,,,,
harvest,1820737,null,null,,,53,,48,,,,,,61,0.862035664,0.868852459,,,,,,,,,,,,,,,,,,,,,,,,,,,,,,,,,,,,,,,,,
decision,1820948,209,65,,,53,,48,,,,,,,,,355779,3,2,FALSE,,,,,,,,,,,,,,,,,,,,,,,,,,,,,,,,,,,,,
dig,1822744,,,,,,[],48,,,,,,,,,,,,,,,,,,,,,,,,,,,,,,,,,,,,,,,,,,,,,,,,,
harvest,1824250,null,null,,,38,,48,,,,,,53,0.720980797,0.716981132,,,,,,,,,,,,,,,,,,,,,,,,,,,,,,,,,,,,,,,,,
decision,1825226,974,76,,,38,,48,,,,,,,,,360056,3,3,TRUE,,,,,,,,,,,,,,,,,,,,,,,,,,,,,,,,,,,,,
end_of_block,1828062,2832,32,,,,,,,,,,,,,,,,,,,,,,,,,,,,,,,,,,,,,,,,,,,,,,,,,,,,,,
alien_welcome,1833086,null,null,,,,,,,,,97,49,118,78,72,91,32,60,108,73,7,87,69,55,95,45,101,84,54,71,25,23,40,99,29,107,103,116,59,75,86,94,102,68,77,105,120,50,8,76,109,5,110,34,65,90
land,1833592,null,null,,,97,,49,,,,,,,,,,,,,,,,,,,,,,,,,,,,,,,,,,,,,,,,,,,,,,,,,
dig,1835596,,,,,,[],49,,,,,,,,,,,,,,,,,,,,,,,,,,,,,,,,,,,,,,,,,,,,,,,,,
harvest,1837103,null,null,,,37,,49,,,,,,97,0.383531931,0.381443299,,,,,,,,,,,,,,,,,,,,,,,,,,,,,,,,,,,,,,,,,
decision,1837718,614,65,,,37,,49,,,,,,,,,9653,4,0,FALSE,,,,,,,,,,,,,,,,,,,,,,,,,,,,,,,,,,,,,
dig,1839109,,,,,,[],49,,,,,,,,,,,,,,,,,,,,,,,,,,,,,,,,,,,,,,,,,,,,,,,,,
harvest,1840611,null,null,,,7,,49,,,,,,37,0.191073069,0.189189189,,,,,,,,,,,,,,,,,,,,,,,,,,,,,,,,,,,,,,,,,
decision,1840944,332,76,,,7,,49,,,,,,,,,12879,4,1,TRUE,,,,,,,,,,,,,,,,,,,,,,,,,,,,,,,,,,,,,
travel,1850616,,,,,,[],49,,,,,,,,,,,,,,,,,,,,,,,,,,,,,,,,,,,,,,,,,,,,,,,,,
alien_welcome,1855620,null,null,,,,,,,,,74,49,118,78,72,91,32,60,108,73,7,87,69,55,95,45,101,84,54,71,25,23,40,99,29,107,103,116,59,75,86,94,102,68,77,105,120,50,8,76,109,5,110,34,65,90
land,1856122,null,null,,,96,,50,,,,,,,,,,,,,,,,,,,,,,,,,,,,,,,,,,,,,,,,,,,,,,,,,
dig,1858126,,,,,,[],50,,,,,,,,,,,,,,,,,,,,,,,,,,,,,,,,,,,,,,,,,,,,,,,,,
harvest,1859629,null,null,,,20,,50,,,,,,96,0.212610069,0.208333333,,,,,,,,,,,,,,,,,,,,,,,,,,,,,,,,,,,,,,,,,
decision,1860274,645,65,,,20,,50,,,,,,,,,32208,4,0,FALSE,,,,,,,,,,,,,,,,,,,,,,,,,,,,,,,,,,,,,
dig,1861633,,,,,,[],50,,,,,,,,,,,,,,,,,,,,,,,,,,,,,,,,,,,,,,,,,,,,,,,,,
harvest,1863139,null,null,,,5,,50,,,,,,20,0.25463161,0.25,,,,,,,,,,,,,,,,,,,,,,,,,,,,,,,,,,,,,,,,,
decision,1863622,481,76,,,5,,50,,,,,,,,,35557,4,1,TRUE,,,,,,,,,,,,,,,,,,,,,,,,,,,,,,,,,,,,,
travel,1873142,,,,,,[],50,,,,,,,,,,,,,,,,,,,,,,,,,,,,,,,,,,,,,,,,,,,,,,,,,
alien_welcome,1878148,null,null,,,,,,,,,6,49,118,78,72,91,32,60,108,73,7,87,69,55,95,45,101,84,54,71,25,23,40,99,29,107,103,116,59,75,86,94,102,68,77,105,120,50,8,76,109,5,110,34,65,90
land,1878654,null,null,,,98,,51,,,,,,,,,,,,,,,,,,,,,,,,,,,,,,,,,,,,,,,,,,,,,,,,,
dig,1880657,,,,,,[],51,,,,,,,,,,,,,,,,,,,,,,,,,,,,,,,,,,,,,,,,,,,,,,,,,
harvest,1882163,null,null,,,28,,51,,,,,,98,0.281466573,0.285714286,,,,,,,,,,,,,,,,,,,,,,,,,,,,,,,,,,,,,,,,,
decision,1882856,692,65,,,28,,51,,,,,,,,,54794,4,0,FALSE,,,,,,,,,,,,,,,,,,,,,,,,,,,,,,,,,,,,,
dig,1884185,,,,,,[],51,,,,,,,,,,,,,,,,,,,,,,,,,,,,,,,,,,,,,,,,,,,,,,,,,
harvest,1885690,null,null,,,4,,51,,,,,,28,0.148215959,0.142857143,,,,,,,,,,,,,,,,,,,,,,,,,,,,,,,,,,,,,,,,,
decision,1886296,603,76,,,4,,51,,,,,,,,,58231,4,1,TRUE,,,,,,,,,,,,,,,,,,,,,,,,,,,,,,,,,,,,,
travel,1895698,,,,,,[],51,,,,,,,,,,,,,,,,,,,,,,,,,,,,,,,,,,,,,,,,,,,,,,,,,
alien_welcome,1900704,null,null,,,,,,,,,92,49,118,78,72,91,32,60,108,73,7,87,69,55,95,45,101,84,54,71,25,23,40,99,29,107,103,116,59,75,86,94,102,68,77,105,120,50,8,76,109,5,110,34,65,90
land,1901206,null,null,,,104,,52,,,,,,,,,,,,,,,,,,,,,,,,,,,,,,,,,,,,,,,,,,,,,,,,,
dig,1903210,,,,,,[],52,,,,,,,,,,,,,,,,,,,,,,,,,,,,,,,,,,,,,,,,,,,,,,,,,
harvest,1904716,null,null,,,87,,52,,,,,,104,0.837032408,0.836538462,,,,,,,,,,,,,,,,,,,,,,,,,,,,,,,,,,,,,,,,,
decision,1906529,1812,65,,,87,,52,,,,,,,,,78464,4,0,FALSE,,,,,,,,,,,,,,,,,,,,,,,,,,,,,,,,,,,,,
dig,1906723,,,,,,[],52,,,,,,,,,,,,,,,,,,,,,,,,,,,,,,,,,,,,,,,,,,,,,,,,,
harvest,1908228,null,null,,,75,,52,,,,,,87,0.860637473,0.862068966,,,,,,,,,,,,,,,,,,,,,,,,,,,,,,,,,,,,,,,,,
decision,1909039,809,65,,,75,,52,,,,,,,,,80974,4,1,FALSE,,,,,,,,,,,,,,,,,,,,,,,,,,,,,,,,,,,,,
dig,1910240,,,,,,[],52,,,,,,,,,,,,,,,,,,,,,,,,,,,,,,,,,,,,,,,,,,,,,,,,,
harvest,1911744,null,null,,,65,,52,,,,,,75,0.864046791,0.866666667,,,,,,,,,,,,,,,,,,,,,,,,,,,,,,,,,,,,,,,,,
decision,1912847,1101,76,,,65,,52,,,,,,,,,84781,4,2,TRUE,,,,,,,,,,,,,,,,,,,,,,,,,,,,,,,,,,,,,
travel,1921748,,,,,,[],52,,,,,,,,,,,,,,,,,,,,,,,,,,,,,,,,,,,,,,,,,,,,,,,,,
alien_welcome,1926753,null,null,,,,,,,,,10,49,118,78,72,91,32,60,108,73,7,87,69,55,95,45,101,84,54,71,25,23,40,99,29,107,103,116,59,75,86,94,102,68,77,105,120,50,8,76,109,5,110,34,65,90
land,1927258,null,null,,,103,,53,,,,,,,,,,,,,,,,,,,,,,,,,,,,,,,,,,,,,,,,,,,,,,,,,
dig,1929263,,,,,,[],53,,,,,,,,,,,,,,,,,,,,,,,,,,,,,,,,,,,,,,,,,,,,,,,,,
harvest,1930769,null,null,,,87,,53,,,,,,103,0.843150212,0.844660194,,,,,,,,,,,,,,,,,,,,,,,,,,,,,,,,,,,,,,,,,
decision,1931527,756,65,,,87,,53,,,,,,,,,103462,4,0,FALSE,,,,,,,,,,,,,,,,,,,,,,,,,,,,,,,,,,,,,
dig,1932778,,,,,,[],53,,,,,,,,,,,,,,,,,,,,,,,,,,,,,,,,,,,,,,,,,,,,,,,,,
harvest,1934284,null,null,,,78,,53,,,,,,87,0.892726736,0.896551724,,,,,,,,,,,,,,,,,,,,,,,,,,,,,,,,,,,,,,,,,
decision,1935065,779,65,,,78,,53,,,,,,,,,106999,4,1,FALSE,,,,,,,,,,,,,,,,,,,,,,,,,,,,,,,,,,,,,
dig,1936293,,,,,,[],53,,,,,,,,,,,,,,,,,,,,,,,,,,,,,,,,,,,,,,,,,,,,,,,,,
harvest,1937797,null,null,,,65,,53,,,,,,78,0.839618386,0.833333333,,,,,,,,,,,,,,,,,,,,,,,,,,,,,,,,,,,,,,,,,
decision,1938165,367,65,,,65,,53,,,,,,,,,110100,4,2,FALSE,,,,,,,,,,,,,,,,,,,,,,,,,,,,,,,,,,,,,
dig,1939803,,,,,,[],53,,,,,,,,,,,,,,,,,,,,,,,,,,,,,,,,,,,,,,,,,,,,,,,,,
harvest,1941309,null,null,,,55,,53,,,,,,65,0.850004222,0.846153846,,,,,,,,,,,,,,,,,,,,,,,,,,,,,,,,,,,,,,,,,
decision,1941968,659,65,,,55,,53,,,,,,,,,113903,4,3,FALSE,,,,,,,,,,,,,,,,,,,,,,,,,,,,,,,,,,,,,
dig,1943316,,,,,,[],53,,,,,,,,,,,,,,,,,,,,,,,,,,,,,,,,,,,,,,,,,,,,,,,,,
harvest,1944821,null,null,,,41,,53,,,,,,55,0.75235206,0.745454545,,,,,,,,,,,,,,,,,,,,,,,,,,,,,,,,,,,,,,,,,
decision,1945392,569,65,,,41,,53,,,,,,,,,117326,4,4,FALSE,,,,,,,,,,,,,,,,,,,,,,,,,,,,,,,,,,,,,
dig,1946840,,,,,,[],53,,,,,,,,,,,,,,,,,,,,,,,,,,,,,,,,,,,,,,,,,,,,,,,,,
harvest,1948341,null,null,,,34,,53,,,,,,41,0.83448801,0.829268293,,,,,,,,,,,,,,,,,,,,,,,,,,,,,,,,,,,,,,,,,
decision,1948722,380,76,,,34,,53,,,,,,,,,120656,4,5,TRUE,,,,,,,,,,,,,,,,,,,,,,,,,,,,,,,,,,,,,
travel,1958339,,,,,,[],53,,,,,,,,,,,,,,,,,,,,,,,,,,,,,,,,,,,,,,,,,,,,,,,,,
alien_welcome,1963346,null,null,,,,,,,,,100,49,118,78,72,91,32,60,108,73,7,87,69,55,95,45,101,84,54,71,25,23,40,99,29,107,103,116,59,75,86,94,102,68,77,105,120,50,8,76,109,5,110,34,65,90
land,1963920,null,null,,,94,,54,,,,,,,,,,,,,,,,,,,,,,,,,,,,,,,,,,,,,,,,,,,,,,,,,
dig,1965924,,,,,,[],54,,,,,,,,,,,,,,,,,,,,,,,,,,,,,,,,,,,,,,,,,,,,,,,,,
harvest,1967431,null,null,,,78,,54,,,,,,94,0.831292012,0.829787234,,,,,,,,,,,,,,,,,,,,,,,,,,,,,,,,,,,,,,,,,
decision,1968383,949,65,,,78,,54,,,,,,,,,140318,4,0,FALSE,,,,,,,,,,,,,,,,,,,,,,,,,,,,,,,,,,,,,
dig,1969441,,,,,,[],54,,,,,,,,,,,,,,,,,,,,,,,,,,,,,,,,,,,,,,,,,,,,,,,,,
harvest,1970946,null,null,,,62,,54,,,,,,78,0.799289447,0.794871795,,,,,,,,,,,,,,,,,,,,,,,,,,,,,,,,,,,,,,,,,
decision,1971868,920,65,,,62,,54,,,,,,,,,143802,4,1,FALSE,,,,,,,,,,,,,,,,,,,,,,,,,,,,,,,,,,,,,
dig,1972954,,,,,,[],54,,,,,,,,,,,,,,,,,,,,,,,,,,,,,,,,,,,,,,,,,,,,,,,,,
harvest,1974469,null,null,,,54,,54,,,,,,62,0.868624933,0.870967742,,,,,,,,,,,,,,,,,,,,,,,,,,,,,,,,,,,,,,,,,
decision,1975293,823,65,,,54,,54,,,,,,,,,147228,4,2,FALSE,,,,,,,,,,,,,,,,,,,,,,,,,,,,,,,,,,,,,
dig,1976522,,,,,,[],54,,,,,,,,,,,,,,,,,,,,,,,,,,,,,,,,,,,,,,,,,,,,,,,,,
harvest,1978054,null,null,,,41,,54,,,,,,54,0.750872413,0.759259259,,,,,,,,,,,,,,,,,,,,,,,,,,,,,,,,,,,,,,,,,
decision,1980075,null,null,,,41,,54,,,,,,,,,152010,4,3,FALSE,,,,,,,,,,,,,,,,,,,,,,,,,,,,,,,,,,,,,
time_out,1982086,null,null,,,41,,,,,,,,,,,,,,,,,,,,,,,,,,,,,,,,,,,,,,,,,,,,,,,,,,,
decision,1982395,307,76,,,41,,54,,,,,,,,,154330,4,3,TRUE,,,,,,,,,,,,,,,,,,,,,,,,,,,,,,,,,,,,,
travel,1992097,,,,,,[],54,,,,,,,,,,,,,,,,,,,,,,,,,,,,,,,,,,,,,,,,,,,,,,,,,
alien_welcome,1997103,null,null,,,,,,,,,33,49,118,78,72,91,32,60,108,73,7,87,69,55,95,45,101,84,54,71,25,23,40,99,29,107,103,116,59,75,86,94,102,68,77,105,120,50,8,76,109,5,110,34,65,90
land,1997609,null,null,,,109,,55,,,,,,,,,,,,,,,,,,,,,,,,,,,,,,,,,,,,,,,,,,,,,,,,,
dig,1999611,,,,,,[],55,,,,,,,,,,,,,,,,,,,,,,,,,,,,,,,,,,,,,,,,,,,,,,,,,
harvest,2001113,null,null,,,96,,55,,,,,,109,0.878741783,0.880733945,,,,,,,,,,,,,,,,,,,,,,,,,,,,,,,,,,,,,,,,,
decision,2001909,795,65,,,96,,55,,,,,,,,,173844,4,0,FALSE,,,,,,,,,,,,,,,,,,,,,,,,,,,,,,,,,,,,,
dig,2003119,,,,,,[],55,,,,,,,,,,,,,,,,,,,,,,,,,,,,,,,,,,,,,,,,,,,,,,,,,
harvest,2004622,null,null,,,79,,55,,,,,,96,0.818232234,0.822916667,,,,,,,,,,,,,,,,,,,,,,,,,,,,,,,,,,,,,,,,,
decision,2005338,714,65,,,79,,55,,,,,,,,,177272,4,1,FALSE,,,,,,,,,,,,,,,,,,,,,,,,,,,,,,,,,,,,,
dig,2006627,,,,,,[],55,,,,,,,,,,,,,,,,,,,,,,,,,,,,,,,,,,,,,,,,,,,,,,,,,
harvest,2008151,null,null,,,62,,55,,,,,,79,0.78940756,0.784810127,,,,,,,,,,,,,,,,,,,,,,,,,,,,,,,,,,,,,,,,,
decision,2008737,583,65,,,62,,55,,,,,,,,,180671,4,2,FALSE,,,,,,,,,,,,,,,,,,,,,,,,,,,,,,,,,,,,,
dig,2010158,,,,,,[],55,,,,,,,,,,,,,,,,,,,,,,,,,,,,,,,,,,,,,,,,,,,,,,,,,
harvest,2011663,null,null,,,50,,55,,,,,,62,0.805578347,0.806451613,,,,,,,,,,,,,,,,,,,,,,,,,,,,,,,,,,,,,,,,,
decision,2012289,624,65,,,50,,55,,,,,,,,,184224,4,3,FALSE,,,,,,,,,,,,,,,,,,,,,,,,,,,,,,,,,,,,,
dig,2013671,,,,,,[],55,,,,,,,,,,,,,,,,,,,,,,,,,,,,,,,,,,,,,,,,,,,,,,,,,
harvest,2015177,null,null,,,40,,55,,,,,,50,0.808125834,0.8,,,,,,,,,,,,,,,,,,,,,,,,,,,,,,,,,,,,,,,,,
decision,2015897,719,65,,,40,,55,,,,,,,,,187832,4,4,FALSE,,,,,,,,,,,,,,,,,,,,,,,,,,,,,,,,,,,,,
dig,2017186,,,,,,[],55,,,,,,,,,,,,,,,,,,,,,,,,,,,,,,,,,,,,,,,,,,,,,,,,,
harvest,2018689,null,null,,,33,,55,,,,,,40,0.834622343,0.825,,,,,,,,,,,,,,,,,,,,,,,,,,,,,,,,,,,,,,,,,
decision,2019246,556,65,,,33,,55,,,,,,,,,191181,4,5,FALSE,,,,,,,,,,,,,,,,,,,,,,,,,,,,,,,,,,,,,
dig,2020695,,,,,,[],55,,,,,,,,,,,,,,,,,,,,,,,,,,,,,,,,,,,,,,,,,,,,,,,,,
harvest,2022200,null,null,,,28,,55,,,,,,33,0.834009189,0.848484848,,,,,,,,,,,,,,,,,,,,,,,,,,,,,,,,,,,,,,,,,
decision,2022830,628,65,,,28,,55,,,,,,,,,194765,4,6,FALSE,,,,,,,,,,,,,,,,,,,,,,,,,,,,,,,,,,,,,
dig,2024209,,,,,,[],55,,,,,,,,,,,,,,,,,,,,,,,,,,,,,,,,,,,,,,,,,,,,,,,,,
harvest,2025713,null,null,,,23,,55,,,,,,28,0.817513683,0.821428571,,,,,,,,,,,,,,,,,,,,,,,,,,,,,,,,,,,,,,,,,
decision,2026452,737,65,,,23,,55,,,,,,,,,198386,4,7,FALSE,,,,,,,,,,,,,,,,,,,,,,,,,,,,,,,,,,,,,
dig,2027722,,,,,,[],55,,,,,,,,,,,,,,,,,,,,,,,,,,,,,,,,,,,,,,,,,,,,,,,,,
harvest,2029228,null,null,,,20,,55,,,,,,23,0.868159697,0.869565217,,,,,,,,,,,,,,,,,,,,,,,,,,,,,,,,,,,,,,,,,
decision,2030043,813,65,,,20,,55,,,,,,,,,201977,4,8,FALSE,,,,,,,,,,,,,,,,,,,,,,,,,,,,,,,,,,,,,
dig,2031233,,,,,,[],55,,,,,,,,,,,,,,,,,,,,,,,,,,,,,,,,,,,,,,,,,,,,,,,,,
harvest,2032738,null,null,,,15,,55,,,,,,20,0.741789799,0.75,,,,,,,,,,,,,,,,,,,,,,,,,,,,,,,,,,,,,,,,,
decision,2033307,566,65,,,15,,55,,,,,,,,,205242,4,9,FALSE,,,,,,,,,,,,,,,,,,,,,,,,,,,,,,,,,,,,,
dig,2034785,,,,,,[],55,,,,,,,,,,,,,,,,,,,,,,,,,,,,,,,,,,,,,,,,,,,,,,,,,
harvest,2036287,null,null,,,12,,55,,,,,,15,0.828444145,0.8,,,,,,,,,,,,,,,,,,,,,,,,,,,,,,,,,,,,,,,,,
decision,2037020,731,65,,,12,,55,,,,,,,,,208955,4,10,FALSE,,,,,,,,,,,,,,,,,,,,,,,,,,,,,,,,,,,,,
dig,2038297,,,,,,[],55,,,,,,,,,,,,,,,,,,,,,,,,,,,,,,,,,,,,,,,,,,,,,,,,,
harvest,2039825,null,null,,,10,,55,,,,,,12,0.803067631,0.833333333,,,,,,,,,,,,,,,,,,,,,,,,,,,,,,,,,,,,,,,,,
decision,2040574,734,65,,,10,,55,,,,,,,,,212509,4,11,FALSE,,,,,,,,,,,,,,,,,,,,,,,,,,,,,,,,,,,,,
dig,2041850,,,,,,[],55,,,,,,,,,,,,,,,,,,,,,,,,,,,,,,,,,,,,,,,,,,,,,,,,,
harvest,2043355,null,null,,,9,,55,,,,,,10,0.891049372,0.9,,,,,,,,,,,,,,,,,,,,,,,,,,,,,,,,,,,,,,,,,
decision,2043994,637,76,,,9,,55,,,,,,,,,215929,4,12,TRUE,,,,,,,,,,,,,,,,,,,,,,,,,,,,,,,,,,,,,
travel,2053361,,,,,,[],55,,,,,,,,,,,,,,,,,,,,,,,,,,,,,,,,,,,,,,,,,,,,,,,,,
alien_welcome,2058366,null,null,,,,,,,,,56,49,118,78,72,91,32,60,108,73,7,87,69,55,95,45,101,84,54,71,25,23,40,99,29,107,103,116,59,75,86,94,102,68,77,105,120,50,8,76,109,5,110,34,65,90
land,2058868,null,null,,,98,,56,,,,,,,,,,,,,,,,,,,,,,,,,,,,,,,,,,,,,,,,,,,,,,,,,
dig,2060871,,,,,,[],56,,,,,,,,,,,,,,,,,,,,,,,,,,,,,,,,,,,,,,,,,,,,,,,,,
harvest,2062372,null,null,,,75,,56,,,,,,98,0.766000315,0.765306122,,,,,,,,,,,,,,,,,,,,,,,,,,,,,,,,,,,,,,,,,
decision,2063220,845,65,,,75,,56,,,,,,,,,235154,4,0,FALSE,,,,,,,,,,,,,,,,,,,,,,,,,,,,,,,,,,,,,
dig,2064411,,,,,,[],56,,,,,,,,,,,,,,,,,,,,,,,,,,,,,,,,,,,,,,,,,,,,,,,,,
harvest,2065917,null,null,,,63,,56,,,,,,75,0.836403822,0.84,,,,,,,,,,,,,,,,,,,,,,,,,,,,,,,,,,,,,,,,,
decision,2066700,780,65,,,63,,56,,,,,,,,,238634,4,1,FALSE,,,,,,,,,,,,,,,,,,,,,,,,,,,,,,,,,,,,,
dig,2067922,,,,,,[],56,,,,,,,,,,,,,,,,,,,,,,,,,,,,,,,,,,,,,,,,,,,,,,,,,
harvest,2069427,null,null,,,46,,56,,,,,,63,0.725281208,0.73015873,,,,,,,,,,,,,,,,,,,,,,,,,,,,,,,,,,,,,,,,,
decision,2070264,835,65,,,46,,56,,,,,,,,,242198,4,2,FALSE,,,,,,,,,,,,,,,,,,,,,,,,,,,,,,,,,,,,,
dig,2071434,,,,,,[],56,,,,,,,,,,,,,,,,,,,,,,,,,,,,,,,,,,,,,,,,,,,,,,,,,
harvest,2072940,null,null,,,38,,56,,,,,,46,0.831336916,0.826086957,,,,,,,,,,,,,,,,,,,,,,,,,,,,,,,,,,,,,,,,,
decision,2073922,980,65,,,38,,56,,,,,,,,,245856,4,3,FALSE,,,,,,,,,,,,,,,,,,,,,,,,,,,,,,,,,,,,,
dig,2074950,,,,,,[],56,,,,,,,,,,,,,,,,,,,,,,,,,,,,,,,,,,,,,,,,,,,,,,,,,
harvest,2076454,null,null,,,31,,56,,,,,,38,0.803627348,0.815789474,,,,,,,,,,,,,,,,,,,,,,,,,,,,,,,,,,,,,,,,,
decision,2077195,739,76,,,31,,56,,,,,,,,,249129,4,4,TRUE,,,,,,,,,,,,,,,,,,,,,,,,,,,,,,,,,,,,,
travel,2086462,,,,,,[],56,,,,,,,,,,,,,,,,,,,,,,,,,,,,,,,,,,,,,,,,,,,,,,,,,
alien_welcome,2091468,null,null,,,,,,,,,88,49,118,78,72,91,32,60,108,73,7,87,69,55,95,45,101,84,54,71,25,23,40,99,29,107,103,116,59,75,86,94,102,68,77,105,120,50,8,76,109,5,110,34,65,90
land,2091971,null,null,,,97,,57,,,,,,,,,,,,,,,,,,,,,,,,,,,,,,,,,,,,,,,,,,,,,,,,,
dig,2093976,,,,,,[],57,,,,,,,,,,,,,,,,,,,,,,,,,,,,,,,,,,,,,,,,,,,,,,,,,
harvest,2095480,null,null,,,75,,57,,,,,,97,0.77469773,0.773195876,,,,,,,,,,,,,,,,,,,,,,,,,,,,,,,,,,,,,,,,,
decision,2096388,905,65,,,75,,57,,,,,,,,,268322,4,0,FALSE,,,,,,,,,,,,,,,,,,,,,,,,,,,,,,,,,,,,,
dig,2097491,,,,,,[],57,,,,,,,,,,,,,,,,,,,,,,,,,,,,,,,,,,,,,,,,,,,,,,,,,
harvest,2098994,null,null,,,59,,57,,,,,,75,0.788234667,0.786666667,,,,,,,,,,,,,,,,,,,,,,,,,,,,,,,,,,,,,,,,,
decision,2099706,710,65,,,59,,57,,,,,,,,,271641,4,1,FALSE,,,,,,,,,,,,,,,,,,,,,,,,,,,,,,,,,,,,,
dig,2101005,,,,,,[],57,,,,,,,,,,,,,,,,,,,,,,,,,,,,,,,,,,,,,,,,,,,,,,,,,
harvest,2102511,null,null,,,47,,57,,,,,,59,0.800965832,0.796610169,,,,,,,,,,,,,,,,,,,,,,,,,,,,,,,,,,,,,,,,,
decision,2103534,1021,65,,,47,,57,,,,,,,,,275468,4,2,FALSE,,,,,,,,,,,,,,,,,,,,,,,,,,,,,,,,,,,,,
dig,2104517,,,,,,[],57,,,,,,,,,,,,,,,,,,,,,,,,,,,,,,,,,,,,,,,,,,,,,,,,,
harvest,2106020,null,null,,,38,,57,,,,,,47,0.805045389,0.808510638,,,,,,,,,,,,,,,,,,,,,,,,,,,,,,,,,,,,,,,,,
decision,2106857,835,65,,,38,,57,,,,,,,,,278791,4,3,FALSE,,,,,,,,,,,,,,,,,,,,,,,,,,,,,,,,,,,,,
dig,2108029,,,,,,[],57,,,,,,,,,,,,,,,,,,,,,,,,,,,,,,,,,,,,,,,,,,,,,,,,,
harvest,2109530,null,null,,,32,,57,,,,,,38,0.854153534,0.842105263,,,,,,,,,,,,,,,,,,,,,,,,,,,,,,,,,,,,,,,,,
decision,2110425,893,76,,,32,,57,,,,,,,,,282359,4,4,TRUE,,,,,,,,,,,,,,,,,,,,,,,,,,,,,,,,,,,,,
travel,2119531,,,,,,[],57,,,,,,,,,,,,,,,,,,,,,,,,,,,,,,,,,,,,,,,,,,,,,,,,,
alien_welcome,2124536,null,null,,,,,,,,,41,49,118,78,72,91,32,60,108,73,7,87,69,55,95,45,101,84,54,71,25,23,40,99,29,107,103,116,59,75,86,94,102,68,77,105,120,50,8,76,109,5,110,34,65,90
land,2125039,null,null,,,96,,58,,,,,,,,,,,,,,,,,,,,,,,,,,,,,,,,,,,,,,,,,,,,,,,,,
dig,2127044,,,,,,[],58,,,,,,,,,,,,,,,,,,,,,,,,,,,,,,,,,,,,,,,,,,,,,,,,,
harvest,2128550,null,null,,,25,,58,,,,,,96,0.259463705,0.260416667,,,,,,,,,,,,,,,,,,,,,,,,,,,,,,,,,,,,,,,,,
decision,2129451,900,65,,,25,,58,,,,,,,,,301385,4,0,FALSE,,,,,,,,,,,,,,,,,,,,,,,,,,,,,,,,,,,,,
dig,2130555,,,,,,[],58,,,,,,,,,,,,,,,,,,,,,,,,,,,,,,,,,,,,,,,,,,,,,,,,,
harvest,2132057,null,null,,,5,,58,,,,,,25,0.190343588,0.2,,,,,,,,,,,,,,,,,,,,,,,,,,,,,,,,,,,,,,,,,
decision,2133334,1276,65,,,5,,58,,,,,,,,,305269,4,1,FALSE,,,,,,,,,,,,,,,,,,,,,,,,,,,,,,,,,,,,,
dig,2134063,,,,,,[],58,,,,,,,,,,,,,,,,,,,,,,,,,,,,,,,,,,,,,,,,,,,,,,,,,
harvest,2135569,null,null,,,1,,58,,,,,,5,0.217515217,0.2,,,,,,,,,,,,,,,,,,,,,,,,,,,,,,,,,,,,,,,,,
decision,2136171,600,76,,,1,,58,,,,,,,,,308105,4,2,TRUE,,,,,,,,,,,,,,,,,,,,,,,,,,,,,,,,,,,,,
travel,2145577,,,,,,[],58,,,,,,,,,,,,,,,,,,,,,,,,,,,,,,,,,,,,,,,,,,,,,,,,,
alien_welcome,2150578,null,null,,,,,,,,,27,49,118,78,72,91,32,60,108,73,7,87,69,55,95,45,101,84,54,71,25,23,40,99,29,107,103,116,59,75,86,94,102,68,77,105,120,50,8,76,109,5,110,34,65,90
land,2151084,null,null,,,89,,59,,,,,,,,,,,,,,,,,,,,,,,,,,,,,,,,,,,,,,,,,,,,,,,,,
dig,2153087,,,,,,[],59,,,,,,,,,,,,,,,,,,,,,,,,,,,,,,,,,,,,,,,,,,,,,,,,,
harvest,2154590,null,null,,,20,,59,,,,,,89,0.227337728,0.224719101,,,,,,,,,,,,,,,,,,,,,,,,,,,,,,,,,,,,,,,,,
decision,2155548,957,65,,,20,,59,,,,,,,,,327483,4,0,FALSE,,,,,,,,,,,,,,,,,,,,,,,,,,,,,,,,,,,,,
dig,2156595,,,,,,[],59,,,,,,,,,,,,,,,,,,,,,,,,,,,,,,,,,,,,,,,,,,,,,,,,,
harvest,2158096,null,null,,,5,,59,,,,,,20,0.249686796,0.25,,,,,,,,,,,,,,,,,,,,,,,,,,,,,,,,,,,,,,,,,
decision,2158685,587,76,,,5,,59,,,,,,,,,330619,4,1,TRUE,,,,,,,,,,,,,,,,,,,,,,,,,,,,,,,,,,,,,
travel,2168097,,,,,,[],59,,,,,,,,,,,,,,,,,,,,,,,,,,,,,,,,,,,,,,,,,,,,,,,,,
alien_welcome,2173108,null,null,,,,,,,,,14,49,118,78,72,91,32,60,108,73,7,87,69,55,95,45,101,84,54,71,25,23,40,99,29,107,103,116,59,75,86,94,102,68,77,105,120,50,8,76,109,5,110,34,65,90
land,2173613,null,null,,,104,,60,,,,,,,,,,,,,,,,,,,,,,,,,,,,,,,,,,,,,,,,,,,,,,,,,
dig,2175616,,,,,,[],60,,,,,,,,,,,,,,,,,,,,,,,,,,,,,,,,,,,,,,,,,,,,,,,,,
harvest,2177118,null,null,,,75,,60,,,,,,104,0.724837198,0.721153846,,,,,,,,,,,,,,,,,,,,,,,,,,,,,,,,,,,,,,,,,
decision,2177971,851,65,,,75,,60,,,,,,,,,349905,4,0,FALSE,,,,,,,,,,,,,,,,,,,,,,,,,,,,,,,,,,,,,
dig,2179130,,,,,,[],60,,,,,,,,,,,,,,,,,,,,,,,,,,,,,,,,,,,,,,,,,,,,,,,,,
harvest,2180634,null,null,,,60,,60,,,,,,75,0.799572383,0.8,,,,,,,,,,,,,,,,,,,,,,,,,,,,,,,,,,,,,,,,,
decision,2181736,1102,65,,,60,,60,,,,,,,,,353671,4,1,FALSE,,,,,,,,,,,,,,,,,,,,,,,,,,,,,,,,,,,,,
dig,2182643,,,,,,[],60,,,,,,,,,,,,,,,,,,,,,,,,,,,,,,,,,,,,,,,,,,,,,,,,,
harvest,2184150,null,null,,,50,,60,,,,,,60,0.839552687,0.833333333,,,,,,,,,,,,,,,,,,,,,,,,,,,,,,,,,,,,,,,,,
decision,2186122,1971,65,,,50,,60,,,,,,,,,358057,4,2,FALSE,,,,,,,,,,,,,,,,,,,,,,,,,,,,,,,,,,,,,
dig,2186156,,,,,,[],60,,,,,,,,,,,,,,,,,,,,,,,,,,,,,,,,,,,,,,,,,,,,,,,,,
harvest,2187663,null,null,,,40,,60,,,,,,50,0.803797635,0.8,,,,,,,,,,,,,,,,,,,,,,,,,,,,,,,,,,,,,,,,,
decision,2188816,1152,65,,,40,,60,,,,,,,,,360751,4,3,TRUE,,,,,,,,,,,,,,,,,,,,,,,,,,,,,,,,,,,,,
end_of_block,2197299,8476,32,,,,,,,,,,,,,,,,,,,,,,,,,,,,,,,,,,,,,,,,,,,,,,,,,,,,,,
alien_welcome,2202327,null,null,,,,,,,,,20,49,118,78,72,91,32,60,108,73,7,87,69,55,95,45,101,84,54,71,25,23,40,99,29,107,103,116,59,75,86,94,102,68,77,105,120,50,8,76,109,5,110,34,65,90
land,2202834,null,null,,,95,,61,,,,,,,,,,,,,,,,,,,,,,,,,,,,,,,,,,,,,,,,,,,,,,,,,
dig,2204839,,,,,,[],61,,,,,,,,,,,,,,,,,,,,,,,,,,,,,,,,,,,,,,,,,,,,,,,,,
harvest,2206360,null,null,,,49,,61,,,,,,95,0.513458526,0.515789474,,,,,,,,,,,,,,,,,,,,,,,,,,,,,,,,,,,,,,,,,
decision,2207093,732,65,,,49,,61,,,,,,,,,9791,5,0,FALSE,,,,,,,,,,,,,,,,,,,,,,,,,,,,,,,,,,,,,
dig,2208368,,,,,,[],61,,,,,,,,,,,,,,,,,,,,,,,,,,,,,,,,,,,,,,,,,,,,,,,,,
harvest,2209871,null,null,,,21,,61,,,,,,49,0.438392766,0.428571429,,,,,,,,,,,,,,,,,,,,,,,,,,,,,,,,,,,,,,,,,
decision,2210930,1055,65,,,21,,61,,,,,,,,,13627,5,1,FALSE,,,,,,,,,,,,,,,,,,,,,,,,,,,,,,,,,,,,,
dig,2211884,,,,,,[],61,,,,,,,,,,,,,,,,,,,,,,,,,,,,,,,,,,,,,,,,,,,,,,,,,
harvest,2213394,null,null,,,10,,61,,,,,,21,0.496020732,0.476190476,,,,,,,,,,,,,,,,,,,,,,,,,,,,,,,,,,,,,,,,,
decision,2213861,465,65,,,10,,61,,,,,,,,,16559,5,2,FALSE,,,,,,,,,,,,,,,,,,,,,,,,,,,,,,,,,,,,,
dig,2215404,,,,,,[],61,,,,,,,,,,,,,,,,,,,,,,,,,,,,,,,,,,,,,,,,,,,,,,,,,
harvest,2216906,null,null,,,5,,61,,,,,,10,0.544919518,0.5,,,,,,,,,,,,,,,,,,,,,,,,,,,,,,,,,,,,,,,,,
decision,2217191,284,76,,,5,,61,,,,,,,,,19889,5,3,TRUE,,,,,,,,,,,,,,,,,,,,,,,,,,,,,,,,,,,,,
travel,2226909,,,,,,[],61,,,,,,,,,,,,,,,,,,,,,,,,,,,,,,,,,,,,,,,,,,,,,,,,,
alien_welcome,2231913,null,null,,,,,,,,,96,49,118,78,72,91,32,60,108,73,7,87,69,55,95,45,101,84,54,71,25,23,40,99,29,107,103,116,59,75,86,94,102,68,77,105,120,50,8,76,109,5,110,34,65,90
land,2232441,null,null,,,101,,62,,,,,,,,,,,,,,,,,,,,,,,,,,,,,,,,,,,,,,,,,,,,,,,,,
dig,2234444,,,,,,[],62,,,,,,,,,,,,,,,,,,,,,,,,,,,,,,,,,,,,,,,,,,,,,,,,,
harvest,2235946,null,null,,,47,,62,,,,,,101,0.461582128,0.465346535,,,,,,,,,,,,,,,,,,,,,,,,,,,,,,,,,,,,,,,,,
decision,2236783,837,65,,,47,,62,,,,,,,,,39481,5,0,FALSE,,,,,,,,,,,,,,,,,,,,,,,,,,,,,,,,,,,,,
dig,2237956,,,,,,[],62,,,,,,,,,,,,,,,,,,,,,,,,,,,,,,,,,,,,,,,,,,,,,,,,,
harvest,2239462,null,null,,,25,,62,,,,,,47,0.528110171,0.531914894,,,,,,,,,,,,,,,,,,,,,,,,,,,,,,,,,,,,,,,,,
decision,2240187,723,76,,,25,,62,,,,,,,,,42885,5,1,TRUE,,,,,,,,,,,,,,,,,,,,,,,,,,,,,,,,,,,,,
travel,2249466,,,,,,[],62,,,,,,,,,,,,,,,,,,,,,,,,,,,,,,,,,,,,,,,,,,,,,,,,,
alien_welcome,2254471,null,null,,,,,,,,,3,49,118,78,72,91,32,60,108,73,7,87,69,55,95,45,101,84,54,71,25,23,40,99,29,107,103,116,59,75,86,94,102,68,77,105,120,50,8,76,109,5,110,34,65,90
land,2254974,null,null,,,98,,63,,,,,,,,,,,,,,,,,,,,,,,,,,,,,,,,,,,,,,,,,,,,,,,,,
dig,2257001,,,,,,[],63,,,,,,,,,,,,,,,,,,,,,,,,,,,,,,,,,,,,,,,,,,,,,,,,,
harvest,2258504,null,null,,,48,,63,,,,,,98,0.485379079,0.489795918,,,,,,,,,,,,,,,,,,,,,,,,,,,,,,,,,,,,,,,,,
decision,2259362,856,65,,,48,,63,,,,,,,,,62059,5,0,FALSE,,,,,,,,,,,,,,,,,,,,,,,,,,,,,,,,,,,,,
dig,2260513,,,,,,[],63,,,,,,,,,,,,,,,,,,,,,,,,,,,,,,,,,,,,,,,,,,,,,,,,,
harvest,2262019,null,null,,,30,,63,,,,,,48,0.634417179,0.625,,,,,,,,,,,,,,,,,,,,,,,,,,,,,,,,,,,,,,,,,
decision,2262651,631,65,,,30,,63,,,,,,,,,65349,5,1,FALSE,,,,,,,,,,,,,,,,,,,,,,,,,,,,,,,,,,,,,
dig,2264027,,,,,,[],63,,,,,,,,,,,,,,,,,,,,,,,,,,,,,,,,,,,,,,,,,,,,,,,,,
harvest,2265533,null,null,,,12,,63,,,,,,30,0.384944084,0.4,,,,,,,,,,,,,,,,,,,,,,,,,,,,,,,,,,,,,,,,,
decision,2266143,610,65,,,12,,63,,,,,,,,,68841,5,2,FALSE,,,,,,,,,,,,,,,,,,,,,,,,,,,,,,,,,,,,,
dig,2267539,,,,,,[],63,,,,,,,,,,,,,,,,,,,,,,,,,,,,,,,,,,,,,,,,,,,,,,,,,
harvest,2269044,null,null,,,6,,63,,,,,,12,0.468431861,0.5,,,,,,,,,,,,,,,,,,,,,,,,,,,,,,,,,,,,,,,,,
decision,2269608,562,76,,,6,,63,,,,,,,,,72306,5,3,TRUE,,,,,,,,,,,,,,,,,,,,,,,,,,,,,,,,,,,,,
travel,2279047,,,,,,[],63,,,,,,,,,,,,,,,,,,,,,,,,,,,,,,,,,,,,,,,,,,,,,,,,,
alien_welcome,2284055,null,null,,,,,,,,,46,49,118,78,72,91,32,60,108,73,7,87,69,55,95,45,101,84,54,71,25,23,40,99,29,107,103,116,59,75,86,94,102,68,77,105,120,50,8,76,109,5,110,34,65,90
land,2284561,null,null,,,98,,64,,,,,,,,,,,,,,,,,,,,,,,,,,,,,,,,,,,,,,,,,,,,,,,,,
dig,2286565,,,,,,[],64,,,,,,,,,,,,,,,,,,,,,,,,,,,,,,,,,,,,,,,,,,,,,,,,,
harvest,2288067,null,null,,,53,,64,,,,,,98,0.544576074,0.540816327,,,,,,,,,,,,,,,,,,,,,,,,,,,,,,,,,,,,,,,,,
decision,2288948,879,65,,,53,,64,,,,,,,,,91646,5,0,FALSE,,,,,,,,,,,,,,,,,,,,,,,,,,,,,,,,,,,,,
dig,2290079,,,,,,[],64,,,,,,,,,,,,,,,,,,,,,,,,,,,,,,,,,,,,,,,,,,,,,,,,,
harvest,2291585,null,null,,,27,,64,,,,,,53,0.512415992,0.509433962,,,,,,,,,,,,,,,,,,,,,,,,,,,,,,,,,,,,,,,,,
decision,2292468,881,65,,,27,,64,,,,,,,,,95165,5,1,FALSE,,,,,,,,,,,,,,,,,,,,,,,,,,,,,,,,,,,,,
dig,2293596,,,,,,[],64,,,,,,,,,,,,,,,,,,,,,,,,,,,,,,,,,,,,,,,,,,,,,,,,,
harvest,2295105,null,null,,,13,,64,,,,,,27,0.486161429,0.481481481,,,,,,,,,,,,,,,,,,,,,,,,,,,,,,,,,,,,,,,,,
decision,2295715,608,76,,,13,,64,,,,,,,,,98412,5,2,TRUE,,,,,,,,,,,,,,,,,,,,,,,,,,,,,,,,,,,,,
travel,2305111,,,,,,[],64,,,,,,,,,,,,,,,,,,,,,,,,,,,,,,,,,,,,,,,,,,,,,,,,,
alien_welcome,2310148,null,null,,,,,,,,,111,49,118,78,72,91,32,60,108,73,7,87,69,55,95,45,101,84,54,71,25,23,40,99,29,107,103,116,59,75,86,94,102,68,77,105,120,50,8,76,109,5,110,34,65,90
land,2310656,null,null,,,106,,65,,,,,,,,,,,,,,,,,,,,,,,,,,,,,,,,,,,,,,,,,,,,,,,,,
dig,2312659,,,,,,[],65,,,,,,,,,,,,,,,,,,,,,,,,,,,,,,,,,,,,,,,,,,,,,,,,,
harvest,2314166,null,null,,,59,,65,,,,,,106,0.555428792,0.556603774,,,,,,,,,,,,,,,,,,,,,,,,,,,,,,,,,,,,,,,,,
decision,2314336,168,65,,,59,,65,,,,,,,,,117033,5,0,FALSE,,,,,,,,,,,,,,,,,,,,,,,,,,,,,,,,,,,,,
dig,2316175,,,,,,[],65,,,,,,,,,,,,,,,,,,,,,,,,,,,,,,,,,,,,,,,,,,,,,,,,,
harvest,2317677,null,null,,,29,,65,,,,,,59,0.496638795,0.491525424,,,,,,,,,,,,,,,,,,,,,,,,,,,,,,,,,,,,,,,,,
decision,2318506,827,65,,,29,,65,,,,,,,,,121203,5,1,FALSE,,,,,,,,,,,,,,,,,,,,,,,,,,,,,,,,,,,,,
dig,2319688,,,,,,[],65,,,,,,,,,,,,,,,,,,,,,,,,,,,,,,,,,,,,,,,,,,,,,,,,,
harvest,2321194,null,null,,,16,,65,,,,,,29,0.538343425,0.551724138,,,,,,,,,,,,,,,,,,,,,,,,,,,,,,,,,,,,,,,,,
decision,2321676,479,76,,,16,,65,,,,,,,,,124373,5,2,TRUE,,,,,,,,,,,,,,,,,,,,,,,,,,,,,,,,,,,,,
travel,2331199,,,,,,[],65,,,,,,,,,,,,,,,,,,,,,,,,,,,,,,,,,,,,,,,,,,,,,,,,,
alien_welcome,2336205,null,null,,,,,,,,,43,49,118,78,72,91,32,60,108,73,7,87,69,55,95,45,101,84,54,71,25,23,40,99,29,107,103,116,59,75,86,94,102,68,77,105,120,50,8,76,109,5,110,34,65,90
land,2336706,null,null,,,109,,66,,,,,,,,,,,,,,,,,,,,,,,,,,,,,,,,,,,,,,,,,,,,,,,,,
dig,2338735,,,,,,[],66,,,,,,,,,,,,,,,,,,,,,,,,,,,,,,,,,,,,,,,,,,,,,,,,,
harvest,2340344,null,null,,,59,,66,,,,,,109,0.538946516,0.541284404,,,,,,,,,,,,,,,,,,,,,,,,,,,,,,,,,,,,,,,,,
decision,2341142,796,65,,,59,,66,,,,,,,,,143840,5,0,FALSE,,,,,,,,,,,,,,,,,,,,,,,,,,,,,,,,,,,,,
dig,2342354,,,,,,[],66,,,,,,,,,,,,,,,,,,,,,,,,,,,,,,,,,,,,,,,,,,,,,,,,,
harvest,2343862,null,null,,,28,,66,,,,,,59,0.46787142,0.474576271,,,,,,,,,,,,,,,,,,,,,,,,,,,,,,,,,,,,,,,,,
decision,2344461,597,65,,,28,,66,,,,,,,,,147160,5,1,FALSE,,,,,,,,,,,,,,,,,,,,,,,,,,,,,,,,,,,,,
dig,2345880,,,,,,[],66,,,,,,,,,,,,,,,,,,,,,,,,,,,,,,,,,,,,,,,,,,,,,,,,,
harvest,2347382,null,null,,,14,,66,,,,,,28,0.507467911,0.5,,,,,,,,,,,,,,,,,,,,,,,,,,,,,,,,,,,,,,,,,
decision,2348050,666,76,,,14,,66,,,,,,,,,150747,5,2,TRUE,,,,,,,,,,,,,,,,,,,,,,,,,,,,,,,,,,,,,
travel,2357392,,,,,,[],66,,,,,,,,,,,,,,,,,,,,,,,,,,,,,,,,,,,,,,,,,,,,,,,,,
alien_welcome,2362398,null,null,,,,,,,,,117,49,118,78,72,91,32,60,108,73,7,87,69,55,95,45,101,84,54,71,25,23,40,99,29,107,103,116,59,75,86,94,102,68,77,105,120,50,8,76,109,5,110,34,65,90
land,2362900,null,null,,,99,,67,,,,,,,,,,,,,,,,,,,,,,,,,,,,,,,,,,,,,,,,,,,,,,,,,
dig,2364935,,,,,,[],67,,,,,,,,,,,,,,,,,,,,,,,,,,,,,,,,,,,,,,,,,,,,,,,,,
harvest,2366451,null,null,,,48,,67,,,,,,99,0.488555448,0.484848485,,,,,,,,,,,,,,,,,,,,,,,,,,,,,,,,,,,,,,,,,
decision,2367283,830,65,,,48,,67,,,,,,,,,169981,5,0,FALSE,,,,,,,,,,,,,,,,,,,,,,,,,,,,,,,,,,,,,
dig,2368463,,,,,,[],67,,,,,,,,,,,,,,,,,,,,,,,,,,,,,,,,,,,,,,,,,,,,,,,,,
harvest,2369965,null,null,,,23,,67,,,,,,48,0.479191275,0.479166667,,,,,,,,,,,,,,,,,,,,,,,,,,,,,,,,,,,,,,,,,
decision,2371691,1724,65,,,23,,67,,,,,,,,,174388,5,1,FALSE,,,,,,,,,,,,,,,,,,,,,,,,,,,,,,,,,,,,,
dig,2371985,,,,,,[],67,,,,,,,,,,,,,,,,,,,,,,,,,,,,,,,,,,,,,,,,,,,,,,,,,
harvest,2373492,null,null,,,12,,67,,,,,,23,0.514338665,0.52173913,,,,,,,,,,,,,,,,,,,,,,,,,,,,,,,,,,,,,,,,,
decision,2374083,589,76,,,12,,67,,,,,,,,,176780,5,2,TRUE,,,,,,,,,,,,,,,,,,,,,,,,,,,,,,,,,,,,,
travel,2383497,,,,,,[],67,,,,,,,,,,,,,,,,,,,,,,,,,,,,,,,,,,,,,,,,,,,,,,,,,
alien_welcome,2388498,null,null,,,,,,,,,13,49,118,78,72,91,32,60,108,73,7,87,69,55,95,45,101,84,54,71,25,23,40,99,29,107,103,116,59,75,86,94,102,68,77,105,120,50,8,76,109,5,110,34,65,90
land,2389003,null,null,,,105,,68,,,,,,,,,,,,,,,,,,,,,,,,,,,,,,,,,,,,,,,,,,,,,,,,,
dig,2391007,,,,,,[],68,,,,,,,,,,,,,,,,,,,,,,,,,,,,,,,,,,,,,,,,,,,,,,,,,
harvest,2392512,null,null,,,56,,68,,,,,,105,0.535864198,0.533333333,,,,,,,,,,,,,,,,,,,,,,,,,,,,,,,,,,,,,,,,,
decision,2393149,634,65,,,56,,68,,,,,,,,,195847,5,0,FALSE,,,,,,,,,,,,,,,,,,,,,,,,,,,,,,,,,,,,,
dig,2394523,,,,,,[],68,,,,,,,,,,,,,,,,,,,,,,,,,,,,,,,,,,,,,,,,,,,,,,,,,
harvest,2396025,null,null,,,34,,68,,,,,,56,0.598928809,0.607142857,,,,,,,,,,,,,,,,,,,,,,,,,,,,,,,,,,,,,,,,,
decision,2396601,575,65,,,34,,68,,,,,,,,,199298,5,1,FALSE,,,,,,,,,,,,,,,,,,,,,,,,,,,,,,,,,,,,,
dig,2398034,,,,,,[],68,,,,,,,,,,,,,,,,,,,,,,,,,,,,,,,,,,,,,,,,,,,,,,,,,
harvest,2399540,null,null,,,15,,68,,,,,,34,0.454293929,0.441176471,,,,,,,,,,,,,,,,,,,,,,,,,,,,,,,,,,,,,,,,,
decision,2400136,594,76,,,15,,68,,,,,,,,,202834,5,2,TRUE,,,,,,,,,,,,,,,,,,,,,,,,,,,,,,,,,,,,,
travel,2409551,,,,,,[],68,,,,,,,,,,,,,,,,,,,,,,,,,,,,,,,,,,,,,,,,,,,,,,,,,
alien_welcome,2414553,null,null,,,,,,,,,11,49,118,78,72,91,32,60,108,73,7,87,69,55,95,45,101,84,54,71,25,23,40,99,29,107,103,116,59,75,86,94,102,68,77,105,120,50,8,76,109,5,110,34,65,90
land,2415063,null,null,,,102,,69,,,,,,,,,,,,,,,,,,,,,,,,,,,,,,,,,,,,,,,,,,,,,,,,,
dig,2417067,,,,,,[],69,,,,,,,,,,,,,,,,,,,,,,,,,,,,,,,,,,,,,,,,,,,,,,,,,
harvest,2418572,null,null,,,50,,69,,,,,,102,0.487110273,0.490196078,,,,,,,,,,,,,,,,,,,,,,,,,,,,,,,,,,,,,,,,,
decision,2419335,762,65,,,50,,69,,,,,,,,,222032,5,0,FALSE,,,,,,,,,,,,,,,,,,,,,,,,,,,,,,,,,,,,,
dig,2420579,,,,,,[],69,,,,,,,,,,,,,,,,,,,,,,,,,,,,,,,,,,,,,,,,,,,,,,,,,
harvest,2422082,null,null,,,23,,69,,,,,,50,0.456205696,0.46,,,,,,,,,,,,,,,,,,,,,,,,,,,,,,,,,,,,,,,,,
decision,2422816,732,65,,,23,,69,,,,,,,,,225514,5,1,FALSE,,,,,,,,,,,,,,,,,,,,,,,,,,,,,,,,,,,,,
dig,2424091,,,,,,[],69,,,,,,,,,,,,,,,,,,,,,,,,,,,,,,,,,,,,,,,,,,,,,,,,,
harvest,2425658,null,null,,,11,,69,,,,,,23,0.465243824,0.47826087,,,,,,,,,,,,,,,,,,,,,,,,,,,,,,,,,,,,,,,,,
decision,2425963,303,76,,,11,,69,,,,,,,,,228661,5,2,TRUE,,,,,,,,,,,,,,,,,,,,,,,,,,,,,,,,,,,,,
travel,2435665,,,,,,[],69,,,,,,,,,,,,,,,,,,,,,,,,,,,,,,,,,,,,,,,,,,,,,,,,,
alien_welcome,2440669,null,null,,,,,,,,,42,49,118,78,72,91,32,60,108,73,7,87,69,55,95,45,101,84,54,71,25,23,40,99,29,107,103,116,59,75,86,94,102,68,77,105,120,50,8,76,109,5,110,34,65,90
land,2441183,null,null,,,97,,70,,,,,,,,,,,,,,,,,,,,,,,,,,,,,,,,,,,,,,,,,,,,,,,,,
dig,2443187,,,,,,[],70,,,,,,,,,,,,,,,,,,,,,,,,,,,,,,,,,,,,,,,,,,,,,,,,,
harvest,2444689,null,null,,,46,,70,,,,,,97,0.477862678,0.474226804,,,,,,,,,,,,,,,,,,,,,,,,,,,,,,,,,,,,,,,,,
decision,2445463,772,65,,,46,,70,,,,,,,,,248160,5,0,FALSE,,,,,,,,,,,,,,,,,,,,,,,,,,,,,,,,,,,,,
dig,2446701,,,,,,[],70,,,,,,,,,,,,,,,,,,,,,,,,,,,,,,,,,,,,,,,,,,,,,,,,,
harvest,2448209,null,null,,,20,,70,,,,,,46,0.440899522,0.434782609,,,,,,,,,,,,,,,,,,,,,,,,,,,,,,,,,,,,,,,,,
decision,2448812,600,76,,,20,,70,,,,,,,,,251510,5,1,TRUE,,,,,,,,,,,,,,,,,,,,,,,,,,,,,,,,,,,,,
travel,2458221,,,,,,[],70,,,,,,,,,,,,,,,,,,,,,,,,,,,,,,,,,,,,,,,,,,,,,,,,,
alien_welcome,2463227,null,null,,,,,,,,,26,49,118,78,72,91,32,60,108,73,7,87,69,55,95,45,101,84,54,71,25,23,40,99,29,107,103,116,59,75,86,94,102,68,77,105,120,50,8,76,109,5,110,34,65,90
land,2463729,null,null,,,99,,71,,,,,,,,,,,,,,,,,,,,,,,,,,,,,,,,,,,,,,,,,,,,,,,,,
dig,2465734,,,,,,[],71,,,,,,,,,,,,,,,,,,,,,,,,,,,,,,,,,,,,,,,,,,,,,,,,,
harvest,2467241,null,null,,,49,,71,,,,,,99,0.496536024,0.494949495,,,,,,,,,,,,,,,,,,,,,,,,,,,,,,,,,,,,,,,,,
decision,2467857,614,65,,,49,,71,,,,,,,,,270555,5,0,FALSE,,,,,,,,,,,,,,,,,,,,,,,,,,,,,,,,,,,,,
dig,2469255,,,,,,[],71,,,,,,,,,,,,,,,,,,,,,,,,,,,,,,,,,,,,,,,,,,,,,,,,,
harvest,2470760,null,null,,,26,,71,,,,,,49,0.525185874,0.530612245,,,,,,,,,,,,,,,,,,,,,,,,,,,,,,,,,,,,,,,,,
decision,2471576,814,76,,,26,,71,,,,,,,,,274274,5,1,TRUE,,,,,,,,,,,,,,,,,,,,,,,,,,,,,,,,,,,,,
travel,2480766,,,,,,[],71,,,,,,,,,,,,,,,,,,,,,,,,,,,,,,,,,,,,,,,,,,,,,,,,,
alien_welcome,2485773,null,null,,,,,,,,,12,49,118,78,72,91,32,60,108,73,7,87,69,55,95,45,101,84,54,71,25,23,40,99,29,107,103,116,59,75,86,94,102,68,77,105,120,50,8,76,109,5,110,34,65,90
land,2486278,null,null,,,98,,72,,,,,,,,,,,,,,,,,,,,,,,,,,,,,,,,,,,,,,,,,,,,,,,,,
dig,2488283,,,,,,[],72,,,,,,,,,,,,,,,,,,,,,,,,,,,,,,,,,,,,,,,,,,,,,,,,,
harvest,2489790,null,null,,,50,,72,,,,,,98,0.514391905,0.510204082,,,,,,,,,,,,,,,,,,,,,,,,,,,,,,,,,,,,,,,,,
decision,2490473,681,65,,,50,,72,,,,,,,,,293170,5,0,FALSE,,,,,,,,,,,,,,,,,,,,,,,,,,,,,,,,,,,,,
dig,2491800,,,,,,[],72,,,,,,,,,,,,,,,,,,,,,,,,,,,,,,,,,,,,,,,,,,,,,,,,,
harvest,2493302,null,null,,,26,,72,,,,,,50,0.515927424,0.52,,,,,,,,,,,,,,,,,,,,,,,,,,,,,,,,,,,,,,,,,
decision,2493875,571,65,,,26,,72,,,,,,,,,296573,5,1,FALSE,,,,,,,,,,,,,,,,,,,,,,,,,,,,,,,,,,,,,
dig,2495312,,,,,,[],72,,,,,,,,,,,,,,,,,,,,,,,,,,,,,,,,,,,,,,,,,,,,,,,,,
harvest,2496817,null,null,,,13,,72,,,,,,26,0.484724756,0.5,,,,,,,,,,,,,,,,,,,,,,,,,,,,,,,,,,,,,,,,,
decision,2497481,663,76,,,13,,72,,,,,,,,,300179,5,2,TRUE,,,,,,,,,,,,,,,,,,,,,,,,,,,,,,,,,,,,,
travel,2506915,,,,,,[],72,,,,,,,,,,,,,,,,,,,,,,,,,,,,,,,,,,,,,,,,,,,,,,,,,
alien_welcome,2511930,null,null,,,,,,,,,19,49,118,78,72,91,32,60,108,73,7,87,69,55,95,45,101,84,54,71,25,23,40,99,29,107,103,116,59,75,86,94,102,68,77,105,120,50,8,76,109,5,110,34,65,90
land,2512436,null,null,,,102,,73,,,,,,,,,,,,,,,,,,,,,,,,,,,,,,,,,,,,,,,,,,,,,,,,,
dig,2514439,,,,,,[],73,,,,,,,,,,,,,,,,,,,,,,,,,,,,,,,,,,,,,,,,,,,,,,,,,
harvest,2515945,null,null,,,43,,73,,,,,,102,0.426161865,0.421568627,,,,,,,,,,,,,,,,,,,,,,,,,,,,,,,,,,,,,,,,,
decision,2516719,772,65,,,43,,73,,,,,,,,,319416,5,0,FALSE,,,,,,,,,,,,,,,,,,,,,,,,,,,,,,,,,,,,,
dig,2517957,,,,,,[],73,,,,,,,,,,,,,,,,,,,,,,,,,,,,,,,,,,,,,,,,,,,,,,,,,
harvest,2519463,null,null,,,19,,73,,,,,,43,0.452608746,0.441860465,,,,,,,,,,,,,,,,,,,,,,,,,,,,,,,,,,,,,,,,,
decision,2520368,903,65,,,19,,73,,,,,,,,,323066,5,1,FALSE,,,,,,,,,,,,,,,,,,,,,,,,,,,,,,,,,,,,,
dig,2521475,,,,,,[],73,,,,,,,,,,,,,,,,,,,,,,,,,,,,,,,,,,,,,,,,,,,,,,,,,
harvest,2522978,null,null,,,9,,73,,,,,,19,0.489759553,0.473684211,,,,,,,,,,,,,,,,,,,,,,,,,,,,,,,,,,,,,,,,,
decision,2523535,555,76,,,9,,73,,,,,,,,,326234,5,2,TRUE,,,,,,,,,,,,,,,,,,,,,,,,,,,,,,,,,,,,,
travel,2532988,,,,,,[],73,,,,,,,,,,,,,,,,,,,,,,,,,,,,,,,,,,,,,,,,,,,,,,,,,
alien_welcome,2537994,null,null,,,,,,,,,93,49,118,78,72,91,32,60,108,73,7,87,69,55,95,45,101,84,54,71,25,23,40,99,29,107,103,116,59,75,86,94,102,68,77,105,120,50,8,76,109,5,110,34,65,90
land,2538500,null,null,,,97,,74,,,,,,,,,,,,,,,,,,,,,,,,,,,,,,,,,,,,,,,,,,,,,,,,,
dig,2540514,,,,,,[],74,,,,,,,,,,,,,,,,,,,,,,,,,,,,,,,,,,,,,,,,,,,,,,,,,
harvest,2542029,null,null,,,48,,74,,,,,,97,0.499425459,0.494845361,,,,,,,,,,,,,,,,,,,,,,,,,,,,,,,,,,,,,,,,,
decision,2542872,841,65,,,48,,74,,,,,,,,,345569,5,0,FALSE,,,,,,,,,,,,,,,,,,,,,,,,,,,,,,,,,,,,,
dig,2544039,,,,,,[],74,,,,,,,,,,,,,,,,,,,,,,,,,,,,,,,,,,,,,,,,,,,,,,,,,
harvest,2545546,null,null,,,21,,74,,,,,,48,0.4416362,0.4375,,,,,,,,,,,,,,,,,,,,,,,,,,,,,,,,,,,,,,,,,
decision,2547550,null,null,,,21,,74,,,,,,,,,350248,5,1,FALSE,,,,,,,,,,,,,,,,,,,,,,,,,,,,,,,,,,,,,
time_out,2549563,null,null,,,21,,,,,,,,,,,,,,,,,,,,,,,,,,,,,,,,,,,,,,,,,,,,,,,,,,,
decision,2549668,103,65,,,21,,74,,,,,,,,,352366,5,1,FALSE,,,,,,,,,,,,,,,,,,,,,,,,,,,,,,,,,,,,,
dig,2551575,,,,,,[],74,,,,,,,,,,,,,,,,,,,,,,,,,,,,,,,,,,,,,,,,,,,,,,,,,
harvest,2553125,null,null,,,10,,74,,,,,,21,0.478352955,0.476190476,,,,,,,,,,,,,,,,,,,,,,,,,,,,,,,,,,,,,,,,,
decision,2553252,125,76,,,10,,74,,,,,,,,,355949,5,2,TRUE,,,,,,,,,,,,,,,,,,,,,,,,,,,,,,,,,,,,,
travel,2563133,,,,,,[],74,,,,,,,,,,,,,,,,,,,,,,,,,,,,,,,,,,,,,,,,,,,,,,,,,
alien_welcome,2568143,null,null,,,,,,,,,51,49,118,78,72,91,32,60,108,73,7,87,69,55,95,45,101,84,54,71,25,23,40,99,29,107,103,116,59,75,86,94,102,68,77,105,120,50,8,76,109,5,110,34,65,90
land,2568650,null,null,,,102,,75,,,,,,,,,,,,,,,,,,,,,,,,,,,,,,,,,,,,,,,,,,,,,,,,,
dig,2570653,,,,,,[],75,,,,,,,,,,,,,,,,,,,,,,,,,,,,,,,,,,,,,,,,,,,,,,,,,
harvest,2572156,null,null,,,50,,75,,,,,,102,0.489062791,0.490196078,,,,,,,,,,,,,,,,,,,,,,,,,,,,,,,,,,,,,,,,,
decision,2572995,837,65,,,50,,75,,,,,,,,,375692,5,0,TRUE,,,,,,,,,,,,,,,,,,,,,,,,,,,,,,,,,,,,,
catch,2575273,2270,90,,,50,,,,,,,,,,,,,,,,,,,,,,,,,,,,,,,,,,,,,,,,,,,,,,,,,,,
debrief,2667921,92645,,,,,{planet_threshold:yes,planet_threshold_desc:107,dig_threshold:yes,dig_threshold_desc:102,surprise:yes,surprise_desc:Germs is Collected to Plants.,dynamic:no,dynamic_desc:,other:yes,other_desc:Like,feedback:Perfect to Game.},,,,,,,,,,,,,,,,,,,,,,,,,,,,,,,,,,,,,,,,
demo,2712618,44695,,,,,{age:60,gender:female},,,,,,,,,,,,,,,,,,,,,,,,,,,,,,,,,,,,,,,,,,,,,,,,,
end_of_exp,2749264,36643,32,,,,,,,,,,,,,,,,,,3,4,,,,,,,,,,,,,,,,,,,,,,,,,,,,,,,,,,,