SurveyId,AmazonIdentifier,AssignmentId,DurationInSeconds,StartTime,CompletionTime,ApprovalStatus,AmountPaid,AmountBonused,Estimated CloudResearch Fee,Actual Completion Code,,Gender,GenderConsistency,Feedback
437975,A39VDXGL1RVURU,3B2X28YI30ZQFERRDUX4F9YGDWM6B7,1626,1/12/2024 3:12:00 PM,1/12/2024 3:39:06 PM,Approved,5.00,0.00,1.640000,gfi93m!-tgrz6iqxj9,,Male,100.00 %,
437975,A10G0V9R0U5OR,3TOK3KHVJX2T28U5097IR7YBF837OT,1601,1/12/2024 3:50:44 PM,1/12/2024 4:17:25 PM,Approved,5.00,0.00,1.640000, gfi93m!-0hhaged1o4,,Male,100.00 %,
437975,A1F33PWODESS7J,3P529IW9K25YBG6E50P2NI7YIRYFL5,1142,1/12/2024 4:03:54 PM,1/12/2024 4:22:56 PM,Approved,5.00,0.00,1.640000,gfi93m!-o5tgacoy2q,,Male,100.00 %,
437975,A31A11R62ERUUG,39N5ACM9HI7F1RUZU6IHU3U7K359P6,1180,1/12/2024 4:04:33 PM,1/12/2024 4:24:13 PM,Approved,5.00,0.00,1.640000,gfi93m!-utywpsfs2a,,Female,100.00 %,
437975,A1WLUB8DQOBE11,3SKRO2GZ75BW1VUOD1YGJGQPSJJ1K0,1279,1/12/2024 4:34:40 PM,1/12/2024 4:55:59 PM,Approved,5.00,0.00,1.640000,gfi93m!-ufly68negg,,Female,100.00 %,
437975,A1HDD2B9I6D33I,3CFVK00FWP52SND347MYTCULPWTL6E,1171,1/12/2024 5:44:11 PM,1/12/2024 6:03:42 PM,Approved,5.00,0.00,1.640000,gfi93m!-y3xgi246hs,,Male,100.00 %,
437975,A36T8OHBP47092,3JAOYWH7VMOPA6F12EPADMLNFYFL95,1330,1/12/2024 5:54:40 PM,1/12/2024 6:16:50 PM,Pending,0.00,0.00,1.640000,gfi93m!-spsobosrkt,,Female,100.00 %,
437975,ATS3TTU08W4TW,3MHW492WW4X7DVAP5RVL5HP96VMVMV,2008,1/12/2024 5:53:18 PM,1/12/2024 6:26:46 PM,Approved,5.00,0.00,1.640000,gfi93m!-aborzw8jt9,,Male,100.00 %,
437975,A1PUYLIDAH0PDD,3R8YZBNQ9L2WNK7LFMZMGCTBUJTQ7C,1290,1/12/2024 8:26:35 PM,1/12/2024 8:48:05 PM,Approved,5.00,0.00,1.640000,gfi93m!-nmhmwp6ueg,,Female,100.00 %,
437975,A2199FQE7R6RF6,3IO1LGZLKDH7DGTKAIDUO78F574689,1328,1/12/2024 10:32:51 PM,1/12/2024 10:54:59 PM,Approved,5.00,0.00,1.640000,gfi93m!-5whcd1912q,,Male,100.00 %,
437975,A39I0RCEOJLFF5,31LVTDXBLBUVE6BNWVPW47LHL3KRLZ,1344,1/13/2024 2:53:05 AM,1/13/2024 3:15:29 AM,Approved,5.00,0.00,1.640000,gfi93m!-b2dxchyd7b,,Female,100.00 %,
437975,A13ZQSOMIZAN4Y,3HL8HNGX49L3AE55G3MCI9G3IR1F9G,1351,1/13/2024 5:47:56 AM,1/13/2024 6:10:27 AM,Approved,5.00,0.00,1.640000,gfi93m!-wwjeto5egv,,Female,100.00 %,
437975,A3A6AK4E156TVE,3C6FJU71TUD7UXA3J49R3QAX2QTYUM,1410,1/13/2024 7:03:47 AM,1/13/2024 7:27:17 AM,Approved,5.00,0.00,1.640000,gfi93m!-0ok491dewt,,Female,100.00 %,
437975,A1S3J79NABW3R7,39ZSFO5CACGHZ8F4X48OT3V9POAUJI,1567,1/13/2024 8:17:58 AM,1/13/2024 8:44:05 AM,Approved,5.00,0.00,1.640000,gfi93m!-wwykk0h71s,,Female,100.00 %,
437975,A2QGC1EH2LXZZG,3W92K5RLWY195OPJDSEZOFENLZA5VS,1224,1/13/2024 10:23:15 AM,1/13/2024 10:43:39 AM,Approved,5.00,0.00,1.640000,gfi93m!-avwkq6l7p7,,Male,100.00 %,
437975,ANMAPKRHPGWX1,3IXQG4FA2XIDXXTPB10GZJPI4ABB9V,1172,1/13/2024 1:34:10 PM,1/13/2024 1:53:42 PM,Pending,0.00,0.00,1.640000,gfi93m!-qgmk0gcuv6,,Female,100.00 %,
437975,A2W0PJEZDT6QPX,33JKGHPFYGEU5Q1G309UV0VWL0XNM0,2129,1/13/2024 2:28:53 PM,1/13/2024 3:04:22 PM,Approved,5.00,0.00,1.640000,gfi93m!-fdwuvjchmf,,Male,100.00 %,
437975,AKHKMEPXX1YZ9,39LOEL67OWP8GX62RGFWH4WVWJQ38V,1286,1/13/2024 4:54:18 PM,1/13/2024 5:15:44 PM,Pending,0.00,0.00,1.640000,gfi93m!-h21dwwmr6q,,Female,100.00 %,
437975,A13CD6VO243FE4,3KAKFY4PGYM153IF02RNUTQ9ZGX3I7,1727,1/13/2024 5:23:21 PM,1/13/2024 5:52:08 PM,Approved,5.00,0.00,1.640000,gfi93m!-bh9g54ly35,,Male,100.00 %,
437975,A3EBYZG2NFTOYF,323Q6SJS8M0WPKNOEFA4VQER2V0FHG,1470,1/13/2024 6:00:58 PM,1/13/2024 6:25:28 PM,Approved,5.00,0.00,1.640000,gfi93m!-op0plpfbe4,,,,
437975,A1D4I1QYL9713I,3KRVW3HTZR5RL3TLBWQGUU5287JSMB,1262,1/13/2024 6:21:14 PM,1/13/2024 6:42:16 PM,Approved,5.00,0.00,1.640000,gfi93m!-xrlnypv1oo,,Female,100.00 %,
437975,A2JAQ6TOY63NRB,38F71OA9GXGIHYOZ5CQHNVMNJQNFMV,2231,1/13/2024 10:34:04 PM,1/13/2024 11:11:15 PM,Approved,5.00,0.00,1.640000,gfi93m!-1tbvp9ukg9,,Female,100.00 %,
437975,A1Z748HOKCNJ8X,3MAOD8E57UU5Z20KH7B36HBUTMJXNX,1144,1/13/2024 10:55:03 PM,1/13/2024 11:14:07 PM,Approved,5.00,0.00,1.640000,gfi93m!-4pla613c10,,Female,100.00 %,
437975,A3NLJS5TGM8ZST,39ASUFLU61R15WN7O88KGUHLFZQEX7,1280,1/14/2024 1:21:22 AM,1/14/2024 1:42:42 AM,Approved,5.00,0.00,1.640000,gfi93m!-t6iusio18c,,Female,100.00 %,
437975,A2MRVC4DWEZRY2,37QW5D2ZRK6C0ERHHVGXPC48QE1S8M,1274,1/14/2024 3:45:44 PM,1/14/2024 4:06:58 PM,Approved,5.00,0.00,1.640000,gfi93m!-bmfc7ne4f9,,Female,100.00 %,
437975,A19L3KRSSCDEEH,3NXNZ5RS1EHQVLQZYKO0UH3NNDW979,1266,1/14/2024 7:21:26 PM,1/14/2024 7:42:32 PM,Approved,5.00,0.00,1.640000,gfi93m!-xm1ouo31s0,,Female,100.00 %,
437975,A2O7AHH32GWNIS,3VZLGYJEYPUZGRE3KVMX14I44JJZXD,1267,1/14/2024 11:50:23 PM,1/15/2024 12:11:30 AM,Approved,5.00,0.00,1.640000,gfi93m!-mpidhdgvpv,,Female,100.00 %,
437975,AW3QNBWHGXVQK,3SLE99ER0RXS3OB2FZUFC7RCMJWBZO,1219,1/15/2024 5:21:11 PM,1/15/2024 5:41:30 PM,Approved,5.00,0.00,1.640000,gfi93m!-ops3xg5ba1,,Female,100.00 %,
437975,A233TTEFFKGIVA,3RU7GD8VPSDX66QY3CI8BYZXCRTSPZ,,1/12/2024 4:04:07 PM,,Not Submitted,0.00,0.00,1.640000,,,Male,100.00 %,
437975,A17IK3XE2KIXV,3M23Y66PO6RPW08TOGJZ5Y8GHP3S6Z,,1/12/2024 5:18:25 PM,,Not Submitted,0.00,0.00,1.640000,,,Male,100.00 %,
437975,A2P4CJEG530T09,34S6N1K2ZZ3IPCXK0QD2Q3JBYNJLHF,,1/12/2024 11:30:27 PM,,Not Submitted,0.00,0.00,1.640000,,,Male,100.00 %,
437975,A2Z8UYG2TKYWK6,3HWRJOOET9MT9F18UY2XHM0TY44ESH,,1/13/2024 12:59:25 AM,,Not Submitted,0.00,0.00,1.640000,,,Female,100.00 %,
437975,A2HV6O1SBPI4IR,33NF62TLXNM3WCAS3Q4MNGMBNWJKJG,,1/13/2024 7:28:27 AM,,Not Submitted,0.00,0.00,1.640000,,,Female,100.00 %,
437975,A1EHBAQ0Z6KI32,3EA3QWIZ4MF64KG9FHXEC6U7TG0ITV,,1/13/2024 5:43:33 PM,,Not Submitted,0.00,0.00,1.640000,,,Male,100.00 %,
437975,AA3O90VZ6ER6C,3O6CYIULEHL35SF343R3ITPITYAWU2,,1/14/2024 11:31:44 PM,,Not Submitted,0.00,0.00,1.640000,,,Female,100.00 %,
