trial_type,time_elapsed,rt,key_press,condition,next_reward,responses,planet,curr_prac_trial,n_prac_rounds,button_pressed,alien,aliens,reward_received,decay_rate_actual,decay_rate_exp,time_in_block,block_num,prt,last_trial_on_planet,bonus,num_failures,question_order,,,,,,,,,,,,,,,,,,,,,,,,,,,,,,,,,,,,,,,,,,,,,,,,,,,,,,,,
fullscreen,5682,,,,,,,,,,,,,,,,,,,,,,,,,,,,,,,,,,,,,,,,,,,,,,,,,,,,,,,,,,,,,,,,,,,,,,,,,,,,,
instruc_welcome,8955,3246,32,5,,,,,,,,,,,,,,,,,,,,,,,,,,,,,,,,,,,,,,,,,,,,,,,,,,,,,,,,,,,,,,,,,,,,,,,,,,
instruc_goal,20189,11231,32,,,,,,,,,,,,,,,,,,,,,,,,,,,,,,,,,,,,,,,,,,,,,,,,,,,,,,,,,,,,,,,,,,,,,,,,,,,
instruc_dig,31850,11656,65,,100,,,,,,,,,,,,,,,,,,,,,,,,,,,,,,,,,,,,,,,,,,,,,,,,,,,,,,,,,,,,,,,,,,,,,,,,,
dig_instruc,33871,,,,,[],,,,,,,,,,,,,,,,,,,,,,,,,,,,,,,,,,,,,,,,,,,,,,,,,,,,,,,,,,,,,,,,,,,,,,,,
harvest_instruc,35373,null,null,,,,,,,,,,,,,,,,,,,,,,,,,,,,,,,,,,,,,,,,,,,,,,,,,,,,,,,,,,,,,,,,,,,,,,,,,,,
instruc_travel,47964,12587,76,,,,,,,,,,,,,,,,,,,,,,,,,,,,,,,,,,,,,,,,,,,,,,,,,,,,,,,,,,,,,,,,,,,,,,,,,,,
travel_prac,57974,,,,,[],0,,,,,,,,,,,,,,,,,,,,,,,,,,,,,,,,,,,,,,,,,,,,,,,,,,,,,,,,,,,,,,,,,,,,,,,
instruc_alien_greet,63612,5635,32,,,,,,,,,,,,,,,,,,,,,,,,,,,,,,,,,,,,,,,,,,,,,,,,,,,,,,,,,,,,,,,,,,,,,,,,,,,
time_out,66602,2986,32,,,,,,,,,,,,,,,,,,,,,,,,,,,,,,,,,,,,,,,,,,,,,,,,,,,,,,,,,,,,,,,,,,,,,,,,,,,
instruc_break,70023,3418,32,,,,,,,,,,,,,,,,,,,,,,,,,,,,,,,,,,,,,,,,,,,,,,,,,,,,,,,,,,,,,,,,,,,,,,,,,,,
quiz_prac,85791,15763,,,,{Q0:A,Q1:A,Q2:A},,,,,,,,,,,,,,,,,,,,,,,,,,,,,,,,,,,,,,,,,,,,,,,,,,,,,,,,,,,,,,,,,,,,,,
quiz_incorrect,90251,4451,,,,{Q0:C,Q1:B,Q2:B},,,,,,,,,,,,,,,,,,,,,,,,,,,,,,,,,,,,,,,,,,,,,,,,,,,,,,,,,,,,,,,,,,,,,,
instruc_goal,96723,6468,32,,,,,,,,,,,,,,,,,,,,,,,,,,,,,,,,,,,,,,,,,,,,,,,,,,,,,,,,,,,,,,,,,,,,,,,,,,,
instruc_dig,103559,6834,65,,100,,,,,,,,,,,,,,,,,,,,,,,,,,,,,,,,,,,,,,,,,,,,,,,,,,,,,,,,,,,,,,,,,,,,,,,,,
dig_instruc,105568,,,,,[],,,,,,,,,,,,,,,,,,,,,,,,,,,,,,,,,,,,,,,,,,,,,,,,,,,,,,,,,,,,,,,,,,,,,,,,
harvest_instruc,107073,null,null,,,,,,,,,,,,,,,,,,,,,,,,,,,,,,,,,,,,,,,,,,,,,,,,,,,,,,,,,,,,,,,,,,,,,,,,,,,
instruc_travel,114989,7916,76,,,,,,,,,,,,,,,,,,,,,,,,,,,,,,,,,,,,,,,,,,,,,,,,,,,,,,,,,,,,,,,,,,,,,,,,,,,
travel_prac,124995,,,,,[],0,,,,,,,,,,,,,,,,,,,,,,,,,,,,,,,,,,,,,,,,,,,,,,,,,,,,,,,,,,,,,,,,,,,,,,,
time_out,132772,7774,32,,,,,,,,,,,,,,,,,,,,,,,,,,,,,,,,,,,,,,,,,,,,,,,,,,,,,,,,,,,,,,,,,,,,,,,,,,,
instruc_break,137089,4314,32,,,,,,,,,,,,,,,,,,,,,,,,,,,,,,,,,,,,,,,,,,,,,,,,,,,,,,,,,,,,,,,,,,,,,,,,,,,
quiz_prac,184331,47237,,,,{Q0:B,Q1:B,Q2:A},,,,,,,,,,,,,,,,,,,,,,,,,,,,,,,,,,,,,,,,,,,,,,,,,,,,,,,,,,,,,,,,,,,,,,
quiz_incorrect,189362,5022,,,,{Q0:C,Q1:B,Q2:B},,,,,,,,,,,,,,,,,,,,,,,,,,,,,,,,,,,,,,,,,,,,,,,,,,,,,,,,,,,,,,,,,,,,,,
instruc_goal,191629,2262,32,,,,,,,,,,,,,,,,,,,,,,,,,,,,,,,,,,,,,,,,,,,,,,,,,,,,,,,,,,,,,,,,,,,,,,,,,,,
instruc_dig,194044,2412,65,,100,,,,,,,,,,,,,,,,,,,,,,,,,,,,,,,,,,,,,,,,,,,,,,,,,,,,,,,,,,,,,,,,,,,,,,,,,
dig_instruc,196053,,,,,[],,,,,,,,,,,,,,,,,,,,,,,,,,,,,,,,,,,,,,,,,,,,,,,,,,,,,,,,,,,,,,,,,,,,,,,,
harvest_instruc,197560,null,null,,,,,,,,,,,,,,,,,,,,,,,,,,,,,,,,,,,,,,,,,,,,,,,,,,,,,,,,,,,,,,,,,,,,,,,,,,,
instruc_travel,199508,1947,76,,,,,,,,,,,,,,,,,,,,,,,,,,,,,,,,,,,,,,,,,,,,,,,,,,,,,,,,,,,,,,,,,,,,,,,,,,,
travel_prac,209510,,,,,[],0,,,,,,,,,,,,,,,,,,,,,,,,,,,,,,,,,,,,,,,,,,,,,,,,,,,,,,,,,,,,,,,,,,,,,,,
time_out,214214,4702,32,,,,,,,,,,,,,,,,,,,,,,,,,,,,,,,,,,,,,,,,,,,,,,,,,,,,,,,,,,,,,,,,,,,,,,,,,,,
instruc_break,215421,1202,32,,,,,,,,,,,,,,,,,,,,,,,,,,,,,,,,,,,,,,,,,,,,,,,,,,,,,,,,,,,,,,,,,,,,,,,,,,,
quiz_prac,235199,19775,,,,{Q0:C,Q1:C,Q2:B},,,,,,,,,,,,,,,,,,,,,,,,,,,,,,,,,,,,,,,,,,,,,,,,,,,,,,,,,,,,,,,,,,,,,,
quiz_incorrect,236883,1675,,,,{Q0:C,Q1:B,Q2:B},,,,,,,,,,,,,,,,,,,,,,,,,,,,,,,,,,,,,,,,,,,,,,,,,,,,,,,,,,,,,,,,,,,,,,
instruc_goal,238833,1948,32,,,,,,,,,,,,,,,,,,,,,,,,,,,,,,,,,,,,,,,,,,,,,,,,,,,,,,,,,,,,,,,,,,,,,,,,,,,
instruc_dig,241476,2640,65,,100,,,,,,,,,,,,,,,,,,,,,,,,,,,,,,,,,,,,,,,,,,,,,,,,,,,,,,,,,,,,,,,,,,,,,,,,,
dig_instruc,243482,,,,,[],,,,,,,,,,,,,,,,,,,,,,,,,,,,,,,,,,,,,,,,,,,,,,,,,,,,,,,,,,,,,,,,,,,,,,,,
harvest_instruc,244986,null,null,,,,,,,,,,,,,,,,,,,,,,,,,,,,,,,,,,,,,,,,,,,,,,,,,,,,,,,,,,,,,,,,,,,,,,,,,,,
instruc_travel,246391,1403,76,,,,,,,,,,,,,,,,,,,,,,,,,,,,,,,,,,,,,,,,,,,,,,,,,,,,,,,,,,,,,,,,,,,,,,,,,,,
travel_prac,256394,,,,,[],0,,,,,,,,,,,,,,,,,,,,,,,,,,,,,,,,,,,,,,,,,,,,,,,,,,,,,,,,,,,,,,,,,,,,,,,
time_out,276448,20048,32,,,,,,,,,,,,,,,,,,,,,,,,,,,,,,,,,,,,,,,,,,,,,,,,,,,,,,,,,,,,,,,,,,,,,,,,,,,
instruc_break,288615,12161,32,,,,,,,,,,,,,,,,,,,,,,,,,,,,,,,,,,,,,,,,,,,,,,,,,,,,,,,,,,,,,,,,,,,,,,,,,,,
quiz_prac,313810,25189,,,,{Q0:B,Q1:C,Q2:A},,,,,,,,,,,,,,,,,,,,,,,,,,,,,,,,,,,,,,,,,,,,,,,,,,,,,,,,,,,,,,,,,,,,,,
quiz_incorrect,327287,13468,,,,{Q0:C,Q1:B,Q2:B},,,,,,,,,,,,,,,,,,,,,,,,,,,,,,,,,,,,,,,,,,,,,,,,,,,,,,,,,,,,,,,,,,,,,,
instruc_goal,329548,2258,32,,,,,,,,,,,,,,,,,,,,,,,,,,,,,,,,,,,,,,,,,,,,,,,,,,,,,,,,,,,,,,,,,,,,,,,,,,,
instruc_dig,333767,4217,65,,100,,,,,,,,,,,,,,,,,,,,,,,,,,,,,,,,,,,,,,,,,,,,,,,,,,,,,,,,,,,,,,,,,,,,,,,,,
dig_instruc,335774,,,,,[],,,,,,,,,,,,,,,,,,,,,,,,,,,,,,,,,,,,,,,,,,,,,,,,,,,,,,,,,,,,,,,,,,,,,,,,
harvest_instruc,337289,null,null,,,,,,,,,,,,,,,,,,,,,,,,,,,,,,,,,,,,,,,,,,,,,,,,,,,,,,,,,,,,,,,,,,,,,,,,,,,
instruc_travel,341948,4649,76,,,,,,,,,,,,,,,,,,,,,,,,,,,,,,,,,,,,,,,,,,,,,,,,,,,,,,,,,,,,,,,,,,,,,,,,,,,
travel_prac,351955,,,,,[],0,,,,,,,,,,,,,,,,,,,,,,,,,,,,,,,,,,,,,,,,,,,,,,,,,,,,,,,,,,,,,,,,,,,,,,,
time_out,357382,5421,32,,,,,,,,,,,,,,,,,,,,,,,,,,,,,,,,,,,,,,,,,,,,,,,,,,,,,,,,,,,,,,,,,,,,,,,,,,,
instruc_break,361144,3759,32,,,,,,,,,,,,,,,,,,,,,,,,,,,,,,,,,,,,,,,,,,,,,,,,,,,,,,,,,,,,,,,,,,,,,,,,,,,
quiz_prac,520941,159792,,,,{Q0:C,Q1:B,Q2:B},,,,,,,,,,,,,,,,,,,,,,,,,,,,,,,,,,,,,,,,,,,,,,,,,,,,,,,,,,,,,,,,,,,,,,
quiz_correct,526058,5111,,,,{Q0:C,Q1:B,Q2:B},,,,,,,,,,,,,,,,,,,,,,,,,,,,,,,,,,,,,,,,,,,,,,,,,,,,,,,,,,,,,,,,,,,,,,
instruc_prac_game,541090,15030,32,,,,,,,,,,,,,,,,,,,,,,,,,,,,,,,,,,,,,,,,,,,,,,,,,,,,,,,,,,,,,,,,,,,,,,,,,,,
alien_welcome_prac,546094,null,null,,,,,,,,,,,,,,,,,,,,,,,,,,,,,,,,,,,,,,,,,,,,,,,,,,,,,,,,,,,,,,,,,,,,,,,,,,,
land_prac,546597,null,null,,99,,0,,,,,,,,,,,,,,,,,,,,,,,,,,,,,,,,,,,,,,,,,,,,,,,,,,,,,,,,,,,,,,,,,,,,,,,
dig_prac,548613,,,,,[],,,,,,,,,,,,,,,,,,,,,,,,,,,,,,,,,,,,,,,,,,,,,,,,,,,,,,,,,,,,,,,,,,,,,,,,
harvest_prac,550119,null,null,,,,,,,,,,,,,,,,,,,,,,,,,,,,,,,,,,,,,,,,,,,,,,,,,,,,,,,,,,,,,,,,,,,,,,,,,,,
decision_prac,551670,1548,65,,,,,1,,,,,,,,,,,,,,,,,,,,,,,,,,,,,,,,,,,,,,,,,,,,,,,,,,,,,,,,,,,,,,,,,,,,,,
dig_prac,553679,,,,,[],,,,,,,,,,,,,,,,,,,,,,,,,,,,,,,,,,,,,,,,,,,,,,,,,,,,,,,,,,,,,,,,,,,,,,,,
harvest_prac,555188,null,null,,,,,,,,,,,,,,,,,,,,,,,,,,,,,,,,,,,,,,,,,,,,,,,,,,,,,,,,,,,,,,,,,,,,,,,,,,,
decision_prac,555248,57,76,,,,,2,,,,,,,,,,,,,,,,,,,,,,,,,,,,,,,,,,,,,,,,,,,,,,,,,,,,,,,,,,,,,,,,,,,,,,
travel,565188,,,,,[],0,,,,,,,,,,,,,,,,,,,,,,,,,,,,,,,,,,,,,,,,,,,,,,,,,,,,,,,,,,,,,,,,,,,,,,,
alien_welcome_prac,570207,null,null,,,,,,,,,,,,,,,,,,,,,,,,,,,,,,,,,,,,,,,,,,,,,,,,,,,,,,,,,,,,,,,,,,,,,,,,,,,
land_prac,570709,null,null,,102,,0,,,,,,,,,,,,,,,,,,,,,,,,,,,,,,,,,,,,,,,,,,,,,,,,,,,,,,,,,,,,,,,,,,,,,,,
dig_prac,572722,,,,,[],,,,,,,,,,,,,,,,,,,,,,,,,,,,,,,,,,,,,,,,,,,,,,,,,,,,,,,,,,,,,,,,,,,,,,,,
harvest_prac,574225,null,null,,,,,,,,,,,,,,,,,,,,,,,,,,,,,,,,,,,,,,,,,,,,,,,,,,,,,,,,,,,,,,,,,,,,,,,,,,,
decision_prac,576228,null,null,,,,,3,,,,,,,,,,,,,,,,,,,,,,,,,,,,,,,,,,,,,,,,,,,,,,,,,,,,,,,,,,,,,,,,,,,,,,
time_out,578230,null,null,,,,,,,,,,,,,,,,,,,,,,,,,,,,,,,,,,,,,,,,,,,,,,,,,,,,,,,,,,,,,,,,,,,,,,,,,,,
decision_prac,580235,null,null,,,,,4,,,,,,,,,,,,,,,,,,,,,,,,,,,,,,,,,,,,,,,,,,,,,,,,,,,,,,,,,,,,,,,,,,,,,,
time_out,582242,null,null,,,,,,,,,,,,,,,,,,,,,,,,,,,,,,,,,,,,,,,,,,,,,,,,,,,,,,,,,,,,,,,,,,,,,,,,,,,
decision_prac,584244,null,null,,,,,,1,,,,,,,,,,,,,,,,,,,,,,,,,,,,,,,,,,,,,,,,,,,,,,,,,,,,,,,,,,,,,,,,,,,,,
instruc_begin_exp,590213,5961,,,,,,,1,1,,,,,,,,,,,,,,,,,,,,,,,,,,,,,,,,,,,,,,,,,,,,,,,,,,,,,,,,,,,,,,,,,,,,
alien_welcome,595221,null,null,,,,,,,,70,9,49,64,52,22,11,23,85,65,89,118,16,98,109,43,99,66,76,17,101,105,53,8,60,108,47,46,87,56,120,91,103,51,111,,,,,,,,,,,,,,,,,,,,,,,,,,,,,,,,,
land,595726,null,null,,103.0566845,,1,,,,,,,,,,,,,,,,,,,,,,,,,,,,,,,,,,,,,,,,,,,,,,,,,,,,,,,,,,,,,,,,,,,,,,,
dig,597733,,,,,[],1,,,,,,,,,,,,,,,,,,,,,,,,,,,,,,,,,,,,,,,,,,,,,,,,,,,,,,,,,,,,,,,,,,,,,,,
harvest,599241,null,null,,32,,1,,,,,,103.0566845,0.308180472,0.310508728,,,,,,,,,,,,,,,,,,,,,,,,,,,,,,,,,,,,,,,,,,,,,,,,,,,,,,,,,,,,,,,
decision,599702,454,65,,32,,1,,,,,,,,,9488,1,0,FALSE,,,,,,,,,,,,,,,,,,,,,,,,,,,,,,,,,,,,,,,,,,,,,,,,,,,,,,,,,,,
dig,601255,,,,,[],1,,,,,,,,,,,,,,,,,,,,,,,,,,,,,,,,,,,,,,,,,,,,,,,,,,,,,,,,,,,,,,,,,,,,,,,
harvest,602759,null,null,,6,,1,,,,,,32,0.184141511,0.1875,,,,,,,,,,,,,,,,,,,,,,,,,,,,,,,,,,,,,,,,,,,,,,,,,,,,,,,,,,,,,,,
decision,604833,null,null,,6,,1,,,,,,,,,14618,1,1,FALSE,,,,,,,,,,,,,,,,,,,,,,,,,,,,,,,,,,,,,,,,,,,,,,,,,,,,,,,,,,,
time_out,606836,null,null,,6,,,,,,,,,,,,,,,,,,,,,,,,,,,,,,,,,,,,,,,,,,,,,,,,,,,,,,,,,,,,,,,,,,,,,,,,,
decision,608839,null,null,,6,,1,,,,,,,,,18624,1,1,FALSE,,,,,,,,,,,,,,,,,,,,,,,,,,,,,,,,,,,,,,,,,,,,,,,,,,,,,,,,,,,
time_out,610843,null,null,,6,,,,,,,,,,,,,,,,,,,,,,,,,,,,,,,,,,,,,,,,,,,,,,,,,,,,,,,,,,,,,,,,,,,,,,,,,
decision,611247,402,65,,6,,1,,,,,,,,,21032,1,1,FALSE,,,,,,,,,,,,,,,,,,,,,,,,,,,,,,,,,,,,,,,,,,,,,,,,,,,,,,,,,,,
dig,612850,,,,,[],1,,,,,,,,,,,,,,,,,,,,,,,,,,,,,,,,,,,,,,,,,,,,,,,,,,,,,,,,,,,,,,,,,,,,,,,
harvest,614354,null,null,,1,,1,,,,,,6,0.201485188,0.166666667,,,,,,,,,,,,,,,,,,,,,,,,,,,,,,,,,,,,,,,,,,,,,,,,,,,,,,,,,,,,,,,
decision,616361,null,null,,1,,1,,,,,,,,,26146,1,2,FALSE,,,,,,,,,,,,,,,,,,,,,,,,,,,,,,,,,,,,,,,,,,,,,,,,,,,,,,,,,,,
time_out,618368,null,null,,1,,,,,,,,,,,,,,,,,,,,,,,,,,,,,,,,,,,,,,,,,,,,,,,,,,,,,,,,,,,,,,,,,,,,,,,,,
decision,619818,1444,76,,1,,1,,,,,,,,,29603,1,2,TRUE,,,,,,,,,,,,,,,,,,,,,,,,,,,,,,,,,,,,,,,,,,,,,,,,,,,,,,,,,,,
travel,628378,,,,,[],1,,,,,,,,,,,,,,,,,,,,,,,,,,,,,,,,,,,,,,,,,,,,,,,,,,,,,,,,,,,,,,,,,,,,,,,
alien_welcome,633384,null,null,,,,,,,,29,9,49,64,52,22,11,23,85,65,89,118,16,98,109,43,99,66,76,17,101,105,53,8,60,108,47,46,87,56,120,91,103,51,111,,,,,,,,,,,,,,,,,,,,,,,,,,,,,,,,,
land,633886,null,null,,98.07177502,,2,,,,,,,,,,,,,,,,,,,,,,,,,,,,,,,,,,,,,,,,,,,,,,,,,,,,,,,,,,,,,,,,,,,,,,,
dig,635892,,,,,[],2,,,,,,,,,,,,,,,,,,,,,,,,,,,,,,,,,,,,,,,,,,,,,,,,,,,,,,,,,,,,,,,,,,,,,,,
harvest,637396,null,null,,12,,2,,,,,,98.07177502,0.117646284,0.122359364,,,,,,,,,,,,,,,,,,,,,,,,,,,,,,,,,,,,,,,,,,,,,,,,,,,,,,,,,,,,,,,
decision,637439,37,65,,12,,2,,,,,,,,,47225,1,0,FALSE,,,,,,,,,,,,,,,,,,,,,,,,,,,,,,,,,,,,,,,,,,,,,,,,,,,,,,,,,,,
dig,639409,,,,,[],2,,,,,,,,,,,,,,,,,,,,,,,,,,,,,,,,,,,,,,,,,,,,,,,,,,,,,,,,,,,,,,,,,,,,,,,
harvest,640911,null,null,,2,,2,,,,,,12,0.172236659,0.166666667,,,,,,,,,,,,,,,,,,,,,,,,,,,,,,,,,,,,,,,,,,,,,,,,,,,,,,,,,,,,,,,
decision,641184,267,65,,2,,2,,,,,,,,,50968,1,1,FALSE,,,,,,,,,,,,,,,,,,,,,,,,,,,,,,,,,,,,,,,,,,,,,,,,,,,,,,,,,,,
dig,642921,,,,,[],2,,,,,,,,,,,,,,,,,,,,,,,,,,,,,,,,,,,,,,,,,,,,,,,,,,,,,,,,,,,,,,,,,,,,,,,
harvest,644430,null,null,,1,,2,,,,,,2,0.29036036,0.5,,,,,,,,,,,,,,,,,,,,,,,,,,,,,,,,,,,,,,,,,,,,,,,,,,,,,,,,,,,,,,,
decision,644605,171,65,,1,,2,,,,,,,,,54390,1,2,FALSE,,,,,,,,,,,,,,,,,,,,,,,,,,,,,,,,,,,,,,,,,,,,,,,,,,,,,,,,,,,
dig,646442,,,,,[],2,,,,,,,,,,,,,,,,,,,,,,,,,,,,,,,,,,,,,,,,,,,,,,,,,,,,,,,,,,,,,,,,,,,,,,,
harvest,647950,null,null,,0,,2,,,,,,1,0.151526348,0,,,,,,,,,,,,,,,,,,,,,,,,,,,,,,,,,,,,,,,,,,,,,,,,,,,,,,,,,,,,,,,
decision,647978,26,76,,0,,2,,,,,,,,,57764,1,3,TRUE,,,,,,,,,,,,,,,,,,,,,,,,,,,,,,,,,,,,,,,,,,,,,,,,,,,,,,,,,,,
travel,657960,,,,,[],2,,,,,,,,,,,,,,,,,,,,,,,,,,,,,,,,,,,,,,,,,,,,,,,,,,,,,,,,,,,,,,,,,,,,,,,
alien_welcome,662966,null,null,,,,,,,,28,9,49,64,52,22,11,23,85,65,89,118,16,98,109,43,99,66,76,17,101,105,53,8,60,108,47,46,87,56,120,91,103,51,111,,,,,,,,,,,,,,,,,,,,,,,,,,,,,,,,,
land,663472,null,null,,102.2402937,,3,,,,,,,,,,,,,,,,,,,,,,,,,,,,,,,,,,,,,,,,,,,,,,,,,,,,,,,,,,,,,,,,,,,,,,,
dig,665481,,,,,[],3,,,,,,,,,,,,,,,,,,,,,,,,,,,,,,,,,,,,,,,,,,,,,,,,,,,,,,,,,,,,,,,,,,,,,,,
harvest,666985,null,null,,54,,3,,,,,,102.2402937,0.523612981,0.528167497,,,,,,,,,,,,,,,,,,,,,,,,,,,,,,,,,,,,,,,,,,,,,,,,,,,,,,,,,,,,,,,
decision,668986,null,null,,54,,3,,,,,,,,,78771,1,0,FALSE,,,,,,,,,,,,,,,,,,,,,,,,,,,,,,,,,,,,,,,,,,,,,,,,,,,,,,,,,,,
time_out,670993,null,null,,54,,,,,,,,,,,,,,,,,,,,,,,,,,,,,,,,,,,,,,,,,,,,,,,,,,,,,,,,,,,,,,,,,,,,,,,,,
decision,671061,66,65,,54,,3,,,,,,,,,80846,1,0,FALSE,,,,,,,,,,,,,,,,,,,,,,,,,,,,,,,,,,,,,,,,,,,,,,,,,,,,,,,,,,,
dig,673004,,,,,[],3,,,,,,,,,,,,,,,,,,,,,,,,,,,,,,,,,,,,,,,,,,,,,,,,,,,,,,,,,,,,,,,,,,,,,,,
harvest,674561,null,null,,30,,3,,,,,,54,0.54750805,0.555555556,,,,,,,,,,,,,,,,,,,,,,,,,,,,,,,,,,,,,,,,,,,,,,,,,,,,,,,,,,,,,,,
decision,674742,179,65,,30,,3,,,,,,,,,84526,1,1,FALSE,,,,,,,,,,,,,,,,,,,,,,,,,,,,,,,,,,,,,,,,,,,,,,,,,,,,,,,,,,,
dig,676605,,,,,[],3,,,,,,,,,,,,,,,,,,,,,,,,,,,,,,,,,,,,,,,,,,,,,,,,,,,,,,,,,,,,,,,,,,,,,,,
harvest,678109,null,null,,14,,3,,,,,,30,0.471338099,0.466666667,,,,,,,,,,,,,,,,,,,,,,,,,,,,,,,,,,,,,,,,,,,,,,,,,,,,,,,,,,,,,,,
decision,680114,null,null,,14,,3,,,,,,,,,89898,1,2,FALSE,,,,,,,,,,,,,,,,,,,,,,,,,,,,,,,,,,,,,,,,,,,,,,,,,,,,,,,,,,,
time_out,682123,null,null,,14,,,,,,,,,,,,,,,,,,,,,,,,,,,,,,,,,,,,,,,,,,,,,,,,,,,,,,,,,,,,,,,,,,,,,,,,,
decision,684911,null,null,,14,,3,,,,,,,,,94697,1,2,FALSE,,,,,,,,,,,,,,,,,,,,,,,,,,,,,,,,,,,,,,,,,,,,,,,,,,,,,,,,,,,
time_out,686917,null,null,,14,,,,,,,,,,,,,,,,,,,,,,,,,,,,,,,,,,,,,,,,,,,,,,,,,,,,,,,,,,,,,,,,,,,,,,,,,
decision,687077,155,65,,14,,3,,,,,,,,,96863,1,2,FALSE,,,,,,,,,,,,,,,,,,,,,,,,,,,,,,,,,,,,,,,,,,,,,,,,,,,,,,,,,,,
dig,688930,,,,,[],3,,,,,,,,,,,,,,,,,,,,,,,,,,,,,,,,,,,,,,,,,,,,,,,,,,,,,,,,,,,,,,,,,,,,,,,
harvest,690439,null,null,,7,,3,,,,,,14,0.523330148,0.5,,,,,,,,,,,,,,,,,,,,,,,,,,,,,,,,,,,,,,,,,,,,,,,,,,,,,,,,,,,,,,,
decision,690766,325,76,,7,,3,,,,,,,,,100551,1,3,TRUE,,,,,,,,,,,,,,,,,,,,,,,,,,,,,,,,,,,,,,,,,,,,,,,,,,,,,,,,,,,
travel,700452,,,,,[],3,,,,,,,,,,,,,,,,,,,,,,,,,,,,,,,,,,,,,,,,,,,,,,,,,,,,,,,,,,,,,,,,,,,,,,,
alien_welcome,705459,null,null,,,,,,,,67,9,49,64,52,22,11,23,85,65,89,118,16,98,109,43,99,66,76,17,101,105,53,8,60,108,47,46,87,56,120,91,103,51,111,,,,,,,,,,,,,,,,,,,,,,,,,,,,,,,,,
land,705962,null,null,,93.73041958,,4,,,,,,,,,,,,,,,,,,,,,,,,,,,,,,,,,,,,,,,,,,,,,,,,,,,,,,,,,,,,,,,,,,,,,,,
dig,707971,,,,,[],4,,,,,,,,,,,,,,,,,,,,,,,,,,,,,,,,,,,,,,,,,,,,,,,,,,,,,,,,,,,,,,,,,,,,,,,
harvest,709487,null,null,,46,,4,,,,,,93.73041958,0.493105731,0.490769168,,,,,,,,,,,,,,,,,,,,,,,,,,,,,,,,,,,,,,,,,,,,,,,,,,,,,,,,,,,,,,,
decision,709781,289,65,,46,,4,,,,,,,,,119566,1,0,FALSE,,,,,,,,,,,,,,,,,,,,,,,,,,,,,,,,,,,,,,,,,,,,,,,,,,,,,,,,,,,
dig,711506,,,,,[],4,,,,,,,,,,,,,,,,,,,,,,,,,,,,,,,,,,,,,,,,,,,,,,,,,,,,,,,,,,,,,,,,,,,,,,,
harvest,713008,null,null,,24,,4,,,,,,46,0.512592932,0.52173913,,,,,,,,,,,,,,,,,,,,,,,,,,,,,,,,,,,,,,,,,,,,,,,,,,,,,,,,,,,,,,,
decision,713326,316,65,,24,,4,,,,,,,,,123112,1,1,FALSE,,,,,,,,,,,,,,,,,,,,,,,,,,,,,,,,,,,,,,,,,,,,,,,,,,,,,,,,,,,
dig,715017,,,,,[],4,,,,,,,,,,,,,,,,,,,,,,,,,,,,,,,,,,,,,,,,,,,,,,,,,,,,,,,,,,,,,,,,,,,,,,,
harvest,716521,null,null,,11,,4,,,,,,24,0.469525782,0.458333333,,,,,,,,,,,,,,,,,,,,,,,,,,,,,,,,,,,,,,,,,,,,,,,,,,,,,,,,,,,,,,,
decision,716560,37,65,,11,,4,,,,,,,,,126346,1,2,FALSE,,,,,,,,,,,,,,,,,,,,,,,,,,,,,,,,,,,,,,,,,,,,,,,,,,,,,,,,,,,
dig,718529,,,,,[],4,,,,,,,,,,,,,,,,,,,,,,,,,,,,,,,,,,,,,,,,,,,,,,,,,,,,,,,,,,,,,,,,,,,,,,,
harvest,720034,null,null,,6,,4,,,,,,11,0.57459129,0.545454545,,,,,,,,,,,,,,,,,,,,,,,,,,,,,,,,,,,,,,,,,,,,,,,,,,,,,,,,,,,,,,,
decision,720064,26,65,,6,,4,,,,,,,,,129848,1,3,FALSE,,,,,,,,,,,,,,,,,,,,,,,,,,,,,,,,,,,,,,,,,,,,,,,,,,,,,,,,,,,
dig,722045,,,,,[],4,,,,,,,,,,,,,,,,,,,,,,,,,,,,,,,,,,,,,,,,,,,,,,,,,,,,,,,,,,,,,,,,,,,,,,,
harvest,723549,null,null,,2,,4,,,,,,6,0.392925583,0.333333333,,,,,,,,,,,,,,,,,,,,,,,,,,,,,,,,,,,,,,,,,,,,,,,,,,,,,,,,,,,,,,,
decision,723754,204,65,,2,,4,,,,,,,,,133539,1,4,FALSE,,,,,,,,,,,,,,,,,,,,,,,,,,,,,,,,,,,,,,,,,,,,,,,,,,,,,,,,,,,
dig,725558,,,,,[],4,,,,,,,,,,,,,,,,,,,,,,,,,,,,,,,,,,,,,,,,,,,,,,,,,,,,,,,,,,,,,,,,,,,,,,,
harvest,727063,null,null,,1,,4,,,,,,2,0.503571673,0.5,,,,,,,,,,,,,,,,,,,,,,,,,,,,,,,,,,,,,,,,,,,,,,,,,,,,,,,,,,,,,,,
decision,727300,234,65,,1,,4,,,,,,,,,137085,1,5,FALSE,,,,,,,,,,,,,,,,,,,,,,,,,,,,,,,,,,,,,,,,,,,,,,,,,,,,,,,,,,,
dig,729070,,,,,[],4,,,,,,,,,,,,,,,,,,,,,,,,,,,,,,,,,,,,,,,,,,,,,,,,,,,,,,,,,,,,,,,,,,,,,,,
harvest,730572,null,null,,1,,4,,,,,,1,0.503491268,1,,,,,,,,,,,,,,,,,,,,,,,,,,,,,,,,,,,,,,,,,,,,,,,,,,,,,,,,,,,,,,,
decision,730714,138,65,,1,,4,,,,,,,,,140499,1,6,FALSE,,,,,,,,,,,,,,,,,,,,,,,,,,,,,,,,,,,,,,,,,,,,,,,,,,,,,,,,,,,
dig,732585,,,,,[],4,,,,,,,,,,,,,,,,,,,,,,,,,,,,,,,,,,,,,,,,,,,,,,,,,,,,,,,,,,,,,,,,,,,,,,,
harvest,734088,null,null,,0,,4,,,,,,1,0.462300517,0,,,,,,,,,,,,,,,,,,,,,,,,,,,,,,,,,,,,,,,,,,,,,,,,,,,,,,,,,,,,,,,
decision,735416,1324,65,,0,,4,,,,,,,,,145201,1,7,FALSE,,,,,,,,,,,,,,,,,,,,,,,,,,,,,,,,,,,,,,,,,,,,,,,,,,,,,,,,,,,
dig,736103,,,,,[],4,,,,,,,,,,,,,,,,,,,,,,,,,,,,,,,,,,,,,,,,,,,,,,,,,,,,,,,,,,,,,,,,,,,,,,,
harvest,737638,null,null,,0,,4,,,,,,0,0.528415372,NaN,,,,,,,,,,,,,,,,,,,,,,,,,,,,,,,,,,,,,,,,,,,,,,,,,,,,,,,,,,,,,,,
decision,737738,98,65,,0,,4,,,,,,,,,147522,1,8,FALSE,,,,,,,,,,,,,,,,,,,,,,,,,,,,,,,,,,,,,,,,,,,,,,,,,,,,,,,,,,,
dig,739749,,,,,[],4,,,,,,,,,,,,,,,,,,,,,,,,,,,,,,,,,,,,,,,,,,,,,,,,,,,,,,,,,,,,,,,,,,,,,,,
harvest,741256,null,null,,0,,4,,,,,,0,0.426031871,NaN,,,,,,,,,,,,,,,,,,,,,,,,,,,,,,,,,,,,,,,,,,,,,,,,,,,,,,,,,,,,,,,
decision,741616,356,76,,0,,4,,,,,,,,,151400,1,9,TRUE,,,,,,,,,,,,,,,,,,,,,,,,,,,,,,,,,,,,,,,,,,,,,,,,,,,,,,,,,,,
travel,751274,,,,,[],4,,,,,,,,,,,,,,,,,,,,,,,,,,,,,,,,,,,,,,,,,,,,,,,,,,,,,,,,,,,,,,,,,,,,,,,
alien_welcome,756282,null,null,,,,,,,,7,9,49,64,52,22,11,23,85,65,89,118,16,98,109,43,99,66,76,17,101,105,53,8,60,108,47,46,87,56,120,91,103,51,111,,,,,,,,,,,,,,,,,,,,,,,,,,,,,,,,,
land,756788,null,null,,97.20540427,,5,,,,,,,,,,,,,,,,,,,,,,,,,,,,,,,,,,,,,,,,,,,,,,,,,,,,,,,,,,,,,,,,,,,,,,,
dig,759356,,,,,[],5,,,,,,,,,,,,,,,,,,,,,,,,,,,,,,,,,,,,,,,,,,,,,,,,,,,,,,,,,,,,,,,,,,,,,,,
harvest,760858,null,null,,47,,5,,,,,,97.20540427,0.486057012,0.483512212,,,,,,,,,,,,,,,,,,,,,,,,,,,,,,,,,,,,,,,,,,,,,,,,,,,,,,,,,,,,,,,
decision,760999,138,65,,47,,5,,,,,,,,,170784,1,0,FALSE,,,,,,,,,,,,,,,,,,,,,,,,,,,,,,,,,,,,,,,,,,,,,,,,,,,,,,,,,,,
dig,762868,,,,,[],5,,,,,,,,,,,,,,,,,,,,,,,,,,,,,,,,,,,,,,,,,,,,,,,,,,,,,,,,,,,,,,,,,,,,,,,
harvest,764390,null,null,,21,,5,,,,,,47,0.454883125,0.446808511,,,,,,,,,,,,,,,,,,,,,,,,,,,,,,,,,,,,,,,,,,,,,,,,,,,,,,,,,,,,,,,
decision,764473,81,65,,21,,5,,,,,,,,,174258,1,1,FALSE,,,,,,,,,,,,,,,,,,,,,,,,,,,,,,,,,,,,,,,,,,,,,,,,,,,,,,,,,,,
dig,766398,,,,,[],5,,,,,,,,,,,,,,,,,,,,,,,,,,,,,,,,,,,,,,,,,,,,,,,,,,,,,,,,,,,,,,,,,,,,,,,
harvest,767906,null,null,,13,,5,,,,,,21,0.623560365,0.619047619,,,,,,,,,,,,,,,,,,,,,,,,,,,,,,,,,,,,,,,,,,,,,,,,,,,,,,,,,,,,,,,
decision,768017,107,76,,13,,5,,,,,,,,,177802,1,2,TRUE,,,,,,,,,,,,,,,,,,,,,,,,,,,,,,,,,,,,,,,,,,,,,,,,,,,,,,,,,,,
travel,777914,,,,,[],5,,,,,,,,,,,,,,,,,,,,,,,,,,,,,,,,,,,,,,,,,,,,,,,,,,,,,,,,,,,,,,,,,,,,,,,
alien_welcome,782921,null,null,,,,,,,,33,9,49,64,52,22,11,23,85,65,89,118,16,98,109,43,99,66,76,17,101,105,53,8,60,108,47,46,87,56,120,91,103,51,111,,,,,,,,,,,,,,,,,,,,,,,,,,,,,,,,,
land,783427,null,null,,89.73677817,,6,,,,,,,,,,,,,,,,,,,,,,,,,,,,,,,,,,,,,,,,,,,,,,,,,,,,,,,,,,,,,,,,,,,,,,,
dig,785436,,,,,[],6,,,,,,,,,,,,,,,,,,,,,,,,,,,,,,,,,,,,,,,,,,,,,,,,,,,,,,,,,,,,,,,,,,,,,,,
harvest,786942,null,null,,68,,6,,,,,,89.73677817,0.762397307,0.757771801,,,,,,,,,,,,,,,,,,,,,,,,,,,,,,,,,,,,,,,,,,,,,,,,,,,,,,,,,,,,,,,
decision,787153,208,76,,68,,6,,,,,,,,,196937,1,0,TRUE,,,,,,,,,,,,,,,,,,,,,,,,,,,,,,,,,,,,,,,,,,,,,,,,,,,,,,,,,,,
travel,796987,,,,,[],6,,,,,,,,,,,,,,,,,,,,,,,,,,,,,,,,,,,,,,,,,,,,,,,,,,,,,,,,,,,,,,,,,,,,,,,
alien_welcome,801990,null,null,,,,,,,,12,9,49,64,52,22,11,23,85,65,89,118,16,98,109,43,99,66,76,17,101,105,53,8,60,108,47,46,87,56,120,91,103,51,111,,,,,,,,,,,,,,,,,,,,,,,,,,,,,,,,,
land,802499,null,null,,104.0498033,,7,,,,,,,,,,,,,,,,,,,,,,,,,,,,,,,,,,,,,,,,,,,,,,,,,,,,,,,,,,,,,,,,,,,,,,,
dig,804808,,,,,[],7,,,,,,,,,,,,,,,,,,,,,,,,,,,,,,,,,,,,,,,,,,,,,,,,,,,,,,,,,,,,,,,,,,,,,,,
harvest,806310,null,null,,91,,7,,,,,,104.0498033,0.869808114,0.874581182,,,,,,,,,,,,,,,,,,,,,,,,,,,,,,,,,,,,,,,,,,,,,,,,,,,,,,,,,,,,,,,
decision,806468,154,65,,91,,7,,,,,,,,,216252,1,0,FALSE,,,,,,,,,,,,,,,,,,,,,,,,,,,,,,,,,,,,,,,,,,,,,,,,,,,,,,,,,,,
dig,808320,,,,,[],7,,,,,,,,,,,,,,,,,,,,,,,,,,,,,,,,,,,,,,,,,,,,,,,,,,,,,,,,,,,,,,,,,,,,,,,
harvest,809822,null,null,,68,,7,,,,,,91,0.750379299,0.747252747,,,,,,,,,,,,,,,,,,,,,,,,,,,,,,,,,,,,,,,,,,,,,,,,,,,,,,,,,,,,,,,
decision,810021,196,76,,68,,7,,,,,,,,,219806,1,1,TRUE,,,,,,,,,,,,,,,,,,,,,,,,,,,,,,,,,,,,,,,,,,,,,,,,,,,,,,,,,,,
travel,819834,,,,,[],7,,,,,,,,,,,,,,,,,,,,,,,,,,,,,,,,,,,,,,,,,,,,,,,,,,,,,,,,,,,,,,,,,,,,,,,
alien_welcome,824846,null,null,,,,,,,,19,9,49,64,52,22,11,23,85,65,89,118,16,98,109,43,99,66,76,17,101,105,53,8,60,108,47,46,87,56,120,91,103,51,111,,,,,,,,,,,,,,,,,,,,,,,,,,,,,,,,,
land,825349,null,null,,100.1450465,,8,,,,,,,,,,,,,,,,,,,,,,,,,,,,,,,,,,,,,,,,,,,,,,,,,,,,,,,,,,,,,,,,,,,,,,,
dig,827357,,,,,[],8,,,,,,,,,,,,,,,,,,,,,,,,,,,,,,,,,,,,,,,,,,,,,,,,,,,,,,,,,,,,,,,,,,,,,,,
harvest,828873,null,null,,79,,8,,,,,,100.1450465,0.792292879,0.788855792,,,,,,,,,,,,,,,,,,,,,,,,,,,,,,,,,,,,,,,,,,,,,,,,,,,,,,,,,,,,,,,
decision,830935,null,null,,79,,8,,,,,,,,,240720,1,0,FALSE,,,,,,,,,,,,,,,,,,,,,,,,,,,,,,,,,,,,,,,,,,,,,,,,,,,,,,,,,,,
time_out,832940,null,null,,79,,,,,,,,,,,,,,,,,,,,,,,,,,,,,,,,,,,,,,,,,,,,,,,,,,,,,,,,,,,,,,,,,,,,,,,,,
decision,833194,252,76,,79,,8,,,,,,,,,242979,1,0,TRUE,,,,,,,,,,,,,,,,,,,,,,,,,,,,,,,,,,,,,,,,,,,,,,,,,,,,,,,,,,,
travel,842954,,,,,[],8,,,,,,,,,,,,,,,,,,,,,,,,,,,,,,,,,,,,,,,,,,,,,,,,,,,,,,,,,,,,,,,,,,,,,,,
alien_welcome,847964,null,null,,,,,,,,42,9,49,64,52,22,11,23,85,65,89,118,16,98,109,43,99,66,76,17,101,105,53,8,60,108,47,46,87,56,120,91,103,51,111,,,,,,,,,,,,,,,,,,,,,,,,,,,,,,,,,
land,848470,null,null,,101.9762013,,9,,,,,,,,,,,,,,,,,,,,,,,,,,,,,,,,,,,,,,,,,,,,,,,,,,,,,,,,,,,,,,,,,,,,,,,
dig,850482,,,,,[],9,,,,,,,,,,,,,,,,,,,,,,,,,,,,,,,,,,,,,,,,,,,,,,,,,,,,,,,,,,,,,,,,,,,,,,,
harvest,851986,null,null,,19,,9,,,,,,101.9762013,0.187072826,0.186317982,,,,,,,,,,,,,,,,,,,,,,,,,,,,,,,,,,,,,,,,,,,,,,,,,,,,,,,,,,,,,,,
decision,852106,119,65,,19,,9,,,,,,,,,261890,1,0,FALSE,,,,,,,,,,,,,,,,,,,,,,,,,,,,,,,,,,,,,,,,,,,,,,,,,,,,,,,,,,,
dig,853991,,,,,[],9,,,,,,,,,,,,,,,,,,,,,,,,,,,,,,,,,,,,,,,,,,,,,,,,,,,,,,,,,,,,,,,,,,,,,,,
harvest,855496,null,null,,3,,9,,,,,,19,0.182168621,0.157894737,,,,,,,,,,,,,,,,,,,,,,,,,,,,,,,,,,,,,,,,,,,,,,,,,,,,,,,,,,,,,,,
decision,855663,164,76,,3,,9,,,,,,,,,265448,1,1,TRUE,,,,,,,,,,,,,,,,,,,,,,,,,,,,,,,,,,,,,,,,,,,,,,,,,,,,,,,,,,,
travel,865499,,,,,[],9,,,,,,,,,,,,,,,,,,,,,,,,,,,,,,,,,,,,,,,,,,,,,,,,,,,,,,,,,,,,,,,,,,,,,,,
alien_welcome,870506,null,null,,,,,,,,45,9,49,64,52,22,11,23,85,65,89,118,16,98,109,43,99,66,76,17,101,105,53,8,60,108,47,46,87,56,120,91,103,51,111,,,,,,,,,,,,,,,,,,,,,,,,,,,,,,,,,
land,871010,null,null,,95.28916988,,10,,,,,,,,,,,,,,,,,,,,,,,,,,,,,,,,,,,,,,,,,,,,,,,,,,,,,,,,,,,,,,,,,,,,,,,
dig,873016,,,,,[],10,,,,,,,,,,,,,,,,,,,,,,,,,,,,,,,,,,,,,,,,,,,,,,,,,,,,,,,,,,,,,,,,,,,,,,,
harvest,874522,null,null,,13,,10,,,,,,95.28916988,0.136426608,0.136426837,,,,,,,,,,,,,,,,,,,,,,,,,,,,,,,,,,,,,,,,,,,,,,,,,,,,,,,,,,,,,,,
decision,874712,185,76,,13,,10,,,,,,,,,284496,1,0,TRUE,,,,,,,,,,,,,,,,,,,,,,,,,,,,,,,,,,,,,,,,,,,,,,,,,,,,,,,,,,,
travel,884590,,,,,[],10,,,,,,,,,,,,,,,,,,,,,,,,,,,,,,,,,,,,,,,,,,,,,,,,,,,,,,,,,,,,,,,,,,,,,,,
alien_welcome,889603,null,null,,,,,,,,102,9,49,64,52,22,11,23,85,65,89,118,16,98,109,43,99,66,76,17,101,105,53,8,60,108,47,46,87,56,120,91,103,51,111,,,,,,,,,,,,,,,,,,,,,,,,,,,,,,,,,
land,890109,null,null,,98.85315426,,11,,,,,,,,,,,,,,,,,,,,,,,,,,,,,,,,,,,,,,,,,,,,,,,,,,,,,,,,,,,,,,,,,,,,,,,
dig,892114,,,,,[],11,,,,,,,,,,,,,,,,,,,,,,,,,,,,,,,,,,,,,,,,,,,,,,,,,,,,,,,,,,,,,,,,,,,,,,,
harvest,893617,null,null,,19,,11,,,,,,98.85315426,0.187561357,0.192204287,,,,,,,,,,,,,,,,,,,,,,,,,,,,,,,,,,,,,,,,,,,,,,,,,,,,,,,,,,,,,,,
decision,893865,245,65,,19,,11,,,,,,,,,303650,1,0,FALSE,,,,,,,,,,,,,,,,,,,,,,,,,,,,,,,,,,,,,,,,,,,,,,,,,,,,,,,,,,,
dig,895630,,,,,[],11,,,,,,,,,,,,,,,,,,,,,,,,,,,,,,,,,,,,,,,,,,,,,,,,,,,,,,,,,,,,,,,,,,,,,,,
harvest,897133,null,null,,3,,11,,,,,,19,0.131975539,0.157894737,,,,,,,,,,,,,,,,,,,,,,,,,,,,,,,,,,,,,,,,,,,,,,,,,,,,,,,,,,,,,,,
decision,897494,358,76,,3,,11,,,,,,,,,307278,1,1,TRUE,,,,,,,,,,,,,,,,,,,,,,,,,,,,,,,,,,,,,,,,,,,,,,,,,,,,,,,,,,,
travel,907143,,,,,[],11,,,,,,,,,,,,,,,,,,,,,,,,,,,,,,,,,,,,,,,,,,,,,,,,,,,,,,,,,,,,,,,,,,,,,,,
alien_welcome,912150,null,null,,,,,,,,54,9,49,64,52,22,11,23,85,65,89,118,16,98,109,43,99,66,76,17,101,105,53,8,60,108,47,46,87,56,120,91,103,51,111,,,,,,,,,,,,,,,,,,,,,,,,,,,,,,,,,
land,912653,null,null,,101.0120272,,12,,,,,,,,,,,,,,,,,,,,,,,,,,,,,,,,,,,,,,,,,,,,,,,,,,,,,,,,,,,,,,,,,,,,,,,
dig,914658,,,,,[],12,,,,,,,,,,,,,,,,,,,,,,,,,,,,,,,,,,,,,,,,,,,,,,,,,,,,,,,,,,,,,,,,,,,,,,,
harvest,916163,null,null,,19,,12,,,,,,101.0120272,0.183673714,0.188096413,,,,,,,,,,,,,,,,,,,,,,,,,,,,,,,,,,,,,,,,,,,,,,,,,,,,,,,,,,,,,,,
decision,916593,428,76,,19,,12,,,,,,,,,326378,1,0,TRUE,,,,,,,,,,,,,,,,,,,,,,,,,,,,,,,,,,,,,,,,,,,,,,,,,,,,,,,,,,,
travel,926170,,,,,[],12,,,,,,,,,,,,,,,,,,,,,,,,,,,,,,,,,,,,,,,,,,,,,,,,,,,,,,,,,,,,,,,,,,,,,,,
alien_welcome,931173,null,null,,,,,,,,104,9,49,64,52,22,11,23,85,65,89,118,16,98,109,43,99,66,76,17,101,105,53,8,60,108,47,46,87,56,120,91,103,51,111,,,,,,,,,,,,,,,,,,,,,,,,,,,,,,,,,
land,931678,null,null,,107.0696001,,13,,,,,,,,,,,,,,,,,,,,,,,,,,,,,,,,,,,,,,,,,,,,,,,,,,,,,,,,,,,,,,,,,,,,,,,
dig,933687,,,,,[],13,,,,,,,,,,,,,,,,,,,,,,,,,,,,,,,,,,,,,,,,,,,,,,,,,,,,,,,,,,,,,,,,,,,,,,,
harvest,935206,null,null,,22,,13,,,,,,107.0696001,0.209938032,0.205473822,,,,,,,,,,,,,,,,,,,,,,,,,,,,,,,,,,,,,,,,,,,,,,,,,,,,,,,,,,,,,,,
decision,935346,137,76,,22,,13,,,,,,,,,345131,1,0,TRUE,,,,,,,,,,,,,,,,,,,,,,,,,,,,,,,,,,,,,,,,,,,,,,,,,,,,,,,,,,,
travel,945213,,,,,[],13,,,,,,,,,,,,,,,,,,,,,,,,,,,,,,,,,,,,,,,,,,,,,,,,,,,,,,,,,,,,,,,,,,,,,,,
alien_welcome,950219,null,null,,,,,,,,68,9,49,64,52,22,11,23,85,65,89,118,16,98,109,43,99,66,76,17,101,105,53,8,60,108,47,46,87,56,120,91,103,51,111,,,,,,,,,,,,,,,,,,,,,,,,,,,,,,,,,
land,950733,null,null,,98.14006803,,14,,,,,,,,,,,,,,,,,,,,,,,,,,,,,,,,,,,,,,,,,,,,,,,,,,,,,,,,,,,,,,,,,,,,,,,
dig,952751,,,,,[],14,,,,,,,,,,,,,,,,,,,,,,,,,,,,,,,,,,,,,,,,,,,,,,,,,,,,,,,,,,,,,,,,,,,,,,,
harvest,954254,null,null,,78,,14,,,,,,98.14006803,0.797595336,0.794782412,,,,,,,,,,,,,,,,,,,,,,,,,,,,,,,,,,,,,,,,,,,,,,,,,,,,,,,,,,,,,,,
decision,954391,134,65,,78,,14,,,,,,,,,364176,1,0,TRUE,,,,,,,,,,,,,,,,,,,,,,,,,,,,,,,,,,,,,,,,,,,,,,,,,,,,,,,,,,,
catch,959860,5460,90,,78,,,,,,,,,,,,,,,,,,,,,,,,,,,,,,,,,,,,,,,,,,,,,,,,,,,,,,,,,,,,,,,,,,,,,,,,,
end_of_block,977955,18088,32,,,,,,,,,,,,,,,,,,,,,,,,,,,,,,,,,,,,,,,,,,,,,,,,,,,,,,,,,,,,,,,,,,,,,,,,,,,
alien_welcome,983001,null,null,,,,,,,,119,9,49,64,52,22,11,23,85,65,89,118,16,98,109,43,99,66,76,17,101,105,53,8,60,108,47,46,87,56,120,91,103,51,111,,,,,,,,,,,,,,,,,,,,,,,,,,,,,,,,,
land,983504,null,null,,98.52315052,,15,,,,,,,,,,,,,,,,,,,,,,,,,,,,,,,,,,,,,,,,,,,,,,,,,,,,,,,,,,,,,,,,,,,,,,,
dig,985515,,,,,[],15,,,,,,,,,,,,,,,,,,,,,,,,,,,,,,,,,,,,,,,,,,,,,,,,,,,,,,,,,,,,,,,,,,,,,,,
harvest,987019,null,null,,14,,15,,,,,,98.52315052,0.141351293,0.142098582,,,,,,,,,,,,,,,,,,,,,,,,,,,,,,,,,,,,,,,,,,,,,,,,,,,,,,,,,,,,,,,
decision,987194,171,76,,14,,15,,,,,,,,,9228,2,0,TRUE,,,,,,,,,,,,,,,,,,,,,,,,,,,,,,,,,,,,,,,,,,,,,,,,,,,,,,,,,,,
travel,997033,,,,,[],15,,,,,,,,,,,,,,,,,,,,,,,,,,,,,,,,,,,,,,,,,,,,,,,,,,,,,,,,,,,,,,,,,,,,,,,
alien_welcome,1002038,null,null,,,,,,,,77,9,49,64,52,22,11,23,85,65,89,118,16,98,109,43,99,66,76,17,101,105,53,8,60,108,47,46,87,56,120,91,103,51,111,,,,,,,,,,,,,,,,,,,,,,,,,,,,,,,,,
land,1002551,null,null,,99.1821214,,16,,,,,,,,,,,,,,,,,,,,,,,,,,,,,,,,,,,,,,,,,,,,,,,,,,,,,,,,,,,,,,,,,,,,,,,
dig,1004568,,,,,[],16,,,,,,,,,,,,,,,,,,,,,,,,,,,,,,,,,,,,,,,,,,,,,,,,,,,,,,,,,,,,,,,,,,,,,,,
harvest,1006076,null,null,,31,,16,,,,,,99.1821214,0.313410986,0.312556331,,,,,,,,,,,,,,,,,,,,,,,,,,,,,,,,,,,,,,,,,,,,,,,,,,,,,,,,,,,,,,,
decision,1006239,161,76,,31,,16,,,,,,,,,28274,2,0,TRUE,,,,,,,,,,,,,,,,,,,,,,,,,,,,,,,,,,,,,,,,,,,,,,,,,,,,,,,,,,,
travel,1016087,,,,,[],16,,,,,,,,,,,,,,,,,,,,,,,,,,,,,,,,,,,,,,,,,,,,,,,,,,,,,,,,,,,,,,,,,,,,,,,
alien_welcome,1021096,null,null,,,,,,,,10,9,49,64,52,22,11,23,85,65,89,118,16,98,109,43,99,66,76,17,101,105,53,8,60,108,47,46,87,56,120,91,103,51,111,,,,,,,,,,,,,,,,,,,,,,,,,,,,,,,,,
land,1021606,null,null,,99.09184466,,17,,,,,,,,,,,,,,,,,,,,,,,,,,,,,,,,,,,,,,,,,,,,,,,,,,,,,,,,,,,,,,,,,,,,,,,
dig,1023616,,,,,[],17,,,,,,,,,,,,,,,,,,,,,,,,,,,,,,,,,,,,,,,,,,,,,,,,,,,,,,,,,,,,,,,,,,,,,,,
harvest,1025122,null,null,,15,,17,,,,,,99.09184466,0.153824762,0.151374718,,,,,,,,,,,,,,,,,,,,,,,,,,,,,,,,,,,,,,,,,,,,,,,,,,,,,,,,,,,,,,,
decision,1025246,122,76,,15,,17,,,,,,,,,47281,2,0,TRUE,,,,,,,,,,,,,,,,,,,,,,,,,,,,,,,,,,,,,,,,,,,,,,,,,,,,,,,,,,,
travel,1035126,,,,,[],17,,,,,,,,,,,,,,,,,,,,,,,,,,,,,,,,,,,,,,,,,,,,,,,,,,,,,,,,,,,,,,,,,,,,,,,
alien_welcome,1040149,null,null,,,,,,,,69,9,49,64,52,22,11,23,85,65,89,118,16,98,109,43,99,66,76,17,101,105,53,8,60,108,47,46,87,56,120,91,103,51,111,,,,,,,,,,,,,,,,,,,,,,,,,,,,,,,,,
land,1040892,null,null,,102.6851427,,18,,,,,,,,,,,,,,,,,,,,,,,,,,,,,,,,,,,,,,,,,,,,,,,,,,,,,,,,,,,,,,,,,,,,,,,
dig,1042896,,,,,[],18,,,,,,,,,,,,,,,,,,,,,,,,,,,,,,,,,,,,,,,,,,,,,,,,,,,,,,,,,,,,,,,,,,,,,,,
harvest,1044409,null,null,,80,,18,,,,,,102.6851427,0.774652198,0.779080575,,,,,,,,,,,,,,,,,,,,,,,,,,,,,,,,,,,,,,,,,,,,,,,,,,,,,,,,,,,,,,,
decision,1044617,200,76,,80,,18,,,,,,,,,66652,2,0,TRUE,,,,,,,,,,,,,,,,,,,,,,,,,,,,,,,,,,,,,,,,,,,,,,,,,,,,,,,,,,,
travel,1054680,,,,,[],18,,,,,,,,,,,,,,,,,,,,,,,,,,,,,,,,,,,,,,,,,,,,,,,,,,,,,,,,,,,,,,,,,,,,,,,
alien_welcome,1059685,null,null,,,,,,,,18,9,49,64,52,22,11,23,85,65,89,118,16,98,109,43,99,66,76,17,101,105,53,8,60,108,47,46,87,56,120,91,103,51,111,,,,,,,,,,,,,,,,,,,,,,,,,,,,,,,,,
land,1060214,null,null,,99.35871031,,19,,,,,,,,,,,,,,,,,,,,,,,,,,,,,,,,,,,,,,,,,,,,,,,,,,,,,,,,,,,,,,,,,,,,,,,
dig,1062218,,,,,[],19,,,,,,,,,,,,,,,,,,,,,,,,,,,,,,,,,,,,,,,,,,,,,,,,,,,,,,,,,,,,,,,,,,,,,,,
harvest,1063725,null,null,,78,,19,,,,,,99.35871031,0.783858392,0.785034344,,,,,,,,,,,,,,,,,,,,,,,,,,,,,,,,,,,,,,,,,,,,,,,,,,,,,,,,,,,,,,,
decision,1063949,219,76,,78,,19,,,,,,,,,85983,2,0,TRUE,,,,,,,,,,,,,,,,,,,,,,,,,,,,,,,,,,,,,,,,,,,,,,,,,,,,,,,,,,,
travel,1073733,,,,,[],19,,,,,,,,,,,,,,,,,,,,,,,,,,,,,,,,,,,,,,,,,,,,,,,,,,,,,,,,,,,,,,,,,,,,,,,
alien_welcome,1078853,null,null,,,,,,,,110,9,49,64,52,22,11,23,85,65,89,118,16,98,109,43,99,66,76,17,101,105,53,8,60,108,47,46,87,56,120,91,103,51,111,,,,,,,,,,,,,,,,,,,,,,,,,,,,,,,,,
land,1079360,null,null,,109.3352045,,20,,,,,,,,,,,,,,,,,,,,,,,,,,,,,,,,,,,,,,,,,,,,,,,,,,,,,,,,,,,,,,,,,,,,,,,
dig,1081365,,,,,[],20,,,,,,,,,,,,,,,,,,,,,,,,,,,,,,,,,,,,,,,,,,,,,,,,,,,,,,,,,,,,,,,,,,,,,,,
harvest,1082869,null,null,,93,,20,,,,,,109.3352045,0.851723668,0.850595198,,,,,,,,,,,,,,,,,,,,,,,,,,,,,,,,,,,,,,,,,,,,,,,,,,,,,,,,,,,,,,,
decision,1083099,227,76,,93,,20,,,,,,,,,105133,2,0,TRUE,,,,,,,,,,,,,,,,,,,,,,,,,,,,,,,,,,,,,,,,,,,,,,,,,,,,,,,,,,,
travel,1092889,,,,,[],20,,,,,,,,,,,,,,,,,,,,,,,,,,,,,,,,,,,,,,,,,,,,,,,,,,,,,,,,,,,,,,,,,,,,,,,
alien_welcome,1097893,null,null,,,,,,,,32,9,49,64,52,22,11,23,85,65,89,118,16,98,109,43,99,66,76,17,101,105,53,8,60,108,47,46,87,56,120,91,103,51,111,,,,,,,,,,,,,,,,,,,,,,,,,,,,,,,,,
land,1098400,null,null,,99.3046808,,21,,,,,,,,,,,,,,,,,,,,,,,,,,,,,,,,,,,,,,,,,,,,,,,,,,,,,,,,,,,,,,,,,,,,,,,
dig,1100513,,,,,[],21,,,,,,,,,,,,,,,,,,,,,,,,,,,,,,,,,,,,,,,,,,,,,,,,,,,,,,,,,,,,,,,,,,,,,,,
harvest,1102017,null,null,,78,,21,,,,,,99.3046808,0.782401541,0.785461464,,,,,,,,,,,,,,,,,,,,,,,,,,,,,,,,,,,,,,,,,,,,,,,,,,,,,,,,,,,,,,,
decision,1102056,37,76,,78,,21,,,,,,,,,124091,2,0,TRUE,,,,,,,,,,,,,,,,,,,,,,,,,,,,,,,,,,,,,,,,,,,,,,,,,,,,,,,,,,,
travel,1112025,,,,,[],21,,,,,,,,,,,,,,,,,,,,,,,,,,,,,,,,,,,,,,,,,,,,,,,,,,,,,,,,,,,,,,,,,,,,,,,
alien_welcome,1117034,null,null,,,,,,,,78,9,49,64,52,22,11,23,85,65,89,118,16,98,109,43,99,66,76,17,101,105,53,8,60,108,47,46,87,56,120,91,103,51,111,,,,,,,,,,,,,,,,,,,,,,,,,,,,,,,,,
land,1117538,null,null,,97.70232205,,22,,,,,,,,,,,,,,,,,,,,,,,,,,,,,,,,,,,,,,,,,,,,,,,,,,,,,,,,,,,,,,,,,,,,,,,
dig,1119544,,,,,[],22,,,,,,,,,,,,,,,,,,,,,,,,,,,,,,,,,,,,,,,,,,,,,,,,,,,,,,,,,,,,,,,,,,,,,,,
harvest,1121050,null,null,,85,,22,,,,,,97.70232205,0.870242033,0.869989558,,,,,,,,,,,,,,,,,,,,,,,,,,,,,,,,,,,,,,,,,,,,,,,,,,,,,,,,,,,,,,,
decision,1121095,42,76,,85,,22,,,,,,,,,143130,2,0,TRUE,,,,,,,,,,,,,,,,,,,,,,,,,,,,,,,,,,,,,,,,,,,,,,,,,,,,,,,,,,,
travel,1131056,,,,,[],22,,,,,,,,,,,,,,,,,,,,,,,,,,,,,,,,,,,,,,,,,,,,,,,,,,,,,,,,,,,,,,,,,,,,,,,
alien_welcome,1136059,null,null,,,,,,,,80,9,49,64,52,22,11,23,85,65,89,118,16,98,109,43,99,66,76,17,101,105,53,8,60,108,47,46,87,56,120,91,103,51,111,,,,,,,,,,,,,,,,,,,,,,,,,,,,,,,,,
land,1136590,null,null,,98.77071991,,23,,,,,,,,,,,,,,,,,,,,,,,,,,,,,,,,,,,,,,,,,,,,,,,,,,,,,,,,,,,,,,,,,,,,,,,
dig,1138605,,,,,[],23,,,,,,,,,,,,,,,,,,,,,,,,,,,,,,,,,,,,,,,,,,,,,,,,,,,,,,,,,,,,,,,,,,,,,,,
harvest,1140109,null,null,,46,,23,,,,,,98.77071991,0.468401892,0.465725066,,,,,,,,,,,,,,,,,,,,,,,,,,,,,,,,,,,,,,,,,,,,,,,,,,,,,,,,,,,,,,,
decision,1140204,92,76,,46,,23,,,,,,,,,162238,2,0,TRUE,,,,,,,,,,,,,,,,,,,,,,,,,,,,,,,,,,,,,,,,,,,,,,,,,,,,,,,,,,,
travel,1150111,,,,,[],23,,,,,,,,,,,,,,,,,,,,,,,,,,,,,,,,,,,,,,,,,,,,,,,,,,,,,,,,,,,,,,,,,,,,,,,
alien_welcome,1155114,null,null,,,,,,,,2,9,49,64,52,22,11,23,85,65,89,118,16,98,109,43,99,66,76,17,101,105,53,8,60,108,47,46,87,56,120,91,103,51,111,,,,,,,,,,,,,,,,,,,,,,,,,,,,,,,,,
land,1155616,null,null,,97.52729157,,24,,,,,,,,,,,,,,,,,,,,,,,,,,,,,,,,,,,,,,,,,,,,,,,,,,,,,,,,,,,,,,,,,,,,,,,
dig,1157623,,,,,[],24,,,,,,,,,,,,,,,,,,,,,,,,,,,,,,,,,,,,,,,,,,,,,,,,,,,,,,,,,,,,,,,,,,,,,,,
harvest,1159129,null,null,,77,,24,,,,,,97.52729157,0.786620318,0.789522592,,,,,,,,,,,,,,,,,,,,,,,,,,,,,,,,,,,,,,,,,,,,,,,,,,,,,,,,,,,,,,,
decision,1159424,293,76,,77,,24,,,,,,,,,181458,2,0,TRUE,,,,,,,,,,,,,,,,,,,,,,,,,,,,,,,,,,,,,,,,,,,,,,,,,,,,,,,,,,,
travel,1169138,,,,,[],24,,,,,,,,,,,,,,,,,,,,,,,,,,,,,,,,,,,,,,,,,,,,,,,,,,,,,,,,,,,,,,,,,,,,,,,
alien_welcome,1174143,null,null,,,,,,,,37,9,49,64,52,22,11,23,85,65,89,118,16,98,109,43,99,66,76,17,101,105,53,8,60,108,47,46,87,56,120,91,103,51,111,,,,,,,,,,,,,,,,,,,,,,,,,,,,,,,,,
land,1174650,null,null,,100.7942094,,25,,,,,,,,,,,,,,,,,,,,,,,,,,,,,,,,,,,,,,,,,,,,,,,,,,,,,,,,,,,,,,,,,,,,,,,
dig,1176738,,,,,[],25,,,,,,,,,,,,,,,,,,,,,,,,,,,,,,,,,,,,,,,,,,,,,,,,,,,,,,,,,,,,,,,,,,,,,,,
harvest,1178244,null,null,,78,,25,,,,,,100.7942094,0.778449943,0.773853979,,,,,,,,,,,,,,,,,,,,,,,,,,,,,,,,,,,,,,,,,,,,,,,,,,,,,,,,,,,,,,,
decision,1179491,1246,76,,78,,25,,,,,,,,,201526,2,0,TRUE,,,,,,,,,,,,,,,,,,,,,,,,,,,,,,,,,,,,,,,,,,,,,,,,,,,,,,,,,,,
travel,1188250,,,,,[],25,,,,,,,,,,,,,,,,,,,,,,,,,,,,,,,,,,,,,,,,,,,,,,,,,,,,,,,,,,,,,,,,,,,,,,,
alien_welcome,1193254,null,null,,,,,,,,117,9,49,64,52,22,11,23,85,65,89,118,16,98,109,43,99,66,76,17,101,105,53,8,60,108,47,46,87,56,120,91,103,51,111,,,,,,,,,,,,,,,,,,,,,,,,,,,,,,,,,
land,1193761,null,null,,98.89898238,,26,,,,,,,,,,,,,,,,,,,,,,,,,,,,,,,,,,,,,,,,,,,,,,,,,,,,,,,,,,,,,,,,,,,,,,,
dig,1195774,,,,,[],26,,,,,,,,,,,,,,,,,,,,,,,,,,,,,,,,,,,,,,,,,,,,,,,,,,,,,,,,,,,,,,,,,,,,,,,
harvest,1197284,null,null,,13,,26,,,,,,98.89898238,0.133790296,0.131447257,,,,,,,,,,,,,,,,,,,,,,,,,,,,,,,,,,,,,,,,,,,,,,,,,,,,,,,,,,,,,,,
decision,1197453,166,65,,13,,26,,,,,,,,,219487,2,0,FALSE,,,,,,,,,,,,,,,,,,,,,,,,,,,,,,,,,,,,,,,,,,,,,,,,,,,,,,,,,,,
dig,1199624,,,,,[],26,,,,,,,,,,,,,,,,,,,,,,,,,,,,,,,,,,,,,,,,,,,,,,,,,,,,,,,,,,,,,,,,,,,,,,,
harvest,1201207,null,null,,2,,26,,,,,,13,0.174247713,0.153846154,,,,,,,,,,,,,,,,,,,,,,,,,,,,,,,,,,,,,,,,,,,,,,,,,,,,,,,,,,,,,,,
decision,1201236,27,65,,2,,26,,,,,,,,,223270,2,1,FALSE,,,,,,,,,,,,,,,,,,,,,,,,,,,,,,,,,,,,,,,,,,,,,,,,,,,,,,,,,,,
dig,1203216,,,,,[],26,,,,,,,,,,,,,,,,,,,,,,,,,,,,,,,,,,,,,,,,,,,,,,,,,,,,,,,,,,,,,,,,,,,,,,,
harvest,1204724,null,null,,0,,26,,,,,,2,0.168908614,0,,,,,,,,,,,,,,,,,,,,,,,,,,,,,,,,,,,,,,,,,,,,,,,,,,,,,,,,,,,,,,,
decision,1204836,109,65,,0,,26,,,,,,,,,226871,2,2,FALSE,,,,,,,,,,,,,,,,,,,,,,,,,,,,,,,,,,,,,,,,,,,,,,,,,,,,,,,,,,,
dig,1207365,,,,,[],26,,,,,,,,,,,,,,,,,,,,,,,,,,,,,,,,,,,,,,,,,,,,,,,,,,,,,,,,,,,,,,,,,,,,,,,
harvest,1208866,null,null,,0,,26,,,,,,0,0.146941672,NaN,,,,,,,,,,,,,,,,,,,,,,,,,,,,,,,,,,,,,,,,,,,,,,,,,,,,,,,,,,,,,,,
decision,1209212,344,65,,0,,26,,,,,,,,,231246,2,3,FALSE,,,,,,,,,,,,,,,,,,,,,,,,,,,,,,,,,,,,,,,,,,,,,,,,,,,,,,,,,,,
dig,1210877,,,,,[],26,,,,,,,,,,,,,,,,,,,,,,,,,,,,,,,,,,,,,,,,,,,,,,,,,,,,,,,,,,,,,,,,,,,,,,,
harvest,1212379,null,null,,0,,26,,,,,,0,0.196094466,NaN,,,,,,,,,,,,,,,,,,,,,,,,,,,,,,,,,,,,,,,,,,,,,,,,,,,,,,,,,,,,,,,
decision,1213089,707,65,,0,,26,,,,,,,,,235123,2,4,FALSE,,,,,,,,,,,,,,,,,,,,,,,,,,,,,,,,,,,,,,,,,,,,,,,,,,,,,,,,,,,
dig,1214406,,,,,[],26,,,,,,,,,,,,,,,,,,,,,,,,,,,,,,,,,,,,,,,,,,,,,,,,,,,,,,,,,,,,,,,,,,,,,,,
harvest,1215910,null,null,,0,,26,,,,,,0,0.26606433,NaN,,,,,,,,,,,,,,,,,,,,,,,,,,,,,,,,,,,,,,,,,,,,,,,,,,,,,,,,,,,,,,,
decision,1216711,796,65,,0,,26,,,,,,,,,238745,2,5,FALSE,,,,,,,,,,,,,,,,,,,,,,,,,,,,,,,,,,,,,,,,,,,,,,,,,,,,,,,,,,,
dig,1217920,,,,,[],26,,,,,,,,,,,,,,,,,,,,,,,,,,,,,,,,,,,,,,,,,,,,,,,,,,,,,,,,,,,,,,,,,,,,,,,
harvest,1219423,null,null,,0,,26,,,,,,0,0.199297374,NaN,,,,,,,,,,,,,,,,,,,,,,,,,,,,,,,,,,,,,,,,,,,,,,,,,,,,,,,,,,,,,,,
decision,1219629,203,76,,0,,26,,,,,,,,,241664,2,6,TRUE,,,,,,,,,,,,,,,,,,,,,,,,,,,,,,,,,,,,,,,,,,,,,,,,,,,,,,,,,,,
travel,1229436,,,,,[],26,,,,,,,,,,,,,,,,,,,,,,,,,,,,,,,,,,,,,,,,,,,,,,,,,,,,,,,,,,,,,,,,,,,,,,,
alien_welcome,1234441,null,null,,,,,,,,44,9,49,64,52,22,11,23,85,65,89,118,16,98,109,43,99,66,76,17,101,105,53,8,60,108,47,46,87,56,120,91,103,51,111,,,,,,,,,,,,,,,,,,,,,,,,,,,,,,,,,
land,1234944,null,null,,98.93659226,,27,,,,,,,,,,,,,,,,,,,,,,,,,,,,,,,,,,,,,,,,,,,,,,,,,,,,,,,,,,,,,,,,,,,,,,,
dig,1237003,,,,,[],27,,,,,,,,,,,,,,,,,,,,,,,,,,,,,,,,,,,,,,,,,,,,,,,,,,,,,,,,,,,,,,,,,,,,,,,
harvest,1238508,null,null,,20,,27,,,,,,98.93659226,0.197424735,0.202149675,,,,,,,,,,,,,,,,,,,,,,,,,,,,,,,,,,,,,,,,,,,,,,,,,,,,,,,,,,,,,,,
decision,1238728,218,65,,20,,27,,,,,,,,,260763,2,0,FALSE,,,,,,,,,,,,,,,,,,,,,,,,,,,,,,,,,,,,,,,,,,,,,,,,,,,,,,,,,,,
dig,1240680,,,,,[],27,,,,,,,,,,,,,,,,,,,,,,,,,,,,,,,,,,,,,,,,,,,,,,,,,,,,,,,,,,,,,,,,,,,,,,,
harvest,1242184,null,null,,6,,27,,,,,,20,0.310057625,0.3,,,,,,,,,,,,,,,,,,,,,,,,,,,,,,,,,,,,,,,,,,,,,,,,,,,,,,,,,,,,,,,
decision,1242458,272,76,,6,,27,,,,,,,,,264492,2,1,TRUE,,,,,,,,,,,,,,,,,,,,,,,,,,,,,,,,,,,,,,,,,,,,,,,,,,,,,,,,,,,
travel,1252229,,,,,[],27,,,,,,,,,,,,,,,,,,,,,,,,,,,,,,,,,,,,,,,,,,,,,,,,,,,,,,,,,,,,,,,,,,,,,,,
alien_welcome,1257237,null,null,,,,,,,,81,9,49,64,52,22,11,23,85,65,89,118,16,98,109,43,99,66,76,17,101,105,53,8,60,108,47,46,87,56,120,91,103,51,111,,,,,,,,,,,,,,,,,,,,,,,,,,,,,,,,,
land,1257742,null,null,,91.46705194,,28,,,,,,,,,,,,,,,,,,,,,,,,,,,,,,,,,,,,,,,,,,,,,,,,,,,,,,,,,,,,,,,,,,,,,,,
dig,1259748,,,,,[],28,,,,,,,,,,,,,,,,,,,,,,,,,,,,,,,,,,,,,,,,,,,,,,,,,,,,,,,,,,,,,,,,,,,,,,,
harvest,1261252,null,null,,20,,28,,,,,,91.46705194,0.213920368,0.218657971,,,,,,,,,,,,,,,,,,,,,,,,,,,,,,,,,,,,,,,,,,,,,,,,,,,,,,,,,,,,,,,
decision,1262467,1211,65,,20,,28,,,,,,,,,284502,2,0,FALSE,,,,,,,,,,,,,,,,,,,,,,,,,,,,,,,,,,,,,,,,,,,,,,,,,,,,,,,,,,,
dig,1263262,,,,,[],28,,,,,,,,,,,,,,,,,,,,,,,,,,,,,,,,,,,,,,,,,,,,,,,,,,,,,,,,,,,,,,,,,,,,,,,
harvest,1264767,null,null,,5,,28,,,,,,20,0.247598887,0.25,,,,,,,,,,,,,,,,,,,,,,,,,,,,,,,,,,,,,,,,,,,,,,,,,,,,,,,,,,,,,,,
decision,1265459,686,65,,5,,28,,,,,,,,,287494,2,1,FALSE,,,,,,,,,,,,,,,,,,,,,,,,,,,,,,,,,,,,,,,,,,,,,,,,,,,,,,,,,,,
dig,1267423,,,,,[],28,,,,,,,,,,,,,,,,,,,,,,,,,,,,,,,,,,,,,,,,,,,,,,,,,,,,,,,,,,,,,,,,,,,,,,,
harvest,1268926,null,null,,1,,28,,,,,,5,0.159918584,0.2,,,,,,,,,,,,,,,,,,,,,,,,,,,,,,,,,,,,,,,,,,,,,,,,,,,,,,,,,,,,,,,
decision,1269878,950,76,,1,,28,,,,,,,,,291913,2,2,TRUE,,,,,,,,,,,,,,,,,,,,,,,,,,,,,,,,,,,,,,,,,,,,,,,,,,,,,,,,,,,
travel,1278935,,,,,[],28,,,,,,,,,,,,,,,,,,,,,,,,,,,,,,,,,,,,,,,,,,,,,,,,,,,,,,,,,,,,,,,,,,,,,,,
alien_welcome,1283939,null,null,,,,,,,,1,9,49,64,52,22,11,23,85,65,89,118,16,98,109,43,99,66,76,17,101,105,53,8,60,108,47,46,87,56,120,91,103,51,111,,,,,,,,,,,,,,,,,,,,,,,,,,,,,,,,,
land,1284621,null,null,,99.55196468,,29,,,,,,,,,,,,,,,,,,,,,,,,,,,,,,,,,,,,,,,,,,,,,,,,,,,,,,,,,,,,,,,,,,,,,,,
dig,1286635,,,,,[],29,,,,,,,,,,,,,,,,,,,,,,,,,,,,,,,,,,,,,,,,,,,,,,,,,,,,,,,,,,,,,,,,,,,,,,,
harvest,1288152,null,null,,31,,29,,,,,,99.55196468,0.309948125,0.31139516,,,,,,,,,,,,,,,,,,,,,,,,,,,,,,,,,,,,,,,,,,,,,,,,,,,,,,,,,,,,,,,
decision,1288354,199,65,,31,,29,,,,,,,,,310388,2,0,FALSE,,,,,,,,,,,,,,,,,,,,,,,,,,,,,,,,,,,,,,,,,,,,,,,,,,,,,,,,,,,
dig,1290161,,,,,[],29,,,,,,,,,,,,,,,,,,,,,,,,,,,,,,,,,,,,,,,,,,,,,,,,,,,,,,,,,,,,,,,,,,,,,,,
harvest,1291663,null,null,,7,,29,,,,,,31,0.215642373,0.225806452,,,,,,,,,,,,,,,,,,,,,,,,,,,,,,,,,,,,,,,,,,,,,,,,,,,,,,,,,,,,,,,
decision,1292328,663,65,,7,,29,,,,,,,,,314362,2,1,FALSE,,,,,,,,,,,,,,,,,,,,,,,,,,,,,,,,,,,,,,,,,,,,,,,,,,,,,,,,,,,
dig,1293672,,,,,[],29,,,,,,,,,,,,,,,,,,,,,,,,,,,,,,,,,,,,,,,,,,,,,,,,,,,,,,,,,,,,,,,,,,,,,,,
harvest,1295178,null,null,,1,,29,,,,,,7,0.128609965,0.142857143,,,,,,,,,,,,,,,,,,,,,,,,,,,,,,,,,,,,,,,,,,,,,,,,,,,,,,,,,,,,,,,
decision,1295185,3,65,,1,,29,,,,,,,,,317220,2,2,FALSE,,,,,,,,,,,,,,,,,,,,,,,,,,,,,,,,,,,,,,,,,,,,,,,,,,,,,,,,,,,
dig,1297327,,,,,[],29,,,,,,,,,,,,,,,,,,,,,,,,,,,,,,,,,,,,,,,,,,,,,,,,,,,,,,,,,,,,,,,,,,,,,,,
harvest,1298855,null,null,,0,,29,,,,,,1,0.18432342,0,,,,,,,,,,,,,,,,,,,,,,,,,,,,,,,,,,,,,,,,,,,,,,,,,,,,,,,,,,,,,,,
decision,1299085,228,76,,0,,29,,,,,,,,,321121,2,3,TRUE,,,,,,,,,,,,,,,,,,,,,,,,,,,,,,,,,,,,,,,,,,,,,,,,,,,,,,,,,,,
travel,1308896,,,,,[],29,,,,,,,,,,,,,,,,,,,,,,,,,,,,,,,,,,,,,,,,,,,,,,,,,,,,,,,,,,,,,,,,,,,,,,,
alien_welcome,1313900,null,null,,,,,,,,48,9,49,64,52,22,11,23,85,65,89,118,16,98,109,43,99,66,76,17,101,105,53,8,60,108,47,46,87,56,120,91,103,51,111,,,,,,,,,,,,,,,,,,,,,,,,,,,,,,,,,
land,1314405,null,null,,97.97496192,,30,,,,,,,,,,,,,,,,,,,,,,,,,,,,,,,,,,,,,,,,,,,,,,,,,,,,,,,,,,,,,,,,,,,,,,,
dig,1316413,,,,,[],30,,,,,,,,,,,,,,,,,,,,,,,,,,,,,,,,,,,,,,,,,,,,,,,,,,,,,,,,,,,,,,,,,,,,,,,
harvest,1317922,null,null,,81,,30,,,,,,97.97496192,0.825362931,0.826741837,,,,,,,,,,,,,,,,,,,,,,,,,,,,,,,,,,,,,,,,,,,,,,,,,,,,,,,,,,,,,,,
decision,1318320,396,65,,81,,30,,,,,,,,,340355,2,0,FALSE,,,,,,,,,,,,,,,,,,,,,,,,,,,,,,,,,,,,,,,,,,,,,,,,,,,,,,,,,,,
dig,1319937,,,,,[],30,,,,,,,,,,,,,,,,,,,,,,,,,,,,,,,,,,,,,,,,,,,,,,,,,,,,,,,,,,,,,,,,,,,,,,,
harvest,1321442,null,null,,68,,30,,,,,,81,0.84558754,0.839506173,,,,,,,,,,,,,,,,,,,,,,,,,,,,,,,,,,,,,,,,,,,,,,,,,,,,,,,,,,,,,,,
decision,1322420,972,76,,68,,30,,,,,,,,,344456,2,1,TRUE,,,,,,,,,,,,,,,,,,,,,,,,,,,,,,,,,,,,,,,,,,,,,,,,,,,,,,,,,,,
travel,1331463,,,,,[],30,,,,,,,,,,,,,,,,,,,,,,,,,,,,,,,,,,,,,,,,,,,,,,,,,,,,,,,,,,,,,,,,,,,,,,,
alien_welcome,1336482,null,null,,,,,,,,92,9,49,64,52,22,11,23,85,65,89,118,16,98,109,43,99,66,76,17,101,105,53,8,60,108,47,46,87,56,120,91,103,51,111,,,,,,,,,,,,,,,,,,,,,,,,,,,,,,,,,
land,1336986,null,null,,95.87638806,,31,,,,,,,,,,,,,,,,,,,,,,,,,,,,,,,,,,,,,,,,,,,,,,,,,,,,,,,,,,,,,,,,,,,,,,,
dig,1338996,,,,,[],31,,,,,,,,,,,,,,,,,,,,,,,,,,,,,,,,,,,,,,,,,,,,,,,,,,,,,,,,,,,,,,,,,,,,,,,
harvest,1340695,null,null,,67,,31,,,,,,95.87638806,0.69994413,0.69881648,,,,,,,,,,,,,,,,,,,,,,,,,,,,,,,,,,,,,,,,,,,,,,,,,,,,,,,,,,,,,,,
decision,1340774,77,76,,67,,31,,,,,,,,,362810,2,0,TRUE,,,,,,,,,,,,,,,,,,,,,,,,,,,,,,,,,,,,,,,,,,,,,,,,,,,,,,,,,,,
end_of_block,1350538,9756,32,,,,,,,,,,,,,,,,,,,,,,,,,,,,,,,,,,,,,,,,,,,,,,,,,,,,,,,,,,,,,,,,,,,,,,,,,,,
alien_welcome,1355569,null,null,,,,,,,,31,9,49,64,52,22,11,23,85,65,89,118,16,98,109,43,99,66,76,17,101,105,53,8,60,108,47,46,87,56,120,91,103,51,111,,,,,,,,,,,,,,,,,,,,,,,,,,,,,,,,,
land,1356081,null,null,,97.6023214,,32,,,,,,,,,,,,,,,,,,,,,,,,,,,,,,,,,,,,,,,,,,,,,,,,,,,,,,,,,,,,,,,,,,,,,,,
dig,1358088,,,,,[],32,,,,,,,,,,,,,,,,,,,,,,,,,,,,,,,,,,,,,,,,,,,,,,,,,,,,,,,,,,,,,,,,,,,,,,,
harvest,1359590,null,null,,51,,32,,,,,,97.6023214,0.522703702,0.522528555,,,,,,,,,,,,,,,,,,,,,,,,,,,,,,,,,,,,,,,,,,,,,,,,,,,,,,,,,,,,,,,
decision,1361594,null,null,,51,,32,,,,,,,,,11052,3,0,FALSE,,,,,,,,,,,,,,,,,,,,,,,,,,,,,,,,,,,,,,,,,,,,,,,,,,,,,,,,,,,
time_out,1363602,null,null,,51,,,,,,,,,,,,,,,,,,,,,,,,,,,,,,,,,,,,,,,,,,,,,,,,,,,,,,,,,,,,,,,,,,,,,,,,,
decision,1364569,964,65,,51,,32,,,,,,,,,14025,3,0,FALSE,,,,,,,,,,,,,,,,,,,,,,,,,,,,,,,,,,,,,,,,,,,,,,,,,,,,,,,,,,,
dig,1365634,,,,,[],32,,,,,,,,,,,,,,,,,,,,,,,,,,,,,,,,,,,,,,,,,,,,,,,,,,,,,,,,,,,,,,,,,,,,,,,
harvest,1367142,null,null,,26,,32,,,,,,51,0.505055423,0.509803922,,,,,,,,,,,,,,,,,,,,,,,,,,,,,,,,,,,,,,,,,,,,,,,,,,,,,,,,,,,,,,,
decision,1367150,7,76,,26,,32,,,,,,,,,16607,3,1,TRUE,,,,,,,,,,,,,,,,,,,,,,,,,,,,,,,,,,,,,,,,,,,,,,,,,,,,,,,,,,,
travel,1377154,,,,,[],32,,,,,,,,,,,,,,,,,,,,,,,,,,,,,,,,,,,,,,,,,,,,,,,,,,,,,,,,,,,,,,,,,,,,,,,
alien_welcome,1382161,null,null,,,,,,,,115,9,49,64,52,22,11,23,85,65,89,118,16,98,109,43,99,66,76,17,101,105,53,8,60,108,47,46,87,56,120,91,103,51,111,,,,,,,,,,,,,,,,,,,,,,,,,,,,,,,,,
land,1382666,null,null,,100.0794192,,33,,,,,,,,,,,,,,,,,,,,,,,,,,,,,,,,,,,,,,,,,,,,,,,,,,,,,,,,,,,,,,,,,,,,,,,
dig,1384677,,,,,[],33,,,,,,,,,,,,,,,,,,,,,,,,,,,,,,,,,,,,,,,,,,,,,,,,,,,,,,,,,,,,,,,,,,,,,,,
harvest,1386246,null,null,,85,,33,,,,,,100.0794192,0.850705175,0.849325473,,,,,,,,,,,,,,,,,,,,,,,,,,,,,,,,,,,,,,,,,,,,,,,,,,,,,,,,,,,,,,,
decision,1386697,449,76,,85,,33,,,,,,,,,36153,3,0,TRUE,,,,,,,,,,,,,,,,,,,,,,,,,,,,,,,,,,,,,,,,,,,,,,,,,,,,,,,,,,,
travel,1396283,,,,,[],33,,,,,,,,,,,,,,,,,,,,,,,,,,,,,,,,,,,,,,,,,,,,,,,,,,,,,,,,,,,,,,,,,,,,,,,
alien_welcome,1401292,null,null,,,,,,,,15,9,49,64,52,22,11,23,85,65,89,118,16,98,109,43,99,66,76,17,101,105,53,8,60,108,47,46,87,56,120,91,103,51,111,,,,,,,,,,,,,,,,,,,,,,,,,,,,,,,,,
land,1401799,null,null,,107.8481361,,34,,,,,,,,,,,,,,,,,,,,,,,,,,,,,,,,,,,,,,,,,,,,,,,,,,,,,,,,,,,,,,,,,,,,,,,
dig,1403806,,,,,[],34,,,,,,,,,,,,,,,,,,,,,,,,,,,,,,,,,,,,,,,,,,,,,,,,,,,,,,,,,,,,,,,,,,,,,,,
harvest,1405311,null,null,,55,,34,,,,,,107.8481361,0.505942218,0.509976361,,,,,,,,,,,,,,,,,,,,,,,,,,,,,,,,,,,,,,,,,,,,,,,,,,,,,,,,,,,,,,,
decision,1405364,52,76,,55,,34,,,,,,,,,54820,3,0,TRUE,,,,,,,,,,,,,,,,,,,,,,,,,,,,,,,,,,,,,,,,,,,,,,,,,,,,,,,,,,,
travel,1415335,,,,,[],34,,,,,,,,,,,,,,,,,,,,,,,,,,,,,,,,,,,,,,,,,,,,,,,,,,,,,,,,,,,,,,,,,,,,,,,
alien_welcome,1420344,null,null,,,,,,,,13,9,49,64,52,22,11,23,85,65,89,118,16,98,109,43,99,66,76,17,101,105,53,8,60,108,47,46,87,56,120,91,103,51,111,,,,,,,,,,,,,,,,,,,,,,,,,,,,,,,,,
land,1421011,null,null,,110.01541,,35,,,,,,,,,,,,,,,,,,,,,,,,,,,,,,,,,,,,,,,,,,,,,,,,,,,,,,,,,,,,,,,,,,,,,,,
dig,1423057,,,,,[],35,,,,,,,,,,,,,,,,,,,,,,,,,,,,,,,,,,,,,,,,,,,,,,,,,,,,,,,,,,,,,,,,,,,,,,,
harvest,1424564,null,null,,65,,35,,,,,,110.01541,0.591545154,0.590826322,,,,,,,,,,,,,,,,,,,,,,,,,,,,,,,,,,,,,,,,,,,,,,,,,,,,,,,,,,,,,,,
decision,1425212,645,76,,65,,35,,,,,,,,,74669,3,0,TRUE,,,,,,,,,,,,,,,,,,,,,,,,,,,,,,,,,,,,,,,,,,,,,,,,,,,,,,,,,,,
travel,1434580,,,,,[],35,,,,,,,,,,,,,,,,,,,,,,,,,,,,,,,,,,,,,,,,,,,,,,,,,,,,,,,,,,,,,,,,,,,,,,,
alien_welcome,1439585,null,null,,,,,,,,63,9,49,64,52,22,11,23,85,65,89,118,16,98,109,43,99,66,76,17,101,105,53,8,60,108,47,46,87,56,120,91,103,51,111,,,,,,,,,,,,,,,,,,,,,,,,,,,,,,,,,
land,1440088,null,null,,98.84946407,,36,,,,,,,,,,,,,,,,,,,,,,,,,,,,,,,,,,,,,,,,,,,,,,,,,,,,,,,,,,,,,,,,,,,,,,,
dig,1442100,,,,,[],36,,,,,,,,,,,,,,,,,,,,,,,,,,,,,,,,,,,,,,,,,,,,,,,,,,,,,,,,,,,,,,,,,,,,,,,
harvest,1443604,null,null,,56,,36,,,,,,98.84946407,0.562599481,0.566517993,,,,,,,,,,,,,,,,,,,,,,,,,,,,,,,,,,,,,,,,,,,,,,,,,,,,,,,,,,,,,,,
decision,1444097,488,76,,56,,36,,,,,,,,,93554,3,0,TRUE,,,,,,,,,,,,,,,,,,,,,,,,,,,,,,,,,,,,,,,,,,,,,,,,,,,,,,,,,,,
travel,1453892,,,,,[],36,,,,,,,,,,,,,,,,,,,,,,,,,,,,,,,,,,,,,,,,,,,,,,,,,,,,,,,,,,,,,,,,,,,,,,,
alien_welcome,1458900,null,null,,,,,,,,74,9,49,64,52,22,11,23,85,65,89,118,16,98,109,43,99,66,76,17,101,105,53,8,60,108,47,46,87,56,120,91,103,51,111,,,,,,,,,,,,,,,,,,,,,,,,,,,,,,,,,
land,1459403,null,null,,93.17391105,,37,,,,,,,,,,,,,,,,,,,,,,,,,,,,,,,,,,,,,,,,,,,,,,,,,,,,,,,,,,,,,,,,,,,,,,,
dig,1461413,,,,,[],37,,,,,,,,,,,,,,,,,,,,,,,,,,,,,,,,,,,,,,,,,,,,,,,,,,,,,,,,,,,,,,,,,,,,,,,
harvest,1462918,null,null,,50,,37,,,,,,93.17391105,0.535689251,0.536630903,,,,,,,,,,,,,,,,,,,,,,,,,,,,,,,,,,,,,,,,,,,,,,,,,,,,,,,,,,,,,,,
decision,1463077,156,76,,50,,37,,,,,,,,,112534,3,0,TRUE,,,,,,,,,,,,,,,,,,,,,,,,,,,,,,,,,,,,,,,,,,,,,,,,,,,,,,,,,,,
travel,1472927,,,,,[],37,,,,,,,,,,,,,,,,,,,,,,,,,,,,,,,,,,,,,,,,,,,,,,,,,,,,,,,,,,,,,,,,,,,,,,,
alien_welcome,1477933,null,null,,,,,,,,5,9,49,64,52,22,11,23,85,65,89,118,16,98,109,43,99,66,76,17,101,105,53,8,60,108,47,46,87,56,120,91,103,51,111,,,,,,,,,,,,,,,,,,,,,,,,,,,,,,,,,
land,1478442,null,null,,101.8635918,,38,,,,,,,,,,,,,,,,,,,,,,,,,,,,,,,,,,,,,,,,,,,,,,,,,,,,,,,,,,,,,,,,,,,,,,,
dig,1480452,,,,,[],38,,,,,,,,,,,,,,,,,,,,,,,,,,,,,,,,,,,,,,,,,,,,,,,,,,,,,,,,,,,,,,,,,,,,,,,
harvest,1481962,null,null,,89,,38,,,,,,101.8635918,0.87583425,0.873717472,,,,,,,,,,,,,,,,,,,,,,,,,,,,,,,,,,,,,,,,,,,,,,,,,,,,,,,,,,,,,,,
decision,1483007,1042,76,,89,,38,,,,,,,,,132464,3,0,TRUE,,,,,,,,,,,,,,,,,,,,,,,,,,,,,,,,,,,,,,,,,,,,,,,,,,,,,,,,,,,
travel,1491979,,,,,[],38,,,,,,,,,,,,,,,,,,,,,,,,,,,,,,,,,,,,,,,,,,,,,,,,,,,,,,,,,,,,,,,,,,,,,,,
alien_welcome,1496986,null,null,,,,,,,,86,9,49,64,52,22,11,23,85,65,89,118,16,98,109,43,99,66,76,17,101,105,53,8,60,108,47,46,87,56,120,91,103,51,111,,,,,,,,,,,,,,,,,,,,,,,,,,,,,,,,,
land,1497524,null,null,,98.10841042,,39,,,,,,,,,,,,,,,,,,,,,,,,,,,,,,,,,,,,,,,,,,,,,,,,,,,,,,,,,,,,,,,,,,,,,,,
dig,1499533,,,,,[],39,,,,,,,,,,,,,,,,,,,,,,,,,,,,,,,,,,,,,,,,,,,,,,,,,,,,,,,,,,,,,,,,,,,,,,,
harvest,1501036,null,null,,84,,39,,,,,,98.10841042,0.853454153,0.856195709,,,,,,,,,,,,,,,,,,,,,,,,,,,,,,,,,,,,,,,,,,,,,,,,,,,,,,,,,,,,,,,
decision,1501472,431,76,,84,,39,,,,,,,,,150929,3,0,TRUE,,,,,,,,,,,,,,,,,,,,,,,,,,,,,,,,,,,,,,,,,,,,,,,,,,,,,,,,,,,
travel,1511053,,,,,[],39,,,,,,,,,,,,,,,,,,,,,,,,,,,,,,,,,,,,,,,,,,,,,,,,,,,,,,,,,,,,,,,,,,,,,,,
alien_welcome,1516061,null,null,,,,,,,,112,9,49,64,52,22,11,23,85,65,89,118,16,98,109,43,99,66,76,17,101,105,53,8,60,108,47,46,87,56,120,91,103,51,111,,,,,,,,,,,,,,,,,,,,,,,,,,,,,,,,,
land,1516566,null,null,,101.1480592,,40,,,,,,,,,,,,,,,,,,,,,,,,,,,,,,,,,,,,,,,,,,,,,,,,,,,,,,,,,,,,,,,,,,,,,,,
dig,1518572,,,,,[],40,,,,,,,,,,,,,,,,,,,,,,,,,,,,,,,,,,,,,,,,,,,,,,,,,,,,,,,,,,,,,,,,,,,,,,,
harvest,1520082,null,null,,61,,40,,,,,,101.1480592,0.602948235,0.603076327,,,,,,,,,,,,,,,,,,,,,,,,,,,,,,,,,,,,,,,,,,,,,,,,,,,,,,,,,,,,,,,
decision,1520166,81,76,,61,,40,,,,,,,,,169622,3,0,TRUE,,,,,,,,,,,,,,,,,,,,,,,,,,,,,,,,,,,,,,,,,,,,,,,,,,,,,,,,,,,
travel,1530095,,,,,[],40,,,,,,,,,,,,,,,,,,,,,,,,,,,,,,,,,,,,,,,,,,,,,,,,,,,,,,,,,,,,,,,,,,,,,,,
alien_welcome,1535106,null,null,,,,,,,,116,9,49,64,52,22,11,23,85,65,89,118,16,98,109,43,99,66,76,17,101,105,53,8,60,108,47,46,87,56,120,91,103,51,111,,,,,,,,,,,,,,,,,,,,,,,,,,,,,,,,,
land,1535618,null,null,,94.08631646,,41,,,,,,,,,,,,,,,,,,,,,,,,,,,,,,,,,,,,,,,,,,,,,,,,,,,,,,,,,,,,,,,,,,,,,,,
dig,1537625,,,,,[],41,,,,,,,,,,,,,,,,,,,,,,,,,,,,,,,,,,,,,,,,,,,,,,,,,,,,,,,,,,,,,,,,,,,,,,,
harvest,1539128,null,null,,44,,41,,,,,,94.08631646,0.468556878,0.467655677,,,,,,,,,,,,,,,,,,,,,,,,,,,,,,,,,,,,,,,,,,,,,,,,,,,,,,,,,,,,,,,
decision,1539176,46,76,,44,,41,,,,,,,,,188634,3,0,TRUE,,,,,,,,,,,,,,,,,,,,,,,,,,,,,,,,,,,,,,,,,,,,,,,,,,,,,,,,,,,
travel,1549141,,,,,[],41,,,,,,,,,,,,,,,,,,,,,,,,,,,,,,,,,,,,,,,,,,,,,,,,,,,,,,,,,,,,,,,,,,,,,,,
alien_welcome,1554164,null,null,,,,,,,,3,9,49,64,52,22,11,23,85,65,89,118,16,98,109,43,99,66,76,17,101,105,53,8,60,108,47,46,87,56,120,91,103,51,111,,,,,,,,,,,,,,,,,,,,,,,,,,,,,,,,,
land,1554696,null,null,,89.89717746,,42,,,,,,,,,,,,,,,,,,,,,,,,,,,,,,,,,,,,,,,,,,,,,,,,,,,,,,,,,,,,,,,,,,,,,,,
dig,1556704,,,,,[],42,,,,,,,,,,,,,,,,,,,,,,,,,,,,,,,,,,,,,,,,,,,,,,,,,,,,,,,,,,,,,,,,,,,,,,,
harvest,1558210,null,null,,79,,42,,,,,,89.89717746,0.874304293,0.878781762,,,,,,,,,,,,,,,,,,,,,,,,,,,,,,,,,,,,,,,,,,,,,,,,,,,,,,,,,,,,,,,
decision,1558691,478,76,,79,,42,,,,,,,,,208148,3,0,TRUE,,,,,,,,,,,,,,,,,,,,,,,,,,,,,,,,,,,,,,,,,,,,,,,,,,,,,,,,,,,
travel,1568226,,,,,[],42,,,,,,,,,,,,,,,,,,,,,,,,,,,,,,,,,,,,,,,,,,,,,,,,,,,,,,,,,,,,,,,,,,,,,,,
alien_welcome,1573235,null,null,,,,,,,,59,9,49,64,52,22,11,23,85,65,89,118,16,98,109,43,99,66,76,17,101,105,53,8,60,108,47,46,87,56,120,91,103,51,111,,,,,,,,,,,,,,,,,,,,,,,,,,,,,,,,,
land,1573742,null,null,,91.94404071,,43,,,,,,,,,,,,,,,,,,,,,,,,,,,,,,,,,,,,,,,,,,,,,,,,,,,,,,,,,,,,,,,,,,,,,,,
dig,1575750,,,,,[],43,,,,,,,,,,,,,,,,,,,,,,,,,,,,,,,,,,,,,,,,,,,,,,,,,,,,,,,,,,,,,,,,,,,,,,,
harvest,1577251,null,null,,77,,43,,,,,,91.94404071,0.838974878,0.837465913,,,,,,,,,,,,,,,,,,,,,,,,,,,,,,,,,,,,,,,,,,,,,,,,,,,,,,,,,,,,,,,
decision,1579258,null,null,,77,,43,,,,,,,,,228714,3,0,FALSE,,,,,,,,,,,,,,,,,,,,,,,,,,,,,,,,,,,,,,,,,,,,,,,,,,,,,,,,,,,
time_out,1581273,null,null,,77,,,,,,,,,,,,,,,,,,,,,,,,,,,,,,,,,,,,,,,,,,,,,,,,,,,,,,,,,,,,,,,,,,,,,,,,,
decision,1582886,1607,76,,77,,43,,,,,,,,,232342,3,0,TRUE,,,,,,,,,,,,,,,,,,,,,,,,,,,,,,,,,,,,,,,,,,,,,,,,,,,,,,,,,,,
travel,1591492,,,,,[],43,,,,,,,,,,,,,,,,,,,,,,,,,,,,,,,,,,,,,,,,,,,,,,,,,,,,,,,,,,,,,,,,,,,,,,,
alien_welcome,1596495,null,null,,,,,,,,35,9,49,64,52,22,11,23,85,65,89,118,16,98,109,43,99,66,76,17,101,105,53,8,60,108,47,46,87,56,120,91,103,51,111,,,,,,,,,,,,,,,,,,,,,,,,,,,,,,,,,
land,1597008,null,null,,101.4281999,,44,,,,,,,,,,,,,,,,,,,,,,,,,,,,,,,,,,,,,,,,,,,,,,,,,,,,,,,,,,,,,,,,,,,,,,,
dig,1599037,,,,,[],44,,,,,,,,,,,,,,,,,,,,,,,,,,,,,,,,,,,,,,,,,,,,,,,,,,,,,,,,,,,,,,,,,,,,,,,
harvest,1600544,null,null,,87,,44,,,,,,101.4281999,0.856692685,0.857749621,,,,,,,,,,,,,,,,,,,,,,,,,,,,,,,,,,,,,,,,,,,,,,,,,,,,,,,,,,,,,,,
decision,1600748,203,76,,87,,44,,,,,,,,,250205,3,0,TRUE,,,,,,,,,,,,,,,,,,,,,,,,,,,,,,,,,,,,,,,,,,,,,,,,,,,,,,,,,,,
travel,1610551,,,,,[],44,,,,,,,,,,,,,,,,,,,,,,,,,,,,,,,,,,,,,,,,,,,,,,,,,,,,,,,,,,,,,,,,,,,,,,,
alien_welcome,1615556,null,null,,,,,,,,100,9,49,64,52,22,11,23,85,65,89,118,16,98,109,43,99,66,76,17,101,105,53,8,60,108,47,46,87,56,120,91,103,51,111,,,,,,,,,,,,,,,,,,,,,,,,,,,,,,,,,
land,1616062,null,null,,99.1305451,,45,,,,,,,,,,,,,,,,,,,,,,,,,,,,,,,,,,,,,,,,,,,,,,,,,,,,,,,,,,,,,,,,,,,,,,,
dig,1618071,,,,,[],45,,,,,,,,,,,,,,,,,,,,,,,,,,,,,,,,,,,,,,,,,,,,,,,,,,,,,,,,,,,,,,,,,,,,,,,
harvest,1619575,null,null,,83,,45,,,,,,99.1305451,0.837366688,0.83727977,,,,,,,,,,,,,,,,,,,,,,,,,,,,,,,,,,,,,,,,,,,,,,,,,,,,,,,,,,,,,,,
decision,1620638,1058,76,,83,,45,,,,,,,,,270094,3,0,TRUE,,,,,,,,,,,,,,,,,,,,,,,,,,,,,,,,,,,,,,,,,,,,,,,,,,,,,,,,,,,
travel,1629587,,,,,[],45,,,,,,,,,,,,,,,,,,,,,,,,,,,,,,,,,,,,,,,,,,,,,,,,,,,,,,,,,,,,,,,,,,,,,,,
alien_welcome,1634608,null,null,,,,,,,,58,9,49,64,52,22,11,23,85,65,89,118,16,98,109,43,99,66,76,17,101,105,53,8,60,108,47,46,87,56,120,91,103,51,111,,,,,,,,,,,,,,,,,,,,,,,,,,,,,,,,,
land,1635110,null,null,,99.06767217,,46,,,,,,,,,,,,,,,,,,,,,,,,,,,,,,,,,,,,,,,,,,,,,,,,,,,,,,,,,,,,,,,,,,,,,,,
dig,1637118,,,,,[],46,,,,,,,,,,,,,,,,,,,,,,,,,,,,,,,,,,,,,,,,,,,,,,,,,,,,,,,,,,,,,,,,,,,,,,,
harvest,1640093,null,null,,52,,46,,,,,,99.06767217,0.522937863,0.52489373,,,,,,,,,,,,,,,,,,,,,,,,,,,,,,,,,,,,,,,,,,,,,,,,,,,,,,,,,,,,,,,
decision,1641091,995,76,,52,,46,,,,,,,,,290547,3,0,TRUE,,,,,,,,,,,,,,,,,,,,,,,,,,,,,,,,,,,,,,,,,,,,,,,,,,,,,,,,,,,
travel,1650102,,,,,[],46,,,,,,,,,,,,,,,,,,,,,,,,,,,,,,,,,,,,,,,,,,,,,,,,,,,,,,,,,,,,,,,,,,,,,,,
alien_welcome,1655110,null,null,,,,,,,,50,9,49,64,52,22,11,23,85,65,89,118,16,98,109,43,99,66,76,17,101,105,53,8,60,108,47,46,87,56,120,91,103,51,111,,,,,,,,,,,,,,,,,,,,,,,,,,,,,,,,,
land,1655614,null,null,,97.92873246,,47,,,,,,,,,,,,,,,,,,,,,,,,,,,,,,,,,,,,,,,,,,,,,,,,,,,,,,,,,,,,,,,,,,,,,,,
dig,1657621,,,,,[],47,,,,,,,,,,,,,,,,,,,,,,,,,,,,,,,,,,,,,,,,,,,,,,,,,,,,,,,,,,,,,,,,,,,,,,,
harvest,1659127,null,null,,47,,47,,,,,,97.92873246,0.482692395,0.479940859,,,,,,,,,,,,,,,,,,,,,,,,,,,,,,,,,,,,,,,,,,,,,,,,,,,,,,,,,,,,,,,
decision,1659510,372,76,,47,,47,,,,,,,,,308967,3,0,TRUE,,,,,,,,,,,,,,,,,,,,,,,,,,,,,,,,,,,,,,,,,,,,,,,,,,,,,,,,,,,
travel,1669160,,,,,[],47,,,,,,,,,,,,,,,,,,,,,,,,,,,,,,,,,,,,,,,,,,,,,,,,,,,,,,,,,,,,,,,,,,,,,,,
alien_welcome,1674170,null,null,,,,,,,,75,9,49,64,52,22,11,23,85,65,89,118,16,98,109,43,99,66,76,17,101,105,53,8,60,108,47,46,87,56,120,91,103,51,111,,,,,,,,,,,,,,,,,,,,,,,,,,,,,,,,,
land,1674675,null,null,,108.6128686,,48,,,,,,,,,,,,,,,,,,,,,,,,,,,,,,,,,,,,,,,,,,,,,,,,,,,,,,,,,,,,,,,,,,,,,,,
dig,1676683,,,,,[],48,,,,,,,,,,,,,,,,,,,,,,,,,,,,,,,,,,,,,,,,,,,,,,,,,,,,,,,,,,,,,,,,,,,,,,,
harvest,1678191,null,null,,95,,48,,,,,,108.6128686,0.874995109,0.874666153,,,,,,,,,,,,,,,,,,,,,,,,,,,,,,,,,,,,,,,,,,,,,,,,,,,,,,,,,,,,,,,
decision,1680201,null,null,,95,,48,,,,,,,,,329657,3,0,FALSE,,,,,,,,,,,,,,,,,,,,,,,,,,,,,,,,,,,,,,,,,,,,,,,,,,,,,,,,,,,
time_out,1682211,null,null,,95,,,,,,,,,,,,,,,,,,,,,,,,,,,,,,,,,,,,,,,,,,,,,,,,,,,,,,,,,,,,,,,,,,,,,,,,,
decision,1683210,998,65,,95,,48,,,,,,,,,332667,3,0,FALSE,,,,,,,,,,,,,,,,,,,,,,,,,,,,,,,,,,,,,,,,,,,,,,,,,,,,,,,,,,,
dig,1684222,,,,,[],48,,,,,,,,,,,,,,,,,,,,,,,,,,,,,,,,,,,,,,,,,,,,,,,,,,,,,,,,,,,,,,,,,,,,,,,
harvest,1685727,null,null,,70,,48,,,,,,95,0.733699197,0.736842105,,,,,,,,,,,,,,,,,,,,,,,,,,,,,,,,,,,,,,,,,,,,,,,,,,,,,,,,,,,,,,,
decision,1685937,208,76,,70,,48,,,,,,,,,335394,3,1,TRUE,,,,,,,,,,,,,,,,,,,,,,,,,,,,,,,,,,,,,,,,,,,,,,,,,,,,,,,,,,,
travel,1695748,,,,,[],48,,,,,,,,,,,,,,,,,,,,,,,,,,,,,,,,,,,,,,,,,,,,,,,,,,,,,,,,,,,,,,,,,,,,,,,
alien_welcome,1700756,null,null,,,,,,,,88,9,49,64,52,22,11,23,85,65,89,118,16,98,109,43,99,66,76,17,101,105,53,8,60,108,47,46,87,56,120,91,103,51,111,,,,,,,,,,,,,,,,,,,,,,,,,,,,,,,,,
land,1701262,null,null,,101.631225,,49,,,,,,,,,,,,,,,,,,,,,,,,,,,,,,,,,,,,,,,,,,,,,,,,,,,,,,,,,,,,,,,,,,,,,,,
dig,1703269,,,,,[],49,,,,,,,,,,,,,,,,,,,,,,,,,,,,,,,,,,,,,,,,,,,,,,,,,,,,,,,,,,,,,,,,,,,,,,,
harvest,1704773,null,null,,74,,49,,,,,,101.631225,0.727273788,0.728122681,,,,,,,,,,,,,,,,,,,,,,,,,,,,,,,,,,,,,,,,,,,,,,,,,,,,,,,,,,,,,,,
decision,1704788,9,65,,74,,49,,,,,,,,,354245,3,0,FALSE,,,,,,,,,,,,,,,,,,,,,,,,,,,,,,,,,,,,,,,,,,,,,,,,,,,,,,,,,,,
dig,1706790,,,,,[],49,,,,,,,,,,,,,,,,,,,,,,,,,,,,,,,,,,,,,,,,,,,,,,,,,,,,,,,,,,,,,,,,,,,,,,,
harvest,1708297,null,null,,64,,49,,,,,,74,0.863420105,0.864864865,,,,,,,,,,,,,,,,,,,,,,,,,,,,,,,,,,,,,,,,,,,,,,,,,,,,,,,,,,,,,,,
decision,1708619,318,76,,64,,49,,,,,,,,,358075,3,1,TRUE,,,,,,,,,,,,,,,,,,,,,,,,,,,,,,,,,,,,,,,,,,,,,,,,,,,,,,,,,,,
travel,1718324,,,,,[],49,,,,,,,,,,,,,,,,,,,,,,,,,,,,,,,,,,,,,,,,,,,,,,,,,,,,,,,,,,,,,,,,,,,,,,,
alien_welcome,1723332,null,null,,,,,,,,61,9,49,64,52,22,11,23,85,65,89,118,16,98,109,43,99,66,76,17,101,105,53,8,60,108,47,46,87,56,120,91,103,51,111,,,,,,,,,,,,,,,,,,,,,,,,,,,,,,,,,
land,1723834,null,null,,97.78592491,,50,,,,,,,,,,,,,,,,,,,,,,,,,,,,,,,,,,,,,,,,,,,,,,,,,,,,,,,,,,,,,,,,,,,,,,,
dig,1725840,,,,,[],50,,,,,,,,,,,,,,,,,,,,,,,,,,,,,,,,,,,,,,,,,,,,,,,,,,,,,,,,,,,,,,,,,,,,,,,
harvest,1727344,null,null,,74,,50,,,,,,97.78592491,0.760426131,0.756755127,,,,,,,,,,,,,,,,,,,,,,,,,,,,,,,,,,,,,,,,,,,,,,,,,,,,,,,,,,,,,,,
decision,1727645,299,76,,74,,50,,,,,,,,,377103,3,0,TRUE,,,,,,,,,,,,,,,,,,,,,,,,,,,,,,,,,,,,,,,,,,,,,,,,,,,,,,,,,,,
end_of_block,1758115,30452,32,,,,,,,,,,,,,,,,,,,,,,,,,,,,,,,,,,,,,,,,,,,,,,,,,,,,,,,,,,,,,,,,,,,,,,,,,,,
alien_welcome,1763159,null,null,,,,,,,,90,9,49,64,52,22,11,23,85,65,89,118,16,98,109,43,99,66,76,17,101,105,53,8,60,108,47,46,87,56,120,91,103,51,111,,,,,,,,,,,,,,,,,,,,,,,,,,,,,,,,,
land,1763711,null,null,,101.4404062,,51,,,,,,,,,,,,,,,,,,,,,,,,,,,,,,,,,,,,,,,,,,,,,,,,,,,,,,,,,,,,,,,,,,,,,,,
dig,1765721,,,,,[],51,,,,,,,,,,,,,,,,,,,,,,,,,,,,,,,,,,,,,,,,,,,,,,,,,,,,,,,,,,,,,,,,,,,,,,,
harvest,1767333,null,null,,21,,51,,,,,,101.4404062,0.203435653,0.207018099,,,,,,,,,,,,,,,,,,,,,,,,,,,,,,,,,,,,,,,,,,,,,,,,,,,,,,,,,,,,,,,
decision,1767485,150,76,,21,,51,,,,,,,,,9358,4,0,TRUE,,,,,,,,,,,,,,,,,,,,,,,,,,,,,,,,,,,,,,,,,,,,,,,,,,,,,,,,,,,
travel,1777356,,,,,[],51,,,,,,,,,,,,,,,,,,,,,,,,,,,,,,,,,,,,,,,,,,,,,,,,,,,,,,,,,,,,,,,,,,,,,,,
alien_welcome,1782362,null,null,,,,,,,,107,9,49,64,52,22,11,23,85,65,89,118,16,98,109,43,99,66,76,17,101,105,53,8,60,108,47,46,87,56,120,91,103,51,111,,,,,,,,,,,,,,,,,,,,,,,,,,,,,,,,,
land,1782872,null,null,,101.9378217,,52,,,,,,,,,,,,,,,,,,,,,,,,,,,,,,,,,,,,,,,,,,,,,,,,,,,,,,,,,,,,,,,,,,,,,,,
dig,1784882,,,,,[],52,,,,,,,,,,,,,,,,,,,,,,,,,,,,,,,,,,,,,,,,,,,,,,,,,,,,,,,,,,,,,,,,,,,,,,,
harvest,1786395,null,null,,19,,52,,,,,,101.9378217,0.185593735,0.18638813,,,,,,,,,,,,,,,,,,,,,,,,,,,,,,,,,,,,,,,,,,,,,,,,,,,,,,,,,,,,,,,
decision,1786618,216,76,,19,,52,,,,,,,,,28491,4,0,TRUE,,,,,,,,,,,,,,,,,,,,,,,,,,,,,,,,,,,,,,,,,,,,,,,,,,,,,,,,,,,
travel,1796430,,,,,[],52,,,,,,,,,,,,,,,,,,,,,,,,,,,,,,,,,,,,,,,,,,,,,,,,,,,,,,,,,,,,,,,,,,,,,,,
alien_welcome,1801436,null,null,,,,,,,,39,9,49,64,52,22,11,23,85,65,89,118,16,98,109,43,99,66,76,17,101,105,53,8,60,108,47,46,87,56,120,91,103,51,111,,,,,,,,,,,,,,,,,,,,,,,,,,,,,,,,,
land,1801942,null,null,,96.57559013,,53,,,,,,,,,,,,,,,,,,,,,,,,,,,,,,,,,,,,,,,,,,,,,,,,,,,,,,,,,,,,,,,,,,,,,,,
dig,1803952,,,,,[],53,,,,,,,,,,,,,,,,,,,,,,,,,,,,,,,,,,,,,,,,,,,,,,,,,,,,,,,,,,,,,,,,,,,,,,,
harvest,1805459,null,null,,10,,53,,,,,,96.57559013,0.107659838,0.103545834,,,,,,,,,,,,,,,,,,,,,,,,,,,,,,,,,,,,,,,,,,,,,,,,,,,,,,,,,,,,,,,
decision,1807463,null,null,,10,,53,,,,,,,,,49336,4,0,FALSE,,,,,,,,,,,,,,,,,,,,,,,,,,,,,,,,,,,,,,,,,,,,,,,,,,,,,,,,,,,
time_out,1809485,null,null,,10,,,,,,,,,,,,,,,,,,,,,,,,,,,,,,,,,,,,,,,,,,,,,,,,,,,,,,,,,,,,,,,,,,,,,,,,,
decision,1809954,464,65,,10,,53,,,,,,,,,51826,4,0,FALSE,,,,,,,,,,,,,,,,,,,,,,,,,,,,,,,,,,,,,,,,,,,,,,,,,,,,,,,,,,,
dig,1811506,,,,,[],53,,,,,,,,,,,,,,,,,,,,,,,,,,,,,,,,,,,,,,,,,,,,,,,,,,,,,,,,,,,,,,,,,,,,,,,
harvest,1813010,null,null,,2,,53,,,,,,10,0.229847537,0.2,,,,,,,,,,,,,,,,,,,,,,,,,,,,,,,,,,,,,,,,,,,,,,,,,,,,,,,,,,,,,,,
decision,1813732,716,65,,2,,53,,,,,,,,,55604,4,1,FALSE,,,,,,,,,,,,,,,,,,,,,,,,,,,,,,,,,,,,,,,,,,,,,,,,,,,,,,,,,,,
dig,1815045,,,,,[],53,,,,,,,,,,,,,,,,,,,,,,,,,,,,,,,,,,,,,,,,,,,,,,,,,,,,,,,,,,,,,,,,,,,,,,,
harvest,1816550,null,null,,0,,53,,,,,,2,0.204260848,0,,,,,,,,,,,,,,,,,,,,,,,,,,,,,,,,,,,,,,,,,,,,,,,,,,,,,,,,,,,,,,,
decision,1817429,871,76,,0,,53,,,,,,,,,59301,4,2,TRUE,,,,,,,,,,,,,,,,,,,,,,,,,,,,,,,,,,,,,,,,,,,,,,,,,,,,,,,,,,,
travel,1826569,,,,,[],53,,,,,,,,,,,,,,,,,,,,,,,,,,,,,,,,,,,,,,,,,,,,,,,,,,,,,,,,,,,,,,,,,,,,,,,
alien_welcome,1831574,null,null,,,,,,,,55,9,49,64,52,22,11,23,85,65,89,118,16,98,109,43,99,66,76,17,101,105,53,8,60,108,47,46,87,56,120,91,103,51,111,,,,,,,,,,,,,,,,,,,,,,,,,,,,,,,,,
land,1832079,null,null,,103.9601569,,54,,,,,,,,,,,,,,,,,,,,,,,,,,,,,,,,,,,,,,,,,,,,,,,,,,,,,,,,,,,,,,,,,,,,,,,
dig,1834088,,,,,[],54,,,,,,,,,,,,,,,,,,,,,,,,,,,,,,,,,,,,,,,,,,,,,,,,,,,,,,,,,,,,,,,,,,,,,,,
harvest,1835673,null,null,,79,,54,,,,,,103.9601569,0.760527462,0.75990651,,,,,,,,,,,,,,,,,,,,,,,,,,,,,,,,,,,,,,,,,,,,,,,,,,,,,,,,,,,,,,,
decision,1835714,37,65,,79,,54,,,,,,,,,77585,4,0,FALSE,,,,,,,,,,,,,,,,,,,,,,,,,,,,,,,,,,,,,,,,,,,,,,,,,,,,,,,,,,,
dig,1837691,,,,,[],54,,,,,,,,,,,,,,,,,,,,,,,,,,,,,,,,,,,,,,,,,,,,,,,,,,,,,,,,,,,,,,,,,,,,,,,
harvest,1839194,null,null,,67,,54,,,,,,79,0.845007476,0.848101266,,,,,,,,,,,,,,,,,,,,,,,,,,,,,,,,,,,,,,,,,,,,,,,,,,,,,,,,,,,,,,,
decision,1839258,62,65,,67,,54,,,,,,,,,81130,4,1,FALSE,,,,,,,,,,,,,,,,,,,,,,,,,,,,,,,,,,,,,,,,,,,,,,,,,,,,,,,,,,,
dig,1841205,,,,,[],54,,,,,,,,,,,,,,,,,,,,,,,,,,,,,,,,,,,,,,,,,,,,,,,,,,,,,,,,,,,,,,,,,,,,,,,
harvest,1842710,null,null,,54,,54,,,,,,67,0.803984419,0.805970149,,,,,,,,,,,,,,,,,,,,,,,,,,,,,,,,,,,,,,,,,,,,,,,,,,,,,,,,,,,,,,,
decision,1843099,387,65,,54,,54,,,,,,,,,84971,4,2,FALSE,,,,,,,,,,,,,,,,,,,,,,,,,,,,,,,,,,,,,,,,,,,,,,,,,,,,,,,,,,,
dig,1844723,,,,,[],54,,,,,,,,,,,,,,,,,,,,,,,,,,,,,,,,,,,,,,,,,,,,,,,,,,,,,,,,,,,,,,,,,,,,,,,
harvest,1846232,null,null,,40,,54,,,,,,54,0.749614038,0.740740741,,,,,,,,,,,,,,,,,,,,,,,,,,,,,,,,,,,,,,,,,,,,,,,,,,,,,,,,,,,,,,,
decision,1847778,1544,76,,40,,54,,,,,,,,,89649,4,3,TRUE,,,,,,,,,,,,,,,,,,,,,,,,,,,,,,,,,,,,,,,,,,,,,,,,,,,,,,,,,,,
travel,1856247,,,,,[],54,,,,,,,,,,,,,,,,,,,,,,,,,,,,,,,,,,,,,,,,,,,,,,,,,,,,,,,,,,,,,,,,,,,,,,,
alien_welcome,1861260,null,null,,,,,,,,20,9,49,64,52,22,11,23,85,65,89,118,16,98,109,43,99,66,76,17,101,105,53,8,60,108,47,46,87,56,120,91,103,51,111,,,,,,,,,,,,,,,,,,,,,,,,,,,,,,,,,
land,1861764,null,null,,104.7530447,,55,,,,,,,,,,,,,,,,,,,,,,,,,,,,,,,,,,,,,,,,,,,,,,,,,,,,,,,,,,,,,,,,,,,,,,,
dig,1863770,,,,,[],55,,,,,,,,,,,,,,,,,,,,,,,,,,,,,,,,,,,,,,,,,,,,,,,,,,,,,,,,,,,,,,,,,,,,,,,
harvest,1865274,null,null,,71,,55,,,,,,104.7530447,0.680616004,0.677784595,,,,,,,,,,,,,,,,,,,,,,,,,,,,,,,,,,,,,,,,,,,,,,,,,,,,,,,,,,,,,,,
decision,1867280,null,null,,71,,55,,,,,,,,,109152,4,0,FALSE,,,,,,,,,,,,,,,,,,,,,,,,,,,,,,,,,,,,,,,,,,,,,,,,,,,,,,,,,,,
time_out,1869307,null,null,,71,,,,,,,,,,,,,,,,,,,,,,,,,,,,,,,,,,,,,,,,,,,,,,,,,,,,,,,,,,,,,,,,,,,,,,,,,
decision,1869443,132,76,,71,,55,,,,,,,,,111314,4,0,TRUE,,,,,,,,,,,,,,,,,,,,,,,,,,,,,,,,,,,,,,,,,,,,,,,,,,,,,,,,,,,
travel,1879321,,,,,[],55,,,,,,,,,,,,,,,,,,,,,,,,,,,,,,,,,,,,,,,,,,,,,,,,,,,,,,,,,,,,,,,,,,,,,,,
alien_welcome,1884328,null,null,,,,,,,,4,9,49,64,52,22,11,23,85,65,89,118,16,98,109,43,99,66,76,17,101,105,53,8,60,108,47,46,87,56,120,91,103,51,111,,,,,,,,,,,,,,,,,,,,,,,,,,,,,,,,,
land,1884833,null,null,,98.25326283,,56,,,,,,,,,,,,,,,,,,,,,,,,,,,,,,,,,,,,,,,,,,,,,,,,,,,,,,,,,,,,,,,,,,,,,,,
dig,1886909,,,,,[],56,,,,,,,,,,,,,,,,,,,,,,,,,,,,,,,,,,,,,,,,,,,,,,,,,,,,,,,,,,,,,,,,,,,,,,,
harvest,1888411,null,null,,84,,56,,,,,,98.25326283,0.853391714,0.85493344,,,,,,,,,,,,,,,,,,,,,,,,,,,,,,,,,,,,,,,,,,,,,,,,,,,,,,,,,,,,,,,
decision,1888438,25,76,,84,,56,,,,,,,,,130310,4,0,TRUE,,,,,,,,,,,,,,,,,,,,,,,,,,,,,,,,,,,,,,,,,,,,,,,,,,,,,,,,,,,
travel,1898427,,,,,[],56,,,,,,,,,,,,,,,,,,,,,,,,,,,,,,,,,,,,,,,,,,,,,,,,,,,,,,,,,,,,,,,,,,,,,,,
alien_welcome,1903431,null,null,,,,,,,,26,9,49,64,52,22,11,23,85,65,89,118,16,98,109,43,99,66,76,17,101,105,53,8,60,108,47,46,87,56,120,91,103,51,111,,,,,,,,,,,,,,,,,,,,,,,,,,,,,,,,,
land,1903934,null,null,,101.2372134,,57,,,,,,,,,,,,,,,,,,,,,,,,,,,,,,,,,,,,,,,,,,,,,,,,,,,,,,,,,,,,,,,,,,,,,,,
dig,1905939,,,,,[],57,,,,,,,,,,,,,,,,,,,,,,,,,,,,,,,,,,,,,,,,,,,,,,,,,,,,,,,,,,,,,,,,,,,,,,,
harvest,1907441,null,null,,83,,57,,,,,,101.2372134,0.822110893,0.819856624,,,,,,,,,,,,,,,,,,,,,,,,,,,,,,,,,,,,,,,,,,,,,,,,,,,,,,,,,,,,,,,
decision,1907681,238,76,,83,,57,,,,,,,,,149553,4,0,TRUE,,,,,,,,,,,,,,,,,,,,,,,,,,,,,,,,,,,,,,,,,,,,,,,,,,,,,,,,,,,
travel,1917455,,,,,[],57,,,,,,,,,,,,,,,,,,,,,,,,,,,,,,,,,,,,,,,,,,,,,,,,,,,,,,,,,,,,,,,,,,,,,,,
alien_welcome,1922460,null,null,,,,,,,,84,9,49,64,52,22,11,23,85,65,89,118,16,98,109,43,99,66,76,17,101,105,53,8,60,108,47,46,87,56,120,91,103,51,111,,,,,,,,,,,,,,,,,,,,,,,,,,,,,,,,,
land,1922963,null,null,,99.95220323,,58,,,,,,,,,,,,,,,,,,,,,,,,,,,,,,,,,,,,,,,,,,,,,,,,,,,,,,,,,,,,,,,,,,,,,,,
dig,1924970,,,,,[],58,,,,,,,,,,,,,,,,,,,,,,,,,,,,,,,,,,,,,,,,,,,,,,,,,,,,,,,,,,,,,,,,,,,,,,,
harvest,1926482,null,null,,76,,58,,,,,,99.95220323,0.758946539,0.760363429,,,,,,,,,,,,,,,,,,,,,,,,,,,,,,,,,,,,,,,,,,,,,,,,,,,,,,,,,,,,,,,
decision,1926691,204,76,,76,,58,,,,,,,,,168563,4,0,TRUE,,,,,,,,,,,,,,,,,,,,,,,,,,,,,,,,,,,,,,,,,,,,,,,,,,,,,,,,,,,
travel,1936509,,,,,[],58,,,,,,,,,,,,,,,,,,,,,,,,,,,,,,,,,,,,,,,,,,,,,,,,,,,,,,,,,,,,,,,,,,,,,,,
alien_welcome,1941621,null,null,,,,,,,,82,9,49,64,52,22,11,23,85,65,89,118,16,98,109,43,99,66,76,17,101,105,53,8,60,108,47,46,87,56,120,91,103,51,111,,,,,,,,,,,,,,,,,,,,,,,,,,,,,,,,,
land,1942147,null,null,,112.0604228,,59,,,,,,,,,,,,,,,,,,,,,,,,,,,,,,,,,,,,,,,,,,,,,,,,,,,,,,,,,,,,,,,,,,,,,,,
dig,1944167,,,,,[],59,,,,,,,,,,,,,,,,,,,,,,,,,,,,,,,,,,,,,,,,,,,,,,,,,,,,,,,,,,,,,,,,,,,,,,,
harvest,1945671,null,null,,88,,59,,,,,,112.0604228,0.786536409,0.78529063,,,,,,,,,,,,,,,,,,,,,,,,,,,,,,,,,,,,,,,,,,,,,,,,,,,,,,,,,,,,,,,
decision,1946022,348,76,,88,,59,,,,,,,,,187894,4,0,TRUE,,,,,,,,,,,,,,,,,,,,,,,,,,,,,,,,,,,,,,,,,,,,,,,,,,,,,,,,,,,
travel,1955708,,,,,[],59,,,,,,,,,,,,,,,,,,,,,,,,,,,,,,,,,,,,,,,,,,,,,,,,,,,,,,,,,,,,,,,,,,,,,,,
alien_welcome,1960711,null,null,,,,,,,,106,9,49,64,52,22,11,23,85,65,89,118,16,98,109,43,99,66,76,17,101,105,53,8,60,108,47,46,87,56,120,91,103,51,111,,,,,,,,,,,,,,,,,,,,,,,,,,,,,,,,,
land,1961217,null,null,,99.2692189,,60,,,,,,,,,,,,,,,,,,,,,,,,,,,,,,,,,,,,,,,,,,,,,,,,,,,,,,,,,,,,,,,,,,,,,,,
dig,1963223,,,,,[],60,,,,,,,,,,,,,,,,,,,,,,,,,,,,,,,,,,,,,,,,,,,,,,,,,,,,,,,,,,,,,,,,,,,,,,,
harvest,1964728,null,null,,23,,60,,,,,,99.2692189,0.226806323,0.23169317,,,,,,,,,,,,,,,,,,,,,,,,,,,,,,,,,,,,,,,,,,,,,,,,,,,,,,,,,,,,,,,
decision,1964893,160,76,,23,,60,,,,,,,,,206765,4,0,TRUE,,,,,,,,,,,,,,,,,,,,,,,,,,,,,,,,,,,,,,,,,,,,,,,,,,,,,,,,,,,
travel,1974874,,,,,[],60,,,,,,,,,,,,,,,,,,,,,,,,,,,,,,,,,,,,,,,,,,,,,,,,,,,,,,,,,,,,,,,,,,,,,,,
alien_welcome,1979878,null,null,,,,,,,,27,9,49,64,52,22,11,23,85,65,89,118,16,98,109,43,99,66,76,17,101,105,53,8,60,108,47,46,87,56,120,91,103,51,111,,,,,,,,,,,,,,,,,,,,,,,,,,,,,,,,,
land,1980382,null,null,,101.7419272,,61,,,,,,,,,,,,,,,,,,,,,,,,,,,,,,,,,,,,,,,,,,,,,,,,,,,,,,,,,,,,,,,,,,,,,,,
dig,1982396,,,,,[],61,,,,,,,,,,,,,,,,,,,,,,,,,,,,,,,,,,,,,,,,,,,,,,,,,,,,,,,,,,,,,,,,,,,,,,,
harvest,1983902,null,null,,35,,61,,,,,,101.7419272,0.342716549,0.344007637,,,,,,,,,,,,,,,,,,,,,,,,,,,,,,,,,,,,,,,,,,,,,,,,,,,,,,,,,,,,,,,
decision,1983936,28,65,,35,,61,,,,,,,,,225808,4,0,FALSE,,,,,,,,,,,,,,,,,,,,,,,,,,,,,,,,,,,,,,,,,,,,,,,,,,,,,,,,,,,
dig,1985922,,,,,[],61,,,,,,,,,,,,,,,,,,,,,,,,,,,,,,,,,,,,,,,,,,,,,,,,,,,,,,,,,,,,,,,,,,,,,,,
harvest,1987425,null,null,,5,,61,,,,,,35,0.155238688,0.142857143,,,,,,,,,,,,,,,,,,,,,,,,,,,,,,,,,,,,,,,,,,,,,,,,,,,,,,,,,,,,,,,
decision,1987859,431,76,,5,,61,,,,,,,,,229731,4,1,TRUE,,,,,,,,,,,,,,,,,,,,,,,,,,,,,,,,,,,,,,,,,,,,,,,,,,,,,,,,,,,
travel,1997450,,,,,[],61,,,,,,,,,,,,,,,,,,,,,,,,,,,,,,,,,,,,,,,,,,,,,,,,,,,,,,,,,,,,,,,,,,,,,,,
alien_welcome,2002458,null,null,,,,,,,,62,9,49,64,52,22,11,23,85,65,89,118,16,98,109,43,99,66,76,17,101,105,53,8,60,108,47,46,87,56,120,91,103,51,111,,,,,,,,,,,,,,,,,,,,,,,,,,,,,,,,,
land,2002973,null,null,,100.7812225,,62,,,,,,,,,,,,,,,,,,,,,,,,,,,,,,,,,,,,,,,,,,,,,,,,,,,,,,,,,,,,,,,,,,,,,,,
dig,2005324,,,,,[],62,,,,,,,,,,,,,,,,,,,,,,,,,,,,,,,,,,,,,,,,,,,,,,,,,,,,,,,,,,,,,,,,,,,,,,,
harvest,2006857,null,null,,87,,62,,,,,,100.7812225,0.858891982,0.86325605,,,,,,,,,,,,,,,,,,,,,,,,,,,,,,,,,,,,,,,,,,,,,,,,,,,,,,,,,,,,,,,
decision,2007208,348,76,,87,,62,,,,,,,,,249079,4,0,TRUE,,,,,,,,,,,,,,,,,,,,,,,,,,,,,,,,,,,,,,,,,,,,,,,,,,,,,,,,,,,
travel,2016875,,,,,[],62,,,,,,,,,,,,,,,,,,,,,,,,,,,,,,,,,,,,,,,,,,,,,,,,,,,,,,,,,,,,,,,,,,,,,,,
alien_welcome,2021881,null,null,,,,,,,,96,9,49,64,52,22,11,23,85,65,89,118,16,98,109,43,99,66,76,17,101,105,53,8,60,108,47,46,87,56,120,91,103,51,111,,,,,,,,,,,,,,,,,,,,,,,,,,,,,,,,,
land,2022384,null,null,,97.04361675,,63,,,,,,,,,,,,,,,,,,,,,,,,,,,,,,,,,,,,,,,,,,,,,,,,,,,,,,,,,,,,,,,,,,,,,,,
dig,2024391,,,,,[],63,,,,,,,,,,,,,,,,,,,,,,,,,,,,,,,,,,,,,,,,,,,,,,,,,,,,,,,,,,,,,,,,,,,,,,,
harvest,2025899,null,null,,86,,63,,,,,,97.04361675,0.887742136,0.886199452,,,,,,,,,,,,,,,,,,,,,,,,,,,,,,,,,,,,,,,,,,,,,,,,,,,,,,,,,,,,,,,
decision,2027331,1429,76,,86,,63,,,,,,,,,269203,4,0,TRUE,,,,,,,,,,,,,,,,,,,,,,,,,,,,,,,,,,,,,,,,,,,,,,,,,,,,,,,,,,,
travel,2035916,,,,,[],63,,,,,,,,,,,,,,,,,,,,,,,,,,,,,,,,,,,,,,,,,,,,,,,,,,,,,,,,,,,,,,,,,,,,,,,
alien_welcome,2040925,null,null,,,,,,,,113,9,49,64,52,22,11,23,85,65,89,118,16,98,109,43,99,66,76,17,101,105,53,8,60,108,47,46,87,56,120,91,103,51,111,,,,,,,,,,,,,,,,,,,,,,,,,,,,,,,,,
land,2041430,null,null,,102.190474,,64,,,,,,,,,,,,,,,,,,,,,,,,,,,,,,,,,,,,,,,,,,,,,,,,,,,,,,,,,,,,,,,,,,,,,,,
dig,2043442,,,,,[],64,,,,,,,,,,,,,,,,,,,,,,,,,,,,,,,,,,,,,,,,,,,,,,,,,,,,,,,,,,,,,,,,,,,,,,,
harvest,2044948,null,null,,80,,64,,,,,,102.190474,0.781370339,0.782851834,,,,,,,,,,,,,,,,,,,,,,,,,,,,,,,,,,,,,,,,,,,,,,,,,,,,,,,,,,,,,,,
decision,2046554,1601,76,,80,,64,,,,,,,,,288425,4,0,TRUE,,,,,,,,,,,,,,,,,,,,,,,,,,,,,,,,,,,,,,,,,,,,,,,,,,,,,,,,,,,
travel,2054963,,,,,[],64,,,,,,,,,,,,,,,,,,,,,,,,,,,,,,,,,,,,,,,,,,,,,,,,,,,,,,,,,,,,,,,,,,,,,,,
alien_welcome,2059966,null,null,,,,,,,,21,9,49,64,52,22,11,23,85,65,89,118,16,98,109,43,99,66,76,17,101,105,53,8,60,108,47,46,87,56,120,91,103,51,111,,,,,,,,,,,,,,,,,,,,,,,,,,,,,,,,,
land,2060476,null,null,,98.24613804,,65,,,,,,,,,,,,,,,,,,,,,,,,,,,,,,,,,,,,,,,,,,,,,,,,,,,,,,,,,,,,,,,,,,,,,,,
dig,2062496,,,,,[],65,,,,,,,,,,,,,,,,,,,,,,,,,,,,,,,,,,,,,,,,,,,,,,,,,,,,,,,,,,,,,,,,,,,,,,,
harvest,2064004,null,null,,77,,65,,,,,,98.24613804,0.782224983,0.78374582,,,,,,,,,,,,,,,,,,,,,,,,,,,,,,,,,,,,,,,,,,,,,,,,,,,,,,,,,,,,,,,
decision,2064320,307,76,,77,,65,,,,,,,,,306192,4,0,TRUE,,,,,,,,,,,,,,,,,,,,,,,,,,,,,,,,,,,,,,,,,,,,,,,,,,,,,,,,,,,
travel,2074034,,,,,[],65,,,,,,,,,,,,,,,,,,,,,,,,,,,,,,,,,,,,,,,,,,,,,,,,,,,,,,,,,,,,,,,,,,,,,,,
alien_welcome,2079042,null,null,,,,,,,,114,9,49,64,52,22,11,23,85,65,89,118,16,98,109,43,99,66,76,17,101,105,53,8,60,108,47,46,87,56,120,91,103,51,111,,,,,,,,,,,,,,,,,,,,,,,,,,,,,,,,,
land,2079547,null,null,,105.2251908,,66,,,,,,,,,,,,,,,,,,,,,,,,,,,,,,,,,,,,,,,,,,,,,,,,,,,,,,,,,,,,,,,,,,,,,,,
dig,2081554,,,,,[],66,,,,,,,,,,,,,,,,,,,,,,,,,,,,,,,,,,,,,,,,,,,,,,,,,,,,,,,,,,,,,,,,,,,,,,,
harvest,2083056,null,null,,89,,66,,,,,,105.2251908,0.841614359,0.845805071,,,,,,,,,,,,,,,,,,,,,,,,,,,,,,,,,,,,,,,,,,,,,,,,,,,,,,,,,,,,,,,
decision,2083121,60,76,,89,,66,,,,,,,,,324993,4,0,TRUE,,,,,,,,,,,,,,,,,,,,,,,,,,,,,,,,,,,,,,,,,,,,,,,,,,,,,,,,,,,
travel,2093076,,,,,[],66,,,,,,,,,,,,,,,,,,,,,,,,,,,,,,,,,,,,,,,,,,,,,,,,,,,,,,,,,,,,,,,,,,,,,,,
alien_welcome,2098084,null,null,,,,,,,,71,9,49,64,52,22,11,23,85,65,89,118,16,98,109,43,99,66,76,17,101,105,53,8,60,108,47,46,87,56,120,91,103,51,111,,,,,,,,,,,,,,,,,,,,,,,,,,,,,,,,,
land,2098597,null,null,,99.57502342,,67,,,,,,,,,,,,,,,,,,,,,,,,,,,,,,,,,,,,,,,,,,,,,,,,,,,,,,,,,,,,,,,,,,,,,,,
dig,2100862,,,,,[],67,,,,,,,,,,,,,,,,,,,,,,,,,,,,,,,,,,,,,,,,,,,,,,,,,,,,,,,,,,,,,,,,,,,,,,,
harvest,2102575,null,null,,85,,67,,,,,,99.57502342,0.856231832,0.853627718,,,,,,,,,,,,,,,,,,,,,,,,,,,,,,,,,,,,,,,,,,,,,,,,,,,,,,,,,,,,,,,
decision,2102595,18,76,,85,,67,,,,,,,,,344466,4,0,TRUE,,,,,,,,,,,,,,,,,,,,,,,,,,,,,,,,,,,,,,,,,,,,,,,,,,,,,,,,,,,
travel,2112587,,,,,[],67,,,,,,,,,,,,,,,,,,,,,,,,,,,,,,,,,,,,,,,,,,,,,,,,,,,,,,,,,,,,,,,,,,,,,,,
alien_welcome,2117607,null,null,,,,,,,,73,9,49,64,52,22,11,23,85,65,89,118,16,98,109,43,99,66,76,17,101,105,53,8,60,108,47,46,87,56,120,91,103,51,111,,,,,,,,,,,,,,,,,,,,,,,,,,,,,,,,,
land,2118113,null,null,,105.5748489,,68,,,,,,,,,,,,,,,,,,,,,,,,,,,,,,,,,,,,,,,,,,,,,,,,,,,,,,,,,,,,,,,,,,,,,,,
dig,2120119,,,,,[],68,,,,,,,,,,,,,,,,,,,,,,,,,,,,,,,,,,,,,,,,,,,,,,,,,,,,,,,,,,,,,,,,,,,,,,,
harvest,2121673,null,null,,83,,68,,,,,,105.5748489,0.790810089,0.786172094,,,,,,,,,,,,,,,,,,,,,,,,,,,,,,,,,,,,,,,,,,,,,,,,,,,,,,,,,,,,,,,
decision,2121859,183,76,,83,,68,,,,,,,,,363731,4,0,TRUE,,,,,,,,,,,,,,,,,,,,,,,,,,,,,,,,,,,,,,,,,,,,,,,,,,,,,,,,,,,
end_of_block,2181883,null,null,,,,,,,,,,,,,,,,,,,,,,,,,,,,,,,,,,,,,,,,,,,,,,,,,,,,,,,,,,,,,,,,,,,,,,,,,,,
alien_welcome,2186928,null,null,,,,,,,,36,9,49,64,52,22,11,23,85,65,89,118,16,98,109,43,99,66,76,17,101,105,53,8,60,108,47,46,87,56,120,91,103,51,111,,,,,,,,,,,,,,,,,,,,,,,,,,,,,,,,,
land,2187432,null,null,,98.05041896,,69,,,,,,,,,,,,,,,,,,,,,,,,,,,,,,,,,,,,,,,,,,,,,,,,,,,,,,,,,,,,,,,,,,,,,,,
dig,2189440,,,,,[],69,,,,,,,,,,,,,,,,,,,,,,,,,,,,,,,,,,,,,,,,,,,,,,,,,,,,,,,,,,,,,,,,,,,,,,,
harvest,2190944,null,null,,51,,69,,,,,,98.05041896,0.524679404,0.520140562,,,,,,,,,,,,,,,,,,,,,,,,,,,,,,,,,,,,,,,,,,,,,,,,,,,,,,,,,,,,,,,
decision,2190958,10,76,,51,,69,,,,,,,,,9056,5,0,TRUE,,,,,,,,,,,,,,,,,,,,,,,,,,,,,,,,,,,,,,,,,,,,,,,,,,,,,,,,,,,
travel,2200966,,,,,[],69,,,,,,,,,,,,,,,,,,,,,,,,,,,,,,,,,,,,,,,,,,,,,,,,,,,,,,,,,,,,,,,,,,,,,,,
alien_welcome,2205975,null,null,,,,,,,,40,9,49,64,52,22,11,23,85,65,89,118,16,98,109,43,99,66,76,17,101,105,53,8,60,108,47,46,87,56,120,91,103,51,111,,,,,,,,,,,,,,,,,,,,,,,,,,,,,,,,,
land,2206484,null,null,,93.86032557,,70,,,,,,,,,,,,,,,,,,,,,,,,,,,,,,,,,,,,,,,,,,,,,,,,,,,,,,,,,,,,,,,,,,,,,,,
dig,2208498,,,,,[],70,,,,,,,,,,,,,,,,,,,,,,,,,,,,,,,,,,,,,,,,,,,,,,,,,,,,,,,,,,,,,,,,,,,,,,,
harvest,2210001,null,null,,52,,70,,,,,,93.86032557,0.558121916,0.554014699,,,,,,,,,,,,,,,,,,,,,,,,,,,,,,,,,,,,,,,,,,,,,,,,,,,,,,,,,,,,,,,
decision,2210093,90,76,,52,,70,,,,,,,,,28193,5,0,TRUE,,,,,,,,,,,,,,,,,,,,,,,,,,,,,,,,,,,,,,,,,,,,,,,,,,,,,,,,,,,
travel,2220021,,,,,[],70,,,,,,,,,,,,,,,,,,,,,,,,,,,,,,,,,,,,,,,,,,,,,,,,,,,,,,,,,,,,,,,,,,,,,,,
alien_welcome,2225030,null,null,,,,,,,,34,9,49,64,52,22,11,23,85,65,89,118,16,98,109,43,99,66,76,17,101,105,53,8,60,108,47,46,87,56,120,91,103,51,111,,,,,,,,,,,,,,,,,,,,,,,,,,,,,,,,,
land,2225540,null,null,,108.2402795,,71,,,,,,,,,,,,,,,,,,,,,,,,,,,,,,,,,,,,,,,,,,,,,,,,,,,,,,,,,,,,,,,,,,,,,,,
dig,2227550,,,,,[],71,,,,,,,,,,,,,,,,,,,,,,,,,,,,,,,,,,,,,,,,,,,,,,,,,,,,,,,,,,,,,,,,,,,,,,,
harvest,2229055,null,null,,53,,71,,,,,,108.2402795,0.492712886,0.48965136,,,,,,,,,,,,,,,,,,,,,,,,,,,,,,,,,,,,,,,,,,,,,,,,,,,,,,,,,,,,,,,
decision,2229461,403,76,,53,,71,,,,,,,,,47560,5,0,TRUE,,,,,,,,,,,,,,,,,,,,,,,,,,,,,,,,,,,,,,,,,,,,,,,,,,,,,,,,,,,
travel,2239081,,,,,[],71,,,,,,,,,,,,,,,,,,,,,,,,,,,,,,,,,,,,,,,,,,,,,,,,,,,,,,,,,,,,,,,,,,,,,,,
alien_welcome,2244087,null,null,,,,,,,,30,9,49,64,52,22,11,23,85,65,89,118,16,98,109,43,99,66,76,17,101,105,53,8,60,108,47,46,87,56,120,91,103,51,111,,,,,,,,,,,,,,,,,,,,,,,,,,,,,,,,,
land,2244602,null,null,,98.08026921,,72,,,,,,,,,,,,,,,,,,,,,,,,,,,,,,,,,,,,,,,,,,,,,,,,,,,,,,,,,,,,,,,,,,,,,,,
dig,2246724,,,,,[],72,,,,,,,,,,,,,,,,,,,,,,,,,,,,,,,,,,,,,,,,,,,,,,,,,,,,,,,,,,,,,,,,,,,,,,,
harvest,2248228,null,null,,47,,72,,,,,,98.08026921,0.477875415,0.479199337,,,,,,,,,,,,,,,,,,,,,,,,,,,,,,,,,,,,,,,,,,,,,,,,,,,,,,,,,,,,,,,
decision,2249003,772,76,,47,,72,,,,,,,,,67101,5,0,TRUE,,,,,,,,,,,,,,,,,,,,,,,,,,,,,,,,,,,,,,,,,,,,,,,,,,,,,,,,,,,
travel,2258245,,,,,[],72,,,,,,,,,,,,,,,,,,,,,,,,,,,,,,,,,,,,,,,,,,,,,,,,,,,,,,,,,,,,,,,,,,,,,,,
alien_welcome,2263250,null,null,,,,,,,,41,9,49,64,52,22,11,23,85,65,89,118,16,98,109,43,99,66,76,17,101,105,53,8,60,108,47,46,87,56,120,91,103,51,111,,,,,,,,,,,,,,,,,,,,,,,,,,,,,,,,,
land,2263753,null,null,,108.0516218,,73,,,,,,,,,,,,,,,,,,,,,,,,,,,,,,,,,,,,,,,,,,,,,,,,,,,,,,,,,,,,,,,,,,,,,,,
dig,2265762,,,,,[],73,,,,,,,,,,,,,,,,,,,,,,,,,,,,,,,,,,,,,,,,,,,,,,,,,,,,,,,,,,,,,,,,,,,,,,,
harvest,2267264,null,null,,53,,73,,,,,,108.0516218,0.493741173,0.490506289,,,,,,,,,,,,,,,,,,,,,,,,,,,,,,,,,,,,,,,,,,,,,,,,,,,,,,,,,,,,,,,
decision,2268133,862,76,,53,,73,,,,,,,,,86232,5,0,TRUE,,,,,,,,,,,,,,,,,,,,,,,,,,,,,,,,,,,,,,,,,,,,,,,,,,,,,,,,,,,
travel,2277312,,,,,[],73,,,,,,,,,,,,,,,,,,,,,,,,,,,,,,,,,,,,,,,,,,,,,,,,,,,,,,,,,,,,,,,,,,,,,,,
alien_welcome,2282370,null,null,,,,,,,,38,9,49,64,52,22,11,23,85,65,89,118,16,98,109,43,99,66,76,17,101,105,53,8,60,108,47,46,87,56,120,91,103,51,111,,,,,,,,,,,,,,,,,,,,,,,,,,,,,,,,,
land,2282874,null,null,,99.98004919,,74,,,,,,,,,,,,,,,,,,,,,,,,,,,,,,,,,,,,,,,,,,,,,,,,,,,,,,,,,,,,,,,,,,,,,,,
dig,2284884,,,,,[],74,,,,,,,,,,,,,,,,,,,,,,,,,,,,,,,,,,,,,,,,,,,,,,,,,,,,,,,,,,,,,,,,,,,,,,,
harvest,2286391,null,null,,48,,74,,,,,,99.98004919,0.475213943,0.480095783,,,,,,,,,,,,,,,,,,,,,,,,,,,,,,,,,,,,,,,,,,,,,,,,,,,,,,,,,,,,,,,
decision,2286418,25,76,,48,,74,,,,,,,,,104516,5,0,TRUE,,,,,,,,,,,,,,,,,,,,,,,,,,,,,,,,,,,,,,,,,,,,,,,,,,,,,,,,,,,
travel,2296408,,,,,[],74,,,,,,,,,,,,,,,,,,,,,,,,,,,,,,,,,,,,,,,,,,,,,,,,,,,,,,,,,,,,,,,,,,,,,,,
alien_welcome,2301417,null,null,,,,,,,,25,9,49,64,52,22,11,23,85,65,89,118,16,98,109,43,99,66,76,17,101,105,53,8,60,108,47,46,87,56,120,91,103,51,111,,,,,,,,,,,,,,,,,,,,,,,,,,,,,,,,,
land,2301920,null,null,,100.5295243,,75,,,,,,,,,,,,,,,,,,,,,,,,,,,,,,,,,,,,,,,,,,,,,,,,,,,,,,,,,,,,,,,,,,,,,,,
dig,2303930,,,,,[],75,,,,,,,,,,,,,,,,,,,,,,,,,,,,,,,,,,,,,,,,,,,,,,,,,,,,,,,,,,,,,,,,,,,,,,,
harvest,2305435,null,null,,40,,75,,,,,,100.5295243,0.398170999,0.397893059,,,,,,,,,,,,,,,,,,,,,,,,,,,,,,,,,,,,,,,,,,,,,,,,,,,,,,,,,,,,,,,
decision,2305479,41,76,,40,,75,,,,,,,,,123577,5,0,TRUE,,,,,,,,,,,,,,,,,,,,,,,,,,,,,,,,,,,,,,,,,,,,,,,,,,,,,,,,,,,
travel,2315452,,,,,[],75,,,,,,,,,,,,,,,,,,,,,,,,,,,,,,,,,,,,,,,,,,,,,,,,,,,,,,,,,,,,,,,,,,,,,,,
alien_welcome,2320455,null,null,,,,,,,,93,9,49,64,52,22,11,23,85,65,89,118,16,98,109,43,99,66,76,17,101,105,53,8,60,108,47,46,87,56,120,91,103,51,111,,,,,,,,,,,,,,,,,,,,,,,,,,,,,,,,,
land,2320958,null,null,,105.6256438,,76,,,,,,,,,,,,,,,,,,,,,,,,,,,,,,,,,,,,,,,,,,,,,,,,,,,,,,,,,,,,,,,,,,,,,,,
dig,2322967,,,,,[],76,,,,,,,,,,,,,,,,,,,,,,,,,,,,,,,,,,,,,,,,,,,,,,,,,,,,,,,,,,,,,,,,,,,,,,,
harvest,2324476,null,null,,59,,76,,,,,,105.6256438,0.557027023,0.558576477,,,,,,,,,,,,,,,,,,,,,,,,,,,,,,,,,,,,,,,,,,,,,,,,,,,,,,,,,,,,,,,
decision,2325859,1379,76,,59,,76,,,,,,,,,143957,5,0,TRUE,,,,,,,,,,,,,,,,,,,,,,,,,,,,,,,,,,,,,,,,,,,,,,,,,,,,,,,,,,,
travel,2334493,,,,,[],76,,,,,,,,,,,,,,,,,,,,,,,,,,,,,,,,,,,,,,,,,,,,,,,,,,,,,,,,,,,,,,,,,,,,,,,
alien_welcome,2339503,null,null,,,,,,,,14,9,49,64,52,22,11,23,85,65,89,118,16,98,109,43,99,66,76,17,101,105,53,8,60,108,47,46,87,56,120,91,103,51,111,,,,,,,,,,,,,,,,,,,,,,,,,,,,,,,,,
land,2340008,null,null,,99.09207298,,77,,,,,,,,,,,,,,,,,,,,,,,,,,,,,,,,,,,,,,,,,,,,,,,,,,,,,,,,,,,,,,,,,,,,,,,
dig,2342015,,,,,[],77,,,,,,,,,,,,,,,,,,,,,,,,,,,,,,,,,,,,,,,,,,,,,,,,,,,,,,,,,,,,,,,,,,,,,,,
harvest,2343519,null,null,,48,,77,,,,,,99.09207298,0.480430253,0.48439798,,,,,,,,,,,,,,,,,,,,,,,,,,,,,,,,,,,,,,,,,,,,,,,,,,,,,,,,,,,,,,,
decision,2344270,745,76,,48,,77,,,,,,,,,162369,5,0,TRUE,,,,,,,,,,,,,,,,,,,,,,,,,,,,,,,,,,,,,,,,,,,,,,,,,,,,,,,,,,,
travel,2353542,,,,,[],77,,,,,,,,,,,,,,,,,,,,,,,,,,,,,,,,,,,,,,,,,,,,,,,,,,,,,,,,,,,,,,,,,,,,,,,
alien_welcome,2358552,null,null,,,,,,,,6,9,49,64,52,22,11,23,85,65,89,118,16,98,109,43,99,66,76,17,101,105,53,8,60,108,47,46,87,56,120,91,103,51,111,,,,,,,,,,,,,,,,,,,,,,,,,,,,,,,,,
land,2359062,null,null,,106.5424668,,78,,,,,,,,,,,,,,,,,,,,,,,,,,,,,,,,,,,,,,,,,,,,,,,,,,,,,,,,,,,,,,,,,,,,,,,
dig,2361072,,,,,[],78,,,,,,,,,,,,,,,,,,,,,,,,,,,,,,,,,,,,,,,,,,,,,,,,,,,,,,,,,,,,,,,,,,,,,,,
harvest,2362578,null,null,,53,,78,,,,,,106.5424668,0.497263648,0.497454223,,,,,,,,,,,,,,,,,,,,,,,,,,,,,,,,,,,,,,,,,,,,,,,,,,,,,,,,,,,,,,,
decision,2365002,null,null,,53,,78,,,,,,,,,183101,5,0,FALSE,,,,,,,,,,,,,,,,,,,,,,,,,,,,,,,,,,,,,,,,,,,,,,,,,,,,,,,,,,,
time_out,2367025,null,null,,53,,,,,,,,,,,,,,,,,,,,,,,,,,,,,,,,,,,,,,,,,,,,,,,,,,,,,,,,,,,,,,,,,,,,,,,,,
decision,2367924,893,65,,53,,78,,,,,,,,,186023,5,0,FALSE,,,,,,,,,,,,,,,,,,,,,,,,,,,,,,,,,,,,,,,,,,,,,,,,,,,,,,,,,,,
dig,2369050,,,,,[],78,,,,,,,,,,,,,,,,,,,,,,,,,,,,,,,,,,,,,,,,,,,,,,,,,,,,,,,,,,,,,,,,,,,,,,,
harvest,2370606,null,null,,25,,78,,,,,,53,0.464398743,0.471698113,,,,,,,,,,,,,,,,,,,,,,,,,,,,,,,,,,,,,,,,,,,,,,,,,,,,,,,,,,,,,,,
decision,2370712,103,76,,25,,78,,,,,,,,,188811,5,1,TRUE,,,,,,,,,,,,,,,,,,,,,,,,,,,,,,,,,,,,,,,,,,,,,,,,,,,,,,,,,,,
travel,2380631,,,,,[],78,,,,,,,,,,,,,,,,,,,,,,,,,,,,,,,,,,,,,,,,,,,,,,,,,,,,,,,,,,,,,,,,,,,,,,,
alien_welcome,2385635,null,null,,,,,,,,24,9,49,64,52,22,11,23,85,65,89,118,16,98,109,43,99,66,76,17,101,105,53,8,60,108,47,46,87,56,120,91,103,51,111,,,,,,,,,,,,,,,,,,,,,,,,,,,,,,,,,
land,2386142,null,null,,96.71099325,,79,,,,,,,,,,,,,,,,,,,,,,,,,,,,,,,,,,,,,,,,,,,,,,,,,,,,,,,,,,,,,,,,,,,,,,,
dig,2388151,,,,,[],79,,,,,,,,,,,,,,,,,,,,,,,,,,,,,,,,,,,,,,,,,,,,,,,,,,,,,,,,,,,,,,,,,,,,,,,
harvest,2389664,null,null,,47,,79,,,,,,96.71099325,0.485925366,0.485984048,,,,,,,,,,,,,,,,,,,,,,,,,,,,,,,,,,,,,,,,,,,,,,,,,,,,,,,,,,,,,,,
decision,2390184,515,76,,47,,79,,,,,,,,,208283,5,0,TRUE,,,,,,,,,,,,,,,,,,,,,,,,,,,,,,,,,,,,,,,,,,,,,,,,,,,,,,,,,,,
travel,2399674,,,,,[],79,,,,,,,,,,,,,,,,,,,,,,,,,,,,,,,,,,,,,,,,,,,,,,,,,,,,,,,,,,,,,,,,,,,,,,,
alien_welcome,2404738,null,null,,,,,,,,95,9,49,64,52,22,11,23,85,65,89,118,16,98,109,43,99,66,76,17,101,105,53,8,60,108,47,46,87,56,120,91,103,51,111,,,,,,,,,,,,,,,,,,,,,,,,,,,,,,,,,
land,2405244,null,null,,106.7964708,,80,,,,,,,,,,,,,,,,,,,,,,,,,,,,,,,,,,,,,,,,,,,,,,,,,,,,,,,,,,,,,,,,,,,,,,,
dig,2407250,,,,,[],80,,,,,,,,,,,,,,,,,,,,,,,,,,,,,,,,,,,,,,,,,,,,,,,,,,,,,,,,,,,,,,,,,,,,,,,
harvest,2408969,null,null,,45,,80,,,,,,106.7964708,0.424645491,0.421362239,,,,,,,,,,,,,,,,,,,,,,,,,,,,,,,,,,,,,,,,,,,,,,,,,,,,,,,,,,,,,,,
decision,2409176,109,76,,45,,80,,,,,,,,,227276,5,0,TRUE,,,,,,,,,,,,,,,,,,,,,,,,,,,,,,,,,,,,,,,,,,,,,,,,,,,,,,,,,,,
travel,2419085,,,,,[],80,,,,,,,,,,,,,,,,,,,,,,,,,,,,,,,,,,,,,,,,,,,,,,,,,,,,,,,,,,,,,,,,,,,,,,,
alien_welcome,2424089,null,null,,,,,,,,72,9,49,64,52,22,11,23,85,65,89,118,16,98,109,43,99,66,76,17,101,105,53,8,60,108,47,46,87,56,120,91,103,51,111,,,,,,,,,,,,,,,,,,,,,,,,,,,,,,,,,
land,2424730,null,null,,97.2768354,,81,,,,,,,,,,,,,,,,,,,,,,,,,,,,,,,,,,,,,,,,,,,,,,,,,,,,,,,,,,,,,,,,,,,,,,,
dig,2426911,,,,,[],81,,,,,,,,,,,,,,,,,,,,,,,,,,,,,,,,,,,,,,,,,,,,,,,,,,,,,,,,,,,,,,,,,,,,,,,
harvest,2428420,null,null,,58,,81,,,,,,97.2768354,0.595967547,0.596236501,,,,,,,,,,,,,,,,,,,,,,,,,,,,,,,,,,,,,,,,,,,,,,,,,,,,,,,,,,,,,,,
decision,2428549,127,76,,58,,81,,,,,,,,,246647,5,0,TRUE,,,,,,,,,,,,,,,,,,,,,,,,,,,,,,,,,,,,,,,,,,,,,,,,,,,,,,,,,,,
travel,2438480,,,,,[],81,,,,,,,,,,,,,,,,,,,,,,,,,,,,,,,,,,,,,,,,,,,,,,,,,,,,,,,,,,,,,,,,,,,,,,,
alien_welcome,2443490,null,null,,,,,,,,57,9,49,64,52,22,11,23,85,65,89,118,16,98,109,43,99,66,76,17,101,105,53,8,60,108,47,46,87,56,120,91,103,51,111,,,,,,,,,,,,,,,,,,,,,,,,,,,,,,,,,
land,2444005,null,null,,94.03776888,,82,,,,,,,,,,,,,,,,,,,,,,,,,,,,,,,,,,,,,,,,,,,,,,,,,,,,,,,,,,,,,,,,,,,,,,,
dig,2446015,,,,,[],82,,,,,,,,,,,,,,,,,,,,,,,,,,,,,,,,,,,,,,,,,,,,,,,,,,,,,,,,,,,,,,,,,,,,,,,
harvest,2447518,null,null,,47,,82,,,,,,94.03776888,0.49611822,0.499799182,,,,,,,,,,,,,,,,,,,,,,,,,,,,,,,,,,,,,,,,,,,,,,,,,,,,,,,,,,,,,,,
decision,2447640,116,76,,47,,82,,,,,,,,,265738,5,0,TRUE,,,,,,,,,,,,,,,,,,,,,,,,,,,,,,,,,,,,,,,,,,,,,,,,,,,,,,,,,,,
travel,2457546,,,,,[],82,,,,,,,,,,,,,,,,,,,,,,,,,,,,,,,,,,,,,,,,,,,,,,,,,,,,,,,,,,,,,,,,,,,,,,,
alien_welcome,2462564,null,null,,,,,,,,94,9,49,64,52,22,11,23,85,65,89,118,16,98,109,43,99,66,76,17,101,105,53,8,60,108,47,46,87,56,120,91,103,51,111,,,,,,,,,,,,,,,,,,,,,,,,,,,,,,,,,
land,2463068,null,null,,105.0079306,,83,,,,,,,,,,,,,,,,,,,,,,,,,,,,,,,,,,,,,,,,,,,,,,,,,,,,,,,,,,,,,,,,,,,,,,,
dig,2465081,,,,,[],83,,,,,,,,,,,,,,,,,,,,,,,,,,,,,,,,,,,,,,,,,,,,,,,,,,,,,,,,,,,,,,,,,,,,,,,
harvest,2466598,null,null,,53,,83,,,,,,105.0079306,0.503445923,0.504723783,,,,,,,,,,,,,,,,,,,,,,,,,,,,,,,,,,,,,,,,,,,,,,,,,,,,,,,,,,,,,,,
decision,2466932,322,76,,53,,83,,,,,,,,,285031,5,0,TRUE,,,,,,,,,,,,,,,,,,,,,,,,,,,,,,,,,,,,,,,,,,,,,,,,,,,,,,,,,,,
travel,2476723,,,,,[],83,,,,,,,,,,,,,,,,,,,,,,,,,,,,,,,,,,,,,,,,,,,,,,,,,,,,,,,,,,,,,,,,,,,,,,,
alien_welcome,2481732,null,null,,,,,,,,79,9,49,64,52,22,11,23,85,65,89,118,16,98,109,43,99,66,76,17,101,105,53,8,60,108,47,46,87,56,120,91,103,51,111,,,,,,,,,,,,,,,,,,,,,,,,,,,,,,,,,
land,2482244,null,null,,104.0026486,,84,,,,,,,,,,,,,,,,,,,,,,,,,,,,,,,,,,,,,,,,,,,,,,,,,,,,,,,,,,,,,,,,,,,,,,,
dig,2484250,,,,,[],84,,,,,,,,,,,,,,,,,,,,,,,,,,,,,,,,,,,,,,,,,,,,,,,,,,,,,,,,,,,,,,,,,,,,,,,
harvest,2485755,null,null,,79,,84,,,,,,104.0026486,0.755054708,0.75959604,,,,,,,,,,,,,,,,,,,,,,,,,,,,,,,,,,,,,,,,,,,,,,,,,,,,,,,,,,,,,,,
decision,2485938,180,76,,79,,84,,,,,,,,,304036,5,0,TRUE,,,,,,,,,,,,,,,,,,,,,,,,,,,,,,,,,,,,,,,,,,,,,,,,,,,,,,,,,,,
travel,2495778,,,,,[],84,,,,,,,,,,,,,,,,,,,,,,,,,,,,,,,,,,,,,,,,,,,,,,,,,,,,,,,,,,,,,,,,,,,,,,,
alien_welcome,2500878,null,null,,,,,,,,97,9,49,64,52,22,11,23,85,65,89,118,16,98,109,43,99,66,76,17,101,105,53,8,60,108,47,46,87,56,120,91,103,51,111,,,,,,,,,,,,,,,,,,,,,,,,,,,,,,,,,
land,2501384,null,null,,90.7922973,,85,,,,,,,,,,,,,,,,,,,,,,,,,,,,,,,,,,,,,,,,,,,,,,,,,,,,,,,,,,,,,,,,,,,,,,,
dig,2503393,,,,,[],85,,,,,,,,,,,,,,,,,,,,,,,,,,,,,,,,,,,,,,,,,,,,,,,,,,,,,,,,,,,,,,,,,,,,,,,
harvest,2504897,null,null,,80,,85,,,,,,90.7922973,0.883900447,0.881132017,,,,,,,,,,,,,,,,,,,,,,,,,,,,,,,,,,,,,,,,,,,,,,,,,,,,,,,,,,,,,,,
decision,2505466,566,76,,80,,85,,,,,,,,,323565,5,0,TRUE,,,,,,,,,,,,,,,,,,,,,,,,,,,,,,,,,,,,,,,,,,,,,,,,,,,,,,,,,,,
travel,2514971,,,,,[],85,,,,,,,,,,,,,,,,,,,,,,,,,,,,,,,,,,,,,,,,,,,,,,,,,,,,,,,,,,,,,,,,,,,,,,,
alien_welcome,2519982,null,null,,,,,,,,83,9,49,64,52,22,11,23,85,65,89,118,16,98,109,43,99,66,76,17,101,105,53,8,60,108,47,46,87,56,120,91,103,51,111,,,,,,,,,,,,,,,,,,,,,,,,,,,,,,,,,
land,2520487,null,null,,106.6959739,,86,,,,,,,,,,,,,,,,,,,,,,,,,,,,,,,,,,,,,,,,,,,,,,,,,,,,,,,,,,,,,,,,,,,,,,,
dig,2522493,,,,,[],86,,,,,,,,,,,,,,,,,,,,,,,,,,,,,,,,,,,,,,,,,,,,,,,,,,,,,,,,,,,,,,,,,,,,,,,
harvest,2523995,null,null,,96,,86,,,,,,106.6959739,0.900940705,0.899752788,,,,,,,,,,,,,,,,,,,,,,,,,,,,,,,,,,,,,,,,,,,,,,,,,,,,,,,,,,,,,,,
decision,2525998,null,null,,96,,86,,,,,,,,,344097,5,0,FALSE,,,,,,,,,,,,,,,,,,,,,,,,,,,,,,,,,,,,,,,,,,,,,,,,,,,,,,,,,,,
time_out,2528470,null,null,,96,,,,,,,,,,,,,,,,,,,,,,,,,,,,,,,,,,,,,,,,,,,,,,,,,,,,,,,,,,,,,,,,,,,,,,,,,
decision,2530562,null,null,,96,,86,,,,,,,,,348697,5,0,FALSE,,,,,,,,,,,,,,,,,,,,,,,,,,,,,,,,,,,,,,,,,,,,,,,,,,,,,,,,,,,
time_out,2532661,null,null,,96,,,,,,,,,,,,,,,,,,,,,,,,,,,,,,,,,,,,,,,,,,,,,,,,,,,,,,,,,,,,,,,,,,,,,,,,,
decision,2534665,null,null,,96,,86,,,,,,,,,352764,5,0,FALSE,,,,,,,,,,,,,,,,,,,,,,,,,,,,,,,,,,,,,,,,,,,,,,,,,,,,,,,,,,,
time_out,2536682,null,null,,96,,,,,,,,,,,,,,,,,,,,,,,,,,,,,,,,,,,,,,,,,,,,,,,,,,,,,,,,,,,,,,,,,,,,,,,,,
decision,2538688,null,null,,96,,86,,,,,,,,,356787,5,0,FALSE,,,,,,,,,,,,,,,,,,,,,,,,,,,,,,,,,,,,,,,,,,,,,,,,,,,,,,,,,,,
time_out,2540704,null,null,,96,,,,,,,,,,,,,,,,,,,,,,,,,,,,,,,,,,,,,,,,,,,,,,,,,,,,,,,,,,,,,,,,,,,,,,,,,
decision,2542709,null,null,,96,,86,,,,,,,,,360808,5,0,TRUE,,,,,,,,,,,,,,,,,,,,,,,,,,,,,,,,,,,,,,,,,,,,,,,,,,,,,,,,,,,
catch,2552727,null,null,,96,,,,,,,,,,,,,,,,,,,,,,,,,,,,,,,,,,,,,,,,,,,,,,,,,,,,,,,,,,,,,,,,,,,,,,,,,
end_of_exp,2748536,195798,32,,,,,,,,,,,,,,,,,2,4,,,,,,,,,,,,,,,,,,,,,,,,,,,,,,,,,,,,,,,,,,,,,,,,,,,,,,,,,
debrief,3027090,278545,,,,{planet_threshold:no,planet_threshold_desc:,dig_threshold:no,dig_threshold_desc:,surprise:no,surprise_desc:,dynamic:no,dynamic_desc:,other:no,other_desc:,feedback:GOOD},,,,,,,,,,,,,,,,,,,,,,,,,,,,,,,,,,,,,,,,,,,,,,,,,,,,,,,,,,,,,,
demo,3276424,249324,,,,{age:63,gender:female},,,,,,,,,,,,,,,,,,,,,,,,,,,,,,,,,,,,,,,,,,,,,,,,,,,,,,,,,,,,,,,,,,,,,,,
quic_intro,3286121,9685,,,,{},,,,,,,,,,,,,,,,,,,,,,,,,,,,,,,,,,,,,,,,,,,,,,,,,,,,,,,,,,,,,,,,,,,,,,,,
quic_prior_12,3426972,140839,,,,{Q0:Yes,Q1:Yes,Q2:Yes,Q3:Yes,Q4:Yes,Q5:Yes,Q6:Yes,Q7:Yes,Q8:Yes},,,,,,,,,,,,,,,,[0,1,2,3,4,5,6,7,8],,,,,,,,,,,,,,,,,,,,,,,,,,,,,,,,,,,,,,,,
quic_prior_18,3896623,469631,,,,{Q0:Yes,Q1:Yes,Q2:Yes,Q3:No,Q4:Yes,Q5:No,Q6:Yes,Q7:Yes,Q8:Yes,Q9:Yes,Q10:Yes,Q11:No,Q12:No,Q13:Yes,Q14:Yes,Q15:Yes,Q16:Yes,Q17:No,Q18:Yes,Q19:Yes,Q20:Yes,Q21:Yes,Q22:Yes,Q23:Yes,Q24:Yes,Q25:Yes,Q26:Yes,Q27:Yes,Q28:No},,,,,,,,,,,,,,,,[0,1,2,3,4,5,6,7,8,9,10,11,12,13,14,15,16,17,18,19,20,21,22,23,24,25,26,27,28]
lec_intro,3903981,7346,,,,{},,,,,,,,,,,,,,,,,,,,,,,,,,,,,,,,,,,,,,,,,,,,,,,,,,,,,,,,,,,,,,,,,,,,,,,,
lec_survey,4203734,299659,,,,{Q0:[Learned about it],Q1:[Happened to me],Q2:[Part of my job],Q3:[Part of my job],Q4:[Learned about it],Q5:[Learned about it],Q6:[Happened to me],Q7:[Witnessed it],Q8:[Witnessed it],Q9:[Learned about it],Q10:[Witnessed it],Q11:[Not sure],Q12:[Learned about it],Q13:[Not sure],Q14:[Doesn’t apply],Q15:[Learned about it],Q16:[Learned about it]},,,,,,,,,,,,,,,,[0,1,2,3,4,5,6,7,8,9,10,11,12,13,14,15,16],,,,,,,,,,,,,,,,,,,,,,,,
pcl_intro,4255712,51966,,,,{Q0:Sexual assault (rape, attempted rape, made to perform any type of sexual act through force or threat of harm)},,,,,,,,,,,,,,,,[0],,,,,,,,,,,,,,,,,,,,,,,,,,,,,,,,,,,,,,,,,,,,,,,,,,,,,,
pcl_survey,4356426,100694,,,,{Q0:Moderately,Q1:Quite a bit,Q2:A little bit,Q3:Moderately,Q4:A little bit,Q5:Moderately,Q6:Moderately,Q7:Quite a bit,Q8:Quite a bit,Q9:Moderately,Q10:Moderately,Q11:A little bit,Q12:Moderately,Q13:Moderately,Q14:A little bit,Q15:Moderately,Q16:Quite a bit,Q17:Moderately,Q18:Moderately,Q19:A little bit},,,,,,,,,,,,,,,,[0,1,2,3,4,5,6,7,8,9,10,11,12,13,14,15,16,17,18,19],,,,,,,,,,,,,,,,,,