worker_id,sub_num,alpha,gamma_base,gamma_coef,age,age_group,alphaz,gamma_basez,gamma_coefz,total_reward,prt_rel_opt
A1HCJKXZTLF6VI,1,0.0390625,9.953125,1.6171875,37,YA,-5.541263545,5.541263545,1.205666285,11751,-2.614457831
A11SQNQMS0S5WQ,2,7.529296875,-1.98828125,1.224609375,37,YA,1.114298885,-6.930494766,0.866906332,11527,3.488372093
A34K78HC5PDZU,3,7.96875,-1.8125,2.71875,60,OA,1.366876275,-4.143134726,3.012261576,8246,6.696969697
A235DXY5FJN0IW,9,0.46875,1.1875,1.21875,28,YA,-3.012261576,-1.016934258,0.862223511,13318,1.290909091
A2J9W5QRBBSBOP,20,0.0390625,9.953125,1.6171875,62,OA,-5.541263545,5.541263545,1.205666285,12082,-1.625
A36W6GSNGVP8CO,27,7.666015625,1.59765625,0.017578125,30,YA,1.189220166,-0.848228093,0.011718884,14722,-0.217391304
A227W90ZO5I9RZ,28,1.46484375,-1.0859375,0.41015625,63,OA,-1.762445082,-2.495533742,0.275160566,10498,2.951219512
A3CCFD0700KTPV,29,1.650390625,1.12890625,0.626953125,71,OA,-1.621202754,-1.042114595,0.424218206,13751,0.74137931
A3DW6KSQPG6GVQ,31,5.595703125,1.83203125,2.337890625,36,YA,0.239418377,-0.75682524,2.087155079,11890,1.87755102
A1AI4KZHUM9I6E,32,9.55078125,2.3359375,0.10546875,30,YA,3.056868274,-0.569604346,0.070341489,14257,0.095238095
A20H9201HBYM8R,33,0.0390625,9.953125,1.6171875,63,OA,-5.541263545,5.541263545,1.205666285,13149,-1.323943662
A2GXS7E934VJQ1,34,8.45703125,6.6484375,-1.11328125,38,YA,1.701289876,0.947952014,-0.779381858,14600,-0.449275362
A28IUTVROUE6SN,35,0.068359375,6.96484375,-1.845703125,35,YA,-4.978702247,1.083047772,-1.434600966,9544,-3.215189873
A28HB7240OFGEW,41,4.013671875,1.29296875,0.146484375,26,YA,-0.399771721,-0.972341375,0.097733971,14480,0.365079365
A1ARDA4ZUAS8Q4,44,9.150390625,-1.87109375,2.126953125,27,YA,2.376775164,-4.522776231,1.77027758,8548,4.914285714
A1BGJG22X6REWU,46,9.150390625,-1.87109375,2.126953125,66,OA,2.376775164,-4.522776231,1.77027758,9024,6.235294118
A256QIR5XUIP8K,47,9.1796875,0.859375,0.0703125,29,YA,2.415063076,-1.162125694,0.046883586,14137,0.6
AIEKCWYZTS41V,49,9.1796875,0.859375,0.0703125,38,YA,2.415063076,-1.162125694,0.046883586,14490,0.704918033
A24LB89P1BPKKF,55,4.736328125,-0.13671875,0.041015625,29,YA,-0.10556668,-1.693825305,0.027345454,13995,1.192982456
AULTAU26PZJNY,64,0.01953125,4.0234375,-0.55078125,38,YA,-6.23636959,0.00781254,-0.371398554,5627,-0.947368421
A2R75YFKVALBXE,65,9.55078125,2.3359375,0.10546875,73,OA,3.056868274,-0.569604346,0.070341489,14180,-0.184615385
A2ATKVVP74NP3J,70,9.375,-1.25,1.125,25,YA,2.708050201,-2.708050201,0.78845736,8375,6
A2C16UJYHEEMLJ,71,7.529296875,-1.98828125,1.224609375,32,YA,1.114298885,-6.930494766,0.866906332,9911,4.868421053
A3VOGZQVZ39K7H,74,0.068359375,6.96484375,-1.845703125,33,YA,-4.978702247,1.083047772,-1.434600966,11082,-3.47826087
A3RJC9KTQ0U46B,79,9.00390625,-1.6953125,0.62109375,27,YA,2.20157241,-3.647656738,0.420135298,6017,9.407407407
A1ODU7S7ENNY66,84,0.0390625,9.953125,1.6171875,25,YA,-5.541263545,5.541263545,1.205666285,9914,-4.02173913
A2Q6HR490I7MR,85,7.275390625,0.37890625,0.251953125,25,YA,0.982172437,-1.39731713,0.168365345,12889,1.5
A1C6ZTZXRVOUI3,86,0.0390625,9.953125,1.6171875,62,OA,-5.541263545,5.541263545,1.205666285,12655,-1.621621622
A146QN6EU8LAEI,88,3.291015625,0.84765625,0.392578125,36,YA,-0.712251362,-1.167513706,0.263228195,12985,1.423076923
A3FNC8ELMK8YJA,89,0.0390625,9.953125,1.6171875,61,OA,-5.541263545,5.541263545,1.205666285,11461,-2.906976744
A1JWEKRBLSPL8S,97,0.068359375,6.96484375,-1.845703125,60,OA,-4.978702247,1.083047772,-1.434600966,14357,-0.550724638
A119W6HQDZGS5,98,2.63671875,-0.9921875,2.33203125,64,OA,-1.026970409,-2.389402653,2.077246151,10535,2.9
A3AFX2N59UHC3Z,100,5.859375,-0.96875,1.546875,60,OA,0.3471962,-2.364278662,1.140723774,8896,5.771428571
AR5RKWHR0DUCS,101,2.87109375,0.6015625,0.12890625,62,OA,-0.909464767,-1.284431226,0.085990448,14396,1.016666667
ACHM2SO6R1SPZ,107,7.94921875,-0.6171875,0.26953125,25,YA,1.354852835,-2.038354682,0.180173328,12248,2.489361702
AVX0V2ZLYQW3M,108,0.078125,5.96875,0.328125,32,YA,-4.844187086,0.681451141,0.219628609,9062,-3.506024096
A36XMX4LJWRYGO,110,9.150390625,-1.87109375,2.126953125,25,YA,2.376775164,-4.522776231,1.77027758,8898,5.771428571