Timestamp,"1. I had a set morning routine on school days (i.e., I usually did the same thing each day to get ready).","2. My parents were often late to pick me up (e.g. from school, aftercare or sports).",4. My family ate a meal together most days.,"3. My parents kept track of what I ate (e.g., made sure that I didn’t skip meals or tried to make sure I ate healthy food).","5. My parents tried to make sure I got a good night's sleep (e.g., I had a regular bed time, my parents checked to make sure I went to sleep).","6. I had a bedtime routine (e.g., my parents tucked me in, my parents read me a book, I took a bath).",7. In my after school or free time hours at least one of my parents knew what I was doing.,8. I usually knew when my parents were going to be home.,9. At least one of my parents regularly checked that I did my homework.,10. At least one of my parents regularly kept track of my school progress.,11. At least one of my parents had punishments that were unpredictable. ,12. I often wondered whether or not one of my parents would come home at the end of the day.,13. There were often people coming and going in my house that I did not expect to be there.,14. At least one parent made time each day to see how I was doing.,15. My family planned activities to do together,"16. At least one of my parents would plan something for the family, but then not follow through with the plan.","17. My family had holiday traditions that we did every year (e.g.,cooking a special food at a particular time of year/decorate the house the same way).","18. There was a long period of time when I didn’t see one of my parents (e.g. military deployment, jail time, custody arrangements).",19. I experienced changes in my custody arrangement. ,20. I moved frequently.,21. At least one of my parents changed jobs frequently.,22. There were times when one of my parents was unemployed and couldn’t find a job even though he/she wanted one. ,23. There was a period of time when I often worried that I was not going to have enough food to eat.,24. There was a period of time when I often worried that my family would not have enough money to pay for necessities like clothing or bills.,25. There was a period of time when I did not feel safe in my home. ,26. I changed schools frequently.,27. I changed schools mid-year. ,28. My parents had a stable relationship with each other.,29. My parents got divorced.,30. At least one of my parents had many romantic partners. ,31. At least one of my parents was disorganized.,32. At least one of my parents was unpredictable.,"33. For at least one of my parents, when they were upset I did not know how they would act. ",34. One of my parents could go from calm to furious in an instant.,35. One of my parents could go from calm to stressed or nervous in an instant.,36. I lived in a clean house.,"37. I lived in a cluttered house (e.g., piles of stuff everywhere).",38. In my house things I needed were often misplaced so that I could not find them.,QUIC,QUIC Parental monitoring and involvement (out of 9),QUIC Parental predictability (out of 12),QUIC Parental environment (out of 7),QUIC Physical environment (out of 7),QUIC Safety and security (out of 3),Mini-QUIC (5)
5/21/20 15:38,0,0,1,0,0,1,0,0,1,0,0,0,1,0,1,1,0,0,1,0,1,0,1,0,1,0,0,0,1,1,1,0,0,1,1,1,1,0,17,3,5,4,3,2,2
5/21/20 15:56,0,0,0,0,0,0,0,0,0,0,0,0,0,0,0,0,0,1,0,1,1,0,0,0,1,1,0,1,1,0,0,1,1,1,1,0,0,0,11,0,4,4,2,1,3
5/21/20 16:22,1,0,0,1,0,0,0,0,0,0,1,1,1,0,0,0,0,0,1,0,1,0,0,0,0,0,0,0,0,0,0,0,0,1,1,0,1,0,10,2,4,2,2,0,1
5/21/20 16:22,1,0,1,1,1,1,1,1,1,1,0,1,1,1,0,0,1,1,1,0,0,0,0,1,1,0,1,1,1,0,0,1,0,0,1,1,0,0,23,9,5,4,3,2,3
5/21/20 16:49,0,0,0,1,0,0,0,0,0,0,0,0,0,0,0,0,0,0,1,0,0,0,0,1,0,0,0,0,1,0,0,0,0,0,0,0,0,0,4,1,0,2,0,1,0
6/4/20 15:29,0,0,1,0,0,0,0,0,1,0,1,1,0,0,1,1,0,0,0,0,0,0,0,0,0,0,0,1,0,1,1,1,1,1,1,0,0,0,13,2,9,2,0,0,3
6/4/20 15:30,0,1,0,0,0,0,0,0,0,0,1,0,0,0,0,0,0,1,0,1,0,1,1,1,1,0,1,0,1,1,1,1,1,1,1,0,1,0,17,0,7,4,3,3,2
6/4/20 15:31,0,0,0,1,0,0,0,0,0,0,0,0,0,0,0,0,0,0,0,0,0,0,0,0,0,0,0,0,0,0,0,0,0,0,0,0,0,0,1,1,0,0,0,0,0
6/4/20 15:33,0,0,0,0,0,0,0,0,0,0,0,0,0,0,0,0,0,0,0,0,0,0,0,0,0,0,0,0,0,0,1,0,0,0,0,0,0,0,1,0,1,0,0,0,0
6/4/20 15:36,0,0,0,0,0,0,0,0,0,0,0,0,0,0,0,0,0,0,0,0,0,0,0,0,0,0,0,0,0,0,0,0,0,0,0,0,0,0,0,0,0,0,0,0,0
6/4/20 15:40,0,1,1,0,1,0,0,1,0,0,0,1,1,1,0,1,0,0,1,1,0,0,1,1,1,1,1,1,0,1,1,1,0,0,1,0,1,1,22,3,7,3,6,3,3
6/4/20 15:43,0,0,0,0,0,0,0,0,0,0,0,0,0,0,0,0,0,0,0,0,0,0,0,0,0,0,0,0,0,0,0,0,0,0,0,0,0,0,0,0,0,0,0,0,0
6/4/20 15:44,0,0,0,0,0,1,0,0,0,1,0,0,0,1,0,0,1,0,0,0,0,0,0,0,0,0,0,1,0,0,0,0,0,0,0,1,1,1,8,3,1,1,3,0,3
6/4/20 15:47,0,0,0,0,1,0,0,1,0,0,1,0,1,0,1,1,0,1,0,1,0,1,0,1,1,1,0,0,0,1,1,0,1,1,1,1,1,0,19,1,8,3,5,2,1
6/4/20 15:48,0,0,0,0,0,1,0,0,0,0,0,0,0,0,0,0,0,0,0,0,0,0,0,0,0,0,0,0,0,0,0,0,0,0,0,0,0,0,1,1,0,0,0,0,1
6/4/20 15:48,0,0,1,1,0,1,1,0,0,0,0,0,0,1,1,0,0,0,0,0,0,0,0,0,0,0,0,1,0,0,0,1,0,0,0,0,0,0,8,5,2,1,0,0,3
6/4/20 15:51,0,1,0,0,0,0,0,0,0,0,1,0,0,0,0,0,0,0,1,0,0,0,0,0,1,0,0,1,1,0,1,1,0,0,1,0,0,1,10,0,5,3,1,1,3
6/4/20 15:55,0,0,0,0,0,0,0,0,0,0,0,0,0,0,1,0,0,0,0,0,0,0,0,0,0,0,0,1,0,0,1,0,0,0,0,0,0,0,3,0,2,1,0,0,1
6/4/20 16:04,0,0,0,0,0,0,0,0,0,0,0,0,0,0,0,0,0,0,0,0,0,0,0,0,0,0,0,0,1,0,0,0,0,0,0,0,0,0,1,0,0,1,0,0,0
6/4/20 16:28,0,0,0,0,0,0,0,0,1,0,1,1,1,0,0,1,0,0,0,1,1,0,0,0,0,1,1,0,0,0,0,0,0,0,1,0,1,0,11,1,4,1,5,0,0
6/4/20 16:30,0,0,0,1,0,0,1,1,1,0,0,1,0,0,1,0,0,0,1,1,1,0,1,0,0,1,1,1,1,0,0,1,0,0,0,0,1,0,16,3,4,4,4,1,2
6/4/20 16:52,0,0,0,0,0,0,0,0,0,0,0,0,0,0,0,1,0,0,0,0,0,0,0,0,0,0,0,0,0,0,0,0,0,0,0,0,0,0,1,0,1,0,0,0,0
6/4/20 16:54,0,0,0,0,0,0,0,0,0,0,0,0,0,0,0,0,0,0,0,0,0,0,0,0,0,0,1,1,1,1,1,1,1,1,0,0,0,0,8,0,4,3,1,0,3
6/4/20 18:18,0,1,0,1,0,1,1,0,0,0,0,1,0,0,1,1,0,0,0,1,0,0,1,1,0,0,1,1,1,1,1,0,1,0,1,0,0,1,18,3,7,3,3,2,3
6/4/20 18:41,0,1,0,0,0,0,0,0,0,0,1,1,1,0,0,1,0,1,1,1,1,1,1,1,1,1,1,0,1,1,1,1,1,1,1,0,1,1,24,0,9,6,6,3,3
6/6/20 20:23,0,0,1,0,0,1,0,0,0,0,0,0,0,0,0,0,0,0,0,0,0,0,0,0,0,0,0,0,0,0,0,0,0,1,1,0,0,0,4,2,2,0,0,0,2
6/6/20 20:24,1,0,1,1,1,1,0,0,1,1,0,0,0,1,1,0,1,0,0,0,0,1,1,0,0,0,0,1,1,1,0,0,0,0,0,1,1,0,17,8,2,4,2,1,2
6/6/20 20:24,0,1,1,1,0,0,0,1,0,0,1,0,0,1,0,1,0,1,1,1,1,0,0,1,1,0,1,1,1,1,1,1,1,0,0,0,1,1,22,3,7,6,4,2,3
6/6/20 20:24,0,0,1,1,0,1,1,1,1,1,0,0,0,1,1,0,1,0,0,0,1,1,0,0,0,0,0,1,1,0,1,1,1,1,1,0,0,0,19,7,8,4,0,0,4
6/6/20 20:24,0,1,0,0,0,1,0,0,0,1,0,1,1,0,1,1,1,1,0,1,0,1,0,0,1,1,1,0,0,0,0,1,0,1,0,0,1,0,17,2,7,2,5,1,3
6/6/20 20:25,0,1,0,0,0,0,0,0,0,0,1,1,1,0,0,1,0,1,1,1,1,1,1,1,1,1,0,0,0,0,0,1,1,1,1,0,0,1,19,0,8,4,4,3,3
6/6/20 20:25,0,0,1,0,0,1,0,1,0,0,0,1,0,0,1,1,0,1,0,1,0,1,0,1,0,1,1,1,1,0,1,0,1,0,1,0,0,1,18,2,7,4,4,1,3
6/6/20 20:25,0,0,0,1,0,1,0,0,1,0,0,0,0,0,0,0,0,0,0,1,0,0,0,0,0,1,1,0,0,0,0,0,0,0,1,0,0,0,7,3,1,0,3,0,1
6/6/20 20:26,0,0,0,1,0,0,0,0,0,0,0,0,0,0,0,0,0,0,1,0,0,0,0,0,0,0,0,1,1,0,1,1,0,0,0,0,0,0,6,1,2,3,0,0,2
6/6/20 20:27,0,1,0,0,0,0,0,0,0,0,1,1,1,0,0,1,0,1,1,1,1,1,1,1,1,1,1,0,1,1,1,1,1,1,1,0,1,1,24,0,9,6,6,3,3
6/6/20 20:31,0,0,0,0,0,0,0,0,0,0,0,0,0,0,0,1,0,0,0,0,0,0,0,0,0,0,0,0,0,0,0,0,0,0,0,0,0,0,1,0,1,0,0,0,0
6/6/20 20:32,0,1,0,0,1,0,0,0,0,0,0,1,0,0,0,0,0,1,1,1,1,1,1,0,1,1,1,0,1,1,1,0,1,1,1,0,1,1,20,1,6,6,5,2,2
6/6/20 20:32,0,0,0,1,0,0,0,0,0,0,0,0,0,0,0,0,0,0,0,0,0,0,0,0,0,0,0,0,0,0,0,0,0,0,0,0,0,0,1,1,0,0,0,0,0
6/6/20 20:32,0,0,0,0,0,1,1,0,0,0,0,0,1,1,0,1,0,1,0,1,0,0,0,1,0,0,0,0,0,0,1,0,0,0,0,0,0,1,10,3,2,1,3,1,2
6/6/20 20:33,1,1,0,1,0,1,0,1,1,0,0,0,0,0,0,0,0,0,0,0,0,0,0,0,0,0,0,0,0,0,0,0,0,0,1,0,0,1,8,4,3,0,1,0,2
6/6/20 20:33,0,0,0,0,0,0,0,0,0,0,0,1,0,0,0,0,0,1,1,1,0,0,0,0,0,1,0,1,1,0,0,1,1,1,0,0,0,0,10,0,4,4,2,0,3
6/6/20 20:33,0,0,0,0,0,0,0,0,0,0,0,0,0,0,0,0,0,0,0,0,0,0,0,0,0,0,0,1,0,0,0,0,0,0,0,0,0,0,1,0,0,1,0,0,1
6/6/20 20:33,0,1,1,1,1,1,0,0,1,1,1,0,0,1,1,1,1,0,0,0,1,0,0,0,1,0,0,0,0,0,0,1,1,1,1,1,1,1,21,7,9,1,3,1,4
6/6/20 20:34,0,0,0,0,0,0,0,0,0,0,0,0,0,0,0,0,0,0,0,0,0,0,0,0,0,0,0,0,0,0,0,0,0,0,0,0,0,0,0,0,0,0,0,0,0
6/6/20 20:35,0,1,0,0,0,0,0,0,0,0,1,1,1,0,0,1,0,1,1,1,1,1,1,1,1,1,1,0,0,0,0,0,0,0,0,0,0,0,15,0,4,4,4,3,0
6/6/20 20:35,0,0,0,1,1,1,1,0,1,1,1,0,0,1,1,0,1,1,0,0,0,0,0,1,0,0,0,1,1,0,1,1,0,1,1,0,0,0,18,7,7,3,0,1,4
6/6/20 20:36,1,1,1,1,1,0,0,1,1,0,0,0,0,1,1,1,0,0,1,1,1,0,0,0,0,0,0,1,1,1,1,1,0,0,1,0,0,0,19,6,7,5,1,0,2
6/6/20 20:37,0,0,0,1,0,0,0,0,0,0,0,0,0,0,0,0,0,0,0,0,0,0,0,0,0,0,0,0,1,0,0,0,0,1,0,0,0,0,3,1,1,1,0,0,1
6/6/20 20:39,0,0,0,1,0,0,0,0,1,1,0,0,0,1,0,0,1,1,1,0,0,1,0,1,0,0,0,1,1,0,1,0,0,0,0,1,1,1,15,4,2,5,3,1,2
6/6/20 20:39,1,1,0,0,1,0,1,0,0,1,1,1,0,1,0,1,1,0,1,1,0,0,1,1,0,1,1,1,0,1,0,1,1,0,0,1,1,1,23,5,7,3,6,2,3
6/6/20 20:42,0,1,1,1,0,1,0,1,0,0,0,1,1,1,1,1,0,0,0,1,0,0,0,0,1,0,0,0,0,1,1,0,1,0,1,0,1,0,17,4,8,1,3,1,1
6/6/20 20:43,0,1,0,1,0,0,0,0,0,0,1,1,1,0,0,0,0,0,0,0,0,0,1,0,0,0,0,0,0,0,0,0,0,0,0,0,0,0,6,1,3,0,1,1,0
6/6/20 20:43,0,0,0,1,0,1,1,0,1,0,1,0,0,1,0,0,0,0,1,0,0,0,0,0,0,0,0,0,0,0,1,1,1,1,0,1,1,1,14,5,5,1,3,0,4
6/6/20 20:44,0,0,0,0,0,0,0,0,0,0,1,1,1,0,0,1,0,0,1,0,1,0,1,1,0,1,1,0,0,1,1,1,1,0,0,0,1,0,15,0,6,3,4,2,1
6/6/20 20:45,1,1,0,1,1,0,1,1,1,1,0,0,0,1,0,0,1,1,0,0,0,0,0,1,0,0,0,1,0,0,1,0,0,1,0,0,1,1,17,7,5,2,2,1,3
6/6/20 20:49,1,1,0,0,0,0,0,0,0,0,1,0,1,0,0,0,0,0,0,1,1,1,1,1,1,1,1,1,0,0,1,1,1,1,1,0,0,0,18,1,7,3,4,3,3
6/6/20 20:49,0,0,0,0,0,0,0,0,0,0,1,0,0,1,0,0,0,0,0,0,0,0,0,0,0,0,0,1,0,0,0,1,1,1,1,0,0,0,7,1,5,1,0,0,3
6/6/20 20:52,0,1,0,0,0,0,0,0,0,0,1,1,0,0,0,0,0,1,0,0,0,1,1,0,0,0,0,0,0,0,0,0,0,0,0,0,1,0,7,0,3,2,1,1,0
6/6/20 20:53,0,1,0,0,0,0,0,0,0,0,1,0,0,0,0,1,0,0,0,1,0,1,0,1,0,1,1,0,1,1,1,1,1,1,1,1,1,1,18,0,8,3,6,1,3
6/6/20 20:56,1,1,1,1,1,1,0,0,1,1,1,0,0,1,1,0,1,0,1,0,0,0,0,0,0,0,0,0,0,0,0,0,0,0,0,0,0,0,13,8,4,1,0,0,1
6/6/20 21:12,1,0,0,1,1,1,1,1,1,0,0,1,1,1,0,1,0,0,0,0,1,1,1,0,1,0,0,0,0,1,1,0,0,1,1,0,1,0,20,7,6,3,2,2,2
6/6/20 21:27,0,0,0,0,0,0,0,0,0,0,0,0,0,0,0,0,0,0,0,0,0,0,0,0,0,0,0,0,0,0,0,0,0,0,0,0,0,0,0,0,0,0,0,0,0
6/6/20 21:27,0,0,0,0,0,0,0,0,0,0,0,0,0,0,0,0,0,0,1,0,0,0,0,0,0,0,0,1,1,0,1,1,1,1,1,1,1,0,10,0,5,3,2,0,3
6/6/20 21:28,0,0,0,0,0,0,0,0,0,0,0,0,0,0,0,0,0,0,0,0,0,0,0,0,1,0,0,0,0,0,1,1,1,1,1,0,0,0,6,0,5,0,0,1,2
6/6/20 21:28,0,0,0,1,0,1,1,0,1,0,0,0,1,1,0,0,0,0,1,1,0,0,1,1,1,0,0,0,0,1,1,0,0,1,0,0,0,0,14,5,2,2,2,3,2
6/6/20 21:29,0,1,0,0,0,0,0,0,0,0,1,1,1,0,0,1,0,1,1,0,0,1,1,1,1,1,1,0,1,1,1,1,0,1,1,0,1,1,21,0,8,5,5,3,3
6/6/20 21:29,0,1,0,0,0,0,0,0,0,0,1,1,1,0,0,1,0,1,1,1,1,1,1,1,1,1,1,0,1,1,1,1,1,1,1,0,1,1,24,0,9,6,6,3,3
6/6/20 21:29,0,1,0,0,0,0,0,0,0,0,1,1,1,0,0,1,0,1,1,1,1,1,1,1,1,1,1,0,1,1,1,1,1,1,1,0,1,1,24,0,9,6,6,3,3
6/6/20 21:30,0,0,1,1,0,0,0,0,0,0,0,0,0,0,0,1,0,0,1,1,0,1,1,1,1,0,0,1,1,1,1,0,0,0,0,0,0,0,13,2,2,5,1,3,1
6/6/20 21:30,0,0,1,0,0,0,0,0,0,0,0,0,0,0,1,1,0,0,0,0,0,0,0,0,0,0,0,1,1,0,0,1,1,1,1,0,0,0,9,1,6,2,0,0,3
6/6/20 21:30,0,1,0,0,0,0,0,0,0,0,1,1,1,0,0,1,0,1,1,0,0,1,0,1,0,1,0,1,0,0,0,0,0,1,1,0,1,1,15,0,6,4,4,1,3
6/6/20 21:31,0,1,0,0,0,0,0,0,0,0,1,1,1,0,0,1,0,1,1,1,1,1,1,1,1,1,1,0,0,1,1,1,0,1,1,0,1,1,22,0,8,5,6,3,3
6/6/20 21:32,0,1,0,1,0,0,1,0,0,1,1,1,0,0,0,0,1,1,0,1,0,1,0,1,1,1,0,0,1,0,1,0,1,1,1,0,0,1,19,3,8,3,3,2,2
6/6/20 21:33,1,1,0,0,0,0,0,0,0,0,1,1,1,0,0,1,0,1,1,1,1,1,1,1,1,1,1,0,1,1,1,0,1,1,1,0,1,1,24,1,8,6,6,3,2
6/6/20 21:34,0,0,0,1,1,0,0,0,0,0,0,0,1,0,1,1,0,0,1,0,0,0,1,0,1,1,0,0,1,0,1,1,0,1,0,0,0,1,14,2,5,2,3,2,3
6/6/20 21:34,0,1,0,0,0,0,0,0,0,0,1,1,1,0,0,1,0,1,1,1,1,1,1,1,1,1,1,0,1,1,1,1,1,1,1,0,1,1,24,0,9,6,6,3,3
6/6/20 21:35,0,0,0,0,0,0,0,0,0,0,0,0,0,0,0,0,0,0,0,0,0,1,0,0,0,0,0,0,0,0,0,0,0,0,0,0,0,0,1,0,0,1,0,0,0
6/6/20 21:35,0,1,0,0,0,0,0,0,0,0,1,1,1,1,0,1,0,1,1,1,1,1,1,1,1,1,1,0,1,1,1,1,1,1,1,0,1,1,25,1,9,6,6,3,3
6/6/20 21:35,0,0,0,0,0,0,0,0,0,0,0,0,0,0,0,0,0,0,0,0,0,0,0,0,0,0,0,0,0,0,0,0,0,0,0,0,0,0,0,0,0,0,0,0,0
6/6/20 21:36,0,1,1,0,0,0,0,1,0,0,1,1,0,0,0,0,0,1,0,1,1,1,0,0,1,1,0,0,1,1,1,0,1,1,0,0,1,0,17,1,7,5,3,1,1
6/6/20 21:36,0,0,0,0,0,0,0,0,0,0,0,0,0,0,0,0,0,0,0,0,0,0,0,0,0,0,0,0,0,0,0,0,0,0,0,0,0,0,0,0,0,0,0,0,0
6/6/20 21:37,0,1,0,0,1,0,0,0,0,0,1,1,1,1,0,1,0,1,1,1,1,1,1,1,1,1,0,0,0,1,0,0,0,0,1,0,1,0,19,2,5,5,4,3,0
6/6/20 21:38,0,0,0,1,0,0,1,0,0,0,0,1,1,0,0,1,0,1,1,1,1,1,1,1,1,0,1,1,0,0,0,0,1,1,1,0,1,1,20,2,5,5,5,3,3
6/6/20 21:39,0,1,0,0,0,0,0,0,0,0,1,1,1,0,0,1,0,1,1,1,1,1,1,1,1,1,1,0,1,1,1,1,1,1,1,0,1,1,24,0,9,6,6,3,3
6/6/20 21:40,1,0,0,0,0,0,1,0,0,0,1,0,0,0,0,1,0,0,1,0,1,0,0,0,0,0,0,0,0,0,0,1,0,1,1,0,0,1,10,2,5,2,1,0,3
6/6/20 21:40,0,1,0,0,0,0,0,0,0,0,1,1,1,0,0,1,0,1,1,1,1,1,1,1,1,1,1,0,0,1,1,1,1,1,1,0,1,1,23,0,9,5,6,3,3
6/6/20 21:41,0,1,0,1,0,1,0,0,1,0,0,0,0,0,0,1,0,0,0,0,0,0,0,0,0,0,0,1,1,0,1,1,1,1,1,1,1,1,15,3,7,2,3,0,5
6/6/20 21:42,0,0,0,0,0,0,0,0,0,0,1,1,0,0,0,1,0,1,1,0,0,1,0,0,0,1,0,0,0,0,0,0,1,1,0,0,1,0,10,0,5,3,2,0,1
6/6/20 21:43,0,1,0,0,0,0,0,0,0,0,1,0,1,0,0,0,0,0,0,0,0,1,1,1,0,0,0,0,0,1,1,0,1,1,1,0,0,0,11,0,6,2,1,2,1
6/6/20 21:47,0,1,0,0,0,1,1,1,0,1,1,1,0,0,0,1,1,1,1,0,1,1,1,1,1,1,1,0,0,0,0,0,0,0,0,0,1,1,20,3,6,4,4,3,2
6/6/20 21:47,0,1,0,0,0,0,0,0,0,0,1,1,1,1,0,1,0,1,1,1,1,1,1,1,1,0,0,0,0,1,1,1,1,1,1,0,1,1,22,1,9,5,4,3,3
6/6/20 21:49,0,1,0,0,1,0,0,0,0,0,0,1,1,0,1,1,0,0,0,1,1,1,1,1,1,0,1,0,0,1,1,0,1,1,1,0,1,1,20,1,8,3,5,3,2
6/6/20 21:50,0,1,0,0,0,0,0,1,0,0,1,1,0,0,0,1,0,1,1,1,1,1,1,0,1,1,1,0,0,1,0,0,0,0,0,0,1,0,16,0,5,5,4,2,0
6/6/20 21:51,0,1,0,0,0,0,0,0,0,0,1,1,1,0,0,1,0,1,1,1,1,1,1,1,1,1,1,0,1,1,1,1,1,1,1,0,1,1,24,0,9,6,6,3,3
6/6/20 21:52,0,0,0,0,0,0,0,0,0,0,0,0,0,0,0,0,0,0,0,0,0,0,0,0,0,0,0,0,0,0,0,0,0,0,0,0,0,0,0,0,0,0,0,0,0
6/6/20 21:53,0,1,0,0,0,0,0,0,0,0,1,1,1,0,0,1,0,1,1,1,1,1,1,1,1,1,1,0,1,1,1,1,1,1,1,0,1,1,24,0,9,6,6,3,3
6/6/20 21:53,0,0,1,1,0,1,1,0,1,0,0,1,1,0,0,1,0,0,0,1,0,0,0,1,1,0,0,0,0,0,0,1,1,1,0,0,0,1,15,5,5,0,3,2,4
6/6/20 21:54,0,1,1,1,0,0,0,1,1,0,1,0,0,0,0,1,0,1,1,1,1,1,1,1,1,1,1,1,1,0,1,1,1,1,1,1,1,1,27,3,9,6,6,3,4
6/6/20 21:54,0,1,0,0,0,0,0,0,0,0,1,1,1,0,0,1,0,1,1,1,1,1,1,0,0,0,0,0,0,1,0,0,1,1,1,0,1,0,16,0,7,5,3,1,1
6/6/20 21:56,1,0,1,1,1,1,0,0,1,0,0,0,0,1,1,0,0,1,0,0,0,0,0,0,0,1,1,0,0,0,0,0,0,0,0,1,1,0,13,7,1,1,4,0,1
6/6/20 21:57,1,1,0,1,0,0,0,0,0,0,1,1,0,0,0,1,0,0,1,1,1,1,1,0,1,0,0,0,0,0,1,1,1,1,1,0,0,1,18,2,9,3,2,2,3
6/6/20 21:59,1,1,1,1,0,0,0,0,1,0,0,1,1,0,0,1,0,1,1,1,1,1,1,1,0,0,0,0,0,1,0,1,0,0,1,0,1,1,20,4,5,5,4,2,2
6/6/20 22:02,0,1,0,0,0,0,0,0,0,0,1,1,1,0,0,1,0,0,0,1,1,1,1,1,1,0,0,0,1,0,0,1,1,1,1,0,1,1,18,0,8,3,4,3,3
6/6/20 22:03,0,1,1,0,0,0,1,0,0,0,1,0,1,0,0,1,0,1,0,1,0,0,1,1,1,0,0,1,0,1,0,0,1,1,1,0,1,1,18,2,6,3,4,3,3
6/6/20 22:06,1,0,0,1,0,0,1,1,0,0,0,0,0,1,1,0,0,0,0,0,0,0,0,0,0,0,0,1,0,0,0,0,0,0,0,1,0,0,8,4,2,1,1,0,1
6/6/20 22:06,0,0,1,0,0,1,0,0,1,1,0,0,0,1,1,0,1,0,0,0,0,0,0,0,0,0,0,0,0,0,0,0,0,0,0,0,0,0,7,5,2,0,0,0,1
6/6/20 22:06,1,1,0,0,0,1,0,0,0,0,0,0,0,0,0,1,0,0,0,1,0,0,0,1,0,0,1,0,0,0,0,1,1,1,0,0,0,0,10,2,5,0,2,1,3
6/6/20 22:08,1,0,0,1,1,1,0,0,1,1,1,0,0,1,0,0,1,1,1,0,0,1,0,1,0,0,0,0,0,0,1,0,1,0,0,0,1,0,16,7,4,3,1,1,1
6/6/20 22:10,0,0,0,0,0,0,0,0,0,0,0,0,0,0,0,0,0,1,0,0,0,0,0,0,0,0,0,0,0,0,0,0,0,0,0,0,0,0,1,0,0,1,0,0,0
6/6/20 22:14,0,1,0,0,0,0,0,0,0,0,1,1,1,0,0,1,0,1,1,1,1,1,1,1,1,1,1,0,1,1,1,1,1,1,1,0,1,1,24,0,9,6,6,3,3
6/6/20 22:16,0,1,0,0,0,0,0,0,0,0,1,1,1,0,0,1,0,1,1,1,1,1,1,1,1,1,1,0,1,1,1,1,1,1,1,0,1,1,24,0,9,6,6,3,3
6/6/20 22:20,0,1,0,0,0,0,0,0,0,0,1,1,1,0,0,1,0,1,1,1,1,1,1,1,1,0,0,0,0,1,1,1,1,1,1,0,1,1,21,0,9,5,4,3,3
6/6/20 22:28,0,0,0,0,0,0,0,0,0,0,0,0,0,0,0,0,0,0,0,0,0,0,0,0,0,0,0,0,0,0,0,0,0,0,0,0,0,0,0,0,0,0,0,0,0
6/6/20 22:30,0,0,0,0,0,1,0,0,0,0,0,0,0,0,0,0,0,0,0,0,0,1,0,0,0,0,0,0,0,0,0,0,0,0,1,0,0,0,3,1,1,1,0,0,1
6/6/20 22:35,0,1,0,0,0,0,0,0,0,0,1,1,1,0,0,1,0,1,1,1,1,1,1,1,1,1,1,1,0,0,1,1,1,1,1,0,1,1,23,0,9,5,6,3,4
6/6/20 22:37,0,0,0,0,0,1,0,0,1,0,1,0,0,1,1,0,0,1,1,1,0,0,1,1,1,1,1,1,1,1,1,1,1,1,1,0,0,0,21,3,7,5,3,3,4
6/6/20 22:45,0,1,0,0,0,0,0,0,0,0,1,1,1,0,0,1,0,1,1,1,1,1,1,1,1,1,1,0,1,1,1,1,1,1,1,0,1,1,24,0,9,6,6,3,3
6/6/20 22:47,0,1,0,0,0,0,0,0,0,0,1,1,1,0,0,1,0,1,1,1,1,1,1,1,1,1,0,0,0,0,0,0,1,1,1,0,0,0,17,0,7,4,3,3,1
6/6/20 22:53,0,1,0,0,0,0,0,0,0,0,1,1,1,0,0,1,0,0,1,1,1,1,1,1,1,1,1,0,1,1,1,1,1,1,1,0,1,1,23,0,9,5,6,3,3
6/6/20 22:53,0,0,0,0,0,0,1,0,0,0,0,0,0,1,0,0,0,0,0,0,0,0,0,1,0,0,0,1,0,0,0,0,0,0,0,0,0,0,4,2,0,1,0,1,1
6/6/20 22:56,0,0,1,0,1,0,1,1,0,1,0,1,1,0,1,1,1,1,1,0,0,1,0,0,1,1,0,1,1,0,1,0,1,0,0,1,1,1,22,4,7,5,5,1,2
6/6/20 22:56,0,1,0,0,0,0,0,0,0,0,1,1,1,0,0,1,0,1,1,1,1,1,1,1,1,1,1,0,1,1,1,1,1,1,1,0,1,1,24,0,9,6,6,3,3
6/6/20 23:00,0,0,0,0,1,0,0,0,1,0,1,1,0,0,1,0,0,1,1,0,0,0,1,1,1,0,1,0,1,1,1,0,1,1,1,0,1,0,18,2,7,4,2,3,1
6/6/20 23:29,0,0,0,1,0,1,1,0,1,1,1,0,0,1,1,0,1,0,0,0,0,1,0,0,0,0,0,1,0,0,1,1,1,1,1,0,0,0,16,6,8,2,0,0,4
6/7/20 2:01,0,0,0,0,0,0,0,0,0,0,0,0,0,0,0,1,0,0,0,0,0,0,0,0,0,0,0,0,1,0,0,0,0,0,0,0,0,0,2,0,1,1,0,0,0
6/9/20 22:57,0,0,0,1,0,0,0,0,0,0,0,0,0,0,0,0,0,0,0,0,0,0,0,0,0,0,0,0,1,1,1,0,0,0,1,0,1,0,6,1,2,2,1,0,0
6/9/20 22:57,1,1,0,1,1,1,0,1,0,1,1,0,0,1,1,1,1,0,1,1,0,0,0,1,0,0,1,0,0,0,1,0,1,1,0,1,0,0,20,6,9,1,3,1,2
6/9/20 22:59,0,0,0,0,0,0,0,0,0,0,0,0,0,0,0,0,0,0,0,0,0,0,0,0,0,0,0,0,0,0,0,0,0,0,0,0,0,0,0,0,0,0,0,0,0
6/9/20 22:59,0,0,0,0,0,0,0,0,0,0,0,0,0,0,0,0,0,0,0,0,0,0,0,0,0,0,0,0,0,0,0,0,0,0,0,0,0,0,0,0,0,0,0,0,0
6/9/20 22:59,0,1,0,0,0,1,0,0,0,0,1,1,1,0,0,1,0,1,1,1,1,1,1,1,1,1,1,0,0,1,1,1,1,1,0,0,1,1,23,1,8,5,6,3,4
6/9/20 22:59,0,1,0,0,0,0,0,0,0,0,0,0,0,0,0,0,0,0,0,0,0,0,0,0,0,0,0,0,0,0,0,0,0,0,0,0,0,0,1,0,1,0,0,0,0
6/9/20 22:59,0,1,0,0,1,1,0,0,0,0,0,0,0,1,1,0,0,1,1,1,1,0,0,0,1,0,0,1,0,0,0,0,0,0,0,0,0,0,11,3,2,4,1,1,2
6/9/20 23:00,0,1,1,0,1,0,1,1,1,0,0,1,0,0,0,0,0,0,0,1,1,1,1,1,1,0,1,0,1,1,1,1,1,0,1,0,1,1,22,4,7,4,4,3,2
6/9/20 23:01,1,0,0,1,0,0,1,0,1,1,1,1,0,0,1,0,1,0,1,1,0,1,0,1,1,0,0,0,0,1,0,1,1,1,1,0,0,0,19,5,8,3,1,2,2
6/9/20 23:01,0,0,0,1,0,0,0,0,0,0,0,0,0,0,0,0,0,0,0,0,0,0,0,0,0,0,0,0,0,0,0,1,1,1,1,0,0,0,5,1,4,0,0,0,2
6/9/20 23:01,0,1,0,0,0,0,0,1,1,0,1,1,1,0,0,1,0,0,1,0,1,1,1,1,1,0,0,0,0,1,0,0,0,1,1,0,0,0,16,1,7,4,1,3,1
6/9/20 23:01,0,0,0,0,0,1,0,0,1,0,0,0,0,0,0,0,0,0,0,0,0,0,0,0,0,0,0,0,0,0,1,0,0,0,0,0,0,0,3,2,1,0,0,0,1
6/9/20 23:01,0,1,0,0,0,0,0,0,0,0,1,1,1,0,0,1,0,1,1,1,1,1,1,1,1,1,1,0,1,1,1,1,1,0,1,0,1,1,23,0,8,6,6,3,2
6/9/20 23:02,0,0,0,1,0,0,0,0,0,0,1,0,0,1,0,0,0,1,0,0,1,0,0,0,0,0,0,0,0,0,0,1,1,1,1,0,0,0,9,2,5,2,0,0,2
6/9/20 23:02,0,0,0,1,0,1,0,0,1,0,0,1,1,1,1,0,0,0,1,1,1,0,1,0,1,1,0,0,0,0,0,0,1,1,0,0,1,1,17,4,4,2,5,2,3
6/9/20 23:02,0,1,1,0,0,1,0,0,0,1,0,1,1,1,0,0,1,0,0,1,1,1,0,0,0,0,0,0,0,0,0,0,0,0,0,0,1,1,13,4,3,2,4,0,2
6/9/20 23:02,0,1,0,0,0,0,0,0,0,0,1,1,1,0,0,1,0,1,1,1,1,1,1,1,1,1,1,0,1,1,1,1,1,1,1,0,1,1,24,0,9,6,6,3,3
6/9/20 23:02,0,1,0,0,0,0,0,0,0,0,0,1,1,0,0,1,0,1,1,1,1,1,1,1,1,1,1,0,1,1,1,1,1,1,0,0,1,1,22,0,7,6,6,3,3
6/9/20 23:02,0,1,0,0,0,0,0,0,0,0,1,1,1,0,0,1,0,1,1,1,1,1,1,1,1,1,1,0,0,0,0,0,0,0,1,0,1,1,18,0,5,4,6,3,1
6/9/20 23:02,0,0,0,0,0,0,0,0,0,0,1,1,1,0,0,1,0,1,0,1,0,0,0,0,0,0,0,1,0,0,1,0,0,0,1,0,0,0,9,0,5,2,2,0,1
6/9/20 23:02,0,1,0,0,0,1,0,0,0,0,1,1,1,0,0,1,0,1,1,1,1,1,1,1,1,1,1,0,0,1,0,0,1,1,1,0,1,1,22,1,7,5,6,3,3
6/9/20 23:04,0,1,0,1,0,0,0,1,1,0,1,0,0,1,0,0,0,1,0,0,1,0,1,0,1,1,0,0,1,1,1,0,1,0,1,1,1,1,19,3,6,4,4,2,1
6/9/20 23:05,1,0,0,0,0,0,1,0,0,0,1,1,0,0,0,1,0,0,1,1,1,1,1,0,1,0,1,0,1,1,1,0,1,1,1,0,1,1,20,2,7,5,4,2,2
6/9/20 23:05,0,1,0,0,0,0,0,0,0,0,1,1,1,0,0,1,0,1,1,1,1,1,1,1,1,1,1,0,1,1,1,1,1,1,1,0,1,1,24,0,9,6,6,3,3
6/9/20 23:05,0,0,0,0,0,0,0,0,0,0,0,0,1,0,0,0,0,0,0,0,0,1,0,0,0,0,0,0,0,0,0,0,0,0,0,0,1,0,3,0,0,1,2,0,0
6/9/20 23:06,1,1,1,0,0,1,0,0,1,0,0,1,0,0,0,0,0,0,1,0,1,0,1,1,0,1,0,0,0,1,1,0,1,0,1,0,1,0,16,4,5,3,2,2,1
6/9/20 23:06,1,1,1,0,0,1,0,1,1,1,1,0,1,1,0,0,1,0,1,0,1,0,1,1,1,0,0,0,0,0,0,0,0,1,0,0,1,1,19,6,5,2,3,3,3
6/9/20 23:06,0,1,0,0,1,0,1,0,0,0,0,1,0,1,0,0,0,0,0,1,1,1,0,1,0,0,1,0,0,1,1,1,0,1,1,0,1,1,17,3,6,3,4,1,3
6/9/20 23:06,0,1,0,0,0,1,0,1,0,0,0,1,0,0,1,1,0,1,0,1,0,1,0,1,0,1,0,0,1,0,1,0,1,0,1,0,1,1,17,1,8,3,4,1,2
6/9/20 23:06,0,1,0,0,0,0,0,0,0,0,1,1,1,0,0,1,0,1,1,1,1,1,1,1,1,1,1,0,1,1,1,1,1,1,1,0,1,1,24,0,9,6,6,3,3
6/9/20 23:06,0,1,0,0,0,0,0,0,0,0,0,1,1,1,0,1,0,1,1,1,0,1,1,0,1,1,0,0,0,0,0,1,0,1,1,0,1,0,16,1,6,3,4,2,2
6/9/20 23:07,0,1,0,0,0,0,0,0,0,0,1,1,1,0,0,1,0,1,1,1,1,1,1,1,1,1,1,0,1,1,1,1,1,0,1,0,1,1,23,0,8,6,6,3,2
6/9/20 23:08,0,1,0,0,1,0,1,1,0,0,0,0,1,0,1,1,0,0,1,1,0,0,1,1,1,0,0,0,0,1,1,1,0,1,1,0,1,0,18,2,8,2,3,3,2
6/9/20 23:08,0,0,1,0,0,0,0,1,0,0,0,1,0,0,1,1,0,1,1,1,0,1,0,1,1,1,0,0,1,1,0,1,1,0,1,0,0,1,18,1,7,5,3,2,2
6/9/20 23:08,0,1,0,0,0,0,1,0,0,0,1,1,1,0,0,1,0,1,1,1,1,1,1,1,1,1,0,0,1,1,1,1,1,1,1,0,1,1,24,1,9,6,5,3,3
6/9/20 23:09,0,1,0,1,0,1,0,0,1,0,1,1,1,1,0,1,0,1,0,1,0,0,0,0,1,1,1,0,0,1,1,1,1,1,1,0,1,1,22,4,9,2,6,1,4
6/9/20 23:09,0,0,1,0,0,1,0,1,1,0,1,1,1,1,1,0,0,1,0,0,1,0,1,1,1,0,0,0,1,0,1,0,1,0,1,0,1,1,20,4,7,3,3,3,2
6/9/20 23:09,0,1,0,1,1,0,0,1,0,0,0,1,0,0,0,1,0,1,1,1,1,0,1,1,0,1,1,0,1,1,1,1,0,1,1,0,1,1,22,2,8,5,5,2,3
6/9/20 23:10,0,0,0,1,1,0,1,1,0,1,1,0,1,0,1,1,1,1,0,1,0,1,0,0,0,1,1,1,1,0,1,1,0,1,0,0,1,0,21,4,8,4,5,0,3
6/9/20 23:10,0,0,0,0,0,0,0,0,0,0,0,1,1,0,1,1,0,0,1,0,1,0,1,1,1,0,1,0,0,1,0,0,1,0,0,0,0,0,12,0,4,3,2,3,0
6/9/20 23:10,0,0,0,0,0,1,0,1,0,0,1,0,0,0,0,0,0,1,0,1,1,0,0,1,1,0,0,0,1,0,1,1,0,1,1,0,1,1,15,1,6,3,3,2,4
6/9/20 23:12,0,1,0,0,0,0,0,0,0,0,1,1,1,0,0,1,0,0,1,1,1,1,1,1,0,1,1,0,1,1,1,1,1,1,0,0,1,0,20,0,8,5,5,2,2
6/9/20 23:12,0,0,1,1,0,1,0,0,0,0,0,0,0,0,0,0,0,0,0,0,0,0,0,0,0,0,0,1,0,0,1,0,0,0,0,1,1,0,7,3,1,1,2,0,2
6/9/20 23:13,0,1,0,1,1,0,1,0,1,1,1,0,1,1,1,1,1,0,1,0,1,0,1,0,1,0,1,0,1,1,1,1,0,1,0,0,1,0,23,6,8,4,3,2,2
6/9/20 23:13,1,1,0,1,0,1,0,0,1,0,1,0,0,1,0,1,0,0,0,0,1,1,1,1,1,0,0,0,0,0,0,0,0,1,0,1,1,1,17,5,4,2,3,3,3
6/9/20 23:13,0,0,1,0,0,1,1,0,1,0,0,1,0,0,1,1,0,1,0,1,0,1,1,1,0,0,1,0,1,1,1,1,1,0,1,0,1,1,21,4,7,4,4,2,3
6/9/20 23:14,0,1,1,1,0,1,1,0,0,0,1,0,1,0,0,0,0,1,1,0,1,0,1,1,0,1,0,0,0,1,0,0,1,1,0,0,1,1,18,4,4,4,4,2,3
6/9/20 23:14,0,1,0,0,0,0,0,0,0,0,1,1,1,0,0,1,0,1,1,1,1,1,1,1,1,0,0,0,0,1,0,1,1,1,0,0,1,1,19,0,7,5,4,3,3
6/9/20 23:15,0,1,0,0,1,1,0,0,0,0,0,1,0,0,1,0,0,0,1,1,1,1,1,1,0,1,1,0,0,0,0,0,0,1,1,0,0,1,16,2,5,3,4,2,3
6/9/20 23:15,0,1,0,0,1,1,0,0,1,0,0,1,0,0,1,1,0,1,0,1,0,1,0,1,0,1,0,0,1,0,1,0,1,0,1,0,0,1,17,3,7,3,3,1,2
6/9/20 23:15,0,1,0,0,0,0,0,0,0,0,1,1,1,0,0,1,0,0,0,0,0,0,0,0,0,0,0,0,0,0,0,0,0,0,0,0,0,0,5,0,4,0,1,0,0
6/9/20 23:15,0,0,0,0,0,0,0,0,0,0,1,1,1,0,0,1,0,1,0,0,1,0,0,1,1,0,0,0,0,0,0,0,1,1,1,0,0,1,12,0,6,2,2,2,2
6/9/20 23:17,0,1,0,0,0,0,0,0,0,0,1,1,1,0,0,1,0,0,1,0,1,0,0,0,0,0,0,0,0,0,0,1,1,1,1,0,1,0,12,0,8,2,2,0,2
6/9/20 23:17,0,1,0,0,0,0,0,0,0,0,1,1,1,0,0,1,0,1,1,1,1,1,1,1,1,1,1,0,1,1,1,1,1,1,1,0,1,1,24,0,9,6,6,3,3
6/9/20 23:18,0,1,0,0,0,0,0,0,0,0,0,1,0,0,0,0,0,0,0,0,0,0,0,0,1,1,0,1,0,0,0,0,0,0,1,0,0,1,7,0,3,1,2,1,2
6/9/20 23:18,0,0,1,0,0,1,0,0,0,1,0,0,0,0,0,1,1,1,0,0,0,1,0,1,0,0,0,1,1,0,1,0,0,0,0,0,1,0,12,3,3,4,1,1,2
6/9/20 23:18,0,0,1,1,1,1,1,1,1,1,1,1,1,1,1,0,1,1,0,1,1,1,1,1,1,0,0,1,0,1,1,1,1,1,0,1,1,1,30,8,9,5,5,3,5
6/9/20 23:19,0,0,0,0,0,0,0,0,0,0,1,1,1,0,0,1,0,1,1,1,1,1,1,1,1,0,0,0,0,0,0,1,0,0,0,0,0,0,13,0,4,4,2,3,1
6/9/20 23:20,0,0,0,0,0,0,0,0,0,0,1,0,0,0,0,1,0,0,0,0,0,0,0,0,0,0,0,0,0,0,0,0,0,0,0,0,0,0,2,0,2,0,0,0,0
6/9/20 23:21,0,1,0,0,0,0,0,0,0,0,1,1,1,0,0,0,0,0,0,0,0,0,0,0,0,0,0,1,0,0,0,0,0,0,0,0,0,0,5,0,3,1,1,0,1
6/9/20 23:22,0,0,0,1,0,0,0,0,0,0,0,0,0,1,1,1,0,0,0,0,0,1,1,0,0,0,0,0,0,0,1,1,0,1,1,1,1,1,13,2,6,1,3,1,3
6/9/20 23:22,0,0,0,0,0,0,0,0,0,0,0,0,0,0,0,0,0,0,0,0,0,0,0,0,0,0,0,0,0,0,0,0,0,0,0,0,0,0,0,0,0,0,0,0,0
6/9/20 23:24,1,1,1,0,0,1,0,0,0,0,0,1,1,1,0,1,0,1,1,0,1,1,0,1,0,1,0,0,1,1,1,0,1,0,1,0,0,1,20,4,6,6,3,1,2
6/9/20 23:25,0,1,0,1,0,0,0,1,0,0,0,1,1,0,0,0,0,1,1,1,0,1,1,1,0,1,1,0,1,0,1,1,1,0,1,0,0,1,19,1,7,4,5,2,2
6/9/20 23:26,0,0,0,0,0,0,0,0,0,0,1,1,1,0,0,1,0,0,1,1,1,1,1,1,0,0,0,0,0,0,0,0,1,1,0,0,1,0,13,0,5,3,3,2,1
6/9/20 23:27,0,0,0,0,0,0,0,0,0,0,0,0,0,0,0,1,0,0,0,0,0,0,0,0,0,0,0,0,1,0,0,0,0,0,0,0,0,0,2,0,1,1,0,0,0
6/9/20 23:27,0,0,0,0,0,0,0,0,0,0,0,0,0,0,0,0,0,1,0,1,0,1,0,0,0,1,0,0,0,0,0,0,0,1,0,0,0,0,5,0,1,2,2,0,1
6/9/20 23:29,0,1,0,0,0,0,1,1,0,0,1,1,0,0,0,1,0,1,1,0,0,1,1,0,0,0,0,0,0,0,1,1,1,1,1,0,0,0,15,1,10,3,0,1,2
6/9/20 23:30,1,1,0,0,0,1,0,0,1,0,0,1,0,0,0,1,0,0,1,1,1,0,1,1,0,0,1,1,0,1,0,0,0,0,0,0,0,0,14,3,3,4,2,2,2
6/9/20 23:31,0,0,0,1,0,0,0,0,0,0,0,0,0,0,0,0,0,0,0,0,0,1,0,1,0,0,1,1,0,0,1,0,0,0,0,0,0,0,6,1,1,2,1,1,1
6/9/20 23:33,0,0,0,0,0,0,0,1,1,0,0,1,0,0,0,1,0,1,1,1,1,0,0,1,0,0,1,0,0,0,0,0,1,1,1,0,0,1,14,1,6,3,3,1,2
6/9/20 23:33,0,1,0,0,0,0,0,0,0,0,1,1,1,0,0,1,0,1,1,1,1,1,1,1,1,1,1,0,1,1,1,1,1,1,1,0,1,1,24,0,9,6,6,3,3
6/9/20 23:34,0,1,0,1,0,1,0,1,0,0,1,1,0,1,0,1,0,0,1,0,1,1,0,1,0,1,1,1,1,1,1,1,0,1,1,0,1,0,22,3,9,6,3,1,4
6/9/20 23:35,0,1,0,0,0,0,0,0,0,0,1,1,1,0,0,1,0,1,1,1,1,1,1,1,1,1,1,0,1,1,1,1,1,1,1,0,1,1,24,0,9,6,6,3,3
6/9/20 23:37,0,0,1,1,0,1,1,1,1,1,1,0,1,1,1,1,1,0,0,0,0,1,0,1,1,0,0,1,1,0,1,1,1,1,1,0,0,0,23,7,10,3,1,2,4
6/9/20 23:38,0,1,0,0,0,1,0,0,0,0,1,0,1,0,0,0,0,1,1,0,1,1,0,1,0,1,1,0,0,1,1,1,1,1,1,0,0,1,18,1,7,5,4,1,4
6/9/20 23:39,0,1,0,0,1,0,0,0,1,1,0,1,1,0,1,1,1,1,1,0,1,1,1,1,1,1,1,0,1,1,0,1,1,1,1,0,1,0,25,3,9,6,4,3,2
6/9/20 23:40,0,0,1,1,1,1,1,0,1,0,0,0,1,0,1,1,0,0,0,1,1,1,0,1,1,1,1,0,0,0,1,1,1,1,1,0,0,1,22,6,7,2,5,2,4
6/9/20 23:41,0,0,0,0,0,0,1,0,0,0,1,1,0,0,0,1,0,0,1,1,1,0,0,1,1,1,0,1,0,1,1,0,1,1,0,0,1,0,16,1,6,4,3,2,2
6/9/20 23:41,0,0,0,0,0,0,0,0,0,0,1,0,1,0,0,1,0,0,0,0,0,0,0,0,0,0,0,0,0,0,0,0,0,0,0,0,0,0,3,0,2,0,1,0,0
6/9/20 23:41,0,1,0,0,0,0,0,0,0,0,1,1,1,0,0,1,0,1,1,1,1,1,1,1,1,1,1,0,1,1,1,1,1,1,1,0,1,1,24,0,9,6,6,3,3
6/9/20 23:42,0,0,0,0,0,0,0,0,0,0,1,0,1,0,0,1,0,1,1,0,1,0,1,1,0,0,0,0,0,1,0,1,1,0,1,0,1,1,14,0,5,4,3,2,2
6/9/20 23:45,0,1,0,0,0,0,1,0,0,0,1,1,1,1,1,0,0,1,0,1,0,0,0,1,0,0,1,0,0,1,1,0,1,0,1,0,1,0,16,2,7,2,4,1,0
6/9/20 23:48,0,0,0,0,0,0,0,0,0,0,1,0,0,0,0,0,0,0,0,0,0,0,0,0,0,0,0,0,0,0,0,0,0,0,0,0,0,0,1,0,1,0,0,0,0
6/9/20 23:49,0,1,0,0,0,0,0,0,0,0,1,1,1,0,0,1,0,1,1,1,1,1,1,1,1,1,0,0,0,0,1,1,0,1,1,0,1,1,20,0,8,4,5,3,3
6/9/20 23:49,0,0,1,1,0,0,1,0,1,1,1,1,0,1,1,1,1,1,0,1,0,0,0,0,1,1,1,0,0,1,1,1,1,1,1,0,0,0,22,6,10,2,3,1,2
6/9/20 23:49,0,0,1,1,1,1,1,1,1,1,0,0,0,1,1,0,1,0,0,0,0,0,0,0,0,0,0,1,1,0,0,1,1,1,0,0,0,0,16,8,6,2,0,0,4
6/9/20 23:49,0,0,0,1,0,0,0,0,0,0,0,0,0,0,0,0,0,0,0,0,0,0,0,0,0,0,0,1,1,0,1,0,0,0,0,0,0,0,4,1,1,2,0,0,1
6/9/20 23:57,0,0,0,0,0,0,0,0,0,0,0,0,0,0,0,0,0,0,0,0,0,0,0,0,0,0,0,0,0,0,0,0,0,0,0,0,0,0,0,0,0,0,0,0,0
6/9/20 23:57,0,0,0,0,0,0,0,0,0,0,0,0,0,0,0,0,0,0,1,0,0,0,0,0,0,0,0,1,1,0,0,0,0,0,1,0,0,0,4,0,1,3,0,0,1
6/9/20 23:57,0,1,0,0,1,1,0,0,0,0,1,1,1,0,0,1,0,1,1,1,1,1,1,1,1,1,1,0,0,0,1,0,0,1,1,0,1,0,21,2,7,4,5,3,2
6/9/20 23:57,0,0,1,0,0,0,0,0,0,0,0,0,0,0,0,0,0,0,0,0,0,0,0,0,0,0,0,0,0,0,1,1,0,0,0,0,0,0,3,1,2,0,0,0,1
6/9/20 23:58,0,1,0,1,0,0,0,0,1,0,0,1,1,0,0,1,0,1,1,1,0,1,1,0,1,1,0,0,0,0,1,0,0,0,0,0,1,1,16,2,4,3,5,2,1
6/9/20 23:58,1,1,0,0,0,1,0,0,0,0,1,1,0,0,0,1,0,1,1,0,1,1,1,1,1,1,0,0,0,1,0,1,1,1,1,0,1,0,20,2,8,5,2,3,3
6/9/20 23:59,0,0,0,0,0,0,0,0,0,0,0,0,0,0,0,0,0,0,0,0,0,0,0,0,0,0,0,0,0,0,0,0,0,0,0,0,0,0,0,0,0,0,0,0,0
6/9/20 23:59,0,0,0,0,0,0,0,0,0,0,0,0,0,0,0,1,0,1,1,0,0,0,0,1,0,0,1,1,1,0,0,1,1,1,1,0,0,0,11,0,5,4,1,1,3
6/10/20 0:00,0,1,0,0,0,0,0,0,0,0,1,1,1,0,0,1,0,1,1,1,1,1,1,1,1,1,1,0,1,1,1,1,1,1,1,0,1,1,24,0,9,6,6,3,3
6/10/20 0:00,0,1,0,0,0,0,0,0,0,0,1,1,1,0,0,1,0,1,1,1,1,1,1,1,1,1,1,0,1,1,1,1,1,1,1,0,1,1,24,0,9,6,6,3,3
6/10/20 0:00,0,0,0,0,0,0,1,0,0,0,1,0,1,0,0,1,0,1,1,1,1,1,1,1,1,1,1,0,0,1,0,0,1,1,1,0,1,0,19,1,5,5,5,3,1
6/10/20 0:01,1,0,0,0,0,0,0,0,0,0,1,1,1,0,0,1,0,1,1,1,1,1,1,1,1,1,1,0,0,1,1,1,1,1,1,0,1,1,23,1,8,5,6,3,3
6/10/20 0:04,0,0,0,0,0,0,0,0,0,0,0,1,1,0,0,1,0,1,0,0,0,1,1,1,1,0,0,0,0,0,1,1,0,1,1,0,0,1,13,0,6,2,2,3,3
6/10/20 0:04,0,1,0,0,0,0,0,1,0,0,1,1,1,0,0,0,0,1,1,1,0,1,1,1,0,1,1,1,0,0,1,0,0,1,0,0,1,1,18,0,6,4,6,2,3
6/10/20 0:04,0,1,0,0,0,0,0,0,0,0,1,1,1,0,0,1,0,1,1,1,1,1,1,1,1,1,1,0,1,1,1,1,1,1,1,0,1,1,24,0,9,6,6,3,3
6/10/20 0:04,0,0,0,0,0,0,0,0,0,0,0,1,1,1,0,1,0,0,0,0,0,0,1,1,1,0,1,0,1,1,1,1,1,0,0,0,0,1,14,1,5,2,3,3,2
6/10/20 0:06,0,1,0,0,0,0,0,0,0,0,1,0,1,0,0,1,0,0,0,1,1,1,1,1,1,1,0,0,0,1,0,1,1,1,1,0,1,1,18,0,7,3,5,3,3
6/10/20 0:09,0,1,0,0,0,0,1,0,1,0,1,1,0,0,0,1,0,1,0,1,1,1,1,1,0,1,1,0,1,1,0,1,1,1,1,0,1,0,21,2,8,5,4,2,2
6/10/20 0:09,0,0,0,0,0,0,0,1,0,0,1,0,1,0,0,1,0,1,0,0,1,1,1,1,0,1,1,0,1,1,1,1,1,1,1,0,1,1,20,0,8,5,5,2,3
6/10/20 0:10,0,1,0,0,0,0,0,0,0,0,1,1,1,0,0,1,0,1,1,1,1,1,1,1,1,1,1,0,1,1,1,1,1,1,1,0,1,1,24,0,9,6,6,3,3
6/10/20 0:11,1,0,0,1,0,0,0,0,0,0,1,1,1,0,0,1,0,0,1,1,1,1,1,1,1,0,1,0,1,1,1,1,1,1,1,0,1,1,23,2,8,5,5,3,3
6/10/20 0:11,0,1,0,0,0,0,0,0,0,0,1,1,1,0,0,1,0,0,1,1,1,1,1,1,0,1,1,1,0,0,1,0,1,0,0,0,0,0,16,0,6,4,4,2,1
6/10/20 0:11,0,0,0,1,0,0,0,0,1,0,1,0,0,0,1,0,0,0,0,0,0,0,0,0,0,0,0,1,0,1,1,1,1,1,1,0,0,0,11,2,7,2,0,0,3
6/10/20 0:12,0,0,0,0,0,1,0,0,0,0,0,0,0,0,0,0,0,0,0,0,0,0,0,0,0,0,0,0,0,0,0,0,0,0,0,0,0,0,1,1,0,0,0,0,1
6/10/20 0:12,0,1,0,0,0,0,0,0,0,0,1,1,0,0,0,1,0,0,0,1,1,0,1,1,1,0,0,0,0,1,0,0,0,1,1,0,0,1,13,0,6,2,2,3,2
6/10/20 0:13,0,0,0,0,0,0,0,0,0,0,0,0,0,0,1,0,0,0,0,0,0,0,0,0,0,0,0,0,0,0,0,0,0,0,0,0,0,0,1,0,1,0,0,0,0
6/10/20 0:15,0,1,1,0,0,0,0,0,0,0,1,0,0,0,0,0,0,0,0,0,0,0,0,0,0,0,0,0,0,0,1,1,0,0,1,1,1,1,9,1,5,0,3,0,2
6/10/20 0:16,0,1,0,0,1,0,1,0,1,0,1,1,1,0,1,1,0,0,1,1,1,0,1,0,1,1,1,0,1,1,1,1,0,1,1,0,0,1,23,3,9,4,5,2,3
6/10/20 0:18,0,1,0,0,0,0,0,0,0,0,1,1,1,0,0,1,0,1,1,1,1,1,1,1,1,1,1,0,1,1,1,1,1,1,1,0,1,1,24,0,9,6,6,3,3
6/10/20 0:18,0,1,0,0,0,0,0,0,0,0,1,1,1,0,0,1,0,1,1,1,1,1,1,1,1,1,1,0,1,1,1,1,1,1,1,0,1,1,24,0,9,6,6,3,3
6/10/20 0:18,0,1,0,0,0,0,0,0,0,0,1,1,1,0,0,1,0,1,1,1,1,1,1,1,1,1,1,0,1,1,1,1,1,1,1,0,1,1,24,0,9,6,6,3,3
6/10/20 0:22,1,1,0,0,0,1,0,0,0,1,0,1,0,1,0,1,1,1,1,0,1,0,0,1,0,0,0,1,0,1,0,0,1,1,0,0,1,0,17,4,6,5,1,1,3
6/10/20 0:22,0,1,0,0,1,0,1,0,0,0,0,1,0,0,1,0,0,1,1,0,1,1,0,1,1,1,1,0,1,0,1,0,1,1,1,0,1,1,20,2,7,5,4,2,2
6/10/20 0:23,0,0,0,0,0,0,0,0,0,0,1,1,0,0,0,0,0,0,0,1,0,0,0,0,0,0,0,0,0,0,0,0,0,1,0,0,0,0,4,0,3,0,1,0,1
6/10/20 0:33,0,1,0,0,0,0,0,0,0,0,1,1,1,0,0,1,0,1,1,1,1,1,1,1,1,1,1,0,1,1,1,1,1,1,1,0,1,1,24,0,9,6,6,3,3
6/10/20 0:35,0,1,0,0,0,0,0,0,0,0,0,1,0,0,0,1,0,0,0,0,0,0,0,0,0,0,0,0,0,0,0,0,1,1,1,0,0,0,6,0,6,0,0,0,1
6/10/20 0:35,0,1,0,0,0,0,0,0,0,0,1,1,1,0,0,1,0,0,0,0,1,1,0,0,1,0,0,0,1,0,1,0,1,1,1,0,0,0,13,0,8,3,1,1,1
6/10/20 0:35,0,1,0,0,0,0,0,0,0,0,1,1,1,0,0,1,0,1,1,1,1,1,1,1,1,1,1,0,1,1,1,1,1,1,1,0,1,1,24,0,9,6,6,3,3
6/10/20 0:53,0,1,0,0,0,0,0,0,0,0,1,1,1,0,0,1,0,1,1,1,1,1,1,1,1,1,1,0,1,1,1,1,1,1,1,0,1,1,24,0,9,6,6,3,3
6/10/20 1:12,0,1,0,0,0,0,0,0,0,0,1,1,1,0,0,1,0,1,1,1,1,1,1,1,1,1,1,0,1,1,1,1,1,1,1,0,1,1,24,0,9,6,6,3,3
6/10/20 1:14,0,1,0,1,0,1,0,0,1,0,1,1,0,0,0,1,0,1,0,1,1,1,1,0,1,1,0,0,1,0,0,1,1,0,1,0,0,1,19,3,7,4,3,2,3
6/10/20 1:16,0,1,0,0,0,0,0,0,0,0,1,1,1,0,0,1,0,1,1,1,1,1,1,1,1,1,1,0,1,1,1,1,1,1,1,0,1,1,24,0,9,6,6,3,3
6/10/20 1:30,0,1,0,0,0,0,0,0,0,0,1,1,1,0,0,1,0,1,1,1,1,1,1,1,1,1,1,0,1,1,1,1,1,1,1,0,1,1,24,0,9,6,6,3,3
6/25/20 7:44,0,0,0,1,0,0,0,0,1,1,1,0,0,0,0,0,1,0,0,0,0,0,0,1,0,0,0,1,0,0,1,1,1,1,1,1,0,1,14,3,7,1,2,1,4
6/25/20 7:55,0,1,0,1,0,0,0,0,0,0,1,1,0,1,0,1,0,0,1,0,1,1,1,1,1,0,0,0,0,1,1,1,1,1,1,0,1,1,20,2,9,4,2,3,3
6/25/20 8:07,0,0,0,1,0,0,0,0,1,0,1,0,1,0,0,0,0,1,1,1,0,1,1,1,0,1,1,1,1,1,1,1,1,0,1,0,1,1,21,2,5,6,6,2,3
6/25/20 8:16,0,1,0,0,0,0,0,0,0,0,0,1,0,0,0,1,0,1,1,0,1,1,1,0,1,1,0,0,0,1,0,0,1,1,1,0,0,0,14,0,6,5,1,2,1
6/25/20 17:05,0,0,0,0,0,0,0,0,0,0,1,0,0,0,1,1,0,0,0,0,0,0,0,0,0,0,0,1,0,0,1,1,1,1,1,1,1,1,12,0,8,1,3,0,4
6/25/20 18:14,0,1,0,1,0,0,0,0,1,0,1,0,0,0,0,1,0,1,0,1,0,1,0,0,0,1,1,1,1,1,1,1,1,1,1,0,0,0,18,2,8,5,3,0,3
6/25/20 18:16,0,1,0,0,0,1,1,0,0,0,0,1,1,1,0,1,0,0,1,1,1,1,0,1,1,1,0,0,1,0,1,1,0,1,1,0,1,1,21,3,7,4,5,2,4
6/25/20 18:21,0,1,0,0,0,0,0,0,0,0,1,0,1,1,0,1,0,1,1,0,1,0,1,1,0,1,1,0,1,0,1,0,1,0,1,0,1,0,17,1,6,4,4,2,0
6/25/20 18:33,0,0,0,1,0,0,0,0,0,0,0,0,0,0,0,0,0,0,0,0,0,0,0,0,0,0,0,0,0,0,1,0,0,0,0,0,0,0,2,1,1,0,0,0,0
6/25/20 18:51,0,1,0,0,0,0,0,0,0,0,1,1,1,0,0,1,0,1,1,1,1,1,1,1,1,1,1,0,1,1,1,1,1,1,1,0,1,1,24,0,9,6,6,3,3
6/25/20 18:51,0,1,0,0,0,0,0,0,0,0,1,1,1,0,0,1,0,1,1,1,1,1,1,1,1,1,1,0,1,1,1,1,1,1,1,0,1,1,24,0,9,6,6,3,3
6/25/20 18:52,0,0,0,0,0,0,0,0,0,0,0,0,0,0,0,0,0,0,0,0,0,0,0,0,0,0,0,0,0,0,0,0,0,0,0,0,0,0,0,0,0,0,0,0,0
6/25/20 18:52,0,0,1,1,1,1,0,0,1,1,1,0,1,1,1,0,1,0,1,1,1,1,1,1,1,0,1,1,1,0,0,1,1,1,0,0,0,0,24,7,6,5,3,3,4
6/25/20 18:52,0,0,0,0,0,0,0,0,1,0,0,0,0,0,0,0,0,0,0,0,0,0,0,0,0,0,0,0,0,0,0,0,0,1,1,0,0,0,3,1,2,0,0,0,1
6/25/20 18:53,0,0,0,0,0,0,0,0,0,0,1,0,0,0,0,0,0,0,0,1,0,0,0,0,0,1,1,0,0,0,0,0,1,1,0,0,0,0,6,0,3,0,3,0,1
6/25/20 18:53,0,1,1,1,1,1,1,1,1,1,0,0,0,1,1,0,1,0,0,0,0,1,1,1,0,0,0,1,0,1,0,1,1,1,1,0,1,0,22,8,8,3,1,2,4
6/25/20 18:54,0,0,0,0,0,0,0,0,0,0,0,0,0,0,0,0,0,0,0,0,0,0,0,0,0,0,0,0,0,0,1,0,0,0,0,0,0,0,1,0,1,0,0,0,0
6/25/20 18:54,0,0,0,0,0,0,0,0,0,0,1,0,0,0,0,0,0,1,0,0,0,0,0,0,0,0,0,1,1,0,0,1,1,1,1,0,0,0,8,0,5,3,0,0,3
6/25/20 18:54,0,0,0,0,0,0,0,0,0,0,1,1,0,1,0,0,0,0,0,1,1,0,0,1,0,0,0,0,0,1,0,0,0,1,0,0,0,0,8,1,3,2,1,1,1
6/25/20 18:55,0,0,0,0,0,0,0,0,0,0,0,0,0,0,0,0,0,0,0,0,0,0,0,0,0,0,0,0,0,0,0,0,0,0,0,0,0,0,0,0,0,0,0,0,0
6/25/20 18:55,0,1,0,0,0,0,1,0,1,1,1,1,0,0,0,0,1,1,1,1,1,0,1,1,1,1,0,0,0,0,0,1,1,1,1,0,1,1,21,3,8,3,4,3,3
6/25/20 18:58,0,0,0,0,0,1,1,0,1,0,0,0,0,0,0,0,0,0,0,0,0,0,0,0,0,0,0,0,0,0,0,0,0,0,0,0,0,0,3,3,0,0,0,0,1
6/25/20 18:58,0,1,0,0,1,0,0,1,0,0,1,1,0,1,1,0,0,0,0,0,0,0,0,0,0,0,0,1,0,0,0,0,0,0,0,0,0,0,8,2,5,1,0,0,1
6/25/20 18:58,1,1,0,1,1,0,0,1,0,0,0,1,1,1,0,0,0,1,0,1,0,0,1,1,1,0,0,0,0,1,0,0,1,1,1,0,1,0,18,4,6,2,3,3,1
6/25/20 18:59,0,1,0,0,1,1,0,1,0,0,0,1,0,0,0,0,0,1,0,1,1,0,1,1,0,1,1,0,1,1,1,1,0,0,1,0,0,1,18,2,6,4,4,2,3
6/25/20 18:59,0,0,1,1,0,0,0,0,1,0,0,0,0,0,0,0,0,1,0,1,0,0,0,1,0,0,0,1,1,1,1,1,1,0,1,1,1,1,16,3,4,4,4,1,3
6/25/20 18:59,0,0,0,0,0,0,0,0,0,0,1,0,0,0,0,0,0,0,0,0,0,0,0,0,0,0,0,0,1,1,0,1,1,1,1,0,0,0,7,0,5,2,0,0,2
6/25/20 19:01,0,1,0,0,0,0,0,0,0,0,1,1,1,0,0,1,0,1,1,1,1,1,1,1,1,0,0,0,0,0,0,0,0,0,0,0,1,1,15,0,4,4,4,3,1
6/25/20 19:02,0,0,0,0,0,0,0,0,0,0,1,0,0,0,0,0,0,0,0,1,0,0,0,0,0,1,0,0,0,0,1,1,1,0,1,0,0,0,7,0,5,0,2,0,1
6/25/20 19:02,0,0,0,1,1,0,1,0,0,0,0,1,1,1,1,1,0,1,0,1,0,1,0,0,1,0,1,0,1,0,0,1,0,1,1,1,1,0,19,4,6,3,5,1,2
6/25/20 19:02,0,0,0,0,0,0,0,0,0,0,1,0,0,0,0,0,0,1,0,1,0,0,0,0,0,0,0,0,0,0,0,0,0,0,0,0,0,0,3,0,1,1,1,0,0
6/25/20 19:04,0,1,0,0,0,0,0,0,0,0,1,1,1,0,0,1,0,1,1,1,1,1,1,1,0,1,1,0,0,1,0,0,0,1,0,0,1,1,18,0,5,5,6,2,2
6/25/20 19:05,0,1,0,1,0,0,1,0,0,0,1,0,0,0,0,0,0,0,0,0,0,0,0,0,0,0,0,0,0,0,0,1,0,0,0,0,0,0,5,2,3,0,0,0,1
6/25/20 19:06,0,1,0,0,0,1,0,1,0,1,0,1,0,1,1,0,1,0,0,0,1,0,1,1,0,0,1,0,0,1,0,0,0,1,1,0,0,1,16,3,7,2,2,2,3
6/25/20 19:06,0,1,0,1,0,0,1,0,0,0,1,0,1,1,0,1,0,0,0,1,0,1,1,0,1,1,0,1,0,0,0,0,0,0,1,0,0,1,15,3,4,2,4,2,2
6/25/20 19:06,0,1,0,0,0,1,0,0,0,0,1,0,1,0,0,1,0,1,1,1,0,1,0,1,1,1,1,0,0,1,1,1,0,1,1,0,0,1,19,1,7,4,5,2,4
6/25/20 19:06,0,0,1,0,0,0,0,0,0,0,0,0,0,0,0,0,0,0,0,1,1,1,1,1,0,1,1,1,0,0,0,0,0,0,0,0,0,0,9,1,0,3,3,2,1
6/25/20 19:08,0,0,0,0,0,0,0,0,0,0,1,0,0,0,0,0,0,0,0,0,0,1,0,1,0,0,0,0,0,0,1,1,0,1,1,0,0,0,7,0,5,1,0,1,2
6/25/20 19:10,0,1,0,0,0,0,0,0,0,0,0,0,0,0,0,0,0,0,0,0,0,0,0,0,0,1,1,0,0,0,0,0,0,0,0,0,0,0,3,0,1,0,2,0,0
6/25/20 19:13,0,0,0,0,0,0,1,0,0,0,0,1,0,0,0,1,0,1,1,1,0,1,0,0,0,0,0,0,0,0,0,0,1,1,0,0,0,0,9,1,4,3,1,0,1
6/25/20 19:16,1,1,1,1,1,1,1,1,1,1,1,0,0,1,1,1,1,0,0,1,1,0,0,0,0,1,1,1,0,0,1,1,1,1,1,1,1,1,28,9,11,2,6,0,5
6/25/20 19:20,0,1,0,0,0,0,0,1,0,0,1,1,1,0,0,1,0,1,1,1,1,1,1,1,1,1,0,0,0,0,0,0,1,1,1,0,0,1,19,0,8,4,4,3,2
6/25/20 19:22,1,0,0,0,0,0,0,0,0,0,1,1,1,0,0,0,0,1,1,1,1,1,1,1,1,1,1,1,0,1,0,0,1,1,1,0,1,1,21,1,5,6,6,3,3
6/25/20 19:23,0,0,0,0,0,0,0,0,0,0,0,0,0,0,0,0,0,0,0,0,0,1,0,0,0,0,0,1,0,0,1,1,1,1,0,0,0,0,6,0,4,2,0,0,3
6/25/20 19:24,0,1,0,0,0,0,0,0,0,0,1,1,1,0,0,1,0,1,1,1,1,1,1,1,1,1,1,0,1,1,1,1,1,1,1,0,1,1,24,0,9,6,6,3,3
6/25/20 19:24,0,1,0,0,0,0,0,0,0,0,1,1,1,0,0,1,0,1,1,1,1,1,1,1,1,1,1,0,0,1,1,1,1,1,1,0,0,0,21,0,9,5,4,3,2
6/25/20 19:24,0,0,0,0,1,0,0,0,0,0,0,1,0,0,0,1,0,0,1,1,0,1,1,0,1,1,0,0,0,0,0,0,0,0,0,0,1,0,10,1,2,2,3,2,0
6/25/20 19:24,0,1,0,0,0,0,0,0,0,0,1,1,1,0,0,1,0,1,1,1,1,1,1,1,1,1,1,0,1,1,1,1,1,1,1,0,1,1,24,0,9,6,6,3,3
6/25/20 19:26,0,1,0,0,0,0,0,0,0,1,1,1,1,1,1,1,1,1,1,1,1,1,1,1,0,1,1,1,1,1,1,1,1,1,1,0,1,0,27,2,11,7,5,2,3
6/25/20 19:26,0,0,0,1,0,0,0,0,0,0,1,1,0,0,0,1,0,0,1,1,1,1,1,1,1,0,0,0,0,0,0,1,1,0,0,0,1,1,15,1,5,3,3,3,2
6/25/20 19:28,0,0,0,0,0,0,0,0,1,0,0,0,0,0,1,0,0,0,0,0,0,0,0,0,0,0,0,0,0,0,1,0,0,1,1,0,0,0,5,1,4,0,0,0,1
6/25/20 19:29,0,0,0,1,0,0,0,0,0,0,1,1,1,0,0,1,0,1,1,1,1,1,0,1,1,0,0,0,0,0,0,0,0,1,1,0,0,0,14,1,5,4,2,2,1
6/25/20 19:30,0,0,0,1,0,1,1,0,1,1,1,0,0,1,1,0,1,1,0,0,0,0,0,1,0,0,0,1,1,0,0,1,1,1,1,0,0,0,17,6,7,3,0,1,4
6/25/20 19:31,0,1,0,0,0,0,0,0,0,0,1,1,1,0,0,1,0,1,1,1,1,1,1,1,1,1,1,0,1,1,1,1,1,1,1,0,1,1,24,0,9,6,6,3,3
6/25/20 19:31,0,1,0,0,0,0,0,0,0,0,1,1,1,0,0,1,0,1,1,1,1,1,1,1,1,1,1,0,1,1,1,1,1,1,1,0,1,1,24,0,9,6,6,3,3
6/25/20 19:31,0,1,0,0,0,0,1,0,0,0,1,1,1,0,0,1,0,1,1,1,1,1,1,1,1,1,1,0,1,1,1,1,1,1,1,0,1,1,25,1,9,6,6,3,3
6/25/20 19:33,0,0,1,1,0,0,0,0,0,0,1,0,0,0,0,0,0,0,0,0,1,1,0,0,1,0,0,1,1,0,1,1,1,1,1,1,0,0,14,2,6,4,1,1,3
6/25/20 19:33,0,0,0,0,0,0,0,0,0,0,0,0,0,0,0,0,0,1,1,0,1,0,0,0,0,0,0,0,1,1,0,0,0,0,0,0,0,0,5,0,0,5,0,0,0
6/25/20 19:34,0,0,1,0,1,1,0,0,0,0,0,0,0,0,0,0,0,0,0,0,0,0,0,0,0,0,0,1,0,1,1,0,0,0,0,0,0,0,6,3,1,2,0,0,2
6/25/20 19:34,0,0,0,0,0,0,0,0,0,0,1,0,0,0,0,0,0,0,0,0,0,0,0,0,0,0,0,0,0,0,0,0,0,0,0,0,0,0,1,0,1,0,0,0,0
6/25/20 19:35,0,0,0,1,0,0,1,0,1,1,0,0,0,1,1,0,1,0,0,0,0,0,0,0,0,0,0,0,0,0,0,0,0,0,0,0,0,0,7,5,2,0,0,0,0
6/25/20 19:44,0,0,0,1,0,0,0,0,0,0,0,0,0,0,0,0,0,0,0,0,0,1,1,1,0,0,0,0,0,0,1,0,0,0,0,1,1,1,8,1,1,1,3,2,1
6/25/20 19:44,0,0,0,0,0,0,0,0,1,1,0,0,0,0,0,0,1,0,0,1,0,0,0,0,0,1,1,0,0,0,0,0,0,0,0,0,0,0,6,2,1,0,3,0,0
6/25/20 19:45,0,0,0,0,0,0,0,0,0,0,0,0,0,0,0,0,0,0,0,0,0,0,0,0,0,0,0,1,1,0,1,0,0,0,0,0,0,0,3,0,1,2,0,0,1
6/25/20 19:47,1,0,0,1,0,0,0,0,0,0,0,0,0,0,0,0,0,0,0,1,0,1,0,0,0,1,1,0,1,0,0,0,0,0,0,0,0,0,7,2,0,2,3,0,0
6/25/20 19:49,0,1,0,0,0,0,0,0,0,0,1,1,1,0,0,1,0,1,1,1,1,1,1,1,1,0,0,0,0,0,1,1,1,1,1,0,0,0,18,0,9,4,2,3,2
6/25/20 19:50,0,0,0,1,0,0,0,0,0,0,0,0,0,0,0,0,0,0,0,0,0,0,0,0,0,0,0,0,0,0,0,0,0,0,0,0,0,0,1,1,0,0,0,0,0
6/25/20 19:51,1,1,1,1,1,1,1,0,1,1,0,0,0,1,1,0,1,0,0,0,1,1,1,1,0,0,0,1,0,0,1,1,1,1,1,0,0,0,22,9,8,3,0,2,4
6/25/20 19:51,1,0,1,1,1,1,1,1,1,1,0,0,0,1,1,0,1,0,0,0,0,0,0,0,0,0,0,1,0,0,0,0,0,0,1,0,0,0,14,9,4,1,0,0,2
6/25/20 19:52,0,1,0,0,0,0,0,0,0,0,1,1,1,0,0,1,0,1,1,1,1,1,1,1,1,1,1,0,1,1,1,1,1,1,1,0,1,1,24,0,9,6,6,3,3
6/25/20 19:54,0,0,0,0,0,0,0,0,1,0,0,0,0,0,0,0,0,0,0,0,0,0,0,0,0,0,0,0,0,0,0,0,0,0,0,0,0,0,1,1,0,0,0,0,0
6/25/20 19:54,0,0,0,1,0,0,0,0,1,1,0,0,0,0,0,0,1,0,0,0,0,1,0,0,0,0,0,0,0,0,0,0,0,0,0,0,0,0,5,3,1,1,0,0,0
6/25/20 19:55,0,0,0,0,0,0,0,0,0,0,0,0,0,0,0,0,0,0,0,0,0,0,0,0,0,0,0,0,0,0,0,0,0,0,0,0,0,0,0,0,0,0,0,0,0
6/25/20 19:55,0,1,0,0,0,0,0,0,0,0,1,1,1,0,0,1,0,1,1,1,1,1,1,1,1,1,1,0,1,1,1,1,1,1,1,0,1,1,24,0,9,6,6,3,3
6/25/20 19:56,1,1,0,0,1,1,1,0,1,0,0,0,1,0,0,1,0,1,0,0,0,0,0,0,1,0,0,1,0,0,0,1,1,1,0,0,0,0,14,5,5,2,1,1,4
6/25/20 19:56,0,1,0,1,1,0,1,0,1,0,0,1,1,1,0,0,0,0,1,1,1,0,1,0,1,0,0,0,1,0,1,0,1,0,1,0,0,1,18,5,5,3,3,2,1
6/25/20 19:56,0,1,0,1,1,0,1,0,0,0,1,0,1,1,0,0,0,0,1,0,1,0,1,0,1,1,0,0,0,1,1,0,1,0,1,0,0,1,17,4,5,3,3,2,1
6/25/20 19:56,0,1,0,0,0,0,0,0,0,0,1,1,1,0,0,1,0,1,1,1,1,1,1,1,1,1,1,0,1,1,1,1,1,1,1,0,1,1,24,0,9,6,6,3,3
6/25/20 19:57,0,1,0,0,0,0,0,0,0,0,1,1,1,0,0,1,0,1,1,1,1,1,1,1,1,1,1,0,0,0,1,0,0,1,0,0,1,0,18,0,6,4,5,3,1
6/25/20 19:57,0,0,0,0,0,0,0,0,1,0,0,0,0,0,0,0,0,0,0,0,0,0,0,0,0,0,0,0,0,0,0,0,0,0,0,0,0,0,1,1,0,0,0,0,0
6/25/20 19:57,0,0,0,0,0,0,0,0,0,0,0,0,0,0,0,0,0,0,0,0,0,0,0,0,0,0,0,1,1,0,0,0,0,1,1,0,0,0,4,0,2,2,0,0,2
6/25/20 19:58,1,0,1,1,0,1,1,0,1,0,0,0,0,1,0,1,0,1,0,0,0,1,0,0,0,0,0,1,0,0,1,0,0,0,0,0,0,0,12,7,2,3,0,0,2
6/25/20 19:58,0,1,0,0,0,0,0,0,0,0,1,1,1,0,0,1,0,1,1,1,1,1,1,1,1,1,1,0,1,1,1,1,1,1,1,0,1,1,24,0,9,6,6,3,3
6/25/20 19:58,0,0,0,1,0,0,0,0,1,0,0,0,0,1,1,1,0,0,0,0,0,0,0,0,0,0,0,1,0,0,0,1,1,1,1,0,0,0,10,3,6,1,0,0,3
6/25/20 20:00,0,0,0,0,0,0,0,0,0,0,0,0,0,0,0,0,0,0,0,0,0,0,0,0,0,0,0,0,0,1,0,0,0,0,1,0,0,0,2,0,1,1,0,0,0
6/25/20 20:01,1,0,0,0,0,0,0,0,0,0,1,1,1,0,0,1,0,1,1,1,1,1,1,1,1,1,1,0,0,1,1,1,1,1,1,0,1,1,23,1,8,5,6,3,3
6/25/20 20:01,0,1,0,0,0,0,0,0,0,0,1,1,1,0,0,1,0,1,1,1,1,1,1,1,1,1,1,0,1,1,1,1,1,1,1,0,1,1,24,0,9,6,6,3,3
6/25/20 20:07,0,0,0,0,0,0,0,0,0,0,0,0,0,0,0,0,0,1,0,0,0,0,0,0,0,0,0,0,1,0,0,0,0,0,0,0,0,0,2,0,0,2,0,0,0
6/25/20 20:08,0,1,0,0,0,0,0,0,0,0,1,1,1,0,0,1,0,1,1,1,1,1,0,1,1,1,1,0,1,1,1,1,1,1,1,0,1,1,23,0,9,6,6,2,3
6/25/20 20:09,0,0,0,1,1,1,1,0,1,1,1,0,0,1,1,1,1,1,1,0,0,1,1,1,0,0,0,1,1,0,1,1,1,1,1,1,1,1,26,7,9,5,3,2,5
6/25/20 20:10,0,0,0,0,0,0,0,0,0,0,1,1,0,0,0,0,0,0,0,1,1,0,0,0,0,1,0,0,0,0,0,0,0,0,0,0,0,0,5,0,2,1,2,0,0
6/25/20 20:12,1,0,1,0,0,0,1,0,0,1,0,1,1,0,0,1,1,1,1,1,1,0,1,1,1,0,0,0,1,1,0,0,1,1,1,0,1,1,22,4,6,5,4,3,2
6/25/20 20:13,1,0,1,1,1,1,1,1,1,1,0,0,0,1,1,0,1,0,0,0,0,0,0,0,0,0,0,1,0,1,0,0,0,0,0,0,1,1,16,9,3,2,2,0,3
6/25/20 20:15,0,0,0,1,0,1,1,0,1,0,0,0,0,0,0,0,0,0,0,0,0,0,0,0,0,0,1,1,1,0,0,0,0,0,1,0,0,0,8,4,1,2,1,0,2
6/25/20 20:16,0,0,0,1,0,0,0,0,0,0,0,0,0,0,0,0,0,0,0,0,0,0,0,1,0,0,0,1,1,1,0,1,1,1,1,0,0,0,9,1,4,3,0,1,3
6/25/20 20:21,0,0,0,0,0,1,0,0,1,1,0,0,0,0,0,0,1,0,0,0,0,0,0,0,0,0,0,0,0,0,0,0,0,0,0,0,0,0,4,3,1,0,0,0,1
6/25/20 20:26,0,1,0,0,0,0,0,0,0,0,1,1,1,0,0,1,0,1,1,1,1,1,1,1,1,1,0,0,0,0,0,0,0,1,1,0,1,1,18,0,6,4,5,3,2
6/25/20 20:26,0,0,1,0,0,0,0,0,0,0,0,0,0,0,1,0,0,0,0,0,0,0,0,0,0,0,0,1,1,0,0,0,0,0,0,0,0,0,4,1,1,2,0,0,1
6/25/20 20:28,0,0,0,0,0,1,0,0,0,0,0,0,0,0,0,1,0,0,0,0,0,0,0,0,0,0,0,0,0,0,0,0,0,0,0,0,0,0,2,1,1,0,0,0,1
6/25/20 20:33,0,0,0,0,0,0,0,0,0,0,0,0,0,0,0,1,0,1,0,1,1,1,1,1,0,1,1,1,1,0,1,0,0,0,0,0,0,0,12,0,2,5,3,2,1
6/25/20 20:34,1,1,0,0,0,0,0,0,0,0,0,1,1,0,0,1,0,0,1,1,1,0,1,1,0,0,0,0,0,0,0,0,1,1,1,0,1,0,14,1,6,2,3,2,1
6/25/20 20:35,0,0,0,0,0,0,0,0,0,0,0,0,0,0,0,0,0,0,0,0,0,0,0,0,0,0,0,0,0,0,0,0,0,0,0,0,0,0,0,0,0,0,0,0,0
6/25/20 20:39,0,1,0,0,0,0,1,0,0,0,1,1,1,0,0,1,0,1,1,1,1,1,1,0,0,0,0,0,0,0,0,0,0,0,0,0,0,0,12,1,4,4,2,1,0
6/25/20 20:52,0,0,0,1,0,0,0,0,0,0,0,0,0,0,0,0,0,1,1,0,1,0,0,0,0,0,0,1,1,1,0,0,0,0,0,0,0,0,7,1,0,6,0,0,1
6/25/20 20:54,0,0,0,0,0,1,0,0,0,0,1,0,0,1,1,0,0,0,0,0,0,0,0,1,0,0,0,1,0,0,0,1,1,0,1,0,0,0,9,2,5,1,0,1,3
6/25/20 21:07,0,0,0,0,0,0,0,0,0,0,0,0,0,0,0,0,0,0,0,0,0,0,0,0,0,0,0,0,0,0,0,0,0,0,0,0,0,0,0,0,0,0,0,0,0
6/25/20 21:07,0,1,0,0,0,0,0,0,0,0,0,1,1,0,0,1,0,0,1,1,0,0,1,1,0,0,0,0,0,0,0,0,1,1,1,0,0,1,12,0,6,1,3,2,2
6/25/20 21:23,0,0,0,0,0,1,0,0,1,0,0,0,0,0,0,0,0,0,0,0,0,0,0,0,0,0,0,0,0,0,1,0,0,0,0,0,0,0,3,2,1,0,0,0,1
6/25/20 21:29,0,1,0,0,0,0,1,0,0,0,0,0,0,0,0,1,0,1,1,1,1,0,0,0,0,1,1,1,1,0,0,1,1,1,1,0,0,0,15,1,6,5,3,0,3
6/25/20 22:29,1,0,1,1,1,1,0,1,0,0,0,0,1,1,0,0,0,0,1,1,0,0,1,1,1,1,1,0,1,1,1,1,1,1,1,1,0,1,24,6,6,3,6,3,4
7/1/20 15:49,1,0,1,1,1,1,1,1,1,0,1,1,1,0,0,1,0,1,1,1,1,1,1,1,1,1,1,0,1,0,1,0,1,0,1,0,0,0,26,7,7,5,4,3,1
7/1/20 15:52,0,1,0,1,1,1,0,1,1,1,1,0,1,1,0,0,1,1,0,0,0,1,1,0,1,1,0,0,1,1,1,0,0,1,0,0,1,0,21,6,6,4,3,2,2
7/1/20 15:53,0,0,1,1,0,1,0,0,0,0,0,0,1,1,1,0,0,1,1,1,1,0,0,0,1,1,1,1,1,1,0,0,1,0,1,0,0,0,18,4,3,6,4,1,2
7/1/20 15:53,1,0,1,1,1,1,1,1,1,1,1,1,1,1,1,0,1,1,1,1,1,1,1,1,1,1,1,1,1,1,1,1,1,1,1,1,1,1,36,9,10,7,7,3,5
7/1/20 15:53,0,0,0,0,1,0,0,0,0,0,1,0,0,1,1,1,0,1,0,0,0,1,0,0,1,0,0,1,0,0,1,1,1,1,1,0,0,0,14,2,8,3,0,1,3
7/1/20 15:55,0,0,0,1,0,1,1,1,1,1,0,0,0,1,0,0,1,0,0,0,0,1,1,1,0,0,0,0,0,0,0,0,0,0,0,0,0,0,11,6,2,1,0,2,1
7/1/20 15:56,0,1,0,1,0,0,0,0,0,0,0,0,1,0,1,1,0,1,1,0,1,1,1,0,1,1,1,0,1,1,1,1,1,1,1,0,1,0,21,1,8,6,4,2,2
7/1/20 15:56,0,1,1,0,0,1,0,1,0,0,0,1,1,1,0,1,0,1,1,1,1,0,1,1,0,1,1,0,1,1,1,1,1,1,1,0,1,1,25,3,9,5,6,2,4
7/1/20 15:56,0,0,0,0,0,0,0,0,0,0,0,0,0,0,0,0,0,0,0,0,0,0,0,0,0,0,0,0,0,0,0,0,0,0,0,0,0,0,0,0,0,0,0,0,0
7/1/20 15:57,0,0,0,0,0,1,0,0,0,0,0,0,0,0,0,0,0,0,0,0,0,0,0,0,0,0,0,0,0,0,0,0,0,0,0,0,0,0,1,1,0,0,0,0,1
7/1/20 15:58,0,0,0,1,1,0,0,1,1,1,0,1,1,1,0,1,1,0,0,0,0,1,0,0,0,0,0,1,0,0,0,0,0,0,0,0,0,0,12,5,4,2,1,0,1
7/1/20 15:58,0,0,0,0,0,0,0,0,0,0,0,0,0,0,0,0,0,0,0,0,0,0,0,0,0,0,0,1,1,0,0,0,0,0,0,0,0,0,2,0,0,2,0,0,1
7/1/20 15:59,0,1,0,1,1,0,0,0,1,0,0,1,1,1,0,0,0,1,0,1,0,1,1,0,0,1,0,0,1,1,1,0,1,1,0,0,0,1,18,4,5,4,4,1,2
7/1/20 16:00,0,0,0,1,0,1,0,0,1,1,0,0,0,1,0,1,1,1,0,0,0,1,0,0,0,0,0,1,1,0,0,0,0,0,0,0,0,0,11,5,2,4,0,0,2
7/1/20 16:01,1,1,0,0,0,0,1,0,1,1,1,0,1,1,0,1,1,1,1,1,1,0,1,1,0,0,0,1,0,1,0,1,0,1,0,0,0,1,21,5,6,5,3,2,4
7/1/20 16:02,0,1,0,1,1,0,0,0,0,0,1,0,1,0,0,0,0,1,0,1,1,0,1,1,0,0,0,0,0,0,0,0,0,1,1,0,1,0,13,2,4,2,3,2,1
7/1/20 16:02,1,0,0,0,1,1,1,0,1,1,0,1,1,1,1,0,1,1,0,0,1,0,1,1,0,0,1,1,0,0,1,1,0,0,1,1,0,1,22,7,6,3,4,2,4
7/1/20 16:03,1,1,0,0,0,0,0,0,0,0,1,1,1,0,0,1,0,1,1,1,1,1,1,1,1,1,1,0,1,1,1,1,1,1,1,0,1,1,25,1,9,6,6,3,3
7/1/20 16:03,0,1,0,0,0,0,0,0,0,0,1,1,0,0,0,1,0,1,0,1,1,1,0,1,0,1,0,0,0,1,0,1,0,0,1,0,1,1,15,0,6,4,4,1,2
7/1/20 16:03,0,1,0,0,0,0,0,0,0,0,1,1,1,0,0,1,0,1,1,1,1,1,1,1,1,1,1,0,1,1,1,1,1,1,1,0,1,1,24,0,9,6,6,3,3
7/1/20 16:04,0,0,1,1,1,1,1,0,1,1,1,1,0,1,1,0,1,0,0,1,0,0,1,1,1,1,1,1,1,1,1,1,1,1,1,0,0,0,26,8,9,3,3,3,4
7/1/20 16:04,0,1,0,0,0,0,0,0,0,0,1,1,1,0,0,1,0,0,0,0,0,0,0,0,0,0,0,0,0,0,0,0,0,0,0,0,1,0,6,0,4,0,2,0,0
7/1/20 16:04,0,1,0,0,1,1,1,0,0,0,1,1,1,0,0,1,0,0,1,1,1,0,1,1,1,0,0,0,1,1,0,1,0,1,0,0,0,0,18,3,6,4,2,3,3
7/1/20 16:04,0,0,1,0,1,0,1,0,0,1,1,0,1,1,0,0,1,1,1,0,0,1,1,1,0,1,1,1,0,1,0,0,1,1,0,1,1,0,21,5,4,5,5,2,2
7/1/20 16:04,0,0,0,1,0,1,0,0,0,0,0,0,0,0,0,1,0,0,0,1,1,0,1,1,0,1,1,1,1,0,1,0,0,0,0,0,0,0,12,2,2,3,3,2,2
7/1/20 16:04,0,0,0,0,0,0,0,0,0,0,1,1,0,0,0,0,0,0,0,0,0,0,0,0,0,0,0,0,0,0,0,0,0,1,0,0,1,0,4,0,3,0,1,0,1
7/1/20 16:05,0,1,0,0,0,0,0,0,1,0,1,1,1,0,0,1,0,1,1,1,1,1,1,1,1,1,1,0,1,1,1,1,1,1,1,0,1,1,25,1,9,6,6,3,3
7/1/20 16:05,0,0,0,0,0,0,0,0,0,0,0,0,0,0,0,0,0,0,0,0,0,0,0,0,0,0,0,0,0,0,0,0,0,0,1,0,0,0,1,0,1,0,0,0,0
7/1/20 16:05,0,0,1,0,1,0,0,1,0,0,0,1,1,1,0,0,0,0,1,1,1,0,1,0,1,0,1,1,0,0,1,1,0,1,1,1,1,1,20,3,6,3,6,2,4
7/1/20 16:05,0,0,0,1,1,0,0,1,0,0,0,0,1,0,0,0,0,1,1,0,1,0,0,1,0,0,0,1,1,0,1,0,1,0,1,0,0,0,13,2,4,5,1,1,1
7/1/20 16:05,0,1,0,0,0,0,0,0,0,0,1,1,1,0,0,1,0,1,1,1,1,1,1,1,1,1,0,0,0,1,0,0,0,1,0,0,0,0,16,0,5,5,3,3,1
7/1/20 16:05,0,0,0,0,0,0,0,0,0,0,0,0,0,0,0,0,0,0,0,0,0,0,0,0,0,0,0,0,0,0,0,0,0,0,0,0,0,0,0,0,0,0,0,0,0
7/1/20 16:06,0,0,0,0,1,0,0,0,0,0,0,0,0,0,0,0,0,0,0,1,0,0,1,1,0,0,0,0,0,0,0,1,1,0,0,0,1,0,7,1,2,0,2,2,1
7/1/20 16:08,0,1,0,0,0,0,0,0,1,0,1,1,1,0,0,1,0,1,1,1,1,1,1,1,1,1,1,0,1,1,1,1,1,1,1,0,1,1,25,1,9,6,6,3,3
7/1/20 16:08,0,1,0,0,0,0,0,0,0,0,0,0,0,0,0,0,0,0,0,0,0,0,0,0,0,0,0,0,0,0,0,0,0,0,0,0,0,0,1,0,1,0,0,0,0
7/1/20 16:08,0,0,0,0,0,0,0,0,0,0,0,0,0,0,1,0,0,0,1,0,0,1,0,0,0,0,0,0,1,0,0,0,0,0,0,0,0,0,4,0,1,3,0,0,0
7/1/20 16:09,0,0,0,0,0,0,0,0,0,0,0,0,0,0,0,0,0,0,0,1,0,0,0,0,0,1,0,0,0,0,0,0,0,0,0,0,0,0,2,0,0,0,2,0,0
7/1/20 16:11,0,0,0,0,0,0,0,0,0,0,0,0,0,0,0,0,0,0,0,0,0,0,0,0,0,0,0,0,0,0,0,0,0,0,0,0,0,0,0,0,0,0,0,0,0
7/1/20 16:12,0,0,1,0,0,1,0,0,0,0,0,1,0,1,0,1,0,1,0,1,0,1,0,1,1,0,1,1,1,1,1,0,1,1,1,0,0,1,19,3,6,5,3,2,4
7/1/20 16:13,0,0,0,0,0,0,0,0,0,0,0,0,0,0,0,0,0,0,0,0,0,0,0,0,0,0,0,0,0,0,0,0,0,0,0,0,0,0,0,0,0,0,0,0,0
7/1/20 16:13,0,1,0,1,0,1,0,0,1,0,1,0,0,0,0,1,0,1,1,1,0,1,1,0,1,0,1,0,0,0,0,0,1,1,0,0,1,0,16,3,5,3,3,2,2
7/1/20 16:13,0,0,1,0,0,0,0,0,0,0,0,0,0,1,1,1,0,0,0,1,0,1,0,1,0,1,1,0,0,0,0,0,0,1,0,0,0,0,10,2,3,1,3,1,1
7/1/20 16:14,1,0,0,1,0,1,0,1,0,0,0,1,0,0,1,0,0,0,0,1,0,0,0,0,0,0,1,0,1,1,1,1,1,1,1,0,1,1,17,3,8,2,4,0,4
7/1/20 16:15,0,1,1,0,1,0,0,1,1,0,0,1,0,0,0,0,0,1,0,0,1,0,1,1,1,0,0,0,1,1,1,0,0,0,1,0,0,1,16,3,5,4,1,3,1
7/1/20 16:15,0,1,0,0,0,0,0,0,0,0,1,1,1,0,0,1,0,1,0,1,1,1,1,1,1,1,1,0,0,0,0,1,1,0,0,1,0,0,17,0,6,3,5,3,1
7/1/20 16:16,0,0,0,1,0,1,0,0,1,0,0,0,0,0,0,0,0,0,0,0,0,0,0,0,0,0,0,0,0,0,0,0,0,0,0,0,0,0,3,3,0,0,0,0,1
7/1/20 16:19,0,0,0,0,0,0,0,0,0,0,1,0,0,0,0,1,0,0,0,0,0,0,0,0,0,0,1,0,0,0,0,0,0,0,1,0,0,0,4,0,3,0,1,0,0
7/1/20 16:20,0,1,0,0,0,0,0,0,0,0,0,0,0,0,0,0,0,0,0,0,0,0,0,0,0,0,0,0,0,0,0,0,0,0,0,0,0,0,1,0,1,0,0,0,0
7/1/20 16:21,0,0,1,0,0,1,1,1,0,0,1,1,0,1,1,1,0,0,1,0,1,1,1,0,1,0,1,1,0,0,1,0,1,1,1,1,0,0,21,4,9,4,2,2,3
7/1/20 16:22,1,0,0,0,0,0,0,0,0,0,1,1,1,1,0,1,0,1,1,1,1,1,1,1,1,0,0,0,0,1,0,0,0,0,0,0,1,1,17,2,3,5,4,3,1
7/1/20 16:22,0,0,0,0,0,0,0,0,0,0,0,0,0,0,0,0,0,0,0,0,0,0,0,0,0,0,0,0,0,0,0,0,0,0,0,0,0,0,0,0,0,0,0,0,0
7/1/20 16:23,0,1,0,1,1,0,0,1,0,0,1,1,1,0,0,1,0,1,1,1,1,1,1,0,1,1,1,0,0,1,0,1,1,1,1,0,1,0,23,2,9,5,5,2,2
7/1/20 16:24,0,1,0,0,0,0,0,1,0,0,1,1,1,0,0,1,0,1,1,1,1,1,1,1,0,1,0,0,0,1,0,1,1,1,1,0,1,1,21,0,9,5,5,2,3
7/1/20 16:24,0,0,0,0,0,0,0,0,0,0,0,0,0,0,0,0,0,0,0,0,0,0,0,0,0,0,0,0,0,0,0,0,0,0,0,0,0,0,0,0,0,0,0,0,0
7/1/20 16:25,0,1,1,0,0,0,0,0,0,0,1,0,0,0,0,1,0,0,0,1,1,1,0,0,0,0,0,0,0,1,1,0,1,1,1,0,1,0,13,1,7,3,2,0,1
7/1/20 16:26,0,0,0,0,0,1,1,0,0,1,0,1,0,0,1,1,1,1,0,1,1,1,1,0,1,1,0,0,0,0,1,1,0,1,1,0,1,1,20,3,8,3,4,2,4
7/1/20 16:26,0,0,0,0,0,0,0,0,0,0,0,0,0,0,0,0,0,0,0,0,0,0,0,0,0,0,0,0,0,0,0,0,0,0,0,0,0,0,0,0,0,0,0,0,0
7/1/20 16:27,0,1,0,0,0,0,0,0,0,0,1,1,1,0,0,1,0,1,1,1,1,1,1,1,1,0,0,0,0,0,0,0,0,0,0,0,1,1,15,0,4,4,4,3,1
7/1/20 16:27,0,1,0,0,1,0,1,0,0,0,0,1,0,0,1,1,0,0,0,1,0,1,0,0,1,1,1,1,1,0,0,1,1,1,0,0,1,1,18,2,7,3,5,1,4
7/1/20 16:31,0,0,0,0,0,0,0,0,0,0,0,0,0,0,0,0,0,0,0,0,0,0,0,0,0,0,0,0,1,0,0,0,0,1,0,0,0,0,2,0,1,1,0,0,1
7/1/20 16:32,0,0,0,0,0,0,0,0,0,0,0,0,0,0,0,0,0,1,0,0,0,0,0,0,0,0,0,0,0,0,1,1,0,0,0,0,0,0,3,0,2,1,0,0,1
7/1/20 16:34,0,1,1,1,1,0,0,1,0,0,0,0,1,0,1,0,0,1,1,1,0,1,0,0,1,0,0,0,0,0,0,1,0,0,1,0,1,0,15,3,5,3,3,1,1
7/1/20 16:36,0,0,1,1,0,0,0,0,0,0,0,0,0,0,0,0,0,0,0,0,0,0,0,0,0,0,0,0,0,0,1,0,0,0,0,0,0,0,3,2,1,0,0,0,0
7/1/20 16:37,0,0,0,0,0,1,0,0,0,0,0,0,0,1,1,0,0,0,0,0,0,0,0,0,0,0,0,0,0,0,0,0,0,0,0,0,0,0,3,2,1,0,0,0,1
7/1/20 16:39,0,1,0,0,0,0,0,0,0,0,1,1,1,0,0,1,0,1,1,0,0,0,0,0,0,0,0,0,1,1,0,0,0,1,1,0,0,0,11,0,6,4,1,0,1
7/1/20 16:41,0,1,1,0,0,0,0,0,0,1,0,0,0,0,1,1,1,1,1,0,0,0,0,1,0,0,0,1,1,0,1,0,0,0,1,1,1,1,16,2,6,4,3,1,2
7/1/20 16:41,0,0,0,0,0,0,0,0,0,0,0,1,0,0,0,0,0,0,1,1,1,0,0,0,0,0,0,0,0,0,0,1,0,0,0,0,0,0,5,0,2,2,1,0,1
7/1/20 16:42,0,0,0,1,0,0,0,0,0,0,0,0,0,0,0,0,0,0,0,1,1,0,0,0,0,1,1,0,0,0,0,0,0,0,0,0,0,0,5,1,0,1,3,0,0
7/1/20 16:42,0,0,0,0,0,0,0,0,0,0,0,0,0,0,0,0,0,0,0,0,0,0,0,0,0,0,0,0,0,0,1,0,0,0,0,0,0,0,1,0,1,0,0,0,0
7/1/20 16:43,0,0,0,0,0,0,0,0,0,0,0,1,0,0,0,0,0,0,0,0,0,1,0,0,0,0,0,0,0,0,0,0,0,0,0,0,0,0,2,0,1,1,0,0,0
7/1/20 16:44,1,0,0,0,1,1,0,0,0,0,1,0,0,0,0,0,0,1,0,1,1,1,1,1,1,1,1,1,0,0,1,1,1,1,1,0,0,0,19,3,6,4,3,3,4
7/1/20 16:47,0,0,0,0,0,1,0,0,0,0,1,0,0,0,0,1,0,0,0,0,0,1,0,1,0,0,0,0,1,0,1,1,1,1,1,1,1,1,14,1,7,2,3,1,4
7/1/20 16:52,0,0,0,0,0,0,1,0,1,1,1,0,0,0,0,0,1,0,0,0,0,0,0,0,0,0,0,0,1,0,0,0,0,0,0,0,0,0,6,3,2,1,0,0,0
7/1/20 16:53,0,1,0,1,0,1,1,0,0,1,0,0,1,1,0,0,1,1,1,1,0,0,0,1,1,0,0,1,1,0,1,0,0,0,0,0,0,1,17,5,3,4,3,2,3
7/1/20 16:53,0,1,0,0,0,0,0,0,0,0,1,1,1,0,0,1,0,1,1,1,1,1,1,1,1,1,1,0,1,1,1,1,1,1,1,0,1,1,24,0,9,6,6,3,3
7/1/20 16:53,0,1,0,0,0,0,0,0,0,0,1,1,1,0,0,1,0,1,1,1,1,0,1,1,1,1,1,0,1,1,1,1,1,1,1,0,1,1,23,0,9,5,6,3,3
7/1/20 16:54,0,0,1,0,0,1,0,0,0,0,0,0,0,0,1,0,0,0,0,0,0,0,0,0,0,0,0,1,0,0,0,1,1,1,1,0,0,0,8,2,5,1,0,0,4
7/1/20 16:54,0,1,0,0,0,0,0,0,0,0,0,1,1,0,0,1,0,1,1,1,1,1,0,1,1,1,0,0,1,1,0,1,1,1,1,0,1,1,20,0,7,6,5,2,3
7/1/20 16:54,0,0,0,0,0,0,0,0,0,0,1,1,1,0,0,1,0,0,0,0,0,0,0,0,0,0,0,1,0,0,0,0,0,1,1,0,0,1,8,0,5,1,2,0,3
7/1/20 16:58,1,1,1,0,0,0,1,0,0,1,1,1,0,0,0,0,1,1,0,1,0,1,1,0,1,1,0,0,0,1,1,1,0,1,0,0,0,1,19,4,7,3,3,2,3
7/1/20 16:59,0,0,0,0,1,0,0,1,0,1,0,1,1,0,0,0,1,1,0,1,1,0,0,0,0,1,1,1,1,0,1,0,1,1,0,0,1,0,17,2,6,4,5,0,2
7/1/20 17:00,0,0,0,0,0,1,0,0,0,0,1,0,0,0,1,0,0,0,0,0,0,0,0,0,0,0,0,0,0,0,0,1,1,1,1,0,0,0,7,1,6,0,0,0,3
7/1/20 17:00,0,0,0,0,1,0,0,0,0,0,1,1,1,1,0,1,0,1,1,1,1,1,1,1,1,1,1,1,1,1,1,1,1,1,1,0,0,1,25,2,8,7,5,3,4
7/1/20 17:03,0,0,0,0,0,0,1,0,0,1,0,0,0,1,0,1,1,0,0,0,0,0,1,1,0,1,1,0,0,0,0,0,1,1,1,0,0,1,13,3,5,0,3,2,2
7/1/20 17:05,1,0,1,1,1,1,1,0,1,1,0,0,0,1,1,0,1,0,0,0,0,0,0,0,0,1,1,0,1,1,1,0,0,0,0,1,1,1,19,9,3,2,5,0,2
7/1/20 17:05,0,1,1,0,0,1,0,0,0,0,1,0,1,0,0,1,0,0,1,0,0,1,0,1,1,0,0,0,0,0,0,0,0,0,0,0,1,0,11,2,3,2,2,2,1
7/1/20 17:05,0,0,0,0,1,0,0,0,1,0,1,0,1,0,0,0,0,1,1,0,1,1,0,1,1,1,1,0,0,1,1,0,1,1,1,0,1,1,19,2,5,5,5,2,2
7/1/20 17:11,0,1,1,0,1,1,0,1,1,0,1,0,1,1,0,0,0,1,1,0,1,1,0,0,1,1,0,1,0,0,0,1,1,1,0,0,1,0,20,5,6,5,3,1,4
7/1/20 17:11,0,1,0,0,0,0,0,0,0,0,1,1,1,0,0,1,0,1,1,1,1,1,1,1,1,1,1,0,0,0,0,0,1,0,0,0,0,0,16,0,5,4,4,3,0
7/1/20 17:15,0,0,0,1,1,1,0,1,0,1,1,0,0,0,1,0,1,0,1,0,0,1,0,0,1,0,0,1,0,1,1,0,1,0,0,0,0,1,16,4,6,4,1,1,3
7/1/20 17:16,0,1,0,0,0,0,0,0,0,0,0,0,0,0,0,0,0,0,0,0,0,0,0,0,0,0,0,0,0,0,0,0,0,0,0,0,0,0,1,0,1,0,0,0,0
7/1/20 17:23,0,1,1,1,1,1,0,0,1,1,1,0,0,1,1,0,1,0,0,0,0,0,0,0,0,0,1,0,0,0,1,1,1,1,1,0,0,1,18,7,9,0,2,0,4
7/1/20 17:28,1,1,1,0,1,0,0,1,0,1,1,0,1,1,0,1,1,0,0,0,0,1,0,0,1,0,1,0,0,0,0,1,1,1,1,1,0,1,20,5,9,1,4,1,3
7/1/20 17:38,0,1,0,0,0,0,0,0,0,0,0,0,0,0,0,0,0,0,0,0,0,1,0,0,0,1,0,0,0,0,0,1,0,0,0,0,0,0,4,0,2,1,1,0,1
7/1/20 17:38,0,1,0,1,1,1,0,1,0,0,0,0,1,0,1,1,0,0,0,1,1,1,0,0,1,1,0,1,0,0,1,0,0,0,0,1,1,0,17,3,5,3,5,1,2
7/1/20 17:52,0,0,0,0,0,0,0,0,0,0,0,0,0,0,0,0,0,0,0,0,0,0,0,0,0,0,0,0,0,0,0,0,0,0,0,0,0,0,0,0,0,0,0,0,0
7/1/20 17:52,1,0,0,0,0,1,0,0,0,0,0,0,0,0,1,0,0,0,0,0,0,0,0,0,0,0,0,0,0,0,1,0,0,0,0,0,0,0,4,2,2,0,0,0,1
7/1/20 17:57,0,0,0,0,0,0,0,0,0,0,0,0,0,0,0,0,0,1,0,0,0,0,0,0,1,0,0,1,1,0,0,1,1,1,0,0,0,0,7,0,3,3,0,1,3
7/1/20 18:13,0,0,0,0,0,0,0,0,0,0,0,1,1,0,0,1,0,0,0,1,1,0,0,0,0,0,0,0,0,0,0,0,0,0,0,0,0,0,5,0,2,1,2,0,0
7/1/20 18:13,0,0,0,1,1,1,1,0,1,0,0,0,0,1,1,1,0,1,1,0,1,0,0,0,0,0,0,1,0,0,1,0,0,0,0,1,0,1,15,6,3,4,2,0,3
7/1/20 18:40,0,0,0,0,0,0,0,0,0,0,1,0,0,0,0,0,0,0,0,0,0,0,0,0,0,0,0,0,0,0,0,0,0,1,1,0,0,0,3,0,3,0,0,0,1
7/1/20 19:09,1,0,1,1,1,1,1,1,1,1,1,1,1,1,1,1,1,0,0,1,1,0,0,0,0,1,1,1,1,1,0,1,1,1,1,0,0,0,27,9,10,4,4,0,4
7/1/20 19:20,0,1,0,1,1,0,0,1,0,0,1,0,1,1,1,1,0,1,0,0,1,0,1,1,0,1,0,1,0,1,1,0,1,1,0,0,0,1,20,3,8,4,3,2,3
,,,,,,,,,,,,,,,,,,,,,,,,,,,,,,,,,,,,,,,,0,0,0,0,0,0
,,,,,,,,,,,,,,,,,,,,,,,,,,,,,,,,,,,,,,,,0,0,0,0,0,0
,,,,,,,,,,,,,,,,,,,,,,,,,,,,,,,,,,,,,,,,0,0,0,0,0,0
,,,,,,,,,,,,,,,,,,,,,,,,,,,,,,,,,,,,,,,,0,0,0,0,0,0
,,,,,,,,,,,,,,,,,,,,,,,,,,,,,,,,,,,,,,,,0,0,0,0,0,0
,,,,,,,,,,,,,,,,,,,,,,,,,,,,,,,,,,,,,,,,0,0,0,0,0,0
,,,,,,,,,,,,,,,,,,,,,,,,,,,,,,,,,,,,,,,,0,0,0,0,0,0
,,,,,,,,,,,,,,,,,,,,,,,,,,,,,,,,,,,,,,,,0,0,0,0,0,0
,,,,,,,,,,,,,,,,,,,,,,,,,,,,,,,,,,,,,,,,0,0,0,0,0,0
,,,,,,,,,,,,,,,,,,,,,,,,,,,,,,,,,,,,,,,,0,0,0,0,0,0
,,,,,,,,,,,,,,,,,,,,,,,,,,,,,,,,,,,,,,,,0,0,0,0,0,0
,,,,,,,,,,,,,,,,,,,,,,,,,,,,,,,,,,,,,,,,0,0,0,0,0,0
,,,,,,,,,,,,,,,,,,,,,,,,,,,,,,,,,,,,,,,,0,0,0,0,0,0
,,,,,,,,,,,,,,,,,,,,,,,,,,,,,,,,,,,,,,,,0,0,0,0,0,0
,,,,,,,,,,,,,,,,,,,,,,,,,,,,,,,,,,,,,,,,0,0,0,0,0,0
,,,,,,,,,,,,,,,,,,,,,,,,,,,,,,,,,,,,,,,,0,0,0,0,0,0
,,,,,,,,,,,,,,,,,,,,,,,,,,,,,,,,,,,,,,,,0,0,0,0,0,0
,,,,,,,,,,,,,,,,,,,,,,,,,,,,,,,,,,,,,,,,0,0,0,0,0,0
,,,,,,,,,,,,,,,,,,,,,,,,,,,,,,,,,,,,,,,,0,0,0,0,0,0
,,,,,,,,,,,,,,,,,,,,,,,,,,,,,,,,,,,,,,,,0,0,0,0,0,0
,,,,,,,,,,,,,,,,,,,,,,,,,,,,,,,,,,,,,,,,0,0,0,0,0,0
,,,,,,,,,,,,,,,,,,,,,,,,,,,,,,,,,,,,,,,,0,0,0,0,0,0
,,,,,,,,,,,,,,,,,,,,,,,,,,,,,,,,,,,,,,,,0,0,0,0,0,0
,,,,,,,,,,,,,,,,,,,,,,,,,,,,,,,,,,,,,,,,0,0,0,0,0,0
,,,,,,,,,,,,,,,,,,,,,,,,,,,,,,,,,,,,,,,,0,0,0,0,0,0
,,,,,,,,,,,,,,,,,,,,,,,,,,,,,,,,,,,,,,,,0,0,0,0,0,0
,,,,,,,,,,,,,,,,,,,,,,,,,,,,,,,,,,,,,,,,0,0,0,0,0,0
,,,,,,,,,,,,,,,,,,,,,,,,,,,,,,,,,,,,,,,,0,0,0,0,0,0
,,,,,,,,,,,,,,,,,,,,,,,,,,,,,,,,,,,,,,,,0,0,0,0,0,0
,,,,,,,,,,,,,,,,,,,,,,,,,,,,,,,,,,,,,,,,0,0,0,0,0,0
,,,,,,,,,,,,,,,,,,,,,,,,,,,,,,,,,,,,,,,,0,0,0,0,0,0
,,,,,,,,,,,,,,,,,,,,,,,,,,,,,,,,,,,,,,,,0,0,0,0,0,0
,,,,,,,,,,,,,,,,,,,,,,,,,,,,,,,,,,,,,,,,0,0,0,0,0,0