trial_type,time_elapsed,rt,key_press,condition,next_reward,responses,planet,curr_prac_trial,n_prac_rounds,button_pressed,alien,aliens,reward_received,decay_rate_actual,decay_rate_exp,time_in_block,block_num,prt,last_trial_on_planet,bonus,num_failures,Unnamed: 23,Unnamed: 24,Unnamed: 25,Unnamed: 26,Unnamed: 27,Unnamed: 28,Unnamed: 29,Unnamed: 30,Unnamed: 31,Unnamed: 32,Unnamed: 33,Unnamed: 34,Unnamed: 35,Unnamed: 36,Unnamed: 37
fullscreen,7602,,,,,,,,,,,,,,,,,,,,,,,,,,,,,,,,,,,
instruc_welcome,61212,53604.1,32.0,1.0,,,,,,,,,,,,,,,,,,,,,,,,,,,,,,,,
instruc_goal,122267,61052.2,32.0,,,,,,,,,,,,,,,,,,,,,,,,,,,,,,,,,
instruc_dig,146874,24606.2,65.0,,100.0,,,,,,,,,,,,,,,,,,,,,,,,,,,,,,,
dig_instruc,148883,,,,,[],,,,,,,,,,,,,,,,,,,,,,,,,,,,,,
harvest_instruc,150386,,,,,,,,,,,,,,,,,,,,,,,,,,,,,,,,,,,
instruc_travel,154186,3799.0,76.0,,,,,,,,,,,,,,,,,,,,,,,,,,,,,,,,,
travel_prac,164189,,,,,[],0,,,,,,,,,,,,,,,,,,,,,,,,,,,,,
instruc_alien_greet,166489,2299.4,32.0,,,,,,,,,,,,,,,,,,,,,,,,,,,,,,,,,
time_out,184681,18190.2,32.0,,,,,,,,,,,,,,,,,,,,,,,,,,,,,,,,,
instruc_break,189018,4335.3,32.0,,,,,,,,,,,,,,,,,,,,,,,,,,,,,,,,,
quiz_prac,214522,25502.9,,,,{Q0:A,Q1:A,Q2:A},,,,,,,,,,,,,,,,,,,,,,,,,,,,
quiz_incorrect,225049,10523.8,,,,{Q0:C,Q1:B,Q2:B},,,,,,,,,,,,,,,,,,,,,,,,,,,,
instruc_goal,230848,5797.8,32.0,,,,,,,,,,,,,,,,,,,,,,,,,,,,,,,,,
instruc_dig,235240,4390.8,65.0,,100.0,,,,,,,,,,,,,,,,,,,,,,,,,,,,,,,
dig_instruc,237244,,,,,[],,,,,,,,,,,,,,,,,,,,,,,,,,,,,,
harvest_instruc,238746,,,,,,,,,,,,,,,,,,,,,,,,,,,,,,,,,,,
instruc_travel,244608,5861.2,76.0,,,,,,,,,,,,,,,,,,,,,,,,,,,,,,,,,
travel_prac,254612,,,,,[],0,,,,,,,,,,,,,,,,,,,,,,,,,,,,,
time_out,286689,32075.6,32.0,,,,,,,,,,,,,,,,,,,,,,,,,,,,,,,,,
instruc_break,342170,55477.7,32.0,,,,,,,,,,,,,,,,,,,,,,,,,,,,,,,,,
quiz_prac,344970,2799.3,,,,{Q0:A,Q1:A,Q2:A},,,,,,,,,,,,,,,,,,,,,,,,,,,,
quiz_incorrect,347402,2429.9,,,,{Q0:C,Q1:B,Q2:B},,,,,,,,,,,,,,,,,,,,,,,,,,,,
instruc_goal,349465,2061.8,32.0,,,,,,,,,,,,,,,,,,,,,,,,,,,,,,,,,
instruc_dig,352728,3262.8,65.0,,100.0,,,,,,,,,,,,,,,,,,,,,,,,,,,,,,,
dig_instruc,354732,,,,,[],,,,,,,,,,,,,,,,,,,,,,,,,,,,,,
harvest_instruc,356235,,,,,,,,,,,,,,,,,,,,,,,,,,,,,,,,,,,
instruc_travel,358649,2413.0,76.0,,,,,,,,,,,,,,,,,,,,,,,,,,,,,,,,,
travel_prac,368651,,,,,[],0,,,,,,,,,,,,,,,,,,,,,,,,,,,,,
time_out,370016,1363.8,32.0,,,,,,,,,,,,,,,,,,,,,,,,,,,,,,,,,
instruc_break,371713,1696.0,32.0,,,,,,,,,,,,,,,,,,,,,,,,,,,,,,,,,
quiz_prac,373457,1743.4,,,,{Q0:A,Q1:A,Q2:A},,,,,,,,,,,,,,,,,,,,,,,,,,,,
quiz_incorrect,374432,972.5,,,,{Q0:C,Q1:B,Q2:B},,,,,,,,,,,,,,,,,,,,,,,,,,,,
instruc_goal,376168,1735.9,32.0,,,,,,,,,,,,,,,,,,,,,,,,,,,,,,,,,
instruc_dig,378104,1935.3,65.0,,100.0,,,,,,,,,,,,,,,,,,,,,,,,,,,,,,,
dig_instruc,380108,,,,,[],,,,,,,,,,,,,,,,,,,,,,,,,,,,,,
harvest_instruc,381610,,,,,,,,,,,,,,,,,,,,,,,,,,,,,,,,,,,
instruc_travel,383240,1629.3,76.0,,,,,,,,,,,,,,,,,,,,,,,,,,,,,,,,,
travel_prac,393242,,,,,[],0,,,,,,,,,,,,,,,,,,,,,,,,,,,,,
time_out,394479,1236.6,32.0,,,,,,,,,,,,,,,,,,,,,,,,,,,,,,,,,
instruc_break,396295,1815.6,32.0,,,,,,,,,,,,,,,,,,,,,,,,,,,,,,,,,
quiz_prac,398712,2415.7,,,,{Q0:A,Q1:A,Q2:A},,,,,,,,,,,,,,,,,,,,,,,,,,,,
quiz_incorrect,400053,1339.3,,,,{Q0:C,Q1:B,Q2:B},,,,,,,,,,,,,,,,,,,,,,,,,,,,
instruc_goal,401527,1473.4,32.0,,,,,,,,,,,,,,,,,,,,,,,,,,,,,,,,,
instruc_dig,402976,1447.5,65.0,,100.0,,,,,,,,,,,,,,,,,,,,,,,,,,,,,,,
dig_instruc,404981,,,,,[],,,,,,,,,,,,,,,,,,,,,,,,,,,,,,
harvest_instruc,406483,,,,,,,,,,,,,,,,,,,,,,,,,,,,,,,,,,,
instruc_travel,407449,965.7,76.0,,,,,,,,,,,,,,,,,,,,,,,,,,,,,,,,,
travel_prac,417451,,,,,[],0,,,,,,,,,,,,,,,,,,,,,,,,,,,,,
time_out,418248,795.7,32.0,,,,,,,,,,,,,,,,,,,,,,,,,,,,,,,,,
instruc_break,419687,1438.8,32.0,,,,,,,,,,,,,,,,,,,,,,,,,,,,,,,,,
quiz_prac,421752,2064.1,,,,{Q0:A,Q1:A,Q2:A},,,,,,,,,,,,,,,,,,,,,,,,,,,,
quiz_incorrect,424532,2777.4,,,,{Q0:C,Q1:B,Q2:B},,,,,,,,,,,,,,,,,,,,,,,,,,,,
instruc_goal,425783,1250.6,32.0,,,,,,,,,,,,,,,,,,,,,,,,,,,,,,,,,
instruc_dig,427655,1871.3,65.0,,100.0,,,,,,,,,,,,,,,,,,,,,,,,,,,,,,,
dig_instruc,429659,,,,,[],,,,,,,,,,,,,,,,,,,,,,,,,,,,,,
harvest_instruc,431161,,,,,,,,,,,,,,,,,,,,,,,,,,,,,,,,,,,
instruc_travel,432015,853.8,76.0,,,,,,,,,,,,,,,,,,,,,,,,,,,,,,,,,
travel_prac,442016,,,,,[],0,,,,,,,,,,,,,,,,,,,,,,,,,,,,,
time_out,443487,1469.5,32.0,,,,,,,,,,,,,,,,,,,,,,,,,,,,,,,,,
instruc_break,446383,2895.6,32.0,,,,,,,,,,,,,,,,,,,,,,,,,,,,,,,,,
quiz_prac,460999,14615.1,,,,{Q0:C,Q1:A,Q2:A},,,,,,,,,,,,,,,,,,,,,,,,,,,,
quiz_incorrect,462776,1773.4,,,,{Q0:C,Q1:B,Q2:B},,,,,,,,,,,,,,,,,,,,,,,,,,,,
instruc_goal,464535,1757.9,32.0,,,,,,,,,,,,,,,,,,,,,,,,,,,,,,,,,
instruc_dig,465567,1031.3,65.0,,100.0,,,,,,,,,,,,,,,,,,,,,,,,,,,,,,,
dig_instruc,467571,,,,,[],,,,,,,,,,,,,,,,,,,,,,,,,,,,,,
harvest_instruc,469073,,,,,,,,,,,,,,,,,,,,,,,,,,,,,,,,,,,
instruc_travel,479031,9956.9,76.0,,,,,,,,,,,,,,,,,,,,,,,,,,,,,,,,,
travel_prac,489033,,,,,[],0,,,,,,,,,,,,,,,,,,,,,,,,,,,,,
time_out,492462,3427.8,32.0,,,,,,,,,,,,,,,,,,,,,,,,,,,,,,,,,
instruc_break,493679,1215.9,32.0,,,,,,,,,,,,,,,,,,,,,,,,,,,,,,,,,
quiz_prac,497583,3902.9,,,,{Q0:A,Q1:A,Q2:A},,,,,,,,,,,,,,,,,,,,,,,,,,,,
quiz_incorrect,498655,1070.4,,,,{Q0:C,Q1:B,Q2:B},,,,,,,,,,,,,,,,,,,,,,,,,,,,
instruc_goal,500174,1517.6,32.0,,,,,,,,,,,,,,,,,,,,,,,,,,,,,,,,,
instruc_dig,503358,3183.5,65.0,,100.0,,,,,,,,,,,,,,,,,,,,,,,,,,,,,,,
dig_instruc,505362,,,,,[],,,,,,,,,,,,,,,,,,,,,,,,,,,,,,
harvest_instruc,506865,,,,,,,,,,,,,,,,,,,,,,,,,,,,,,,,,,,
instruc_travel,507711,845.8,76.0,,,,,,,,,,,,,,,,,,,,,,,,,,,,,,,,,
travel_prac,517714,,,,,[],0,,,,,,,,,,,,,,,,,,,,,,,,,,,,,
time_out,518933,1219.0,32.0,,,,,,,,,,,,,,,,,,,,,,,,,,,,,,,,,
instruc_break,520437,1503.2,32.0,,,,,,,,,,,,,,,,,,,,,,,,,,,,,,,,,
quiz_prac,523384,2945.1,,,,{Q0:A,Q1:A,Q2:A},,,,,,,,,,,,,,,,,,,,,,,,,,,,
quiz_incorrect,524735,1349.1,,,,{Q0:C,Q1:B,Q2:B},,,,,,,,,,,,,,,,,,,,,,,,,,,,
instruc_goal,526071,1334.7,32.0,,,,,,,,,,,,,,,,,,,,,,,,,,,,,,,,,
instruc_dig,526982,910.3,65.0,,100.0,,,,,,,,,,,,,,,,,,,,,,,,,,,,,,,
dig_instruc,528985,,,,,[],,,,,,,,,,,,,,,,,,,,,,,,,,,,,,
harvest_instruc,530487,,,,,,,,,,,,,,,,,,,,,,,,,,,,,,,,,,,
instruc_travel,531430,942.7,76.0,,,,,,,,,,,,,,,,,,,,,,,,,,,,,,,,,
travel_prac,541432,,,,,[],0,,,,,,,,,,,,,,,,,,,,,,,,,,,,,
time_out,542862,1429.2,32.0,,,,,,,,,,,,,,,,,,,,,,,,,,,,,,,,,
instruc_break,544678,1816.0,32.0,,,,,,,,,,,,,,,,,,,,,,,,,,,,,,,,,
quiz_prac,547358,2679.3,,,,{Q0:A,Q1:A,Q2:A},,,,,,,,,,,,,,,,,,,,,,,,,,,,
quiz_incorrect,553446,6085.6,,,,{Q0:C,Q1:B,Q2:B},,,,,,,,,,,,,,,,,,,,,,,,,,,,
instruc_goal,555478,2030.4,32.0,,,,,,,,,,,,,,,,,,,,,,,,,,,,,,,,,
instruc_dig,558038,2559.1,65.0,,100.0,,,,,,,,,,,,,,,,,,,,,,,,,,,,,,,
dig_instruc,560042,,,,,[],,,,,,,,,,,,,,,,,,,,,,,,,,,,,,
harvest_instruc,561544,,,,,,,,,,,,,,,,,,,,,,,,,,,,,,,,,,,
instruc_travel,563366,1820.9,76.0,,,,,,,,,,,,,,,,,,,,,,,,,,,,,,,,,
travel_prac,573367,,,,,[],0,,,,,,,,,,,,,,,,,,,,,,,,,,,,,
time_out,575461,2093.0,32.0,,,,,,,,,,,,,,,,,,,,,,,,,,,,,,,,,
instruc_break,577093,1631.6,32.0,,,,,,,,,,,,,,,,,,,,,,,,,,,,,,,,,
quiz_prac,586151,9056.2,,,,{Q0:A,Q1:A,Q2:A},,,,,,,,,,,,,,,,,,,,,,,,,,,,
quiz_incorrect,587629,1474.9,,,,{Q0:C,Q1:B,Q2:B},,,,,,,,,,,,,,,,,,,,,,,,,,,,
instruc_goal,590349,2719.0,32.0,,,,,,,,,,,,,,,,,,,,,,,,,,,,,,,,,
instruc_dig,615893,25542.3,65.0,,100.0,,,,,,,,,,,,,,,,,,,,,,,,,,,,,,,
dig_instruc,617897,,,,,[],,,,,,,,,,,,,,,,,,,,,,,,,,,,,,
harvest_instruc,619399,,,,,,,,,,,,,,,,,,,,,,,,,,,,,,,,,,,
instruc_travel,625781,6380.5,76.0,,,,,,,,,,,,,,,,,,,,,,,,,,,,,,,,,
travel_prac,635782,,,,,[],0,,,,,,,,,,,,,,,,,,,,,,,,,,,,,
time_out,637748,1964.6,32.0,,,,,,,,,,,,,,,,,,,,,,,,,,,,,,,,,
instruc_break,639851,2102.9,32.0,,,,,,,,,,,,,,,,,,,,,,,,,,,,,,,,,
quiz_prac,647301,7448.1,,,,{Q0:C,Q1:B,Q2:B},,,,,,,,,,,,,,,,,,,,,,,,,,,,
quiz_correct,650276,2973.2,,,,{Q0:C,Q1:B,Q2:B},,,,,,,,,,,,,,,,,,,,,,,,,,,,
instruc_prac_game,652795,2518.0,32.0,,,,,,,,,,,,,,,,,,,,,,,,,,,,,,,,,
alien_welcome_prac,657798,,,,,,,,,,,,,,,,,,,,,,,,,,,,,,,,,,,
land_prac,658300,,,,92.0,,0,,,,,,,,,,,,,,,,,,,,,,,,,,,,,
dig_prac,660304,,,,,[],,,,,,,,,,,,,,,,,,,,,,,,,,,,,,
harvest_prac,661807,,,,,,,,,,,,,,,,,,,,,,,,,,,,,,,,,,,
decision_prac,663810,,,,,,,1,,,,,,,,,,,,,,,,,,,,,,,,,,,,
time_out,665814,,,,,,,,,,,,,,,,,,,,,,,,,,,,,,,,,,,
decision_prac,667817,,,,,,,2,,,,,,,,,,,,,,,,,,,,,,,,,,,,
time_out,669820,,,,,,,,,,,,,,,,,,,,,,,,,,,,,,,,,,,
decision_prac,671822,,,,,,,3,,,,,,,,,,,,,,,,,,,,,,,,,,,,
time_out,673825,,,,,,,,,,,,,,,,,,,,,,,,,,,,,,,,,,,
decision_prac,674588,761.6,65.0,,,,,4,,,,,,,,,,,,,,,,,,,,,,,,,,,,
dig_prac,676593,,,,,[],,,,,,,,,,,,,,,,,,,,,,,,,,,,,,
harvest_prac,678096,,,,,,,,,,,,,,,,,,,,,,,,,,,,,,,,,,,
decision_prac,679163,1066.8,76.0,,,,,,1,,,,,,,,,,,,,,,,,,,,,,,,,,,
instruc_begin_exp,683828,4662.1,,,,,,,,0,,,,,,,,,,,,,,,,,,,,,,,,,,
alien_welcome_prac,688832,,,,,,,,,,,,,,,,,,,,,,,,,,,,,,,,,,,
land_prac,689334,,,,107.0,,0,,,,,,,,,,,,,,,,,,,,,,,,,,,,,
dig_prac,691338,,,,,[],,,,,,,,,,,,,,,,,,,,,,,,,,,,,,
harvest_instruc,692840,,,,,,,,,,,,,,,,,,,,,,,,,,,,,,,,,,,
decision_prac,693939,1097.8,76.0,,,,,1,,,,,,,,,,,,,,,,,,,,,,,,,,,,
travel,702846,,,,,[],0,,,,,,,,,,,,,,,,,,,,,,,,,,,,,
alien_welcome_prac,707849,,,,,,,,,,,,,,,,,,,,,,,,,,,,,,,,,,,
land_prac,708351,,,,104.0,,0,,,,,,,,,,,,,,,,,,,,,,,,,,,,,
dig_prac,710355,,,,,[],,,,,,,,,,,,,,,,,,,,,,,,,,,,,,
harvest_prac,711857,,,,,,,,,,,,,,,,,,,,,,,,,,,,,,,,,,,
decision_prac,713245,1386.9,76.0,,,,,2,,,,,,,,,,,,,,,,,,,,,,,,,,,,
travel,721862,,,,,[],0,,,,,,,,,,,,,,,,,,,,,,,,,,,,,
alien_welcome_prac,726865,,,,,,,,,,,,,,,,,,,,,,,,,,,,,,,,,,,
land_prac,727368,,,,99.0,,0,,,,,,,,,,,,,,,,,,,,,,,,,,,,,
dig_prac,729372,,,,,[],,,,,,,,,,,,,,,,,,,,,,,,,,,,,,
harvest_prac,730874,,,,,,,,,,,,,,,,,,,,,,,,,,,,,,,,,,,
decision_prac,732876,,,,,,,3,,,,,,,,,,,,,,,,,,,,,,,,,,,,
time_out,734880,,,,,,,,,,,,,,,,,,,,,,,,,,,,,,,,,,,
decision_prac,736881,,,,,,,4,,,,,,,,,,,,,,,,,,,,,,,,,,,,
time_out,738884,,,,,,,,,,,,,,,,,,,,,,,,,,,,,,,,,,,
decision_prac,740887,,,,,,,,2,,,,,,,,,,,,,,,,,,,,,,,,,,,
instruc_begin_exp,745458,4568.9,,,,,,,2,1,,,,,,,,,,,,,,,,,,,,,,,,,,
alien_welcome,750462,,,,,,,,,,20,21,49,107,61,36,71.0,56.0,70,69.0,12.0,28.0,59.0,39.0,62.0,16.0,113.0,41.0,60.0,38.0,23.0,89.0,18.0,5.0,90.0,83.0
land,750965,,,,95.0,,1,,,,,,,,,,,,,,,,,,,,,,,,,,,,,
dig,752970,,,,,[],1,,,,,,,,,,,,,,,,,,,,,,,,,,,,,
harvest,754472,,,,15.0,,1,,,,,,95,0.152806657,0.157894737,,,,,,,,,,,,,,,,,,,,,
decision,755266,793.1,76.0,,15.0,,1,,,,,,,,,9806,1.0,0.0,TRUE,,,,,,,,,,,,,,,,,
travel,764469,,,,,[],1,,,,,,,,,,,,,,,,,,,,,,,,,,,,,
alien_welcome,769472,,,,,,,,,,101,21,49,107,61,36,71.0,56.0,70,69.0,12.0,28.0,59.0,39.0,62.0,16.0,113.0,41.0,60.0,38.0,23.0,89.0,18.0,5.0,90.0,83.0
land,769975,,,,93.0,,2,,,,,,,,,,,,,,,,,,,,,,,,,,,,,
dig,771979,,,,,[],2,,,,,,,,,,,,,,,,,,,,,,,,,,,,,
harvest,773482,,,,19.0,,2,,,,,,93,0.208362671,0.204301075,,,,,,,,,,,,,,,,,,,,,
decision,775484,,,,19.0,,2,,,,,,,,,30024,1.0,0.0,FALSE,,,,,,,,,,,,,,,,,
time_out,777487,,,,19.0,,,,,,,,,,,,,,,,,,,,,,,,,,,,,,,
decision,777842,353.7,76.0,,19.0,,2,,,,,,,,,32382,1.0,0.0,TRUE,,,,,,,,,,,,,,,,,
travel,787486,,,,,[],2,,,,,,,,,,,,,,,,,,,,,,,,,,,,,
alien_welcome,792488,,,,,,,,,,110,21,49,107,61,36,71.0,56.0,70,69.0,12.0,28.0,59.0,39.0,62.0,16.0,113.0,41.0,60.0,38.0,23.0,89.0,18.0,5.0,90.0,83.0
land,792990,,,,99.0,,3,,,,,,,,,,,,,,,,,,,,,,,,,,,,,
dig,794994,,,,,[],3,,,,,,,,,,,,,,,,,,,,,,,,,,,,,
harvest,796496,,,,45.0,,3,,,,,,99,0.450106525,0.454545455,,,,,,,,,,,,,,,,,,,,,
decision,798499,,,,45.0,,3,,,,,,,,,53039,1.0,0.0,FALSE,,,,,,,,,,,,,,,,,
time_out,800503,,,,45.0,,,,,,,,,,,,,,,,,,,,,,,,,,,,,,,
decision,801075,571.6,65.0,,45.0,,3,,,,,,,,,55615,1.0,0.0,FALSE,,,,,,,,,,,,,,,,,
dig,802507,,,,,[],3,,,,,,,,,,,,,,,,,,,,,,,,,,,,,
harvest,804009,,,,20.0,,3,,,,,,45,0.439150245,0.444444444,,,,,,,,,,,,,,,,,,,,,
decision,804921,910.7,65.0,,20.0,,3,,,,,,,,,59461,1.0,1.0,FALSE,,,,,,,,,,,,,,,,,
dig,806015,,,,,[],3,,,,,,,,,,,,,,,,,,,,,,,,,,,,,
harvest,807517,,,,10.0,,3,,,,,,20,0.500736549,0.5,,,,,,,,,,,,,,,,,,,,,
decision,809520,,,,10.0,,3,,,,,,,,,64060,1.0,2.0,FALSE,,,,,,,,,,,,,,,,,
time_out,811523,,,,10.0,,,,,,,,,,,,,,,,,,,,,,,,,,,,,,,
decision,811961,436.3,76.0,,10.0,,3,,,,,,,,,66501,1.0,2.0,TRUE,,,,,,,,,,,,,,,,,
travel,821523,,,,,[],3,,,,,,,,,,,,,,,,,,,,,,,,,,,,,
alien_welcome,826528,,,,,,,,,,80,21,49,107,61,36,71.0,56.0,70,69.0,12.0,28.0,59.0,39.0,62.0,16.0,113.0,41.0,60.0,38.0,23.0,89.0,18.0,5.0,90.0,83.0
land,827031,,,,107.0,,4,,,,,,,,,,,,,,,,,,,,,,,,,,,,,
dig,829035,,,,,[],4,,,,,,,,,,,,,,,,,,,,,,,,,,,,,
harvest,830537,,,,52.0,,4,,,,,,107,0.490476987,0.485981308,,,,,,,,,,,,,,,,,,,,,
decision,831098,560.2,76.0,,52.0,,4,,,,,,,,,85638,1.0,0.0,TRUE,,,,,,,,,,,,,,,,,
travel,840535,,,,,[],4,,,,,,,,,,,,,,,,,,,,,,,,,,,,,
alien_welcome,845537,,,,,,,,,,13,21,49,107,61,36,71.0,56.0,70,69.0,12.0,28.0,59.0,39.0,62.0,16.0,113.0,41.0,60.0,38.0,23.0,89.0,18.0,5.0,90.0,83.0
land,846040,,,,98.0,,5,,,,,,,,,,,,,,,,,,,,,,,,,,,,,
dig,848044,,,,,[],5,,,,,,,,,,,,,,,,,,,,,,,,,,,,,
harvest,849546,,,,47.0,,5,,,,,,98,0.478268765,0.479591837,,,,,,,,,,,,,,,,,,,,,
decision,851314,1766.5,76.0,,47.0,,5,,,,,,,,,105854,1.0,0.0,TRUE,,,,,,,,,,,,,,,,,
travel,859545,,,,,[],5,,,,,,,,,,,,,,,,,,,,,,,,,,,,,
alien_welcome,864547,,,,,,,,,,50,21,49,107,61,36,71.0,56.0,70,69.0,12.0,28.0,59.0,39.0,62.0,16.0,113.0,41.0,60.0,38.0,23.0,89.0,18.0,5.0,90.0,83.0
land,865050,,,,101.0,,6,,,,,,,,,,,,,,,,,,,,,,,,,,,,,
dig,867055,,,,,[],6,,,,,,,,,,,,,,,,,,,,,,,,,,,,,
harvest,868557,,,,79.0,,6,,,,,,101,0.78199888,0.782178218,,,,,,,,,,,,,,,,,,,,,
decision,870559,,,,79.0,,6,,,,,,,,,125099,1.0,0.0,FALSE,,,,,,,,,,,,,,,,,
time_out,872562,,,,79.0,,,,,,,,,,,,,,,,,,,,,,,,,,,,,,,
decision,874564,,,,79.0,,6,,,,,,,,,129104,1.0,0.0,FALSE,,,,,,,,,,,,,,,,,
time_out,876568,,,,79.0,,,,,,,,,,,,,,,,,,,,,,,,,,,,,,,
decision,876680,111.7,76.0,,79.0,,6,,,,,,,,,131220,1.0,0.0,TRUE,,,,,,,,,,,,,,,,,
travel,886572,,,,,[],6,,,,,,,,,,,,,,,,,,,,,,,,,,,,,
alien_welcome,891575,,,,,,,,,,109,21,49,107,61,36,71.0,56.0,70,69.0,12.0,28.0,59.0,39.0,62.0,16.0,113.0,41.0,60.0,38.0,23.0,89.0,18.0,5.0,90.0,83.0
land,892078,,,,97.0,,7,,,,,,,,,,,,,,,,,,,,,,,,,,,,,
dig,894082,,,,,[],7,,,,,,,,,,,,,,,,,,,,,,,,,,,,,
harvest,895585,,,,65.0,,7,,,,,,97,0.672339138,0.670103093,,,,,,,,,,,,,,,,,,,,,
decision,895989,403.6,76.0,,65.0,,7,,,,,,,,,150529,1.0,0.0,TRUE,,,,,,,,,,,,,,,,,
travel,905588,,,,,[],7,,,,,,,,,,,,,,,,,,,,,,,,,,,,,
alien_welcome,910590,,,,,,,,,,33,21,49,107,61,36,71.0,56.0,70,69.0,12.0,28.0,59.0,39.0,62.0,16.0,113.0,41.0,60.0,38.0,23.0,89.0,18.0,5.0,90.0,83.0
land,911092,,,,103.0,,8,,,,,,,,,,,,,,,,,,,,,,,,,,,,,
dig,913096,,,,,[],8,,,,,,,,,,,,,,,,,,,,,,,,,,,,,
harvest,914598,,,,89.0,,8,,,,,,103,0.866461089,0.86407767,,,,,,,,,,,,,,,,,,,,,
decision,915084,484.7,76.0,,89.0,,8,,,,,,,,,169624,1.0,0.0,TRUE,,,,,,,,,,,,,,,,,
travel,924602,,,,,[],8,,,,,,,,,,,,,,,,,,,,,,,,,,,,,
alien_welcome,929605,,,,,,,,,,92,21,49,107,61,36,71.0,56.0,70,69.0,12.0,28.0,59.0,39.0,62.0,16.0,113.0,41.0,60.0,38.0,23.0,89.0,18.0,5.0,90.0,83.0
land,930107,,,,107.0,,9,,,,,,,,,,,,,,,,,,,,,,,,,,,,,
dig,932111,,,,,[],9,,,,,,,,,,,,,,,,,,,,,,,,,,,,,
harvest,933614,,,,23.0,,9,,,,,,107,0.218762323,0.214953271,,,,,,,,,,,,,,,,,,,,,
decision,933822,207.5,76.0,,23.0,,9,,,,,,,,,188362,1.0,0.0,TRUE,,,,,,,,,,,,,,,,,
travel,943618,,,,,[],9,,,,,,,,,,,,,,,,,,,,,,,,,,,,,
alien_welcome,948624,,,,,,,,,,6,21,49,107,61,36,71.0,56.0,70,69.0,12.0,28.0,59.0,39.0,62.0,16.0,113.0,41.0,60.0,38.0,23.0,89.0,18.0,5.0,90.0,83.0
land,949126,,,,98.0,,10,,,,,,,,,,,,,,,,,,,,,,,,,,,,,
dig,951129,,,,,[],10,,,,,,,,,,,,,,,,,,,,,,,,,,,,,
harvest,952631,,,,25.0,,10,,,,,,98,0.254356735,0.255102041,,,,,,,,,,,,,,,,,,,,,
decision,953071,438.9,76.0,,25.0,,10,,,,,,,,,207611,1.0,0.0,TRUE,,,,,,,,,,,,,,,,,
travel,962634,,,,,[],10,,,,,,,,,,,,,,,,,,,,,,,,,,,,,
alien_welcome,967636,,,,,,,,,,26,21,49,107,61,36,71.0,56.0,70,69.0,12.0,28.0,59.0,39.0,62.0,16.0,113.0,41.0,60.0,38.0,23.0,89.0,18.0,5.0,90.0,83.0
land,968139,,,,94.0,,11,,,,,,,,,,,,,,,,,,,,,,,,,,,,,
dig,970143,,,,,[],11,,,,,,,,,,,,,,,,,,,,,,,,,,,,,
harvest,971645,,,,17.0,,11,,,,,,94,0.18261676,0.180851064,,,,,,,,,,,,,,,,,,,,,
decision,973647,,,,17.0,,11,,,,,,,,,228188,1.0,0.0,FALSE,,,,,,,,,,,,,,,,,
time_out,975651,,,,17.0,,,,,,,,,,,,,,,,,,,,,,,,,,,,,,,
decision,976317,665.6,76.0,,17.0,,11,,,,,,,,,230858,1.0,0.0,TRUE,,,,,,,,,,,,,,,,,
travel,985656,,,,,[],11,,,,,,,,,,,,,,,,,,,,,,,,,,,,,
alien_welcome,990658,,,,,,,,,,67,21,49,107,61,36,71.0,56.0,70,69.0,12.0,28.0,59.0,39.0,62.0,16.0,113.0,41.0,60.0,38.0,23.0,89.0,18.0,5.0,90.0,83.0
land,991159,,,,109.0,,12,,,,,,,,,,,,,,,,,,,,,,,,,,,,,
dig,993163,,,,,[],12,,,,,,,,,,,,,,,,,,,,,,,,,,,,,
harvest,994665,,,,23.0,,12,,,,,,109,0.215081279,0.211009174,,,,,,,,,,,,,,,,,,,,,
decision,996667,,,,23.0,,12,,,,,,,,,251207,1.0,0.0,FALSE,,,,,,,,,,,,,,,,,
time_out,998670,,,,23.0,,,,,,,,,,,,,,,,,,,,,,,,,,,,,,,
decision,1000404,1733.6,76.0,,23.0,,12,,,,,,,,,254944,1.0,0.0,TRUE,,,,,,,,,,,,,,,,,
travel,1008674,,,,,[],12,,,,,,,,,,,,,,,,,,,,,,,,,,,,,
alien_welcome,1013676,,,,,,,,,,111,21,49,107,61,36,71.0,56.0,70,69.0,12.0,28.0,59.0,39.0,62.0,16.0,113.0,41.0,60.0,38.0,23.0,89.0,18.0,5.0,90.0,83.0
land,1014179,,,,92.0,,13,,,,,,,,,,,,,,,,,,,,,,,,,,,,,
dig,1016183,,,,,[],13,,,,,,,,,,,,,,,,,,,,,,,,,,,,,
harvest,1017684,,,,16.0,,13,,,,,,92,0.17015293,0.173913043,,,,,,,,,,,,,,,,,,,,,
decision,1019280,1594.5,76.0,,16.0,,13,,,,,,,,,273820,1.0,0.0,TRUE,,,,,,,,,,,,,,,,,
travel,1027681,,,,,[],13,,,,,,,,,,,,,,,,,,,,,,,,,,,,,
alien_welcome,1032682,,,,,,,,,,93,21,49,107,61,36,71.0,56.0,70,69.0,12.0,28.0,59.0,39.0,62.0,16.0,113.0,41.0,60.0,38.0,23.0,89.0,18.0,5.0,90.0,83.0
land,1033184,,,,97.0,,14,,,,,,,,,,,,,,,,,,,,,,,,,,,,,
dig,1035187,,,,,[],14,,,,,,,,,,,,,,,,,,,,,,,,,,,,,
harvest,1036690,,,,81.0,,14,,,,,,97,0.835126247,0.835051546,,,,,,,,,,,,,,,,,,,,,
decision,1037201,510.1,76.0,,81.0,,14,,,,,,,,,291741,1.0,0.0,TRUE,,,,,,,,,,,,,,,,,
travel,1046691,,,,,[],14,,,,,,,,,,,,,,,,,,,,,,,,,,,,,
alien_welcome,1051693,,,,,,,,,,87,21,49,107,61,36,71.0,56.0,70,69.0,12.0,28.0,59.0,39.0,62.0,16.0,113.0,41.0,60.0,38.0,23.0,89.0,18.0,5.0,90.0,83.0
land,1052196,,,,101.0,,15,,,,,,,,,,,,,,,,,,,,,,,,,,,,,
dig,1054200,,,,,[],15,,,,,,,,,,,,,,,,,,,,,,,,,,,,,
harvest,1055702,,,,78.0,,15,,,,,,101,0.773306107,0.772277228,,,,,,,,,,,,,,,,,,,,,
decision,1057704,,,,78.0,,15,,,,,,,,,312244,1.0,0.0,FALSE,,,,,,,,,,,,,,,,,
time_out,1059707,,,,78.0,,,,,,,,,,,,,,,,,,,,,,,,,,,,,,,
decision,1060198,490.1,76.0,,78.0,,15,,,,,,,,,314739,1.0,0.0,TRUE,,,,,,,,,,,,,,,,,
travel,1069710,,,,,[],15,,,,,,,,,,,,,,,,,,,,,,,,,,,,,
alien_welcome,1074712,,,,,,,,,,85,21,49,107,61,36,71.0,56.0,70,69.0,12.0,28.0,59.0,39.0,62.0,16.0,113.0,41.0,60.0,38.0,23.0,89.0,18.0,5.0,90.0,83.0
land,1075215,,,,104.0,,16,,,,,,,,,,,,,,,,,,,,,,,,,,,,,
dig,1077219,,,,,[],16,,,,,,,,,,,,,,,,,,,,,,,,,,,,,
harvest,1078721,,,,42.0,,16,,,,,,104,0.408217409,0.403846154,,,,,,,,,,,,,,,,,,,,,
decision,1078769,46.8,76.0,,42.0,,16,,,,,,,,,333309,1.0,0.0,TRUE,,,,,,,,,,,,,,,,,
travel,1088719,,,,,[],16,,,,,,,,,,,,,,,,,,,,,,,,,,,,,
alien_welcome,1093721,,,,,,,,,,106,21,49,107,61,36,71.0,56.0,70,69.0,12.0,28.0,59.0,39.0,62.0,16.0,113.0,41.0,60.0,38.0,23.0,89.0,18.0,5.0,90.0,83.0
land,1094223,,,,99.0,,17,,,,,,,,,,,,,,,,,,,,,,,,,,,,,
dig,1096226,,,,,[],17,,,,,,,,,,,,,,,,,,,,,,,,,,,,,
harvest,1097727,,,,85.0,,17,,,,,,99,0.86062363,0.858585859,,,,,,,,,,,,,,,,,,,,,
decision,1099728,,,,85.0,,17,,,,,,,,,354268,1.0,0.0,FALSE,,,,,,,,,,,,,,,,,
time_out,1101731,,,,85.0,,,,,,,,,,,,,,,,,,,,,,,,,,,,,,,
decision,1102049,317.1,76.0,,85.0,,17,,,,,,,,,356589,1.0,0.0,TRUE,,,,,,,,,,,,,,,,,
travel,1111729,,,,,[],17,,,,,,,,,,,,,,,,,,,,,,,,,,,,,
alien_welcome,1116732,,,,,,,,,,9,21,49,107,61,36,71.0,56.0,70,69.0,12.0,28.0,59.0,39.0,62.0,16.0,113.0,41.0,60.0,38.0,23.0,89.0,18.0,5.0,90.0,83.0
land,1117233,,,,96.0,,18,,,,,,,,,,,,,,,,,,,,,,,,,,,,,
dig,1119237,,,,,[],18,,,,,,,,,,,,,,,,,,,,,,,,,,,,,
harvest,1120739,,,,74.0,,18,,,,,,96,0.772955321,0.770833333,,,,,,,,,,,,,,,,,,,,,
decision,1122740,,,,74.0,,18,,,,,,,,,377280,1.0,0.0,TRUE,,,,,,,,,,,,,,,,,
catch,1127609,4864.1,90.0,,74.0,,,,,,,,,,,,,,,,,,,,,,,,,,,,,,,
end_of_block,1133145,5535.1,32.0,,,,,,,,,,,,,,,,,,,,,,,,,,,,,,,,,
alien_welcome,1138159,,,,,,,,,,117,21,49,107,61,36,71.0,56.0,70,69.0,12.0,28.0,59.0,39.0,62.0,16.0,113.0,41.0,60.0,38.0,23.0,89.0,18.0,5.0,90.0,83.0
land,1138662,,,,95.0,,19,,,,,,,,,,,,,,,,,,,,,,,,,,,,,
dig,1140665,,,,,[],19,,,,,,,,,,,,,,,,,,,,,,,,,,,,,
harvest,1142167,,,,22.0,,19,,,,,,95,0.236613053,0.231578947,,,,,,,,,,,,,,,,,,,,,
decision,1144168,,,,22.0,,19,,,,,,,,,11022,2.0,0.0,FALSE,,,,,,,,,,,,,,,,,
time_out,1146172,,,,22.0,,,,,,,,,,,,,,,,,,,,,,,,,,,,,,,
decision,1148173,,,,22.0,,19,,,,,,,,,15026,2.0,0.0,FALSE,,,,,,,,,,,,,,,,,
time_out,1150177,,,,22.0,,,,,,,,,,,,,,,,,,,,,,,,,,,,,,,
decision,1150209,30.2,76.0,,22.0,,19,,,,,,,,,17062,2.0,0.0,TRUE,,,,,,,,,,,,,,,,,
travel,1160176,,,,,[],19,,,,,,,,,,,,,,,,,,,,,,,,,,,,,
alien_welcome,1165178,,,,,,,,,,14,21,49,107,61,36,71.0,56.0,70,69.0,12.0,28.0,59.0,39.0,62.0,16.0,113.0,41.0,60.0,38.0,23.0,89.0,18.0,5.0,90.0,83.0
land,1165681,,,,102.0,,20,,,,,,,,,,,,,,,,,,,,,,,,,,,,,
dig,1167685,,,,,[],20,,,,,,,,,,,,,,,,,,,,,,,,,,,,,
harvest,1169187,,,,17.0,,20,,,,,,102,0.164764413,0.166666667,,,,,,,,,,,,,,,,,,,,,
decision,1171189,,,,17.0,,20,,,,,,,,,38042,2.0,0.0,FALSE,,,,,,,,,,,,,,,,,
time_out,1173192,,,,17.0,,,,,,,,,,,,,,,,,,,,,,,,,,,,,,,
decision,1174920,1727.3,76.0,,17.0,,20,,,,,,,,,41773,2.0,0.0,TRUE,,,,,,,,,,,,,,,,,
travel,1183196,,,,,[],20,,,,,,,,,,,,,,,,,,,,,,,,,,,,,
alien_welcome,1188201,,,,,,,,,,8,21,49,107,61,36,71.0,56.0,70,69.0,12.0,28.0,59.0,39.0,62.0,16.0,113.0,41.0,60.0,38.0,23.0,89.0,18.0,5.0,90.0,83.0
land,1188703,,,,95.0,,21,,,,,,,,,,,,,,,,,,,,,,,,,,,,,
dig,1190708,,,,,[],21,,,,,,,,,,,,,,,,,,,,,,,,,,,,,
harvest,1192209,,,,16.0,,21,,,,,,95,0.164106798,0.168421053,,,,,,,,,,,,,,,,,,,,,
decision,1194211,,,,16.0,,21,,,,,,,,,61064,2.0,0.0,FALSE,,,,,,,,,,,,,,,,,
time_out,1196215,,,,16.0,,,,,,,,,,,,,,,,,,,,,,,,,,,,,,,
decision,1198217,,,,16.0,,21,,,,,,,,,65070,2.0,0.0,FALSE,,,,,,,,,,,,,,,,,
time_out,1200222,,,,16.0,,,,,,,,,,,,,,,,,,,,,,,,,,,,,,,
decision,1202223,,,,16.0,,21,,,,,,,,,69076,2.0,0.0,FALSE,,,,,,,,,,,,,,,,,
time_out,1204227,,,,16.0,,,,,,,,,,,,,,,,,,,,,,,,,,,,,,,
decision,1204424,195.9,76.0,,16.0,,21,,,,,,,,,71277,2.0,0.0,TRUE,,,,,,,,,,,,,,,,,
travel,1214230,,,,,[],21,,,,,,,,,,,,,,,,,,,,,,,,,,,,,
alien_welcome,1219232,,,,,,,,,,116,21,49,107,61,36,71.0,56.0,70,69.0,12.0,28.0,59.0,39.0,62.0,16.0,113.0,41.0,60.0,38.0,23.0,89.0,18.0,5.0,90.0,83.0
land,1219734,,,,104.0,,22,,,,,,,,,,,,,,,,,,,,,,,,,,,,,
dig,1221739,,,,,[],22,,,,,,,,,,,,,,,,,,,,,,,,,,,,,
harvest,1223241,,,,85.0,,22,,,,,,104,0.812734872,0.817307692,,,,,,,,,,,,,,,,,,,,,
decision,1224336,1094.3,76.0,,85.0,,22,,,,,,,,,91189,2.0,0.0,TRUE,,,,,,,,,,,,,,,,,
travel,1233242,,,,,[],22,,,,,,,,,,,,,,,,,,,,,,,,,,,,,
alien_welcome,1238244,,,,,,,,,,102,21,49,107,61,36,71.0,56.0,70,69.0,12.0,28.0,59.0,39.0,62.0,16.0,113.0,41.0,60.0,38.0,23.0,89.0,18.0,5.0,90.0,83.0
land,1238747,,,,100.0,,23,,,,,,,,,,,,,,,,,,,,,,,,,,,,,
dig,1240750,,,,,[],23,,,,,,,,,,,,,,,,,,,,,,,,,,,,,
harvest,1242253,,,,70.0,,23,,,,,,100,0.696428572,0.7,,,,,,,,,,,,,,,,,,,,,
decision,1243471,1217.0,76.0,,70.0,,23,,,,,,,,,110324,2.0,0.0,TRUE,,,,,,,,,,,,,,,,,
travel,1252252,,,,,[],23,,,,,,,,,,,,,,,,,,,,,,,,,,,,,
alien_welcome,1257255,,,,,,,,,,97,21,49,107,61,36,71.0,56.0,70,69.0,12.0,28.0,59.0,39.0,62.0,16.0,113.0,41.0,60.0,38.0,23.0,89.0,18.0,5.0,90.0,83.0
land,1257757,,,,92.0,,24,,,,,,,,,,,,,,,,,,,,,,,,,,,,,
dig,1259760,,,,,[],24,,,,,,,,,,,,,,,,,,,,,,,,,,,,,
harvest,1261263,,,,74.0,,24,,,,,,92,0.801067632,0.804347826,,,,,,,,,,,,,,,,,,,,,
decision,1263120,1856.3,76.0,,74.0,,24,,,,,,,,,129973,2.0,0.0,TRUE,,,,,,,,,,,,,,,,,
travel,1271261,,,,,[],24,,,,,,,,,,,,,,,,,,,,,,,,,,,,,
alien_welcome,1276264,,,,,,,,,,108,21,49,107,61,36,71.0,56.0,70,69.0,12.0,28.0,59.0,39.0,62.0,16.0,113.0,41.0,60.0,38.0,23.0,89.0,18.0,5.0,90.0,83.0
land,1276766,,,,106.0,,25,,,,,,,,,,,,,,,,,,,,,,,,,,,,,
dig,1278770,,,,,[],25,,,,,,,,,,,,,,,,,,,,,,,,,,,,,
harvest,1280271,,,,90.0,,25,,,,,,106,0.848341568,0.849056604,,,,,,,,,,,,,,,,,,,,,
decision,1280399,127.2,76.0,,90.0,,25,,,,,,,,,147253,2.0,0.0,TRUE,,,,,,,,,,,,,,,,,
travel,1290269,,,,,[],25,,,,,,,,,,,,,,,,,,,,,,,,,,,,,
alien_welcome,1295272,,,,,,,,,,4,21,49,107,61,36,71.0,56.0,70,69.0,12.0,28.0,59.0,39.0,62.0,16.0,113.0,41.0,60.0,38.0,23.0,89.0,18.0,5.0,90.0,83.0
land,1295774,,,,103.0,,26,,,,,,,,,,,,,,,,,,,,,,,,,,,,,
dig,1297778,,,,,[],26,,,,,,,,,,,,,,,,,,,,,,,,,,,,,
harvest,1299280,,,,80.0,,26,,,,,,103,0.774476956,0.776699029,,,,,,,,,,,,,,,,,,,,,
decision,1301055,1774.3,76.0,,80.0,,26,,,,,,,,,167908,2.0,0.0,TRUE,,,,,,,,,,,,,,,,,
travel,1309279,,,,,[],26,,,,,,,,,,,,,,,,,,,,,,,,,,,,,
alien_welcome,1314282,,,,,,,,,,10,21,49,107,61,36,71.0,56.0,70,69.0,12.0,28.0,59.0,39.0,62.0,16.0,113.0,41.0,60.0,38.0,23.0,89.0,18.0,5.0,90.0,83.0
land,1314785,,,,97.0,,27,,,,,,,,,,,,,,,,,,,,,,,,,,,,,
dig,1316789,,,,,[],27,,,,,,,,,,,,,,,,,,,,,,,,,,,,,
harvest,1318290,,,,42.0,,27,,,,,,97,0.436955517,0.432989691,,,,,,,,,,,,,,,,,,,,,
decision,1320292,,,,42.0,,27,,,,,,,,,187146,2.0,0.0,FALSE,,,,,,,,,,,,,,,,,
time_out,1322297,,,,42.0,,,,,,,,,,,,,,,,,,,,,,,,,,,,,,,
decision,1322751,453.9,76.0,,42.0,,27,,,,,,,,,189605,2.0,0.0,TRUE,,,,,,,,,,,,,,,,,
travel,1332297,,,,,[],27,,,,,,,,,,,,,,,,,,,,,,,,,,,,,
alien_welcome,1337299,,,,,,,,,,81,21,49,107,61,36,71.0,56.0,70,69.0,12.0,28.0,59.0,39.0,62.0,16.0,113.0,41.0,60.0,38.0,23.0,89.0,18.0,5.0,90.0,83.0
land,1337801,,,,103.0,,28,,,,,,,,,,,,,,,,,,,,,,,,,,,,,
dig,1339805,,,,,[],28,,,,,,,,,,,,,,,,,,,,,,,,,,,,,
harvest,1341308,,,,92.0,,28,,,,,,103,0.895252911,0.893203883,,,,,,,,,,,,,,,,,,,,,
decision,1341504,195.1,76.0,,92.0,,28,,,,,,,,,208357,2.0,0.0,TRUE,,,,,,,,,,,,,,,,,
travel,1351310,,,,,[],28,,,,,,,,,,,,,,,,,,,,,,,,,,,,,
alien_welcome,1356312,,,,,,,,,,42,21,49,107,61,36,71.0,56.0,70,69.0,12.0,28.0,59.0,39.0,62.0,16.0,113.0,41.0,60.0,38.0,23.0,89.0,18.0,5.0,90.0,83.0
land,1356815,,,,105.0,,29,,,,,,,,,,,,,,,,,,,,,,,,,,,,,
dig,1358819,,,,,[],29,,,,,,,,,,,,,,,,,,,,,,,,,,,,,
harvest,1360320,,,,83.0,,29,,,,,,105,0.794500157,0.79047619,,,,,,,,,,,,,,,,,,,,,
decision,1362323,,,,83.0,,29,,,,,,,,,229176,2.0,0.0,FALSE,,,,,,,,,,,,,,,,,
time_out,1364327,,,,83.0,,,,,,,,,,,,,,,,,,,,,,,,,,,,,,,
decision,1364655,326.4,76.0,,83.0,,29,,,,,,,,,231508,2.0,0.0,TRUE,,,,,,,,,,,,,,,,,
travel,1374327,,,,,[],29,,,,,,,,,,,,,,,,,,,,,,,,,,,,,
alien_welcome,1379330,,,,,,,,,,40,21,49,107,61,36,71.0,56.0,70,69.0,12.0,28.0,59.0,39.0,62.0,16.0,113.0,41.0,60.0,38.0,23.0,89.0,18.0,5.0,90.0,83.0
land,1379832,,,,96.0,,30,,,,,,,,,,,,,,,,,,,,,,,,,,,,,
dig,1381835,,,,,[],30,,,,,,,,,,,,,,,,,,,,,,,,,,,,,
harvest,1383338,,,,8.0,,30,,,,,,96,0.08709458,0.083333333,,,,,,,,,,,,,,,,,,,,,
decision,1385079,1740.8,76.0,,8.0,,30,,,,,,,,,251933,2.0,0.0,TRUE,,,,,,,,,,,,,,,,,
travel,1393338,,,,,[],30,,,,,,,,,,,,,,,,,,,,,,,,,,,,,
alien_welcome,1398340,,,,,,,,,,84,21,49,107,61,36,71.0,56.0,70,69.0,12.0,28.0,59.0,39.0,62.0,16.0,113.0,41.0,60.0,38.0,23.0,89.0,18.0,5.0,90.0,83.0
land,1398841,,,,93.0,,31,,,,,,,,,,,,,,,,,,,,,,,,,,,,,
dig,1400846,,,,,[],31,,,,,,,,,,,,,,,,,,,,,,,,,,,,,
harvest,1402348,,,,15.0,,31,,,,,,93,0.161093046,0.161290323,,,,,,,,,,,,,,,,,,,,,
decision,1402417,68.1,76.0,,15.0,,31,,,,,,,,,269270,2.0,0.0,TRUE,,,,,,,,,,,,,,,,,
travel,1412350,,,,,[],31,,,,,,,,,,,,,,,,,,,,,,,,,,,,,
alien_welcome,1417352,,,,,,,,,,27,21,49,107,61,36,71.0,56.0,70,69.0,12.0,28.0,59.0,39.0,62.0,16.0,113.0,41.0,60.0,38.0,23.0,89.0,18.0,5.0,90.0,83.0
land,1417855,,,,109.0,,32,,,,,,,,,,,,,,,,,,,,,,,,,,,,,
dig,1419859,,,,,[],32,,,,,,,,,,,,,,,,,,,,,,,,,,,,,
harvest,1421361,,,,23.0,,32,,,,,,109,0.210321988,0.211009174,,,,,,,,,,,,,,,,,,,,,
decision,1422126,763.9,76.0,,23.0,,32,,,,,,,,,288979,2.0,0.0,TRUE,,,,,,,,,,,,,,,,,
travel,1431366,,,,,[],32,,,,,,,,,,,,,,,,,,,,,,,,,,,,,
alien_welcome,1436368,,,,,,,,,,29,21,49,107,61,36,71.0,56.0,70,69.0,12.0,28.0,59.0,39.0,62.0,16.0,113.0,41.0,60.0,38.0,23.0,89.0,18.0,5.0,90.0,83.0
land,1436870,,,,102.0,,33,,,,,,,,,,,,,,,,,,,,,,,,,,,,,
dig,1438874,,,,,[],33,,,,,,,,,,,,,,,,,,,,,,,,,,,,,
harvest,1440376,,,,23.0,,33,,,,,,102,0.223228638,0.225490196,,,,,,,,,,,,,,,,,,,,,
decision,1442378,,,,23.0,,33,,,,,,,,,309231,2.0,0.0,FALSE,,,,,,,,,,,,,,,,,
time_out,1444382,,,,23.0,,,,,,,,,,,,,,,,,,,,,,,,,,,,,,,
decision,1445927,1543.0,76.0,,23.0,,33,,,,,,,,,312780,2.0,0.0,TRUE,,,,,,,,,,,,,,,,,
travel,1454383,,,,,[],33,,,,,,,,,,,,,,,,,,,,,,,,,,,,,
alien_welcome,1459385,,,,,,,,,,31,21,49,107,61,36,71.0,56.0,70,69.0,12.0,28.0,59.0,39.0,62.0,16.0,113.0,41.0,60.0,38.0,23.0,89.0,18.0,5.0,90.0,83.0
land,1459887,,,,111.0,,34,,,,,,,,,,,,,,,,,,,,,,,,,,,,,
dig,1461891,,,,,[],34,,,,,,,,,,,,,,,,,,,,,,,,,,,,,
harvest,1463393,,,,94.0,,34,,,,,,111,0.844496259,0.846846847,,,,,,,,,,,,,,,,,,,,,
decision,1463534,139.8,76.0,,94.0,,34,,,,,,,,,330387,2.0,0.0,TRUE,,,,,,,,,,,,,,,,,
travel,1473395,,,,,[],34,,,,,,,,,,,,,,,,,,,,,,,,,,,,,
alien_welcome,1478396,,,,,,,,,,98,21,49,107,61,36,71.0,56.0,70,69.0,12.0,28.0,59.0,39.0,62.0,16.0,113.0,41.0,60.0,38.0,23.0,89.0,18.0,5.0,90.0,83.0
land,1478899,,,,101.0,,35,,,,,,,,,,,,,,,,,,,,,,,,,,,,,
dig,1480902,,,,,[],35,,,,,,,,,,,,,,,,,,,,,,,,,,,,,
harvest,1482404,,,,88.0,,35,,,,,,101,0.869280386,0.871287129,,,,,,,,,,,,,,,,,,,,,
decision,1483270,864.4,76.0,,88.0,,35,,,,,,,,,350123,2.0,0.0,TRUE,,,,,,,,,,,,,,,,,
travel,1492411,,,,,[],35,,,,,,,,,,,,,,,,,,,,,,,,,,,,,
alien_welcome,1497413,,,,,,,,,,37,21,49,107,61,36,71.0,56.0,70,69.0,12.0,28.0,59.0,39.0,62.0,16.0,113.0,41.0,60.0,38.0,23.0,89.0,18.0,5.0,90.0,83.0
land,1497915,,,,98.0,,36,,,,,,,,,,,,,,,,,,,,,,,,,,,,,
dig,1499920,,,,,[],36,,,,,,,,,,,,,,,,,,,,,,,,,,,,,
harvest,1501422,,,,85.0,,36,,,,,,98,0.862744267,0.867346939,,,,,,,,,,,,,,,,,,,,,
decision,1502477,1054.5,76.0,,85.0,,36,,,,,,,,,369330,2.0,0.0,TRUE,,,,,,,,,,,,,,,,,
end_of_block,1506654,4173.5,32.0,,,,,,,,,,,,,,,,,,,,,,,,,,,,,,,,,
alien_welcome,1511670,,,,,,,,,,65,21,49,107,61,36,71.0,56.0,70,69.0,12.0,28.0,59.0,39.0,62.0,16.0,113.0,41.0,60.0,38.0,23.0,89.0,18.0,5.0,90.0,83.0
land,1512173,,,,99.0,,37,,,,,,,,,,,,,,,,,,,,,,,,,,,,,
dig,1514177,,,,,[],37,,,,,,,,,,,,,,,,,,,,,,,,,,,,,
harvest,1515679,,,,46.0,,37,,,,,,99,0.462706352,0.464646465,,,,,,,,,,,,,,,,,,,,,
decision,1517681,,,,46.0,,37,,,,,,,,,11024,3.0,0.0,FALSE,,,,,,,,,,,,,,,,,
time_out,1519685,,,,46.0,,,,,,,,,,,,,,,,,,,,,,,,,,,,,,,
decision,1520117,431.0,76.0,,46.0,,37,,,,,,,,,13461,3.0,0.0,TRUE,,,,,,,,,,,,,,,,,
travel,1529690,,,,,[],37,,,,,,,,,,,,,,,,,,,,,,,,,,,,,
alien_welcome,1534693,,,,,,,,,,58,21,49,107,61,36,71.0,56.0,70,69.0,12.0,28.0,59.0,39.0,62.0,16.0,113.0,41.0,60.0,38.0,23.0,89.0,18.0,5.0,90.0,83.0
land,1535194,,,,97.0,,38,,,,,,,,,,,,,,,,,,,,,,,,,,,,,
dig,1537198,,,,,[],38,,,,,,,,,,,,,,,,,,,,,,,,,,,,,
harvest,1538701,,,,77.0,,38,,,,,,97,0.792249023,0.793814433,,,,,,,,,,,,,,,,,,,,,
decision,1538869,167.3,76.0,,77.0,,38,,,,,,,,,32212,3.0,0.0,TRUE,,,,,,,,,,,,,,,,,
travel,1548703,,,,,[],38,,,,,,,,,,,,,,,,,,,,,,,,,,,,,
alien_welcome,1553705,,,,,,,,,,115,21,49,107,61,36,71.0,56.0,70,69.0,12.0,28.0,59.0,39.0,62.0,16.0,113.0,41.0,60.0,38.0,23.0,89.0,18.0,5.0,90.0,83.0
land,1554207,,,,102.0,,39,,,,,,,,,,,,,,,,,,,,,,,,,,,,,
dig,1556211,,,,,[],39,,,,,,,,,,,,,,,,,,,,,,,,,,,,,
harvest,1557713,,,,53.0,,39,,,,,,102,0.522767478,0.519607843,,,,,,,,,,,,,,,,,,,,,
decision,1558052,337.9,76.0,,53.0,,39,,,,,,,,,51395,3.0,0.0,TRUE,,,,,,,,,,,,,,,,,
travel,1567715,,,,,[],39,,,,,,,,,,,,,,,,,,,,,,,,,,,,,
alien_welcome,1572717,,,,,,,,,,30,21,49,107,61,36,71.0,56.0,70,69.0,12.0,28.0,59.0,39.0,62.0,16.0,113.0,41.0,60.0,38.0,23.0,89.0,18.0,5.0,90.0,83.0
land,1573220,,,,102.0,,40,,,,,,,,,,,,,,,,,,,,,,,,,,,,,
dig,1575224,,,,,[],40,,,,,,,,,,,,,,,,,,,,,,,,,,,,,
harvest,1576726,,,,48.0,,40,,,,,,102,0.467316007,0.470588235,,,,,,,,,,,,,,,,,,,,,
decision,1577812,1085.1,76.0,,48.0,,40,,,,,,,,,71155,3.0,0.0,TRUE,,,,,,,,,,,,,,,,,
travel,1586728,,,,,[],40,,,,,,,,,,,,,,,,,,,,,,,,,,,,,
alien_welcome,1591730,,,,,,,,,,77,21,49,107,61,36,71.0,56.0,70,69.0,12.0,28.0,59.0,39.0,62.0,16.0,113.0,41.0,60.0,38.0,23.0,89.0,18.0,5.0,90.0,83.0
land,1592233,,,,101.0,,41,,,,,,,,,,,,,,,,,,,,,,,,,,,,,
dig,1594237,,,,,[],41,,,,,,,,,,,,,,,,,,,,,,,,,,,,,
harvest,1595740,,,,55.0,,41,,,,,,101,0.540595302,0.544554455,,,,,,,,,,,,,,,,,,,,,
decision,1597741,,,,55.0,,41,,,,,,,,,91084,3.0,0.0,FALSE,,,,,,,,,,,,,,,,,
time_out,1599745,,,,55.0,,,,,,,,,,,,,,,,,,,,,,,,,,,,,,,
decision,1600844,1097.4,76.0,,55.0,,41,,,,,,,,,94187,3.0,0.0,TRUE,,,,,,,,,,,,,,,,,
travel,1609751,,,,,[],41,,,,,,,,,,,,,,,,,,,,,,,,,,,,,
alien_welcome,1614754,,,,,,,,,,75,21,49,107,61,36,71.0,56.0,70,69.0,12.0,28.0,59.0,39.0,62.0,16.0,113.0,41.0,60.0,38.0,23.0,89.0,18.0,5.0,90.0,83.0
land,1615257,,,,107.0,,42,,,,,,,,,,,,,,,,,,,,,,,,,,,,,
dig,1617261,,,,,[],42,,,,,,,,,,,,,,,,,,,,,,,,,,,,,
harvest,1618764,,,,54.0,,42,,,,,,107,0.502520831,0.504672897,,,,,,,,,,,,,,,,,,,,,
decision,1620083,1318.4,76.0,,54.0,,42,,,,,,,,,113426,3.0,0.0,TRUE,,,,,,,,,,,,,,,,,
travel,1628765,,,,,[],42,,,,,,,,,,,,,,,,,,,,,,,,,,,,,
alien_welcome,1633768,,,,,,,,,,79,21,49,107,61,36,71.0,56.0,70,69.0,12.0,28.0,59.0,39.0,62.0,16.0,113.0,41.0,60.0,38.0,23.0,89.0,18.0,5.0,90.0,83.0
land,1634270,,,,102.0,,43,,,,,,,,,,,,,,,,,,,,,,,,,,,,,
dig,1636275,,,,,[],43,,,,,,,,,,,,,,,,,,,,,,,,,,,,,
harvest,1637777,,,,83.0,,43,,,,,,102,0.813997284,0.81372549,,,,,,,,,,,,,,,,,,,,,
decision,1638996,1217.5,76.0,,83.0,,43,,,,,,,,,132339,3.0,0.0,TRUE,,,,,,,,,,,,,,,,,
travel,1647777,,,,,[],43,,,,,,,,,,,,,,,,,,,,,,,,,,,,,
alien_welcome,1652779,,,,,,,,,,96,21,49,107,61,36,71.0,56.0,70,69.0,12.0,28.0,59.0,39.0,62.0,16.0,113.0,41.0,60.0,38.0,23.0,89.0,18.0,5.0,90.0,83.0
land,1653281,,,,97.0,,44,,,,,,,,,,,,,,,,,,,,,,,,,,,,,
dig,1655285,,,,,[],44,,,,,,,,,,,,,,,,,,,,,,,,,,,,,
harvest,1656788,,,,82.0,,44,,,,,,97,0.848888618,0.845360825,,,,,,,,,,,,,,,,,,,,,
decision,1658790,,,,82.0,,44,,,,,,,,,152133,3.0,0.0,FALSE,,,,,,,,,,,,,,,,,
time_out,1660795,,,,82.0,,,,,,,,,,,,,,,,,,,,,,,,,,,,,,,
decision,1661066,270.6,76.0,,82.0,,44,,,,,,,,,154409,3.0,0.0,TRUE,,,,,,,,,,,,,,,,,
travel,1670802,,,,,[],44,,,,,,,,,,,,,,,,,,,,,,,,,,,,,
alien_welcome,1675804,,,,,,,,,,3,21,49,107,61,36,71.0,56.0,70,69.0,12.0,28.0,59.0,39.0,62.0,16.0,113.0,41.0,60.0,38.0,23.0,89.0,18.0,5.0,90.0,83.0
land,1676307,,,,98.0,,45,,,,,,,,,,,,,,,,,,,,,,,,,,,,,
dig,1678311,,,,,[],45,,,,,,,,,,,,,,,,,,,,,,,,,,,,,
harvest,1679813,,,,49.0,,45,,,,,,98,0.499979414,0.5,,,,,,,,,,,,,,,,,,,,,
decision,1680076,261.2,76.0,,49.0,,45,,,,,,,,,173419,3.0,0.0,TRUE,,,,,,,,,,,,,,,,,
travel,1689820,,,,,[],45,,,,,,,,,,,,,,,,,,,,,,,,,,,,,
alien_welcome,1694822,,,,,,,,,,99,21,49,107,61,36,71.0,56.0,70,69.0,12.0,28.0,59.0,39.0,62.0,16.0,113.0,41.0,60.0,38.0,23.0,89.0,18.0,5.0,90.0,83.0
land,1695325,,,,105.0,,46,,,,,,,,,,,,,,,,,,,,,,,,,,,,,
dig,1697329,,,,,[],46,,,,,,,,,,,,,,,,,,,,,,,,,,,,,
harvest,1698830,,,,64.0,,46,,,,,,105,0.605610521,0.60952381,,,,,,,,,,,,,,,,,,,,,
decision,1698906,75.3,76.0,,64.0,,46,,,,,,,,,192250,3.0,0.0,TRUE,,,,,,,,,,,,,,,,,
travel,1708831,,,,,[],46,,,,,,,,,,,,,,,,,,,,,,,,,,,,,
alien_welcome,1713834,,,,,,,,,,64,21,49,107,61,36,71.0,56.0,70,69.0,12.0,28.0,59.0,39.0,62.0,16.0,113.0,41.0,60.0,38.0,23.0,89.0,18.0,5.0,90.0,83.0
land,1714336,,,,100.0,,47,,,,,,,,,,,,,,,,,,,,,,,,,,,,,
dig,1716339,,,,,[],47,,,,,,,,,,,,,,,,,,,,,,,,,,,,,
harvest,1717841,,,,75.0,,47,,,,,,100,0.751710938,0.75,,,,,,,,,,,,,,,,,,,,,
decision,1717881,39.4,76.0,,75.0,,47,,,,,,,,,211225,3.0,0.0,TRUE,,,,,,,,,,,,,,,,,
travel,1727841,,,,,[],47,,,,,,,,,,,,,,,,,,,,,,,,,,,,,
alien_welcome,1732843,,,,,,,,,,25,21,49,107,61,36,71.0,56.0,70,69.0,12.0,28.0,59.0,39.0,62.0,16.0,113.0,41.0,60.0,38.0,23.0,89.0,18.0,5.0,90.0,83.0
land,1733346,,,,98.0,,48,,,,,,,,,,,,,,,,,,,,,,,,,,,,,
dig,1735349,,,,,[],48,,,,,,,,,,,,,,,,,,,,,,,,,,,,,
harvest,1736852,,,,86.0,,48,,,,,,98,0.880650969,0.87755102,,,,,,,,,,,,,,,,,,,,,
decision,1738854,,,,86.0,,48,,,,,,,,,232197,3.0,0.0,FALSE,,,,,,,,,,,,,,,,,
time_out,1740859,,,,86.0,,,,,,,,,,,,,,,,,,,,,,,,,,,,,,,
decision,1741009,148.9,76.0,,86.0,,48,,,,,,,,,234352,3.0,0.0,TRUE,,,,,,,,,,,,,,,,,
travel,1750861,,,,,[],48,,,,,,,,,,,,,,,,,,,,,,,,,,,,,
alien_welcome,1755864,,,,,,,,,,66,21,49,107,61,36,71.0,56.0,70,69.0,12.0,28.0,59.0,39.0,62.0,16.0,113.0,41.0,60.0,38.0,23.0,89.0,18.0,5.0,90.0,83.0
land,1756366,,,,96.0,,49,,,,,,,,,,,,,,,,,,,,,,,,,,,,,
dig,1758370,,,,,[],49,,,,,,,,,,,,,,,,,,,,,,,,,,,,,
harvest,1759873,,,,85.0,,49,,,,,,96,0.882903325,0.885416667,,,,,,,,,,,,,,,,,,,,,
decision,1761874,,,,85.0,,49,,,,,,,,,255218,3.0,0.0,FALSE,,,,,,,,,,,,,,,,,
time_out,1763879,,,,85.0,,,,,,,,,,,,,,,,,,,,,,,,,,,,,,,
decision,1765882,,,,85.0,,49,,,,,,,,,259225,3.0,0.0,FALSE,,,,,,,,,,,,,,,,,
time_out,1767887,,,,85.0,,,,,,,,,,,,,,,,,,,,,,,,,,,,,,,
decision,1767905,16.1,76.0,,85.0,,49,,,,,,,,,261248,3.0,0.0,TRUE,,,,,,,,,,,,,,,,,
travel,1777892,,,,,[],49,,,,,,,,,,,,,,,,,,,,,,,,,,,,,
alien_welcome,1782895,,,,,,,,,,19,21,49,107,61,36,71.0,56.0,70,69.0,12.0,28.0,59.0,39.0,62.0,16.0,113.0,41.0,60.0,38.0,23.0,89.0,18.0,5.0,90.0,83.0
land,1783397,,,,96.0,,50,,,,,,,,,,,,,,,,,,,,,,,,,,,,,
dig,1785402,,,,,[],50,,,,,,,,,,,,,,,,,,,,,,,,,,,,,
harvest,1786904,,,,82.0,,50,,,,,,96,0.856455017,0.854166667,,,,,,,,,,,,,,,,,,,,,
decision,1788097,1190.9,76.0,,82.0,,50,,,,,,,,,281440,3.0,0.0,TRUE,,,,,,,,,,,,,,,,,
travel,1796905,,,,,[],50,,,,,,,,,,,,,,,,,,,,,,,,,,,,,
alien_welcome,1801908,,,,,,,,,,11,21,49,107,61,36,71.0,56.0,70,69.0,12.0,28.0,59.0,39.0,62.0,16.0,113.0,41.0,60.0,38.0,23.0,89.0,18.0,5.0,90.0,83.0
land,1802410,,,,105.0,,51,,,,,,,,,,,,,,,,,,,,,,,,,,,,,
dig,1804413,,,,,[],51,,,,,,,,,,,,,,,,,,,,,,,,,,,,,
harvest,1805915,,,,52.0,,51,,,,,,105,0.491444978,0.495238095,,,,,,,,,,,,,,,,,,,,,
decision,1806136,220.1,76.0,,52.0,,51,,,,,,,,,299479,3.0,0.0,TRUE,,,,,,,,,,,,,,,,,
travel,1815917,,,,,[],51,,,,,,,,,,,,,,,,,,,,,,,,,,,,,
alien_welcome,1820920,,,,,,,,,,100,21,49,107,61,36,71.0,56.0,70,69.0,12.0,28.0,59.0,39.0,62.0,16.0,113.0,41.0,60.0,38.0,23.0,89.0,18.0,5.0,90.0,83.0
land,1821422,,,,106.0,,52,,,,,,,,,,,,,,,,,,,,,,,,,,,,,
dig,1823426,,,,,[],52,,,,,,,,,,,,,,,,,,,,,,,,,,,,,
harvest,1824927,,,,59.0,,52,,,,,,106,0.553960739,0.556603774,,,,,,,,,,,,,,,,,,,,,
decision,1825080,151.3,76.0,,59.0,,52,,,,,,,,,318423,3.0,0.0,TRUE,,,,,,,,,,,,,,,,,
travel,1834932,,,,,[],52,,,,,,,,,,,,,,,,,,,,,,,,,,,,,
alien_welcome,1839935,,,,,,,,,,2,21,49,107,61,36,71.0,56.0,70,69.0,12.0,28.0,59.0,39.0,62.0,16.0,113.0,41.0,60.0,38.0,23.0,89.0,18.0,5.0,90.0,83.0
land,1840438,,,,102.0,,53,,,,,,,,,,,,,,,,,,,,,,,,,,,,,
dig,1842442,,,,,[],53,,,,,,,,,,,,,,,,,,,,,,,,,,,,,
harvest,1843944,,,,86.0,,53,,,,,,102,0.841511905,0.843137255,,,,,,,,,,,,,,,,,,,,,
decision,1844447,502.2,76.0,,86.0,,53,,,,,,,,,337791,3.0,0.0,TRUE,,,,,,,,,,,,,,,,,
travel,1853951,,,,,[],53,,,,,,,,,,,,,,,,,,,,,,,,,,,,,
alien_welcome,1858953,,,,,,,,,,119,21,49,107,61,36,71.0,56.0,70,69.0,12.0,28.0,59.0,39.0,62.0,16.0,113.0,41.0,60.0,38.0,23.0,89.0,18.0,5.0,90.0,83.0
land,1859455,,,,88.0,,54,,,,,,,,,,,,,,,,,,,,,,,,,,,,,
dig,1861459,,,,,[],54,,,,,,,,,,,,,,,,,,,,,,,,,,,,,
harvest,1862961,,,,71.0,,54,,,,,,88,0.811285881,0.806818182,,,,,,,,,,,,,,,,,,,,,
decision,1863144,182.2,76.0,,71.0,,54,,,,,,,,,356487,3.0,0.0,TRUE,,,,,,,,,,,,,,,,,
travel,1872961,,,,,[],54,,,,,,,,,,,,,,,,,,,,,,,,,,,,,
alien_welcome,1877963,,,,,,,,,,78,21,49,107,61,36,71.0,56.0,70,69.0,12.0,28.0,59.0,39.0,62.0,16.0,113.0,41.0,60.0,38.0,23.0,89.0,18.0,5.0,90.0,83.0
land,1878465,,,,96.0,,55,,,,,,,,,,,,,,,,,,,,,,,,,,,,,
dig,1880469,,,,,[],55,,,,,,,,,,,,,,,,,,,,,,,,,,,,,
harvest,1881971,,,,77.0,,55,,,,,,96,0.801720749,0.802083333,,,,,,,,,,,,,,,,,,,,,
decision,1882183,211.1,76.0,,77.0,,55,,,,,,,,,375527,3.0,0.0,TRUE,,,,,,,,,,,,,,,,,
end_of_block,1886712,4524.7,32.0,,,,,,,,,,,,,,,,,,,,,,,,,,,,,,,,,
alien_welcome,1891728,,,,,,,,,,105,21,49,107,61,36,71.0,56.0,70,69.0,12.0,28.0,59.0,39.0,62.0,16.0,113.0,41.0,60.0,38.0,23.0,89.0,18.0,5.0,90.0,83.0
land,1892231,,,,101.0,,56,,,,,,,,,,,,,,,,,,,,,,,,,,,,,
dig,1894235,,,,,[],56,,,,,,,,,,,,,,,,,,,,,,,,,,,,,
harvest,1895737,,,,22.0,,56,,,,,,101,0.222690098,0.217821782,,,,,,,,,,,,,,,,,,,,,
decision,1896144,406.4,76.0,,22.0,,56,,,,,,,,,9428,4.0,0.0,TRUE,,,,,,,,,,,,,,,,,
travel,1905736,,,,,[],56,,,,,,,,,,,,,,,,,,,,,,,,,,,,,
alien_welcome,1910743,,,,,,,,,,76,21,49,107,61,36,71.0,56.0,70,69.0,12.0,28.0,59.0,39.0,62.0,16.0,113.0,41.0,60.0,38.0,23.0,89.0,18.0,5.0,90.0,83.0
land,1911244,,,,104.0,,57,,,,,,,,,,,,,,,,,,,,,,,,,,,,,
dig,1913249,,,,,[],57,,,,,,,,,,,,,,,,,,,,,,,,,,,,,
harvest,1914751,,,,20.0,,57,,,,,,104,0.194658828,0.192307692,,,,,,,,,,,,,,,,,,,,,
decision,1915123,370.9,76.0,,20.0,,57,,,,,,,,,28407,4.0,0.0,TRUE,,,,,,,,,,,,,,,,,
travel,1924750,,,,,[],57,,,,,,,,,,,,,,,,,,,,,,,,,,,,,
alien_welcome,1929752,,,,,,,,,,51,21,49,107,61,36,71.0,56.0,70,69.0,12.0,28.0,59.0,39.0,62.0,16.0,113.0,41.0,60.0,38.0,23.0,89.0,18.0,5.0,90.0,83.0
land,1930255,,,,102.0,,58,,,,,,,,,,,,,,,,,,,,,,,,,,,,,
dig,1932259,,,,,[],58,,,,,,,,,,,,,,,,,,,,,,,,,,,,,
harvest,1933761,,,,17.0,,58,,,,,,102,0.164786362,0.166666667,,,,,,,,,,,,,,,,,,,,,
decision,1933988,226.1,76.0,,17.0,,58,,,,,,,,,47272,4.0,0.0,TRUE,,,,,,,,,,,,,,,,,
travel,1943758,,,,,[],58,,,,,,,,,,,,,,,,,,,,,,,,,,,,,
alien_welcome,1948761,,,,,,,,,,17,21,49,107,61,36,71.0,56.0,70,69.0,12.0,28.0,59.0,39.0,62.0,16.0,113.0,41.0,60.0,38.0,23.0,89.0,18.0,5.0,90.0,83.0
land,1949262,,,,104.0,,59,,,,,,,,,,,,,,,,,,,,,,,,,,,,,
dig,1951266,,,,,[],59,,,,,,,,,,,,,,,,,,,,,,,,,,,,,
harvest,1952768,,,,80.0,,59,,,,,,104,0.770930584,0.769230769,,,,,,,,,,,,,,,,,,,,,
decision,1953219,450.5,76.0,,80.0,,59,,,,,,,,,66504,4.0,0.0,TRUE,,,,,,,,,,,,,,,,,
travel,1962775,,,,,[],59,,,,,,,,,,,,,,,,,,,,,,,,,,,,,
alien_welcome,1967777,,,,,,,,,,91,21,49,107,61,36,71.0,56.0,70,69.0,12.0,28.0,59.0,39.0,62.0,16.0,113.0,41.0,60.0,38.0,23.0,89.0,18.0,5.0,90.0,83.0
land,1968279,,,,95.0,,60,,,,,,,,,,,,,,,,,,,,,,,,,,,,,
dig,1970287,,,,,[],60,,,,,,,,,,,,,,,,,,,,,,,,,,,,,
harvest,1971788,,,,79.0,,60,,,,,,95,0.836653512,0.831578947,,,,,,,,,,,,,,,,,,,,,
decision,1971837,47.9,76.0,,79.0,,60,,,,,,,,,85122,4.0,0.0,TRUE,,,,,,,,,,,,,,,,,
travel,1981790,,,,,[],60,,,,,,,,,,,,,,,,,,,,,,,,,,,,,
alien_welcome,1986792,,,,,,,,,,7,21,49,107,61,36,71.0,56.0,70,69.0,12.0,28.0,59.0,39.0,62.0,16.0,113.0,41.0,60.0,38.0,23.0,89.0,18.0,5.0,90.0,83.0
land,1987294,,,,100.0,,61,,,,,,,,,,,,,,,,,,,,,,,,,,,,,
dig,1989298,,,,,[],61,,,,,,,,,,,,,,,,,,,,,,,,,,,,,
harvest,1990801,,,,85.0,,61,,,,,,100,0.850382294,0.85,,,,,,,,,,,,,,,,,,,,,
decision,1990813,11.0,76.0,,85.0,,61,,,,,,,,,104097,4.0,0.0,TRUE,,,,,,,,,,,,,,,,,
travel,2000801,,,,,[],61,,,,,,,,,,,,,,,,,,,,,,,,,,,,,
alien_welcome,2005803,,,,,,,,,,24,21,49,107,61,36,71.0,56.0,70,69.0,12.0,28.0,59.0,39.0,62.0,16.0,113.0,41.0,60.0,38.0,23.0,89.0,18.0,5.0,90.0,83.0
land,2006306,,,,110.0,,62,,,,,,,,,,,,,,,,,,,,,,,,,,,,,
dig,2008310,,,,,[],62,,,,,,,,,,,,,,,,,,,,,,,,,,,,,
harvest,2009812,,,,90.0,,62,,,,,,110,0.821375307,0.818181818,,,,,,,,,,,,,,,,,,,,,
decision,2010052,239.2,76.0,,90.0,,62,,,,,,,,,123336,4.0,0.0,TRUE,,,,,,,,,,,,,,,,,
travel,2019814,,,,,[],62,,,,,,,,,,,,,,,,,,,,,,,,,,,,,
alien_welcome,2024817,,,,,,,,,,120,21,49,107,61,36,71.0,56.0,70,69.0,12.0,28.0,59.0,39.0,62.0,16.0,113.0,41.0,60.0,38.0,23.0,89.0,18.0,5.0,90.0,83.0
land,2025320,,,,103.0,,63,,,,,,,,,,,,,,,,,,,,,,,,,,,,,
dig,2027324,,,,,[],63,,,,,,,,,,,,,,,,,,,,,,,,,,,,,
harvest,2028826,,,,83.0,,63,,,,,,103,0.80424217,0.805825243,,,,,,,,,,,,,,,,,,,,,
decision,2028876,48.6,76.0,,83.0,,63,,,,,,,,,142160,4.0,0.0,TRUE,,,,,,,,,,,,,,,,,
travel,2038831,,,,,[],63,,,,,,,,,,,,,,,,,,,,,,,,,,,,,
alien_welcome,2043834,,,,,,,,,,63,21,49,107,61,36,71.0,56.0,70,69.0,12.0,28.0,59.0,39.0,62.0,16.0,113.0,41.0,60.0,38.0,23.0,89.0,18.0,5.0,90.0,83.0
land,2044335,,,,97.0,,64,,,,,,,,,,,,,,,,,,,,,,,,,,,,,
dig,2046339,,,,,[],64,,,,,,,,,,,,,,,,,,,,,,,,,,,,,
harvest,2047841,,,,87.0,,64,,,,,,97,0.892257778,0.896907216,,,,,,,,,,,,,,,,,,,,,
decision,2048383,540.7,76.0,,87.0,,64,,,,,,,,,161667,4.0,0.0,TRUE,,,,,,,,,,,,,,,,,
travel,2057849,,,,,[],64,,,,,,,,,,,,,,,,,,,,,,,,,,,,,
alien_welcome,2062851,,,,,,,,,,54,21,49,107,61,36,71.0,56.0,70,69.0,12.0,28.0,59.0,39.0,62.0,16.0,113.0,41.0,60.0,38.0,23.0,89.0,18.0,5.0,90.0,83.0
land,2063354,,,,112.0,,65,,,,,,,,,,,,,,,,,,,,,,,,,,,,,
dig,2065358,,,,,[],65,,,,,,,,,,,,,,,,,,,,,,,,,,,,,
harvest,2066860,,,,27.0,,65,,,,,,112,0.244437639,0.241071429,,,,,,,,,,,,,,,,,,,,,
decision,2067070,208.6,76.0,,27.0,,65,,,,,,,,,180354,4.0,0.0,TRUE,,,,,,,,,,,,,,,,,
travel,2076860,,,,,[],65,,,,,,,,,,,,,,,,,,,,,,,,,,,,,
alien_welcome,2081863,,,,,,,,,,118,21,49,107,61,36,71.0,56.0,70,69.0,12.0,28.0,59.0,39.0,62.0,16.0,113.0,41.0,60.0,38.0,23.0,89.0,18.0,5.0,90.0,83.0
land,2082366,,,,111.0,,66,,,,,,,,,,,,,,,,,,,,,,,,,,,,,
dig,2084370,,,,,[],66,,,,,,,,,,,,,,,,,,,,,,,,,,,,,
harvest,2085872,,,,24.0,,66,,,,,,111,0.218306329,0.216216216,,,,,,,,,,,,,,,,,,,,,
decision,2085885,11.8,76.0,,24.0,,66,,,,,,,,,199169,4.0,0.0,TRUE,,,,,,,,,,,,,,,,,
travel,2095874,,,,,[],66,,,,,,,,,,,,,,,,,,,,,,,,,,,,,
alien_welcome,2100876,,,,,,,,,,34,21,49,107,61,36,71.0,56.0,70,69.0,12.0,28.0,59.0,39.0,62.0,16.0,113.0,41.0,60.0,38.0,23.0,89.0,18.0,5.0,90.0,83.0
land,2101379,,,,99.0,,67,,,,,,,,,,,,,,,,,,,,,,,,,,,,,
dig,2103383,,,,,[],67,,,,,,,,,,,,,,,,,,,,,,,,,,,,,
harvest,2104885,,,,79.0,,67,,,,,,99,0.799802402,0.797979798,,,,,,,,,,,,,,,,,,,,,
decision,2104990,103.4,76.0,,79.0,,67,,,,,,,,,218274,4.0,0.0,TRUE,,,,,,,,,,,,,,,,,
travel,2114887,,,,,[],67,,,,,,,,,,,,,,,,,,,,,,,,,,,,,
alien_welcome,2119889,,,,,,,,,,53,21,49,107,61,36,71.0,56.0,70,69.0,12.0,28.0,59.0,39.0,62.0,16.0,113.0,41.0,60.0,38.0,23.0,89.0,18.0,5.0,90.0,83.0
land,2120391,,,,110.0,,68,,,,,,,,,,,,,,,,,,,,,,,,,,,,,
dig,2122395,,,,,[],68,,,,,,,,,,,,,,,,,,,,,,,,,,,,,
harvest,2123896,,,,88.0,,68,,,,,,110,0.801792964,0.8,,,,,,,,,,,,,,,,,,,,,
decision,2124118,221.1,76.0,,88.0,,68,,,,,,,,,237403,4.0,0.0,TRUE,,,,,,,,,,,,,,,,,
travel,2133900,,,,,[],68,,,,,,,,,,,,,,,,,,,,,,,,,,,,,
alien_welcome,2138903,,,,,,,,,,68,21,49,107,61,36,71.0,56.0,70,69.0,12.0,28.0,59.0,39.0,62.0,16.0,113.0,41.0,60.0,38.0,23.0,89.0,18.0,5.0,90.0,83.0
land,2139405,,,,94.0,,69,,,,,,,,,,,,,,,,,,,,,,,,,,,,,
dig,2141408,,,,,[],69,,,,,,,,,,,,,,,,,,,,,,,,,,,,,
harvest,2142911,,,,71.0,,69,,,,,,94,0.759799757,0.755319149,,,,,,,,,,,,,,,,,,,,,
decision,2143051,138.9,76.0,,71.0,,69,,,,,,,,,256335,4.0,0.0,TRUE,,,,,,,,,,,,,,,,,
travel,2152915,,,,,[],69,,,,,,,,,,,,,,,,,,,,,,,,,,,,,
alien_welcome,2157917,,,,,,,,,,45,21,49,107,61,36,71.0,56.0,70,69.0,12.0,28.0,59.0,39.0,62.0,16.0,113.0,41.0,60.0,38.0,23.0,89.0,18.0,5.0,90.0,83.0
land,2158420,,,,95.0,,70,,,,,,,,,,,,,,,,,,,,,,,,,,,,,
dig,2160423,,,,,[],70,,,,,,,,,,,,,,,,,,,,,,,,,,,,,
harvest,2161924,,,,78.0,,70,,,,,,95,0.820788898,0.821052632,,,,,,,,,,,,,,,,,,,,,
decision,2161975,49.2,76.0,,78.0,,70,,,,,,,,,275259,4.0,0.0,TRUE,,,,,,,,,,,,,,,,,
travel,2171926,,,,,[],70,,,,,,,,,,,,,,,,,,,,,,,,,,,,,
alien_welcome,2176929,,,,,,,,,,103,21,49,107,61,36,71.0,56.0,70,69.0,12.0,28.0,59.0,39.0,62.0,16.0,113.0,41.0,60.0,38.0,23.0,89.0,18.0,5.0,90.0,83.0
land,2177432,,,,93.0,,71,,,,,,,,,,,,,,,,,,,,,,,,,,,,,
dig,2179435,,,,,[],71,,,,,,,,,,,,,,,,,,,,,,,,,,,,,
harvest,2180937,,,,79.0,,71,,,,,,93,0.846133498,0.849462366,,,,,,,,,,,,,,,,,,,,,
decision,2181174,235.7,76.0,,79.0,,71,,,,,,,,,294458,4.0,0.0,TRUE,,,,,,,,,,,,,,,,,
travel,2190937,,,,,[],71,,,,,,,,,,,,,,,,,,,,,,,,,,,,,
alien_welcome,2195939,,,,,,,,,,44,21,49,107,61,36,71.0,56.0,70,69.0,12.0,28.0,59.0,39.0,62.0,16.0,113.0,41.0,60.0,38.0,23.0,89.0,18.0,5.0,90.0,83.0
land,2196442,,,,94.0,,72,,,,,,,,,,,,,,,,,,,,,,,,,,,,,
dig,2198447,,,,,[],72,,,,,,,,,,,,,,,,,,,,,,,,,,,,,
harvest,2199948,,,,63.0,,72,,,,,,94,0.667442887,0.670212766,,,,,,,,,,,,,,,,,,,,,
decision,2200183,233.9,76.0,,63.0,,72,,,,,,,,,313467,4.0,0.0,TRUE,,,,,,,,,,,,,,,,,
travel,2209957,,,,,[],72,,,,,,,,,,,,,,,,,,,,,,,,,,,,,
alien_welcome,2214959,,,,,,,,,,112,21,49,107,61,36,71.0,56.0,70,69.0,12.0,28.0,59.0,39.0,62.0,16.0,113.0,41.0,60.0,38.0,23.0,89.0,18.0,5.0,90.0,83.0
land,2215462,,,,96.0,,73,,,,,,,,,,,,,,,,,,,,,,,,,,,,,
dig,2217466,,,,,[],73,,,,,,,,,,,,,,,,,,,,,,,,,,,,,
harvest,2218968,,,,70.0,,73,,,,,,96,0.731374704,0.729166667,,,,,,,,,,,,,,,,,,,,,
decision,2219039,70.7,76.0,,70.0,,73,,,,,,,,,332324,4.0,0.0,TRUE,,,,,,,,,,,,,,,,,
travel,2228974,,,,,[],73,,,,,,,,,,,,,,,,,,,,,,,,,,,,,
alien_welcome,2233976,,,,,,,,,,88,21,49,107,61,36,71.0,56.0,70,69.0,12.0,28.0,59.0,39.0,62.0,16.0,113.0,41.0,60.0,38.0,23.0,89.0,18.0,5.0,90.0,83.0
land,2234479,,,,107.0,,74,,,,,,,,,,,,,,,,,,,,,,,,,,,,,
dig,2236483,,,,,[],74,,,,,,,,,,,,,,,,,,,,,,,,,,,,,
harvest,2237985,,,,91.0,,74,,,,,,107,0.853387691,0.85046729,,,,,,,,,,,,,,,,,,,,,
decision,2238272,285.9,76.0,,91.0,,74,,,,,,,,,351556,4.0,0.0,TRUE,,,,,,,,,,,,,,,,,
travel,2247990,,,,,[],74,,,,,,,,,,,,,,,,,,,,,,,,,,,,,
alien_welcome,2252993,,,,,,,,,,72,21,49,107,61,36,71.0,56.0,70,69.0,12.0,28.0,59.0,39.0,62.0,16.0,113.0,41.0,60.0,38.0,23.0,89.0,18.0,5.0,90.0,83.0
land,2253494,,,,94.0,,75,,,,,,,,,,,,,,,,,,,,,,,,,,,,,
dig,2255498,,,,,[],75,,,,,,,,,,,,,,,,,,,,,,,,,,,,,
harvest,2257001,,,,74.0,,75,,,,,,94,0.782954058,0.787234043,,,,,,,,,,,,,,,,,,,,,
decision,2257237,235.2,76.0,,74.0,,75,,,,,,,,,370521,4.0,0.0,TRUE,,,,,,,,,,,,,,,,,
end_of_block,2261534,4291.9,32.0,,,,,,,,,,,,,,,,,,,,,,,,,,,,,,,,,
alien_welcome,2266551,,,,,,,,,,82,21,49,107,61,36,71.0,56.0,70,69.0,12.0,28.0,59.0,39.0,62.0,16.0,113.0,41.0,60.0,38.0,23.0,89.0,18.0,5.0,90.0,83.0
land,2267054,,,,107.0,,76,,,,,,,,,,,,,,,,,,,,,,,,,,,,,
dig,2269059,,,,,[],76,,,,,,,,,,,,,,,,,,,,,,,,,,,,,
harvest,2270562,,,,62.0,,76,,,,,,107,0.580608142,0.579439252,,,,,,,,,,,,,,,,,,,,,
decision,2271143,579.3,76.0,,62.0,,76,,,,,,,,,9604,5.0,0.0,TRUE,,,,,,,,,,,,,,,,,
travel,2280563,,,,,[],76,,,,,,,,,,,,,,,,,,,,,,,,,,,,,
alien_welcome,2285566,,,,,,,,,,94,21,49,107,61,36,71.0,56.0,70,69.0,12.0,28.0,59.0,39.0,62.0,16.0,113.0,41.0,60.0,38.0,23.0,89.0,18.0,5.0,90.0,83.0
land,2286069,,,,98.0,,77,,,,,,,,,,,,,,,,,,,,,,,,,,,,,
dig,2288072,,,,,[],77,,,,,,,,,,,,,,,,,,,,,,,,,,,,,
harvest,2289573,,,,47.0,,77,,,,,,98,0.48386413,0.479591837,,,,,,,,,,,,,,,,,,,,,
decision,2289606,31.2,76.0,,47.0,,77,,,,,,,,,28067,5.0,0.0,TRUE,,,,,,,,,,,,,,,,,
travel,2299575,,,,,[],77,,,,,,,,,,,,,,,,,,,,,,,,,,,,,
alien_welcome,2304578,,,,,,,,,,48,21,49,107,61,36,71.0,56.0,70,69.0,12.0,28.0,59.0,39.0,62.0,16.0,113.0,41.0,60.0,38.0,23.0,89.0,18.0,5.0,90.0,83.0
land,2305081,,,,96.0,,78,,,,,,,,,,,,,,,,,,,,,,,,,,,,,
dig,2307085,,,,,[],78,,,,,,,,,,,,,,,,,,,,,,,,,,,,,
harvest,2308587,,,,42.0,,78,,,,,,96,0.438350386,0.4375,,,,,,,,,,,,,,,,,,,,,
decision,2309022,433.1,76.0,,42.0,,78,,,,,,,,,47483,5.0,0.0,TRUE,,,,,,,,,,,,,,,,,
travel,2318587,,,,,[],78,,,,,,,,,,,,,,,,,,,,,,,,,,,,,
alien_welcome,2323589,,,,,,,,,,74,21,49,107,61,36,71.0,56.0,70,69.0,12.0,28.0,59.0,39.0,62.0,16.0,113.0,41.0,60.0,38.0,23.0,89.0,18.0,5.0,90.0,83.0
land,2324091,,,,95.0,,79,,,,,,,,,,,,,,,,,,,,,,,,,,,,,
dig,2326094,,,,,[],79,,,,,,,,,,,,,,,,,,,,,,,,,,,,,
harvest,2327595,,,,56.0,,79,,,,,,95,0.58543714,0.589473684,,,,,,,,,,,,,,,,,,,,,
decision,2327788,192.0,76.0,,56.0,,79,,,,,,,,,66250,5.0,0.0,TRUE,,,,,,,,,,,,,,,,,
travel,2337598,,,,,[],79,,,,,,,,,,,,,,,,,,,,,,,,,,,,,
alien_welcome,2342600,,,,,,,,,,1,21,49,107,61,36,71.0,56.0,70,69.0,12.0,28.0,59.0,39.0,62.0,16.0,113.0,41.0,60.0,38.0,23.0,89.0,18.0,5.0,90.0,83.0
land,2343103,,,,95.0,,80,,,,,,,,,,,,,,,,,,,,,,,,,,,,,
dig,2345107,,,,,[],80,,,,,,,,,,,,,,,,,,,,,,,,,,,,,
harvest,2346608,,,,54.0,,80,,,,,,95,0.564907329,0.568421053,,,,,,,,,,,,,,,,,,,,,
decision,2346822,213.5,76.0,,54.0,,80,,,,,,,,,85284,5.0,0.0,TRUE,,,,,,,,,,,,,,,,,
travel,2356613,,,,,[],80,,,,,,,,,,,,,,,,,,,,,,,,,,,,,
alien_welcome,2361615,,,,,,,,,,73,21,49,107,61,36,71.0,56.0,70,69.0,12.0,28.0,59.0,39.0,62.0,16.0,113.0,41.0,60.0,38.0,23.0,89.0,18.0,5.0,90.0,83.0
land,2362118,,,,96.0,,81,,,,,,,,,,,,,,,,,,,,,,,,,,,,,
dig,2364122,,,,,[],81,,,,,,,,,,,,,,,,,,,,,,,,,,,,,
harvest,2365624,,,,44.0,,81,,,,,,96,0.461574634,0.458333333,,,,,,,,,,,,,,,,,,,,,
decision,2365838,213.6,76.0,,44.0,,81,,,,,,,,,104300,5.0,0.0,TRUE,,,,,,,,,,,,,,,,,
travel,2375628,,,,,[],81,,,,,,,,,,,,,,,,,,,,,,,,,,,,,
alien_welcome,2380630,,,,,,,,,,52,21,49,107,61,36,71.0,56.0,70,69.0,12.0,28.0,59.0,39.0,62.0,16.0,113.0,41.0,60.0,38.0,23.0,89.0,18.0,5.0,90.0,83.0
land,2381133,,,,102.0,,82,,,,,,,,,,,,,,,,,,,,,,,,,,,,,
dig,2383137,,,,,[],82,,,,,,,,,,,,,,,,,,,,,,,,,,,,,
harvest,2384640,,,,49.0,,82,,,,,,102,0.479187386,0.480392157,,,,,,,,,,,,,,,,,,,,,
decision,2384789,148.2,76.0,,49.0,,82,,,,,,,,,123250,5.0,0.0,TRUE,,,,,,,,,,,,,,,,,
travel,2394644,,,,,[],82,,,,,,,,,,,,,,,,,,,,,,,,,,,,,
alien_welcome,2399646,,,,,,,,,,104,21,49,107,61,36,71.0,56.0,70,69.0,12.0,28.0,59.0,39.0,62.0,16.0,113.0,41.0,60.0,38.0,23.0,89.0,18.0,5.0,90.0,83.0
land,2400148,,,,100.0,,83,,,,,,,,,,,,,,,,,,,,,,,,,,,,,
dig,2402153,,,,,[],83,,,,,,,,,,,,,,,,,,,,,,,,,,,,,
harvest,2403654,,,,60.0,,83,,,,,,100,0.603049313,0.6,,,,,,,,,,,,,,,,,,,,,
decision,2403789,133.5,76.0,,60.0,,83,,,,,,,,,142250,5.0,0.0,TRUE,,,,,,,,,,,,,,,,,
travel,2413660,,,,,[],83,,,,,,,,,,,,,,,,,,,,,,,,,,,,,
alien_welcome,2418662,,,,,,,,,,15,21,49,107,61,36,71.0,56.0,70,69.0,12.0,28.0,59.0,39.0,62.0,16.0,113.0,41.0,60.0,38.0,23.0,89.0,18.0,5.0,90.0,83.0
land,2419165,,,,101.0,,84,,,,,,,,,,,,,,,,,,,,,,,,,,,,,
dig,2421170,,,,,[],84,,,,,,,,,,,,,,,,,,,,,,,,,,,,,
harvest,2422672,,,,49.0,,84,,,,,,101,0.488913566,0.485148515,,,,,,,,,,,,,,,,,,,,,
decision,2422813,140.0,76.0,,49.0,,84,,,,,,,,,161274,5.0,0.0,TRUE,,,,,,,,,,,,,,,,,
travel,2432676,,,,,[],84,,,,,,,,,,,,,,,,,,,,,,,,,,,,,
alien_welcome,2437678,,,,,,,,,,47,21,49,107,61,36,71.0,56.0,70,69.0,12.0,28.0,59.0,39.0,62.0,16.0,113.0,41.0,60.0,38.0,23.0,89.0,18.0,5.0,90.0,83.0
land,2438180,,,,105.0,,85,,,,,,,,,,,,,,,,,,,,,,,,,,,,,
dig,2440185,,,,,[],85,,,,,,,,,,,,,,,,,,,,,,,,,,,,,
harvest,2441687,,,,49.0,,85,,,,,,105,0.46586502,0.466666667,,,,,,,,,,,,,,,,,,,,,
decision,2441916,228.0,76.0,,49.0,,85,,,,,,,,,180377,5.0,0.0,TRUE,,,,,,,,,,,,,,,,,
travel,2451690,,,,,[],85,,,,,,,,,,,,,,,,,,,,,,,,,,,,,
alien_welcome,2456693,,,,,,,,,,43,21,49,107,61,36,71.0,56.0,70,69.0,12.0,28.0,59.0,39.0,62.0,16.0,113.0,41.0,60.0,38.0,23.0,89.0,18.0,5.0,90.0,83.0
land,2457195,,,,99.0,,86,,,,,,,,,,,,,,,,,,,,,,,,,,,,,
dig,2459199,,,,,[],86,,,,,,,,,,,,,,,,,,,,,,,,,,,,,
harvest,2460701,,,,54.0,,86,,,,,,99,0.545467678,0.545454545,,,,,,,,,,,,,,,,,,,,,
decision,2460710,7.899999999,76.0,,54.0,,86,,,,,,,,,199172,5.0,0.0,TRUE,,,,,,,,,,,,,,,,,
travel,2470708,,,,,[],86,,,,,,,,,,,,,,,,,,,,,,,,,,,,,
alien_welcome,2475710,,,,,,,,,,57,21,49,107,61,36,71.0,56.0,70,69.0,12.0,28.0,59.0,39.0,62.0,16.0,113.0,41.0,60.0,38.0,23.0,89.0,18.0,5.0,90.0,83.0
land,2476212,,,,107.0,,87,,,,,,,,,,,,,,,,,,,,,,,,,,,,,
dig,2478215,,,,,[],87,,,,,,,,,,,,,,,,,,,,,,,,,,,,,
harvest,2479718,,,,53.0,,87,,,,,,107,0.495125999,0.495327103,,,,,,,,,,,,,,,,,,,,,
decision,2479797,78.0,76.0,,53.0,,87,,,,,,,,,218258,5.0,0.0,TRUE,,,,,,,,,,,,,,,,,
travel,2489723,,,,,[],87,,,,,,,,,,,,,,,,,,,,,,,,,,,,,
alien_welcome,2494724,,,,,,,,,,55,21,49,107,61,36,71.0,56.0,70,69.0,12.0,28.0,59.0,39.0,62.0,16.0,113.0,41.0,60.0,38.0,23.0,89.0,18.0,5.0,90.0,83.0
land,2495227,,,,102.0,,88,,,,,,,,,,,,,,,,,,,,,,,,,,,,,
dig,2497230,,,,,[],88,,,,,,,,,,,,,,,,,,,,,,,,,,,,,
harvest,2498732,,,,53.0,,88,,,,,,102,0.519379141,0.519607843,,,,,,,,,,,,,,,,,,,,,
decision,2498756,22.7,76.0,,53.0,,88,,,,,,,,,237217,5.0,0.0,TRUE,,,,,,,,,,,,,,,,,
travel,2508736,,,,,[],88,,,,,,,,,,,,,,,,,,,,,,,,,,,,,
alien_welcome,2513739,,,,,,,,,,35,21,49,107,61,36,71.0,56.0,70,69.0,12.0,28.0,59.0,39.0,62.0,16.0,113.0,41.0,60.0,38.0,23.0,89.0,18.0,5.0,90.0,83.0
land,2514242,,,,95.0,,89,,,,,,,,,,,,,,,,,,,,,,,,,,,,,
dig,2516246,,,,,[],89,,,,,,,,,,,,,,,,,,,,,,,,,,,,,
harvest,2517748,,,,54.0,,89,,,,,,95,0.571376607,0.568421053,,,,,,,,,,,,,,,,,,,,,
decision,2517901,151.8,76.0,,54.0,,89,,,,,,,,,256362,5.0,0.0,TRUE,,,,,,,,,,,,,,,,,
travel,2527755,,,,,[],89,,,,,,,,,,,,,,,,,,,,,,,,,,,,,
alien_welcome,2532758,,,,,,,,,,95,21,49,107,61,36,71.0,56.0,70,69.0,12.0,28.0,59.0,39.0,62.0,16.0,113.0,41.0,60.0,38.0,23.0,89.0,18.0,5.0,90.0,83.0
land,2533259,,,,98.0,,90,,,,,,,,,,,,,,,,,,,,,,,,,,,,,
dig,2535264,,,,,[],90,,,,,,,,,,,,,,,,,,,,,,,,,,,,,
harvest,2536766,,,,43.0,,90,,,,,,98,0.442769291,0.43877551,,,,,,,,,,,,,,,,,,,,,
decision,2536811,43.5,76.0,,43.0,,90,,,,,,,,,275272,5.0,0.0,TRUE,,,,,,,,,,,,,,,,,
travel,2546773,,,,,[],90,,,,,,,,,,,,,,,,,,,,,,,,,,,,,
alien_welcome,2551776,,,,,,,,,,114,21,49,107,61,36,71.0,56.0,70,69.0,12.0,28.0,59.0,39.0,62.0,16.0,113.0,41.0,60.0,38.0,23.0,89.0,18.0,5.0,90.0,83.0
land,2552279,,,,103.0,,91,,,,,,,,,,,,,,,,,,,,,,,,,,,,,
dig,2554283,,,,,[],91,,,,,,,,,,,,,,,,,,,,,,,,,,,,,
harvest,2555786,,,,91.0,,91,,,,,,103,0.884064263,0.883495146,,,,,,,,,,,,,,,,,,,,,
decision,2555842,54.9,76.0,,91.0,,91,,,,,,,,,294304,5.0,0.0,TRUE,,,,,,,,,,,,,,,,,
travel,2565794,,,,,[],91,,,,,,,,,,,,,,,,,,,,,,,,,,,,,
alien_welcome,2570797,,,,,,,,,,32,21,49,107,61,36,71.0,56.0,70,69.0,12.0,28.0,59.0,39.0,62.0,16.0,113.0,41.0,60.0,38.0,23.0,89.0,18.0,5.0,90.0,83.0
land,2571300,,,,100.0,,92,,,,,,,,,,,,,,,,,,,,,,,,,,,,,
dig,2573305,,,,,[],92,,,,,,,,,,,,,,,,,,,,,,,,,,,,,
harvest,2574808,,,,75.0,,92,,,,,,100,0.746554699,0.75,,,,,,,,,,,,,,,,,,,,,
decision,2574907,98.3,76.0,,75.0,,92,,,,,,,,,313368,5.0,0.0,TRUE,,,,,,,,,,,,,,,,,
travel,2584815,,,,,[],92,,,,,,,,,,,,,,,,,,,,,,,,,,,,,
alien_welcome,2589818,,,,,,,,,,46,21,49,107,61,36,71.0,56.0,70,69.0,12.0,28.0,59.0,39.0,62.0,16.0,113.0,41.0,60.0,38.0,23.0,89.0,18.0,5.0,90.0,83.0
land,2590320,,,,97.0,,93,,,,,,,,,,,,,,,,,,,,,,,,,,,,,
dig,2592324,,,,,[],93,,,,,,,,,,,,,,,,,,,,,,,,,,,,,
harvest,2593827,,,,82.0,,93,,,,,,97,0.842943987,0.845360825,,,,,,,,,,,,,,,,,,,,,
decision,2594083,254.8,76.0,,82.0,,93,,,,,,,,,332544,5.0,0.0,TRUE,,,,,,,,,,,,,,,,,
travel,2603829,,,,,[],93,,,,,,,,,,,,,,,,,,,,,,,,,,,,,
alien_welcome,2608832,,,,,,,,,,86,21,49,107,61,36,71.0,56.0,70,69.0,12.0,28.0,59.0,39.0,62.0,16.0,113.0,41.0,60.0,38.0,23.0,89.0,18.0,5.0,90.0,83.0
land,2609334,,,,104.0,,94,,,,,,,,,,,,,,,,,,,,,,,,,,,,,
dig,2611337,,,,,[],94,,,,,,,,,,,,,,,,,,,,,,,,,,,,,
harvest,2612840,,,,55.0,,94,,,,,,104,0.530589765,0.528846154,,,,,,,,,,,,,,,,,,,,,
decision,2612882,40.6,76.0,,55.0,,94,,,,,,,,,351343,5.0,0.0,TRUE,,,,,,,,,,,,,,,,,
travel,2622844,,,,,[],94,,,,,,,,,,,,,,,,,,,,,,,,,,,,,
alien_welcome,2627847,,,,,,,,,,22,21,49,107,61,36,71.0,56.0,70,69.0,12.0,28.0,59.0,39.0,62.0,16.0,113.0,41.0,60.0,38.0,23.0,89.0,18.0,5.0,90.0,83.0
land,2628349,,,,97.0,,95,,,,,,,,,,,,,,,,,,,,,,,,,,,,,
dig,2630353,,,,,[],95,,,,,,,,,,,,,,,,,,,,,,,,,,,,,
harvest,2631855,,,,63.0,,95,,,,,,97,0.645826613,0.649484536,,,,,,,,,,,,,,,,,,,,,
decision,2631898,42.5,76.0,,63.0,,95,,,,,,,,,370359,5.0,0.0,TRUE,,,,,,,,,,,,,,,,,
catch,2635705,3800.1,90.0,,63.0,,,,,,,,,,,,,,,,,,,,,,,,,,,,,,,
debrief,2655579,19871.6,,,,{planet_threshold:yes,planet_threshold_desc:,dig_threshold:yes,dig_threshold_desc:,surprise:yes,surprise_desc:,dynamic:yes,dynamic_desc:,other:yes,other_desc:,feedback:No},,,,,,,,,,,,,,,,,,,,
demo,2690600,35019.5,,,,{age:36,gender:male},,,,,,,,,,,,,,,,,,,,,,,,,,,,,
end_of_exp,2701114,10510.2,32.0,,,,,,,,,,,,,,,,,2.0,10.0,,,,,,,,,,,,,,,
