trial_type,time_elapsed,rt,key_press,condition,next_reward,responses,planet,curr_prac_trial,n_prac_rounds,button_pressed,alien,aliens,reward_received,decay_rate_actual,decay_rate_exp,time_in_block,block_num,prt,last_trial_on_planet,bonus,num_failures,Unnamed: 23,Unnamed: 24,Unnamed: 25,Unnamed: 26,Unnamed: 27,Unnamed: 28,Unnamed: 29,Unnamed: 30,Unnamed: 31,Unnamed: 32
fullscreen,20135,,,,,,,,,,,,,,,,,,,,,,,,,,,,,,
instruc_welcome,118593,98450.7,32.0,1.0,,,,,,,,,,,,,,,,,,,,,,,,,,,
instruc_goal,129879,11285.2,32.0,,,,,,,,,,,,,,,,,,,,,,,,,,,,
instruc_dig,136687,6806.6,65.0,,100.0,,,,,,,,,,,,,,,,,,,,,,,,,,
dig_instruc,138696,,,,,[],,,,,,,,,,,,,,,,,,,,,,,,,
harvest_instruc,140198,,,,,,,,,,,,,,,,,,,,,,,,,,,,,,
instruc_travel,143104,2902.8,76.0,,,,,,,,,,,,,,,,,,,,,,,,,,,,
travel_prac,153106,,,,,[],0,,,,,,,,,,,,,,,,,,,,,,,,
instruc_alien_greet,174968,21857.4,32.0,,,,,,,,,,,,,,,,,,,,,,,,,,,,
time_out,187922,12952.1,32.0,,,,,,,,,,,,,,,,,,,,,,,,,,,,
instruc_break,191351,3428.4,32.0,,,,,,,,,,,,,,,,,,,,,,,,,,,,
quiz_prac,200713,9359.7,,,,{Q0:A,Q1:A,Q2:A},,,,,,,,,,,,,,,,,,,,,,,
quiz_incorrect,210177,9460.4,,,,{Q0:C,Q1:B,Q2:B},,,,,,,,,,,,,,,,,,,,,,,
instruc_goal,225384,15205.6,32.0,,,,,,,,,,,,,,,,,,,,,,,,,,,,
instruc_dig,228480,3095.1,65.0,,100.0,,,,,,,,,,,,,,,,,,,,,,,,,,
dig_instruc,230483,,,,,[],,,,,,,,,,,,,,,,,,,,,,,,,
harvest_instruc,231984,,,,,,,,,,,,,,,,,,,,,,,,,,,,,,
instruc_travel,233896,1910.5,76.0,,,,,,,,,,,,,,,,,,,,,,,,,,,,
travel_prac,243897,,,,,[],0,,,,,,,,,,,,,,,,,,,,,,,,
time_out,245414,1515.8,32.0,,,,,,,,,,,,,,,,,,,,,,,,,,,,
instruc_break,271961,26543.7,32.0,,,,,,,,,,,,,,,,,,,,,,,,,,,,
quiz_prac,331008,59046.1,,,,{Q0:A,Q1:A,Q2:A},,,,,,,,,,,,,,,,,,,,,,,
quiz_incorrect,335489,4477.3,,,,{Q0:C,Q1:B,Q2:B},,,,,,,,,,,,,,,,,,,,,,,
instruc_goal,339840,4349.4,32.0,,,,,,,,,,,,,,,,,,,,,,,,,,,,
instruc_dig,342049,2208.0,65.0,,100.0,,,,,,,,,,,,,,,,,,,,,,,,,,
dig_instruc,344053,,,,,[],,,,,,,,,,,,,,,,,,,,,,,,,
harvest_instruc,345555,,,,,,,,,,,,,,,,,,,,,,,,,,,,,,
instruc_travel,346456,900.4,76.0,,,,,,,,,,,,,,,,,,,,,,,,,,,,
travel_prac,356458,,,,,[],0,,,,,,,,,,,,,,,,,,,,,,,,
time_out,357848,1389.2,32.0,,,,,,,,,,,,,,,,,,,,,,,,,,,,
instruc_break,360223,2374.7,32.0,,,,,,,,,,,,,,,,,,,,,,,,,,,,
quiz_prac,363633,3408.7,,,,{Q0:A,Q1:A,Q2:A},,,,,,,,,,,,,,,,,,,,,,,
quiz_incorrect,365177,1541.5,,,,{Q0:C,Q1:B,Q2:B},,,,,,,,,,,,,,,,,,,,,,,
instruc_goal,367448,2269.6,32.0,,,,,,,,,,,,,,,,,,,,,,,,,,,,
instruc_dig,369360,1911.5,65.0,,100.0,,,,,,,,,,,,,,,,,,,,,,,,,,
dig_instruc,371364,,,,,[],,,,,,,,,,,,,,,,,,,,,,,,,
harvest_instruc,372866,,,,,,,,,,,,,,,,,,,,,,,,,,,,,,
instruc_travel,373056,189.2,76.0,,,,,,,,,,,,,,,,,,,,,,,,,,,,
travel_prac,383058,,,,,[],0,,,,,,,,,,,,,,,,,,,,,,,,
time_out,384023,964.3,32.0,,,,,,,,,,,,,,,,,,,,,,,,,,,,
instruc_break,385671,1647.4,32.0,,,,,,,,,,,,,,,,,,,,,,,,,,,,
quiz_prac,388960,3288.2,,,,{Q0:A,Q1:A,Q2:A},,,,,,,,,,,,,,,,,,,,,,,
quiz_incorrect,390754,1792.0,,,,{Q0:C,Q1:B,Q2:B},,,,,,,,,,,,,,,,,,,,,,,
instruc_goal,392366,1611.0,32.0,,,,,,,,,,,,,,,,,,,,,,,,,,,,
instruc_dig,394191,1823.9,65.0,,100.0,,,,,,,,,,,,,,,,,,,,,,,,,,
dig_instruc,396195,,,,,[],,,,,,,,,,,,,,,,,,,,,,,,,
harvest_instruc,397697,,,,,,,,,,,,,,,,,,,,,,,,,,,,,,
instruc_travel,397966,268.9,76.0,,,,,,,,,,,,,,,,,,,,,,,,,,,,
travel_prac,407968,,,,,[],0,,,,,,,,,,,,,,,,,,,,,,,,
time_out,409095,1125.5,32.0,,,,,,,,,,,,,,,,,,,,,,,,,,,,
instruc_break,410670,1574.3,32.0,,,,,,,,,,,,,,,,,,,,,,,,,,,,
quiz_prac,413136,2465.6,,,,{Q0:A,Q1:A,Q2:A},,,,,,,,,,,,,,,,,,,,,,,
quiz_incorrect,415047,1908.9,,,,{Q0:C,Q1:B,Q2:B},,,,,,,,,,,,,,,,,,,,,,,
instruc_goal,417111,2062.7,32.0,,,,,,,,,,,,,,,,,,,,,,,,,,,,
instruc_dig,418876,1764.8,65.0,,100.0,,,,,,,,,,,,,,,,,,,,,,,,,,
dig_instruc,420879,,,,,[],,,,,,,,,,,,,,,,,,,,,,,,,
harvest_instruc,422382,,,,,,,,,,,,,,,,,,,,,,,,,,,,,,
instruc_travel,422447,64.3,76.0,,,,,,,,,,,,,,,,,,,,,,,,,,,,
travel_prac,432449,,,,,[],0,,,,,,,,,,,,,,,,,,,,,,,,
time_out,433646,1196.3,32.0,,,,,,,,,,,,,,,,,,,,,,,,,,,,
instruc_break,434806,1159.1,32.0,,,,,,,,,,,,,,,,,,,,,,,,,,,,
quiz_prac,437586,2779.0,,,,{Q0:A,Q1:A,Q2:A},,,,,,,,,,,,,,,,,,,,,,,
quiz_incorrect,438719,1130.9,,,,{Q0:C,Q1:B,Q2:B},,,,,,,,,,,,,,,,,,,,,,,
instruc_goal,440115,1395.5,32.0,,,,,,,,,,,,,,,,,,,,,,,,,,,,
instruc_dig,442061,1945.7,65.0,,100.0,,,,,,,,,,,,,,,,,,,,,,,,,,
dig_instruc,444066,,,,,[],,,,,,,,,,,,,,,,,,,,,,,,,
harvest_instruc,445568,,,,,,,,,,,,,,,,,,,,,,,,,,,,,,
instruc_travel,449126,3558.0,76.0,,,,,,,,,,,,,,,,,,,,,,,,,,,,
travel_prac,459130,,,,,[],0,,,,,,,,,,,,,,,,,,,,,,,,
time_out,460550,1419.4,32.0,,,,,,,,,,,,,,,,,,,,,,,,,,,,
instruc_break,462439,1887.7,32.0,,,,,,,,,,,,,,,,,,,,,,,,,,,,
quiz_prac,464841,2401.1,,,,{Q0:A,Q1:A,Q2:A},,,,,,,,,,,,,,,,,,,,,,,
quiz_incorrect,466450,1607.2,,,,{Q0:C,Q1:B,Q2:B},,,,,,,,,,,,,,,,,,,,,,,
instruc_goal,467844,1392.6,32.0,,,,,,,,,,,,,,,,,,,,,,,,,,,,
instruc_dig,469638,1794.3,65.0,,100.0,,,,,,,,,,,,,,,,,,,,,,,,,,
dig_instruc,471642,,,,,[],,,,,,,,,,,,,,,,,,,,,,,,,
harvest_instruc,473144,,,,,,,,,,,,,,,,,,,,,,,,,,,,,,
instruc_travel,473577,432.6,76.0,,,,,,,,,,,,,,,,,,,,,,,,,,,,
travel_prac,483579,,,,,[],0,,,,,,,,,,,,,,,,,,,,,,,,
time_out,484822,1241.7,32.0,,,,,,,,,,,,,,,,,,,,,,,,,,,,
instruc_break,486030,1206.9,32.0,,,,,,,,,,,,,,,,,,,,,,,,,,,,
quiz_prac,488487,2456.1,,,,{Q0:A,Q1:A,Q2:A},,,,,,,,,,,,,,,,,,,,,,,
quiz_incorrect,490088,1598.6,,,,{Q0:C,Q1:B,Q2:B},,,,,,,,,,,,,,,,,,,,,,,
instruc_goal,491342,1253.5,32.0,,,,,,,,,,,,,,,,,,,,,,,,,,,,
instruc_dig,493181,1838.3,65.0,,100.0,,,,,,,,,,,,,,,,,,,,,,,,,,
dig_instruc,495185,,,,,[],,,,,,,,,,,,,,,,,,,,,,,,,
harvest_instruc,496687,,,,,,,,,,,,,,,,,,,,,,,,,,,,,,
instruc_travel,497398,709.8,76.0,,,,,,,,,,,,,,,,,,,,,,,,,,,,
travel_prac,507400,,,,,[],0,,,,,,,,,,,,,,,,,,,,,,,,
time_out,508470,1069.1,32.0,,,,,,,,,,,,,,,,,,,,,,,,,,,,
instruc_break,509806,1335.1,32.0,,,,,,,,,,,,,,,,,,,,,,,,,,,,
quiz_prac,511815,2008.1,,,,{Q0:A,Q1:A,Q2:A},,,,,,,,,,,,,,,,,,,,,,,
quiz_incorrect,513448,1629.6,,,,{Q0:C,Q1:B,Q2:B},,,,,,,,,,,,,,,,,,,,,,,
instruc_goal,514878,1429.9,32.0,,,,,,,,,,,,,,,,,,,,,,,,,,,,
instruc_dig,516807,1928.0,65.0,,100.0,,,,,,,,,,,,,,,,,,,,,,,,,,
dig_instruc,518811,,,,,[],,,,,,,,,,,,,,,,,,,,,,,,,
harvest_instruc,520313,,,,,,,,,,,,,,,,,,,,,,,,,,,,,,
instruc_travel,521582,1268.3,76.0,,,,,,,,,,,,,,,,,,,,,,,,,,,,
travel_prac,531584,,,,,[],0,,,,,,,,,,,,,,,,,,,,,,,,
time_out,532926,1340.6,32.0,,,,,,,,,,,,,,,,,,,,,,,,,,,,
instruc_break,534286,1358.9,32.0,,,,,,,,,,,,,,,,,,,,,,,,,,,,
quiz_prac,535991,1704.8,,,,{Q0:A,Q1:A,Q2:A},,,,,,,,,,,,,,,,,,,,,,,
quiz_incorrect,537543,1549.5,,,,{Q0:C,Q1:B,Q2:B},,,,,,,,,,,,,,,,,,,,,,,
instruc_goal,541287,3743.3,32.0,,,,,,,,,,,,,,,,,,,,,,,,,,,,
instruc_dig,543498,2209.9,65.0,,100.0,,,,,,,,,,,,,,,,,,,,,,,,,,
dig_instruc,545502,,,,,[],,,,,,,,,,,,,,,,,,,,,,,,,
harvest_instruc,547004,,,,,,,,,,,,,,,,,,,,,,,,,,,,,,
instruc_travel,548556,1551.3,76.0,,,,,,,,,,,,,,,,,,,,,,,,,,,,
travel_prac,558558,,,,,[],0,,,,,,,,,,,,,,,,,,,,,,,,
time_out,559493,933.8,32.0,,,,,,,,,,,,,,,,,,,,,,,,,,,,
instruc_break,560768,1274.5,32.0,,,,,,,,,,,,,,,,,,,,,,,,,,,,
quiz_prac,563535,2765.7,,,,{Q0:A,Q1:A,Q2:A},,,,,,,,,,,,,,,,,,,,,,,
quiz_incorrect,564807,1269.8,,,,{Q0:C,Q1:B,Q2:B},,,,,,,,,,,,,,,,,,,,,,,
instruc_goal,566278,1470.2,32.0,,,,,,,,,,,,,,,,,,,,,,,,,,,,
instruc_dig,568685,2406.7,65.0,,100.0,,,,,,,,,,,,,,,,,,,,,,,,,,
dig_instruc,570689,,,,,[],,,,,,,,,,,,,,,,,,,,,,,,,
harvest_instruc,572192,,,,,,,,,,,,,,,,,,,,,,,,,,,,,,
instruc_travel,573665,1471.7,76.0,,,,,,,,,,,,,,,,,,,,,,,,,,,,
travel_prac,583667,,,,,[],0,,,,,,,,,,,,,,,,,,,,,,,,
time_out,585261,1593.1,32.0,,,,,,,,,,,,,,,,,,,,,,,,,,,,
instruc_break,586661,1399.4,32.0,,,,,,,,,,,,,,,,,,,,,,,,,,,,
quiz_prac,588927,2264.8,,,,{Q0:A,Q1:A,Q2:A},,,,,,,,,,,,,,,,,,,,,,,
quiz_incorrect,590327,1397.4,,,,{Q0:C,Q1:B,Q2:B},,,,,,,,,,,,,,,,,,,,,,,
instruc_goal,594438,4110.3,32.0,,,,,,,,,,,,,,,,,,,,,,,,,,,,
instruc_dig,596374,1935.1,65.0,,100.0,,,,,,,,,,,,,,,,,,,,,,,,,,
dig_instruc,598377,,,,,[],,,,,,,,,,,,,,,,,,,,,,,,,
harvest_instruc,599880,,,,,,,,,,,,,,,,,,,,,,,,,,,,,,
instruc_travel,600926,1045.2,76.0,,,,,,,,,,,,,,,,,,,,,,,,,,,,
travel_prac,610928,,,,,[],0,,,,,,,,,,,,,,,,,,,,,,,,
time_out,612366,1437.3,32.0,,,,,,,,,,,,,,,,,,,,,,,,,,,,
instruc_break,615109,2741.8,32.0,,,,,,,,,,,,,,,,,,,,,,,,,,,,
quiz_prac,617926,2816.1,,,,{Q0:A,Q1:A,Q2:A},,,,,,,,,,,,,,,,,,,,,,,
quiz_incorrect,619142,1213.3,,,,{Q0:C,Q1:B,Q2:B},,,,,,,,,,,,,,,,,,,,,,,
instruc_goal,620580,1437.4,32.0,,,,,,,,,,,,,,,,,,,,,,,,,,,,
instruc_dig,622453,1872.4,65.0,,100.0,,,,,,,,,,,,,,,,,,,,,,,,,,
dig_instruc,624457,,,,,[],,,,,,,,,,,,,,,,,,,,,,,,,
harvest_instruc,625958,,,,,,,,,,,,,,,,,,,,,,,,,,,,,,
instruc_travel,627356,1398.1,76.0,,,,,,,,,,,,,,,,,,,,,,,,,,,,
travel_prac,637359,,,,,[],0,,,,,,,,,,,,,,,,,,,,,,,,
time_out,638469,1109.0,32.0,,,,,,,,,,,,,,,,,,,,,,,,,,,,
instruc_break,639781,1310.4,32.0,,,,,,,,,,,,,,,,,,,,,,,,,,,,
quiz_prac,642473,2691.4,,,,{Q0:A,Q1:A,Q2:A},,,,,,,,,,,,,,,,,,,,,,,
quiz_incorrect,643647,1171.4,,,,{Q0:C,Q1:B,Q2:B},,,,,,,,,,,,,,,,,,,,,,,
instruc_goal,645029,1381.6,32.0,,,,,,,,,,,,,,,,,,,,,,,,,,,,
instruc_dig,647005,1974.9,65.0,,100.0,,,,,,,,,,,,,,,,,,,,,,,,,,
dig_instruc,649009,,,,,[],,,,,,,,,,,,,,,,,,,,,,,,,
harvest_instruc,650511,,,,,,,,,,,,,,,,,,,,,,,,,,,,,,
instruc_travel,651973,1460.9,76.0,,,,,,,,,,,,,,,,,,,,,,,,,,,,
travel_prac,661975,,,,,[],0,,,,,,,,,,,,,,,,,,,,,,,,
time_out,663158,1181.4,32.0,,,,,,,,,,,,,,,,,,,,,,,,,,,,
instruc_break,664500,1341.2,32.0,,,,,,,,,,,,,,,,,,,,,,,,,,,,
quiz_prac,666302,1801.2,,,,{Q0:A,Q1:A,Q2:A},,,,,,,,,,,,,,,,,,,,,,,
quiz_incorrect,667469,1165.0,,,,{Q0:C,Q1:B,Q2:B},,,,,,,,,,,,,,,,,,,,,,,
instruc_goal,668916,1446.3,32.0,,,,,,,,,,,,,,,,,,,,,,,,,,,,
instruc_dig,670756,1838.7,65.0,,100.0,,,,,,,,,,,,,,,,,,,,,,,,,,
dig_instruc,672760,,,,,[],,,,,,,,,,,,,,,,,,,,,,,,,
harvest_instruc,674262,,,,,,,,,,,,,,,,,,,,,,,,,,,,,,
instruc_travel,675268,1005.6,76.0,,,,,,,,,,,,,,,,,,,,,,,,,,,,
travel_prac,685271,,,,,[],0,,,,,,,,,,,,,,,,,,,,,,,,
time_out,689584,4311.9,32.0,,,,,,,,,,,,,,,,,,,,,,,,,,,,
instruc_break,691372,1787.5,32.0,,,,,,,,,,,,,,,,,,,,,,,,,,,,
quiz_prac,715142,23767.8,,,,{Q0:C,Q1:B,Q2:B},,,,,,,,,,,,,,,,,,,,,,,
quiz_correct,722773,7628.7,,,,{Q0:C,Q1:B,Q2:B},,,,,,,,,,,,,,,,,,,,,,,
instruc_prac_game,724836,2061.9,32.0,,,,,,,,,,,,,,,,,,,,,,,,,,,,
alien_welcome_prac,729838,,,,,,,,,,,,,,,,,,,,,,,,,,,,,,
land_prac,730340,,,,91.0,,0,,,,,,,,,,,,,,,,,,,,,,,,
dig_prac,732345,,,,,[],,,,,,,,,,,,,,,,,,,,,,,,,
harvest_prac,733848,,,,,,,,,,,,,,,,,,,,,,,,,,,,,,
decision_prac,735850,,,,,,,1,,,,,,,,,,,,,,,,,,,,,,,
time_out,737854,,,,,,,,,,,,,,,,,,,,,,,,,,,,,,
decision_prac,739856,,,,,,,2,,,,,,,,,,,,,,,,,,,,,,,
time_out,741860,,,,,,,,,,,,,,,,,,,,,,,,,,,,,,
decision_prac,742028,166.9,65.0,,,,,3,,,,,,,,,,,,,,,,,,,,,,,
dig_prac,744033,,,,,[],,,,,,,,,,,,,,,,,,,,,,,,,
harvest_prac,745535,,,,,,,,,,,,,,,,,,,,,,,,,,,,,,
decision_prac,747537,,,,,,,4,,,,,,,,,,,,,,,,,,,,,,,
time_out,749541,,,,,,,,,,,,,,,,,,,,,,,,,,,,,,
decision_prac,751543,,,,,,,,1,,,,,,,,,,,,,,,,,,,,,,
instruc_begin_exp,762398,10851.5,,,,,,,,0,,,,,,,,,,,,,,,,,,,,,
alien_welcome_prac,767403,,,,,,,,,,,,,,,,,,,,,,,,,,,,,,
land_prac,767905,,,,102.0,,0,,,,,,,,,,,,,,,,,,,,,,,,
dig_prac,769910,,,,,[],,,,,,,,,,,,,,,,,,,,,,,,,
harvest_instruc,771412,,,,,,,,,,,,,,,,,,,,,,,,,,,,,,
decision_prac,772395,982.2,65.0,,,,,1,,,,,,,,,,,,,,,,,,,,,,,
dig_prac,774400,,,,,[],,,,,,,,,,,,,,,,,,,,,,,,,
harvest_prac,775902,,,,,,,,,,,,,,,,,,,,,,,,,,,,,,
decision_prac,776634,731.0,65.0,,,,,2,,,,,,,,,,,,,,,,,,,,,,,
dig_prac,778639,,,,,[],,,,,,,,,,,,,,,,,,,,,,,,,
harvest_prac,780141,,,,,,,,,,,,,,,,,,,,,,,,,,,,,,
decision_prac,781100,957.2,65.0,,,,,3,,,,,,,,,,,,,,,,,,,,,,,
dig_prac,783105,,,,,[],,,,,,,,,,,,,,,,,,,,,,,,,
harvest_prac,784607,,,,,,,,,,,,,,,,,,,,,,,,,,,,,,
decision_prac,785339,731.6,76.0,,,,,4,,,,,,,,,,,,,,,,,,,,,,,
travel,794605,,,,,[],0,,,,,,,,,,,,,,,,,,,,,,,,
alien_welcome_prac,799607,,,,,,,,,,,,,,,,,,,,,,,,,,,,,,
land_prac,800110,,,,104.0,,0,,,,,,,,,,,,,,,,,,,,,,,,
dig_prac,802113,,,,,[],,,,,,,,,,,,,,,,,,,,,,,,,
harvest_prac,803616,,,,,,,,,,,,,,,,,,,,,,,,,,,,,,
decision_prac,805617,,,,,,,,2,,,,,,,,,,,,,,,,,,,,,,
instruc_begin_exp,809435,3815.5,,,,,,,,0,,,,,,,,,,,,,,,,,,,,,
alien_welcome_prac,814442,,,,,,,,,,,,,,,,,,,,,,,,,,,,,,
land_prac,814945,,,,98.0,,0,,,,,,,,,,,,,,,,,,,,,,,,
dig_prac,816950,,,,,[],,,,,,,,,,,,,,,,,,,,,,,,,
harvest_instruc,818452,,,,,,,,,,,,,,,,,,,,,,,,,,,,,,
decision_prac,819412,959.2,76.0,,,,,1,,,,,,,,,,,,,,,,,,,,,,,
travel,828453,,,,,[],0,,,,,,,,,,,,,,,,,,,,,,,,
alien_welcome_prac,833455,,,,,,,,,,,,,,,,,,,,,,,,,,,,,,
land_prac,833957,,,,99.0,,0,,,,,,,,,,,,,,,,,,,,,,,,
dig_prac,835961,,,,,[],,,,,,,,,,,,,,,,,,,,,,,,,
harvest_prac,837463,,,,,,,,,,,,,,,,,,,,,,,,,,,,,,
decision_prac,838644,1179.9,76.0,,,,,2,,,,,,,,,,,,,,,,,,,,,,,
travel,847468,,,,,[],0,,,,,,,,,,,,,,,,,,,,,,,,
alien_welcome_prac,852471,,,,,,,,,,,,,,,,,,,,,,,,,,,,,,
land_prac,852973,,,,89.0,,0,,,,,,,,,,,,,,,,,,,,,,,,
dig_prac,854977,,,,,[],,,,,,,,,,,,,,,,,,,,,,,,,
harvest_prac,856480,,,,,,,,,,,,,,,,,,,,,,,,,,,,,,
decision_prac,858482,,,,,,,3,,,,,,,,,,,,,,,,,,,,,,,
time_out,860486,,,,,,,,,,,,,,,,,,,,,,,,,,,,,,
decision_prac,861444,956.6,76.0,,,,,4,,,,,,,,,,,,,,,,,,,,,,,
travel,870483,,,,,[],0,,,,,,,,,,,,,,,,,,,,,,,,
alien_welcome_prac,875490,,,,,,,,,,,,,,,,,,,,,,,,,,,,,,
land_prac,875993,,,,99.0,,0,,,,,,,,,,,,,,,,,,,,,,,,
dig_prac,877997,,,,,[],,,,,,,,,,,,,,,,,,,,,,,,,
harvest_prac,879499,,,,,,,,,,,,,,,,,,,,,,,,,,,,,,
decision_prac,880112,611.6,76.0,,,,,,3,,,,,,,,,,,,,,,,,,,,,,
instruc_begin_exp,882633,2518.9,,,,,,,,0,,,,,,,,,,,,,,,,,,,,,
alien_welcome_prac,887636,,,,,,,,,,,,,,,,,,,,,,,,,,,,,,
land_prac,888139,,,,98.0,,0,,,,,,,,,,,,,,,,,,,,,,,,
dig_prac,890143,,,,,[],,,,,,,,,,,,,,,,,,,,,,,,,
harvest_instruc,891645,,,,,,,,,,,,,,,,,,,,,,,,,,,,,,
decision_prac,892312,666.3,76.0,,,,,1,,,,,,,,,,,,,,,,,,,,,,,
travel,901650,,,,,[],0,,,,,,,,,,,,,,,,,,,,,,,,
alien_welcome_prac,906652,,,,,,,,,,,,,,,,,,,,,,,,,,,,,,
land_prac,907155,,,,99.0,,0,,,,,,,,,,,,,,,,,,,,,,,,
dig_prac,909159,,,,,[],,,,,,,,,,,,,,,,,,,,,,,,,
harvest_prac,910662,,,,,,,,,,,,,,,,,,,,,,,,,,,,,,
decision_prac,911351,689.1,76.0,,,,,2,,,,,,,,,,,,,,,,,,,,,,,
travel,920662,,,,,[],0,,,,,,,,,,,,,,,,,,,,,,,,
alien_welcome_prac,925664,,,,,,,,,,,,,,,,,,,,,,,,,,,,,,
land_prac,926165,,,,108.0,,0,,,,,,,,,,,,,,,,,,,,,,,,
dig_prac,928169,,,,,[],,,,,,,,,,,,,,,,,,,,,,,,,
harvest_prac,929672,,,,,,,,,,,,,,,,,,,,,,,,,,,,,,
decision_prac,930607,934.2,76.0,,,,,3,,,,,,,,,,,,,,,,,,,,,,,
travel,939678,,,,,[],0,,,,,,,,,,,,,,,,,,,,,,,,
alien_welcome_prac,944679,,,,,,,,,,,,,,,,,,,,,,,,,,,,,,
land_prac,945182,,,,96.0,,0,,,,,,,,,,,,,,,,,,,,,,,,
dig_prac,947187,,,,,[],,,,,,,,,,,,,,,,,,,,,,,,,
harvest_prac,948690,,,,,,,,,,,,,,,,,,,,,,,,,,,,,,
decision_prac,949282,592.1,76.0,,,,,4,,,,,,,,,,,,,,,,,,,,,,,
travel,958692,,,,,[],0,,,,,,,,,,,,,,,,,,,,,,,,
alien_welcome_prac,968097,,,,,[],,,,,,,,,,,,,,,,,,,,,,,,,
land_prac,968600,,,,102.0,,0,,,,,,,,,,,,,,,,,,,,,,,,
dig_prac,970604,,,,,[],,,,,,,,,,,,,,,,,,,,,,,,,
harvest_prac,972105,,,,,,,,,,,,,,,,,,,,,,,,,,,,,,
decision_prac,972139,33.0,76.0,,,,,,4,,,,,,,,,,,,,,,,,,,,,,
instruc_begin_exp,974690,2548.6,,,,,,,,0,,,,,,,,,,,,,,,,,,,,,
alien_welcome_prac,979693,,,,,,,,,,,,,,,,,,,,,,,,,,,,,,
land_prac,980196,,,,93.0,,0,,,,,,,,,,,,,,,,,,,,,,,,
dig_prac,982201,,,,,[],,,,,,,,,,,,,,,,,,,,,,,,,
harvest_instruc,983703,,,,,,,,,,,,,,,,,,,,,,,,,,,,,,
decision_prac,984042,338.3,76.0,,,,,1,,,,,,,,,,,,,,,,,,,,,,,
travel,993704,,,,,[],0,,,,,,,,,,,,,,,,,,,,,,,,
alien_welcome_prac,998710,,,,,,,,,,,,,,,,,,,,,,,,,,,,,,
land_prac,999213,,,,97.0,,0,,,,,,,,,,,,,,,,,,,,,,,,
dig_prac,1001217,,,,,[],,,,,,,,,,,,,,,,,,,,,,,,,
harvest_prac,1002719,,,,,,,,,,,,,,,,,,,,,,,,,,,,,,
decision_prac,1003292,571.9,76.0,,,,,2,,,,,,,,,,,,,,,,,,,,,,,
travel,1012720,,,,,[],0,,,,,,,,,,,,,,,,,,,,,,,,
alien_welcome_prac,1017721,,,,,,,,,,,,,,,,,,,,,,,,,,,,,,
land_prac,1018223,,,,96.0,,0,,,,,,,,,,,,,,,,,,,,,,,,
dig_prac,1020228,,,,,[],,,,,,,,,,,,,,,,,,,,,,,,,
harvest_prac,1021731,,,,,,,,,,,,,,,,,,,,,,,,,,,,,,
decision_prac,1022451,719.6,76.0,,,,,3,,,,,,,,,,,,,,,,,,,,,,,
travel,1031734,,,,,[],0,,,,,,,,,,,,,,,,,,,,,,,,
alien_welcome_prac,1036736,,,,,,,,,,,,,,,,,,,,,,,,,,,,,,
land_prac,1037238,,,,100.0,,0,,,,,,,,,,,,,,,,,,,,,,,,
dig_prac,1039243,,,,,[],,,,,,,,,,,,,,,,,,,,,,,,,
harvest_prac,1040745,,,,,,,,,,,,,,,,,,,,,,,,,,,,,,
decision_prac,1041171,425.5,76.0,,,,,4,,,,,,,,,,,,,,,,,,,,,,,
travel,1050743,,,,,[],0,,,,,,,,,,,,,,,,,,,,,,,,
alien_welcome_prac,1060312,,,,,[],,,,,,,,,,,,,,,,,,,,,,,,,
land_prac,1060814,,,,100.0,,0,,,,,,,,,,,,,,,,,,,,,,,,
dig_prac,1062819,,,,,[],,,,,,,,,,,,,,,,,,,,,,,,,
harvest_prac,1064321,,,,,,,,,,,,,,,,,,,,,,,,,,,,,,
decision_prac,1064612,290.4,76.0,,,,,,5,,,,,,,,,,,,,,,,,,,,,,
instruc_begin_exp,1066965,2350.5,,,,,,,,0,,,,,,,,,,,,,,,,,,,,,
alien_welcome_prac,1071969,,,,,,,,,,,,,,,,,,,,,,,,,,,,,,
land_prac,1072471,,,,103.0,,0,,,,,,,,,,,,,,,,,,,,,,,,
dig_prac,1074474,,,,,[],,,,,,,,,,,,,,,,,,,,,,,,,
harvest_instruc,1075976,,,,,,,,,,,,,,,,,,,,,,,,,,,,,,
decision_prac,1076332,355.7,76.0,,,,,1,,,,,,,,,,,,,,,,,,,,,,,
travel,1085976,,,,,[],0,,,,,,,,,,,,,,,,,,,,,,,,
alien_welcome_prac,1090979,,,,,,,,,,,,,,,,,,,,,,,,,,,,,,
land_prac,1091481,,,,102.0,,0,,,,,,,,,,,,,,,,,,,,,,,,
dig_prac,1093484,,,,,[],,,,,,,,,,,,,,,,,,,,,,,,,
harvest_prac,1094985,,,,,,,,,,,,,,,,,,,,,,,,,,,,,,
decision_prac,1095022,36.4,76.0,,,,,2,,,,,,,,,,,,,,,,,,,,,,,
travel,1104990,,,,,[],0,,,,,,,,,,,,,,,,,,,,,,,,
alien_welcome_prac,1109992,,,,,,,,,,,,,,,,,,,,,,,,,,,,,,
land_prac,1110494,,,,97.0,,0,,,,,,,,,,,,,,,,,,,,,,,,
dig_prac,1112498,,,,,[],,,,,,,,,,,,,,,,,,,,,,,,,
harvest_prac,1113999,,,,,,,,,,,,,,,,,,,,,,,,,,,,,,
decision_prac,1114029,29.2,76.0,,,,,3,,,,,,,,,,,,,,,,,,,,,,,
travel,1123999,,,,,[],0,,,,,,,,,,,,,,,,,,,,,,,,
alien_welcome_prac,1129002,,,,,,,,,,,,,,,,,,,,,,,,,,,,,,
land_prac,1129504,,,,100.0,,0,,,,,,,,,,,,,,,,,,,,,,,,
dig_prac,1131507,,,,,[],,,,,,,,,,,,,,,,,,,,,,,,,
harvest_prac,1133009,,,,,,,,,,,,,,,,,,,,,,,,,,,,,,
decision_prac,1133989,979.9,76.0,,,,,4,,,,,,,,,,,,,,,,,,,,,,,
travel,1143012,,,,,[],0,,,,,,,,,,,,,,,,,,,,,,,,
alien_welcome_prac,1152030,,,,,[],,,,,,,,,,,,,,,,,,,,,,,,,
land_prac,1152532,,,,97.0,,0,,,,,,,,,,,,,,,,,,,,,,,,
dig_prac,1154535,,,,,[],,,,,,,,,,,,,,,,,,,,,,,,,
harvest_prac,1156037,,,,,,,,,,,,,,,,,,,,,,,,,,,,,,
decision_prac,1156190,152.0,76.0,,,,,,6,,,,,,,,,,,,,,,,,,,,,,
instruc_begin_exp,1158158,1965.2,,,,,,,,0,,,,,,,,,,,,,,,,,,,,,
alien_welcome_prac,1163162,,,,,,,,,,,,,,,,,,,,,,,,,,,,,,
land_prac,1163665,,,,109.0,,0,,,,,,,,,,,,,,,,,,,,,,,,
dig_prac,1165669,,,,,[],,,,,,,,,,,,,,,,,,,,,,,,,
harvest_instruc,1167171,,,,,,,,,,,,,,,,,,,,,,,,,,,,,,
decision_prac,1167606,434.0,76.0,,,,,1,,,,,,,,,,,,,,,,,,,,,,,
travel,1177168,,,,,[],0,,,,,,,,,,,,,,,,,,,,,,,,
alien_welcome_prac,1182172,,,,,,,,,,,,,,,,,,,,,,,,,,,,,,
land_prac,1182673,,,,114.0,,0,,,,,,,,,,,,,,,,,,,,,,,,
dig_prac,1184678,,,,,[],,,,,,,,,,,,,,,,,,,,,,,,,
harvest_prac,1186179,,,,,,,,,,,,,,,,,,,,,,,,,,,,,,
decision_prac,1186758,577.6,76.0,,,,,2,,,,,,,,,,,,,,,,,,,,,,,
travel,1196177,,,,,[],0,,,,,,,,,,,,,,,,,,,,,,,,
alien_welcome_prac,1201179,,,,,,,,,,,,,,,,,,,,,,,,,,,,,,
land_prac,1201682,,,,98.0,,0,,,,,,,,,,,,,,,,,,,,,,,,
dig_prac,1203686,,,,,[],,,,,,,,,,,,,,,,,,,,,,,,,
harvest_prac,1205188,,,,,,,,,,,,,,,,,,,,,,,,,,,,,,
decision_prac,1205848,659.5,76.0,,,,,3,,,,,,,,,,,,,,,,,,,,,,,
travel,1215185,,,,,[],0,,,,,,,,,,,,,,,,,,,,,,,,
alien_welcome_prac,1220187,,,,,,,,,,,,,,,,,,,,,,,,,,,,,,
land_prac,1220690,,,,93.0,,0,,,,,,,,,,,,,,,,,,,,,,,,
dig_prac,1222694,,,,,[],,,,,,,,,,,,,,,,,,,,,,,,,
harvest_prac,1224196,,,,,,,,,,,,,,,,,,,,,,,,,,,,,,
decision_prac,1224372,175.2,76.0,,,,,4,,,,,,,,,,,,,,,,,,,,,,,
travel,1234195,,,,,[],0,,,,,,,,,,,,,,,,,,,,,,,,
alien_welcome_prac,1244016,,,,,[],,,,,,,,,,,,,,,,,,,,,,,,,
land_prac,1244519,,,,100.0,,0,,,,,,,,,,,,,,,,,,,,,,,,
dig_prac,1246523,,,,,[],,,,,,,,,,,,,,,,,,,,,,,,,
harvest_prac,1248025,,,,,,,,,,,,,,,,,,,,,,,,,,,,,,
decision_prac,1248125,98.8,76.0,,,,,,7,,,,,,,,,,,,,,,,,,,,,,
instruc_begin_exp,1251239,3111.0,,,,,,,,0,,,,,,,,,,,,,,,,,,,,,
alien_welcome_prac,1256244,,,,,,,,,,,,,,,,,,,,,,,,,,,,,,
land_prac,1256746,,,,99.0,,0,,,,,,,,,,,,,,,,,,,,,,,,
dig_prac,1258750,,,,,[],,,,,,,,,,,,,,,,,,,,,,,,,
harvest_instruc,1260252,,,,,,,,,,,,,,,,,,,,,,,,,,,,,,
decision_prac,1260365,111.8,76.0,,,,,1,,,,,,,,,,,,,,,,,,,,,,,
travel,1270252,,,,,[],0,,,,,,,,,,,,,,,,,,,,,,,,
alien_welcome_prac,1275254,,,,,,,,,,,,,,,,,,,,,,,,,,,,,,
land_prac,1275757,,,,97.0,,0,,,,,,,,,,,,,,,,,,,,,,,,
dig_prac,1277762,,,,,[],,,,,,,,,,,,,,,,,,,,,,,,,
harvest_prac,1279264,,,,,,,,,,,,,,,,,,,,,,,,,,,,,,
decision_prac,1279284,19.1,76.0,,,,,2,,,,,,,,,,,,,,,,,,,,,,,
travel,1289261,,,,,[],0,,,,,,,,,,,,,,,,,,,,,,,,
alien_welcome_prac,1294264,,,,,,,,,,,,,,,,,,,,,,,,,,,,,,
land_prac,1294766,,,,99.0,,0,,,,,,,,,,,,,,,,,,,,,,,,
dig_prac,1296771,,,,,[],,,,,,,,,,,,,,,,,,,,,,,,,
harvest_prac,1298274,,,,,,,,,,,,,,,,,,,,,,,,,,,,,,
decision_prac,1298928,653.9,76.0,,,,,3,,,,,,,,,,,,,,,,,,,,,,,
travel,1308278,,,,,[],0,,,,,,,,,,,,,,,,,,,,,,,,
alien_welcome_prac,1313280,,,,,,,,,,,,,,,,,,,,,,,,,,,,,,
land_prac,1313782,,,,93.0,,0,,,,,,,,,,,,,,,,,,,,,,,,
dig_prac,1315786,,,,,[],,,,,,,,,,,,,,,,,,,,,,,,,
harvest_prac,1317289,,,,,,,,,,,,,,,,,,,,,,,,,,,,,,
decision_prac,1319206,1916.9,76.0,,,,,4,,,,,,,,,,,,,,,,,,,,,,,
travel,1327294,,,,,[],0,,,,,,,,,,,,,,,,,,,,,,,,
alien_welcome_prac,1335375,,,,,[],,,,,,,,,,,,,,,,,,,,,,,,,
land_prac,1335878,,,,92.0,,0,,,,,,,,,,,,,,,,,,,,,,,,
dig_prac,1337882,,,,,[],,,,,,,,,,,,,,,,,,,,,,,,,
harvest_prac,1339384,,,,,,,,,,,,,,,,,,,,,,,,,,,,,,
decision_prac,1340103,717.7,76.0,,,,,,8,,,,,,,,,,,,,,,,,,,,,,
instruc_begin_exp,1342029,1923.7,,,,,,,,0,,,,,,,,,,,,,,,,,,,,,
alien_welcome_prac,1347034,,,,,,,,,,,,,,,,,,,,,,,,,,,,,,
land_prac,1347536,,,,94.0,,0,,,,,,,,,,,,,,,,,,,,,,,,
dig_prac,1349540,,,,,[],,,,,,,,,,,,,,,,,,,,,,,,,
harvest_instruc,1351042,,,,,,,,,,,,,,,,,,,,,,,,,,,,,,
decision_prac,1351086,43.2,76.0,,,,,1,,,,,,,,,,,,,,,,,,,,,,,
travel,1361045,,,,,[],0,,,,,,,,,,,,,,,,,,,,,,,,
alien_welcome_prac,1366048,,,,,,,,,,,,,,,,,,,,,,,,,,,,,,
land_prac,1366551,,,,100.0,,0,,,,,,,,,,,,,,,,,,,,,,,,
dig_prac,1368557,,,,,[],,,,,,,,,,,,,,,,,,,,,,,,,
harvest_prac,1370059,,,,,,,,,,,,,,,,,,,,,,,,,,,,,,
decision_prac,1370918,857.9,76.0,,,,,2,,,,,,,,,,,,,,,,,,,,,,,
travel,1380058,,,,,[],0,,,,,,,,,,,,,,,,,,,,,,,,
alien_welcome_prac,1385060,,,,,,,,,,,,,,,,,,,,,,,,,,,,,,
land_prac,1385563,,,,102.0,,0,,,,,,,,,,,,,,,,,,,,,,,,
dig_prac,1387567,,,,,[],,,,,,,,,,,,,,,,,,,,,,,,,
harvest_prac,1389069,,,,,,,,,,,,,,,,,,,,,,,,,,,,,,
decision_prac,1389309,239.2,76.0,,,,,3,,,,,,,,,,,,,,,,,,,,,,,
travel,1399071,,,,,[],0,,,,,,,,,,,,,,,,,,,,,,,,
alien_welcome_prac,1404074,,,,,,,,,,,,,,,,,,,,,,,,,,,,,,
land_prac,1404576,,,,96.0,,0,,,,,,,,,,,,,,,,,,,,,,,,
dig_prac,1406580,,,,,[],,,,,,,,,,,,,,,,,,,,,,,,,
harvest_prac,1408082,,,,,,,,,,,,,,,,,,,,,,,,,,,,,,
decision_prac,1409182,1099.0,76.0,,,,,4,,,,,,,,,,,,,,,,,,,,,,,
travel,1418087,,,,,[],0,,,,,,,,,,,,,,,,,,,,,,,,
alien_welcome_prac,1426990,,,,,[],,,,,,,,,,,,,,,,,,,,,,,,,
land_prac,1427492,,,,100.0,,0,,,,,,,,,,,,,,,,,,,,,,,,
dig_prac,1429495,,,,,[],,,,,,,,,,,,,,,,,,,,,,,,,
harvest_prac,1430998,,,,,,,,,,,,,,,,,,,,,,,,,,,,,,
decision_prac,1431781,782.8,76.0,,,,,,9,,,,,,,,,,,,,,,,,,,,,,
instruc_begin_exp,1434073,2287.9,,,,,,,,0,,,,,,,,,,,,,,,,,,,,,
alien_welcome_prac,1439077,,,,,,,,,,,,,,,,,,,,,,,,,,,,,,
land_prac,1439579,,,,111.0,,0,,,,,,,,,,,,,,,,,,,,,,,,
dig_prac,1441583,,,,,[],,,,,,,,,,,,,,,,,,,,,,,,,
harvest_instruc,1443085,,,,,,,,,,,,,,,,,,,,,,,,,,,,,,
decision_prac,1443287,201.1,76.0,,,,,1,,,,,,,,,,,,,,,,,,,,,,,
travel,1453085,,,,,[],0,,,,,,,,,,,,,,,,,,,,,,,,
alien_welcome_prac,1458088,,,,,,,,,,,,,,,,,,,,,,,,,,,,,,
land_prac,1458591,,,,106.0,,0,,,,,,,,,,,,,,,,,,,,,,,,
dig_prac,1460595,,,,,[],,,,,,,,,,,,,,,,,,,,,,,,,
harvest_prac,1462097,,,,,,,,,,,,,,,,,,,,,,,,,,,,,,
decision_prac,1462772,674.1,76.0,,,,,2,,,,,,,,,,,,,,,,,,,,,,,
travel,1472101,,,,,[],0,,,,,,,,,,,,,,,,,,,,,,,,
alien_welcome_prac,1477104,,,,,,,,,,,,,,,,,,,,,,,,,,,,,,
land_prac,1477606,,,,108.0,,0,,,,,,,,,,,,,,,,,,,,,,,,
dig_prac,1479610,,,,,[],,,,,,,,,,,,,,,,,,,,,,,,,
harvest_prac,1481113,,,,,,,,,,,,,,,,,,,,,,,,,,,,,,
decision_prac,1481765,651.0,76.0,,,,,3,,,,,,,,,,,,,,,,,,,,,,,
travel,1491112,,,,,[],0,,,,,,,,,,,,,,,,,,,,,,,,
alien_welcome_prac,1496114,,,,,,,,,,,,,,,,,,,,,,,,,,,,,,
land_prac,1496617,,,,98.0,,0,,,,,,,,,,,,,,,,,,,,,,,,
dig_prac,1498621,,,,,[],,,,,,,,,,,,,,,,,,,,,,,,,
harvest_prac,1500123,,,,,,,,,,,,,,,,,,,,,,,,,,,,,,
decision_prac,1500844,720.1,76.0,,,,,4,,,,,,,,,,,,,,,,,,,,,,,
travel,1510128,,,,,[],0,,,,,,,,,,,,,,,,,,,,,,,,
alien_welcome_prac,1519407,,,,,[],,,,,,,,,,,,,,,,,,,,,,,,,
land_prac,1519910,,,,92.0,,0,,,,,,,,,,,,,,,,,,,,,,,,
dig_prac,1521914,,,,,[],,,,,,,,,,,,,,,,,,,,,,,,,
harvest_prac,1523416,,,,,,,,,,,,,,,,,,,,,,,,,,,,,,
decision_prac,1524044,626.7,76.0,,,,,,10,,,,,,,,,,,,,,,,,,,,,,
instruc_begin_exp,1526533,2485.4,,,,,,,,0,,,,,,,,,,,,,,,,,,,,,
alien_welcome_prac,1531537,,,,,,,,,,,,,,,,,,,,,,,,,,,,,,
land_prac,1532040,,,,100.0,,0,,,,,,,,,,,,,,,,,,,,,,,,
dig_prac,1534043,,,,,[],,,,,,,,,,,,,,,,,,,,,,,,,
harvest_instruc,1535546,,,,,,,,,,,,,,,,,,,,,,,,,,,,,,
decision_prac,1535867,320.6,76.0,,,,,1,,,,,,,,,,,,,,,,,,,,,,,
travel,1545548,,,,,[],0,,,,,,,,,,,,,,,,,,,,,,,,
alien_welcome_prac,1550550,,,,,,,,,,,,,,,,,,,,,,,,,,,,,,
land_prac,1551053,,,,100.0,,0,,,,,,,,,,,,,,,,,,,,,,,,
dig_prac,1553057,,,,,[],,,,,,,,,,,,,,,,,,,,,,,,,
harvest_prac,1554560,,,,,,,,,,,,,,,,,,,,,,,,,,,,,,
decision_prac,1555580,1019.5,76.0,,,,,2,,,,,,,,,,,,,,,,,,,,,,,
travel,1564559,,,,,[],0,,,,,,,,,,,,,,,,,,,,,,,,
alien_welcome_prac,1569561,,,,,,,,,,,,,,,,,,,,,,,,,,,,,,
land_prac,1570064,,,,103.0,,0,,,,,,,,,,,,,,,,,,,,,,,,
dig_prac,1572069,,,,,[],,,,,,,,,,,,,,,,,,,,,,,,,
harvest_prac,1573571,,,,,,,,,,,,,,,,,,,,,,,,,,,,,,
decision_prac,1573573,1.299999997,76.0,,,,,3,,,,,,,,,,,,,,,,,,,,,,,
travel,1583569,,,,,[],0,,,,,,,,,,,,,,,,,,,,,,,,
alien_welcome_prac,1588571,,,,,,,,,,,,,,,,,,,,,,,,,,,,,,
land_prac,1589073,,,,100.0,,0,,,,,,,,,,,,,,,,,,,,,,,,
dig_prac,1591077,,,,,[],,,,,,,,,,,,,,,,,,,,,,,,,
harvest_prac,1592579,,,,,,,,,,,,,,,,,,,,,,,,,,,,,,
decision_prac,1593251,670.4,76.0,,,,,4,,,,,,,,,,,,,,,,,,,,,,,
travel,1602581,,,,,[],0,,,,,,,,,,,,,,,,,,,,,,,,
alien_welcome_prac,1611905,,,,,[],,,,,,,,,,,,,,,,,,,,,,,,,
land_prac,1612407,,,,95.0,,0,,,,,,,,,,,,,,,,,,,,,,,,
dig_prac,1614411,,,,,[],,,,,,,,,,,,,,,,,,,,,,,,,
harvest_prac,1615913,,,,,,,,,,,,,,,,,,,,,,,,,,,,,,
decision_prac,1616236,322.3,76.0,,,,,,11,,,,,,,,,,,,,,,,,,,,,,
instruc_begin_exp,1618452,2213.1,,,,,,,,0,,,,,,,,,,,,,,,,,,,,,
alien_welcome_prac,1623457,,,,,,,,,,,,,,,,,,,,,,,,,,,,,,
land_prac,1623960,,,,93.0,,0,,,,,,,,,,,,,,,,,,,,,,,,
dig_prac,1625965,,,,,[],,,,,,,,,,,,,,,,,,,,,,,,,
harvest_instruc,1627467,,,,,,,,,,,,,,,,,,,,,,,,,,,,,,
decision_prac,1627699,230.6,76.0,,,,,1,,,,,,,,,,,,,,,,,,,,,,,
travel,1637469,,,,,[],0,,,,,,,,,,,,,,,,,,,,,,,,
alien_welcome_prac,1642471,,,,,,,,,,,,,,,,,,,,,,,,,,,,,,
land_prac,1642973,,,,100.0,,0,,,,,,,,,,,,,,,,,,,,,,,,
dig_prac,1644977,,,,,[],,,,,,,,,,,,,,,,,,,,,,,,,
harvest_prac,1646479,,,,,,,,,,,,,,,,,,,,,,,,,,,,,,
decision_prac,1646707,226.9,76.0,,,,,2,,,,,,,,,,,,,,,,,,,,,,,
travel,1656477,,,,,[],0,,,,,,,,,,,,,,,,,,,,,,,,
alien_welcome_prac,1661479,,,,,,,,,,,,,,,,,,,,,,,,,,,,,,
land_prac,1661983,,,,89.0,,0,,,,,,,,,,,,,,,,,,,,,,,,
dig_prac,1663988,,,,,[],,,,,,,,,,,,,,,,,,,,,,,,,
harvest_prac,1665490,,,,,,,,,,,,,,,,,,,,,,,,,,,,,,
decision_prac,1665603,111.8,76.0,,,,,3,,,,,,,,,,,,,,,,,,,,,,,
travel,1675490,,,,,[],0,,,,,,,,,,,,,,,,,,,,,,,,
alien_welcome_prac,1680492,,,,,,,,,,,,,,,,,,,,,,,,,,,,,,
land_prac,1680995,,,,105.0,,0,,,,,,,,,,,,,,,,,,,,,,,,
dig_prac,1683000,,,,,[],,,,,,,,,,,,,,,,,,,,,,,,,
harvest_prac,1684502,,,,,,,,,,,,,,,,,,,,,,,,,,,,,,
decision_prac,1684822,318.4,76.0,,,,,4,,,,,,,,,,,,,,,,,,,,,,,
travel,1694502,,,,,[],0,,,,,,,,,,,,,,,,,,,,,,,,
alien_welcome_prac,1704177,,,,,[],,,,,,,,,,,,,,,,,,,,,,,,,
land_prac,1704680,,,,99.0,,0,,,,,,,,,,,,,,,,,,,,,,,,
dig_prac,1706684,,,,,[],,,,,,,,,,,,,,,,,,,,,,,,,
harvest_prac,1708186,,,,,,,,,,,,,,,,,,,,,,,,,,,,,,
decision_prac,1709117,930.9,76.0,,,,,,12,,,,,,,,,,,,,,,,,,,,,,
instruc_begin_exp,1712123,3001.4,,,,,,,,0,,,,,,,,,,,,,,,,,,,,,
alien_welcome_prac,1717128,,,,,,,,,,,,,,,,,,,,,,,,,,,,,,
land_prac,1717630,,,,104.0,,0,,,,,,,,,,,,,,,,,,,,,,,,
dig_prac,1719634,,,,,[],,,,,,,,,,,,,,,,,,,,,,,,,
harvest_instruc,1721136,,,,,,,,,,,,,,,,,,,,,,,,,,,,,,
decision_prac,1721490,353.0,76.0,,,,,1,,,,,,,,,,,,,,,,,,,,,,,
travel,1731136,,,,,[],0,,,,,,,,,,,,,,,,,,,,,,,,
alien_welcome_prac,1736139,,,,,,,,,,,,,,,,,,,,,,,,,,,,,,
land_prac,1736642,,,,89.0,,0,,,,,,,,,,,,,,,,,,,,,,,,
dig_prac,1738646,,,,,[],,,,,,,,,,,,,,,,,,,,,,,,,
harvest_prac,1740148,,,,,,,,,,,,,,,,,,,,,,,,,,,,,,
decision_prac,1740753,604.8,76.0,,,,,2,,,,,,,,,,,,,,,,,,,,,,,
travel,1750145,,,,,[],0,,,,,,,,,,,,,,,,,,,,,,,,
alien_welcome_prac,1755148,,,,,,,,,,,,,,,,,,,,,,,,,,,,,,
land_prac,1755650,,,,103.0,,0,,,,,,,,,,,,,,,,,,,,,,,,
dig_prac,1757654,,,,,[],,,,,,,,,,,,,,,,,,,,,,,,,
harvest_prac,1759156,,,,,,,,,,,,,,,,,,,,,,,,,,,,,,
decision_prac,1759891,734.4,76.0,,,,,3,,,,,,,,,,,,,,,,,,,,,,,
travel,1769158,,,,,[],0,,,,,,,,,,,,,,,,,,,,,,,,
alien_welcome_prac,1774160,,,,,,,,,,,,,,,,,,,,,,,,,,,,,,
land_prac,1774662,,,,101.0,,0,,,,,,,,,,,,,,,,,,,,,,,,
dig_prac,1776666,,,,,[],,,,,,,,,,,,,,,,,,,,,,,,,
harvest_prac,1778168,,,,,,,,,,,,,,,,,,,,,,,,,,,,,,
decision_prac,1778867,697.8,76.0,,,,,4,,,,,,,,,,,,,,,,,,,,,,,
travel,1788170,,,,,[],0,,,,,,,,,,,,,,,,,,,,,,,,
alien_welcome_prac,1797467,,,,,[],,,,,,,,,,,,,,,,,,,,,,,,,
land_prac,1797970,,,,99.0,,0,,,,,,,,,,,,,,,,,,,,,,,,
dig_prac,1799974,,,,,[],,,,,,,,,,,,,,,,,,,,,,,,,
harvest_prac,1801477,,,,,,,,,,,,,,,,,,,,,,,,,,,,,,
decision_prac,1802073,595.1,76.0,,,,,,13,,,,,,,,,,,,,,,,,,,,,,
instruc_begin_exp,1804290,2213.7,,,,,,,,0,,,,,,,,,,,,,,,,,,,,,
alien_welcome_prac,1809295,,,,,,,,,,,,,,,,,,,,,,,,,,,,,,
land_prac,1809797,,,,95.0,,0,,,,,,,,,,,,,,,,,,,,,,,,
dig_prac,1811802,,,,,[],,,,,,,,,,,,,,,,,,,,,,,,,
harvest_instruc,1813304,,,,,,,,,,,,,,,,,,,,,,,,,,,,,,
decision_prac,1813881,575.5,76.0,,,,,1,,,,,,,,,,,,,,,,,,,,,,,
travel,1823310,,,,,[],0,,,,,,,,,,,,,,,,,,,,,,,,
alien_welcome_prac,1828312,,,,,,,,,,,,,,,,,,,,,,,,,,,,,,
land_prac,1828814,,,,105.0,,0,,,,,,,,,,,,,,,,,,,,,,,,
dig_prac,1830818,,,,,[],,,,,,,,,,,,,,,,,,,,,,,,,
harvest_prac,1832320,,,,,,,,,,,,,,,,,,,,,,,,,,,,,,
decision_prac,1832820,499.0,76.0,,,,,2,,,,,,,,,,,,,,,,,,,,,,,
travel,1842321,,,,,[],0,,,,,,,,,,,,,,,,,,,,,,,,
alien_welcome_prac,1847327,,,,,,,,,,,,,,,,,,,,,,,,,,,,,,
land_prac,1847830,,,,101.0,,0,,,,,,,,,,,,,,,,,,,,,,,,
dig_prac,1849833,,,,,[],,,,,,,,,,,,,,,,,,,,,,,,,
harvest_prac,1851335,,,,,,,,,,,,,,,,,,,,,,,,,,,,,,
decision_prac,1851868,532.0,76.0,,,,,3,,,,,,,,,,,,,,,,,,,,,,,
travel,1861342,,,,,[],0,,,,,,,,,,,,,,,,,,,,,,,,
alien_welcome_prac,1866345,,,,,,,,,,,,,,,,,,,,,,,,,,,,,,
land_prac,1866848,,,,95.0,,0,,,,,,,,,,,,,,,,,,,,,,,,
dig_prac,1868851,,,,,[],,,,,,,,,,,,,,,,,,,,,,,,,
harvest_prac,1870353,,,,,,,,,,,,,,,,,,,,,,,,,,,,,,
decision_prac,1870938,584.6,76.0,,,,,4,,,,,,,,,,,,,,,,,,,,,,,
travel,1880358,,,,,[],0,,,,,,,,,,,,,,,,,,,,,,,,
alien_welcome_prac,1889772,,,,,[],,,,,,,,,,,,,,,,,,,,,,,,,
land_prac,1890274,,,,101.0,,0,,,,,,,,,,,,,,,,,,,,,,,,
dig_prac,1892277,,,,,[],,,,,,,,,,,,,,,,,,,,,,,,,
harvest_prac,1893780,,,,,,,,,,,,,,,,,,,,,,,,,,,,,,
decision_prac,1894884,1103.4,76.0,,,,,,14,,,,,,,,,,,,,,,,,,,,,,
instruc_begin_exp,1896827,1939.5,,,,,,,,0,,,,,,,,,,,,,,,,,,,,,
alien_welcome_prac,1901831,,,,,,,,,,,,,,,,,,,,,,,,,,,,,,
land_prac,1902334,,,,99.0,,0,,,,,,,,,,,,,,,,,,,,,,,,
dig_prac,1904339,,,,,[],,,,,,,,,,,,,,,,,,,,,,,,,
harvest_instruc,1905842,,,,,,,,,,,,,,,,,,,,,,,,,,,,,,
decision_prac,1907178,1335.8,76.0,,,,,1,,,,,,,,,,,,,,,,,,,,,,,
travel,1915845,,,,,[],0,,,,,,,,,,,,,,,,,,,,,,,,
alien_welcome_prac,1920848,,,,,,,,,,,,,,,,,,,,,,,,,,,,,,
land_prac,1921351,,,,101.0,,0,,,,,,,,,,,,,,,,,,,,,,,,
dig_prac,1923355,,,,,[],,,,,,,,,,,,,,,,,,,,,,,,,
harvest_prac,1924857,,,,,,,,,,,,,,,,,,,,,,,,,,,,,,
decision_prac,1925550,691.6,76.0,,,,,2,,,,,,,,,,,,,,,,,,,,,,,
travel,1934861,,,,,[],0,,,,,,,,,,,,,,,,,,,,,,,,
alien_welcome_prac,1939864,,,,,,,,,,,,,,,,,,,,,,,,,,,,,,
land_prac,1940366,,,,95.0,,0,,,,,,,,,,,,,,,,,,,,,,,,
dig_prac,1942370,,,,,[],,,,,,,,,,,,,,,,,,,,,,,,,
harvest_prac,1943873,,,,,,,,,,,,,,,,,,,,,,,,,,,,,,
decision_prac,1944630,756.3,76.0,,,,,3,,,,,,,,,,,,,,,,,,,,,,,
travel,1953878,,,,,[],0,,,,,,,,,,,,,,,,,,,,,,,,
alien_welcome_prac,1958881,,,,,,,,,,,,,,,,,,,,,,,,,,,,,,
land_prac,1959383,,,,94.0,,0,,,,,,,,,,,,,,,,,,,,,,,,
dig_prac,1961387,,,,,[],,,,,,,,,,,,,,,,,,,,,,,,,
harvest_prac,1962890,,,,,,,,,,,,,,,,,,,,,,,,,,,,,,
decision_prac,1963421,529.9,76.0,,,,,4,,,,,,,,,,,,,,,,,,,,,,,
travel,1972898,,,,,[],0,,,,,,,,,,,,,,,,,,,,,,,,
alien_welcome_prac,1982366,,,,,[],,,,,,,,,,,,,,,,,,,,,,,,,
land_prac,1982868,,,,104.0,,0,,,,,,,,,,,,,,,,,,,,,,,,
dig_prac,1984872,,,,,[],,,,,,,,,,,,,,,,,,,,,,,,,
harvest_prac,1986375,,,,,,,,,,,,,,,,,,,,,,,,,,,,,,
decision_prac,1986935,559.3,76.0,,,,,,15,,,,,,,,,,,,,,,,,,,,,,
instruc_begin_exp,1988756,1816.4,,,,,,,,0,,,,,,,,,,,,,,,,,,,,,
alien_welcome_prac,1993761,,,,,,,,,,,,,,,,,,,,,,,,,,,,,,
land_prac,1994263,,,,99.0,,0,,,,,,,,,,,,,,,,,,,,,,,,
dig_prac,1996267,,,,,[],,,,,,,,,,,,,,,,,,,,,,,,,
harvest_instruc,1997770,,,,,,,,,,,,,,,,,,,,,,,,,,,,,,
decision_prac,1998382,611.9,76.0,,,,,1,,,,,,,,,,,,,,,,,,,,,,,
travel,2007776,,,,,[],0,,,,,,,,,,,,,,,,,,,,,,,,
alien_welcome_prac,2012777,,,,,,,,,,,,,,,,,,,,,,,,,,,,,,
land_prac,2013279,,,,94.0,,0,,,,,,,,,,,,,,,,,,,,,,,,
dig_prac,2015283,,,,,[],,,,,,,,,,,,,,,,,,,,,,,,,
harvest_prac,2016785,,,,,,,,,,,,,,,,,,,,,,,,,,,,,,
decision_prac,2017030,244.4,76.0,,,,,2,,,,,,,,,,,,,,,,,,,,,,,
travel,2026783,,,,,[],0,,,,,,,,,,,,,,,,,,,,,,,,
alien_welcome_prac,2031789,,,,,,,,,,,,,,,,,,,,,,,,,,,,,,
land_prac,2032292,,,,100.0,,0,,,,,,,,,,,,,,,,,,,,,,,,
dig_prac,2034297,,,,,[],,,,,,,,,,,,,,,,,,,,,,,,,
harvest_prac,2035799,,,,,,,,,,,,,,,,,,,,,,,,,,,,,,
decision_prac,2036010,209.2,76.0,,,,,3,,,,,,,,,,,,,,,,,,,,,,,
travel,2045800,,,,,[],0,,,,,,,,,,,,,,,,,,,,,,,,
alien_welcome_prac,2050803,,,,,,,,,,,,,,,,,,,,,,,,,,,,,,
land_prac,2051305,,,,106.0,,0,,,,,,,,,,,,,,,,,,,,,,,,
dig_prac,2053309,,,,,[],,,,,,,,,,,,,,,,,,,,,,,,,
harvest_prac,2054811,,,,,,,,,,,,,,,,,,,,,,,,,,,,,,
decision_prac,2055033,220.8,76.0,,,,,4,,,,,,,,,,,,,,,,,,,,,,,
travel,2064814,,,,,[],0,,,,,,,,,,,,,,,,,,,,,,,,
alien_welcome_prac,2074588,,,,,[],,,,,,,,,,,,,,,,,,,,,,,,,
land_prac,2075090,,,,107.0,,0,,,,,,,,,,,,,,,,,,,,,,,,
dig_prac,2077094,,,,,[],,,,,,,,,,,,,,,,,,,,,,,,,
harvest_prac,2078596,,,,,,,,,,,,,,,,,,,,,,,,,,,,,,
decision_prac,2079057,460.0,76.0,,,,,,16,,,,,,,,,,,,,,,,,,,,,,
instruc_begin_exp,2081042,1980.4,,,,,,,,0,,,,,,,,,,,,,,,,,,,,,
alien_welcome_prac,2086048,,,,,,,,,,,,,,,,,,,,,,,,,,,,,,
land_prac,2086550,,,,108.0,,0,,,,,,,,,,,,,,,,,,,,,,,,
dig_prac,2088555,,,,,[],,,,,,,,,,,,,,,,,,,,,,,,,
harvest_instruc,2090057,,,,,,,,,,,,,,,,,,,,,,,,,,,,,,
decision_prac,2090096,38.3,76.0,,,,,1,,,,,,,,,,,,,,,,,,,,,,,
travel,2100060,,,,,[],0,,,,,,,,,,,,,,,,,,,,,,,,
alien_welcome_prac,2105061,,,,,,,,,,,,,,,,,,,,,,,,,,,,,,
land_prac,2105564,,,,103.0,,0,,,,,,,,,,,,,,,,,,,,,,,,
dig_prac,2107568,,,,,[],,,,,,,,,,,,,,,,,,,,,,,,,
harvest_prac,2109071,,,,,,,,,,,,,,,,,,,,,,,,,,,,,,
decision_prac,2109194,122.3,76.0,,,,,2,,,,,,,,,,,,,,,,,,,,,,,
travel,2119075,,,,,[],0,,,,,,,,,,,,,,,,,,,,,,,,
alien_welcome_prac,2124077,,,,,,,,,,,,,,,,,,,,,,,,,,,,,,
land_prac,2124579,,,,90.0,,0,,,,,,,,,,,,,,,,,,,,,,,,
dig_prac,2126584,,,,,[],,,,,,,,,,,,,,,,,,,,,,,,,
harvest_prac,2128087,,,,,,,,,,,,,,,,,,,,,,,,,,,,,,
decision_prac,2128194,105.9,76.0,,,,,3,,,,,,,,,,,,,,,,,,,,,,,
travel,2138092,,,,,[],0,,,,,,,,,,,,,,,,,,,,,,,,
alien_welcome_prac,2143094,,,,,,,,,,,,,,,,,,,,,,,,,,,,,,
land_prac,2143597,,,,104.0,,0,,,,,,,,,,,,,,,,,,,,,,,,
dig_prac,2145601,,,,,[],,,,,,,,,,,,,,,,,,,,,,,,,
harvest_prac,2147103,,,,,,,,,,,,,,,,,,,,,,,,,,,,,,
decision_prac,2147353,249.1,76.0,,,,,4,,,,,,,,,,,,,,,,,,,,,,,
travel,2157108,,,,,[],0,,,,,,,,,,,,,,,,,,,,,,,,
alien_welcome_prac,2166855,,,,,[],,,,,,,,,,,,,,,,,,,,,,,,,
land_prac,2167358,,,,100.0,,0,,,,,,,,,,,,,,,,,,,,,,,,
dig_prac,2169362,,,,,[],,,,,,,,,,,,,,,,,,,,,,,,,
harvest_prac,2170864,,,,,,,,,,,,,,,,,,,,,,,,,,,,,,
decision_prac,2170978,113.0,76.0,,,,,,17,,,,,,,,,,,,,,,,,,,,,,
instruc_begin_exp,2173012,2028.9,,,,,,,,0,,,,,,,,,,,,,,,,,,,,,
alien_welcome_prac,2178018,,,,,,,,,,,,,,,,,,,,,,,,,,,,,,
land_prac,2178521,,,,105.0,,0,,,,,,,,,,,,,,,,,,,,,,,,
dig_prac,2180526,,,,,[],,,,,,,,,,,,,,,,,,,,,,,,,
harvest_instruc,2182028,,,,,,,,,,,,,,,,,,,,,,,,,,,,,,
decision_prac,2182203,174.2,76.0,,,,,1,,,,,,,,,,,,,,,,,,,,,,,
travel,2192028,,,,,[],0,,,,,,,,,,,,,,,,,,,,,,,,
alien_welcome_prac,2197031,,,,,,,,,,,,,,,,,,,,,,,,,,,,,,
land_prac,2197533,,,,99.0,,0,,,,,,,,,,,,,,,,,,,,,,,,
dig_prac,2199537,,,,,[],,,,,,,,,,,,,,,,,,,,,,,,,
harvest_prac,2201039,,,,,,,,,,,,,,,,,,,,,,,,,,,,,,
decision_prac,2201162,122.7,76.0,,,,,2,,,,,,,,,,,,,,,,,,,,,,,
travel,2211043,,,,,[],0,,,,,,,,,,,,,,,,,,,,,,,,
alien_welcome_prac,2216048,,,,,,,,,,,,,,,,,,,,,,,,,,,,,,
land_prac,2216550,,,,101.0,,0,,,,,,,,,,,,,,,,,,,,,,,,
dig_prac,2218555,,,,,[],,,,,,,,,,,,,,,,,,,,,,,,,
harvest_prac,2220057,,,,,,,,,,,,,,,,,,,,,,,,,,,,,,
decision_prac,2220202,144.9,76.0,,,,,3,,,,,,,,,,,,,,,,,,,,,,,
travel,2230064,,,,,[],0,,,,,,,,,,,,,,,,,,,,,,,,
alien_welcome_prac,2235073,,,,,,,,,,,,,,,,,,,,,,,,,,,,,,
land_prac,2235575,,,,98.0,,0,,,,,,,,,,,,,,,,,,,,,,,,
dig_prac,2237579,,,,,[],,,,,,,,,,,,,,,,,,,,,,,,,
harvest_prac,2239082,,,,,,,,,,,,,,,,,,,,,,,,,,,,,,
decision_prac,2239226,143.8,76.0,,,,,4,,,,,,,,,,,,,,,,,,,,,,,
travel,2249088,,,,,[],0,,,,,,,,,,,,,,,,,,,,,,,,
alien_welcome_prac,2258944,,,,,[],,,,,,,,,,,,,,,,,,,,,,,,,
land_prac,2259446,,,,91.0,,0,,,,,,,,,,,,,,,,,,,,,,,,
dig_prac,2261451,,,,,[],,,,,,,,,,,,,,,,,,,,,,,,,
harvest_prac,2262953,,,,,,,,,,,,,,,,,,,,,,,,,,,,,,
decision_prac,2263018,64.3,76.0,,,,,,18,,,,,,,,,,,,,,,,,,,,,,
instruc_begin_exp,2264835,1812.4,,,,,,,,0,,,,,,,,,,,,,,,,,,,,,
alien_welcome_prac,2269841,,,,,,,,,,,,,,,,,,,,,,,,,,,,,,
land_prac,2270344,,,,107.0,,0,,,,,,,,,,,,,,,,,,,,,,,,
dig_prac,2272348,,,,,[],,,,,,,,,,,,,,,,,,,,,,,,,
harvest_instruc,2273851,,,,,,,,,,,,,,,,,,,,,,,,,,,,,,
decision_prac,2273977,125.5,76.0,,,,,1,,,,,,,,,,,,,,,,,,,,,,,
travel,2283859,,,,,[],0,,,,,,,,,,,,,,,,,,,,,,,,
alien_welcome_prac,2288862,,,,,,,,,,,,,,,,,,,,,,,,,,,,,,
land_prac,2289364,,,,97.0,,0,,,,,,,,,,,,,,,,,,,,,,,,
dig_prac,2291368,,,,,[],,,,,,,,,,,,,,,,,,,,,,,,,
harvest_prac,2292871,,,,,,,,,,,,,,,,,,,,,,,,,,,,,,
decision_prac,2292932,60.6,76.0,,,,,2,,,,,,,,,,,,,,,,,,,,,,,
travel,2302876,,,,,[],0,,,,,,,,,,,,,,,,,,,,,,,,
alien_welcome_prac,2307878,,,,,,,,,,,,,,,,,,,,,,,,,,,,,,
land_prac,2308381,,,,100.0,,0,,,,,,,,,,,,,,,,,,,,,,,,
dig_prac,2310386,,,,,[],,,,,,,,,,,,,,,,,,,,,,,,,
harvest_prac,2311889,,,,,,,,,,,,,,,,,,,,,,,,,,,,,,
decision_prac,2311933,43.2,76.0,,,,,3,,,,,,,,,,,,,,,,,,,,,,,
travel,2321894,,,,,[],0,,,,,,,,,,,,,,,,,,,,,,,,
alien_welcome_prac,2326896,,,,,,,,,,,,,,,,,,,,,,,,,,,,,,
land_prac,2327399,,,,103.0,,0,,,,,,,,,,,,,,,,,,,,,,,,
dig_prac,2329403,,,,,[],,,,,,,,,,,,,,,,,,,,,,,,,
harvest_prac,2330905,,,,,,,,,,,,,,,,,,,,,,,,,,,,,,
decision_prac,2330962,55.7,76.0,,,,,4,,,,,,,,,,,,,,,,,,,,,,,
travel,2340906,,,,,[],0,,,,,,,,,,,,,,,,,,,,,,,,
alien_welcome_prac,2350842,,,,,[],,,,,,,,,,,,,,,,,,,,,,,,,
land_prac,2351345,,,,86.0,,0,,,,,,,,,,,,,,,,,,,,,,,,
dig_prac,2353349,,,,,[],,,,,,,,,,,,,,,,,,,,,,,,,
harvest_prac,2354850,,,,,,,,,,,,,,,,,,,,,,,,,,,,,,
decision_prac,2355003,151.2,76.0,,,,,,19,,,,,,,,,,,,,,,,,,,,,,
instruc_begin_exp,2358076,3068.1,,,,,,,,0,,,,,,,,,,,,,,,,,,,,,
alien_welcome_prac,2363083,,,,,,,,,,,,,,,,,,,,,,,,,,,,,,
land_prac,2363586,,,,94.0,,0,,,,,,,,,,,,,,,,,,,,,,,,
dig_prac,2365590,,,,,[],,,,,,,,,,,,,,,,,,,,,,,,,
harvest_instruc,2367091,,,,,,,,,,,,,,,,,,,,,,,,,,,,,,
decision_prac,2367252,159.9,76.0,,,,,1,,,,,,,,,,,,,,,,,,,,,,,
travel,2377097,,,,,[],0,,,,,,,,,,,,,,,,,,,,,,,,
alien_welcome_prac,2382100,,,,,,,,,,,,,,,,,,,,,,,,,,,,,,
land_prac,2382602,,,,100.0,,0,,,,,,,,,,,,,,,,,,,,,,,,
dig_prac,2384605,,,,,[],,,,,,,,,,,,,,,,,,,,,,,,,
harvest_prac,2386108,,,,,,,,,,,,,,,,,,,,,,,,,,,,,,
decision_prac,2386206,97.6,76.0,,,,,2,,,,,,,,,,,,,,,,,,,,,,,
travel,2396114,,,,,[],0,,,,,,,,,,,,,,,,,,,,,,,,
alien_welcome_prac,2401118,,,,,,,,,,,,,,,,,,,,,,,,,,,,,,
land_prac,2401620,,,,106.0,,0,,,,,,,,,,,,,,,,,,,,,,,,
dig_prac,2403625,,,,,[],,,,,,,,,,,,,,,,,,,,,,,,,
harvest_prac,2405128,,,,,,,,,,,,,,,,,,,,,,,,,,,,,,
decision_prac,2405251,121.8,76.0,,,,,3,,,,,,,,,,,,,,,,,,,,,,,
travel,2415131,,,,,[],0,,,,,,,,,,,,,,,,,,,,,,,,
alien_welcome_prac,2420133,,,,,,,,,,,,,,,,,,,,,,,,,,,,,,
land_prac,2420636,,,,100.0,,0,,,,,,,,,,,,,,,,,,,,,,,,
dig_prac,2422641,,,,,[],,,,,,,,,,,,,,,,,,,,,,,,,
harvest_prac,2424143,,,,,,,,,,,,,,,,,,,,,,,,,,,,,,
decision_prac,2424195,51.1,76.0,,,,,4,,,,,,,,,,,,,,,,,,,,,,,
travel,2434148,,,,,[],0,,,,,,,,,,,,,,,,,,,,,,,,
alien_welcome_prac,2444093,,,,,[],,,,,,,,,,,,,,,,,,,,,,,,,
land_prac,2444595,,,,94.0,,0,,,,,,,,,,,,,,,,,,,,,,,,
dig_prac,2446599,,,,,[],,,,,,,,,,,,,,,,,,,,,,,,,
harvest_prac,2448102,,,,,,,,,,,,,,,,,,,,,,,,,,,,,,
decision_prac,2448154,51.0,76.0,,,,,,20,,,,,,,,,,,,,,,,,,,,,,
instruc_begin_exp,2450067,1907.7,,,,,,,,0,,,,,,,,,,,,,,,,,,,,,
alien_welcome_prac,2455074,,,,,,,,,,,,,,,,,,,,,,,,,,,,,,
land_prac,2455576,,,,105.0,,0,,,,,,,,,,,,,,,,,,,,,,,,
dig_prac,2457581,,,,,[],,,,,,,,,,,,,,,,,,,,,,,,,
harvest_instruc,2459083,,,,,,,,,,,,,,,,,,,,,,,,,,,,,,
decision_prac,2459169,85.0,76.0,,,,,1,,,,,,,,,,,,,,,,,,,,,,,
travel,2469087,,,,,[],0,,,,,,,,,,,,,,,,,,,,,,,,
alien_welcome_prac,2474090,,,,,,,,,,,,,,,,,,,,,,,,,,,,,,
land_prac,2474593,,,,102.0,,0,,,,,,,,,,,,,,,,,,,,,,,,
dig_prac,2476597,,,,,[],,,,,,,,,,,,,,,,,,,,,,,,,
harvest_prac,2478099,,,,,,,,,,,,,,,,,,,,,,,,,,,,,,
decision_prac,2478307,206.8,76.0,,,,,2,,,,,,,,,,,,,,,,,,,,,,,
travel,2488107,,,,,[],0,,,,,,,,,,,,,,,,,,,,,,,,
alien_welcome_prac,2493109,,,,,,,,,,,,,,,,,,,,,,,,,,,,,,
land_prac,2493612,,,,104.0,,0,,,,,,,,,,,,,,,,,,,,,,,,
dig_prac,2495616,,,,,[],,,,,,,,,,,,,,,,,,,,,,,,,
harvest_prac,2497119,,,,,,,,,,,,,,,,,,,,,,,,,,,,,,
decision_prac,2497218,98.0,76.0,,,,,3,,,,,,,,,,,,,,,,,,,,,,,
travel,2507125,,,,,[],0,,,,,,,,,,,,,,,,,,,,,,,,
alien_welcome_prac,2512128,,,,,,,,,,,,,,,,,,,,,,,,,,,,,,
land_prac,2512630,,,,97.0,,0,,,,,,,,,,,,,,,,,,,,,,,,
dig_prac,2514635,,,,,[],,,,,,,,,,,,,,,,,,,,,,,,,
harvest_prac,2516138,,,,,,,,,,,,,,,,,,,,,,,,,,,,,,
decision_prac,2516153,14.8,76.0,,,,,4,,,,,,,,,,,,,,,,,,,,,,,
travel,2526143,,,,,[],0,,,,,,,,,,,,,,,,,,,,,,,,
alien_welcome_prac,2536123,,,,,[],,,,,,,,,,,,,,,,,,,,,,,,,
land_prac,2536626,,,,99.0,,0,,,,,,,,,,,,,,,,,,,,,,,,
dig_prac,2538631,,,,,[],,,,,,,,,,,,,,,,,,,,,,,,,
harvest_prac,2540133,,,,,,,,,,,,,,,,,,,,,,,,,,,,,,
decision_prac,2540313,178.9,76.0,,,,,,21,,,,,,,,,,,,,,,,,,,,,,
instruc_begin_exp,2542635,2315.7,,,,,,,,0,,,,,,,,,,,,,,,,,,,,,
alien_welcome_prac,2547641,,,,,,,,,,,,,,,,,,,,,,,,,,,,,,
land_prac,2548144,,,,101.0,,0,,,,,,,,,,,,,,,,,,,,,,,,
dig_prac,2550148,,,,,[],,,,,,,,,,,,,,,,,,,,,,,,,
harvest_instruc,2551651,,,,,,,,,,,,,,,,,,,,,,,,,,,,,,
decision_prac,2551802,149.2,76.0,,,,,1,,,,,,,,,,,,,,,,,,,,,,,
travel,2561655,,,,,[],0,,,,,,,,,,,,,,,,,,,,,,,,
alien_welcome_prac,2566657,,,,,,,,,,,,,,,,,,,,,,,,,,,,,,
land_prac,2567160,,,,107.0,,0,,,,,,,,,,,,,,,,,,,,,,,,
dig_prac,2569165,,,,,[],,,,,,,,,,,,,,,,,,,,,,,,,
harvest_prac,2570666,,,,,,,,,,,,,,,,,,,,,,,,,,,,,,
decision_prac,2570857,189.3,76.0,,,,,2,,,,,,,,,,,,,,,,,,,,,,,
travel,2580674,,,,,[],0,,,,,,,,,,,,,,,,,,,,,,,,
alien_welcome_prac,2585678,,,,,,,,,,,,,,,,,,,,,,,,,,,,,,
land_prac,2586180,,,,99.0,,0,,,,,,,,,,,,,,,,,,,,,,,,
dig_prac,2588185,,,,,[],,,,,,,,,,,,,,,,,,,,,,,,,
harvest_prac,2589687,,,,,,,,,,,,,,,,,,,,,,,,,,,,,,
decision_prac,2590009,321.1,76.0,,,,,3,,,,,,,,,,,,,,,,,,,,,,,
travel,2599693,,,,,[],0,,,,,,,,,,,,,,,,,,,,,,,,
alien_welcome_prac,2604695,,,,,,,,,,,,,,,,,,,,,,,,,,,,,,
land_prac,2605198,,,,98.0,,0,,,,,,,,,,,,,,,,,,,,,,,,
dig_prac,2607201,,,,,[],,,,,,,,,,,,,,,,,,,,,,,,,
harvest_prac,2608703,,,,,,,,,,,,,,,,,,,,,,,,,,,,,,
decision_prac,2608985,281.5,76.0,,,,,4,,,,,,,,,,,,,,,,,,,,,,,
travel,2618704,,,,,[],0,,,,,,,,,,,,,,,,,,,,,,,,
alien_welcome_prac,2628416,,,,,[],,,,,,,,,,,,,,,,,,,,,,,,,
land_prac,2628919,,,,113.0,,0,,,,,,,,,,,,,,,,,,,,,,,,
dig_prac,2630923,,,,,[],,,,,,,,,,,,,,,,,,,,,,,,,
harvest_prac,2632425,,,,,,,,,,,,,,,,,,,,,,,,,,,,,,
decision_prac,2632512,86.4,76.0,,,,,,22,,,,,,,,,,,,,,,,,,,,,,
instruc_begin_exp,2634346,1827.5,,,,,,,,0,,,,,,,,,,,,,,,,,,,,,
alien_welcome_prac,2639353,,,,,,,,,,,,,,,,,,,,,,,,,,,,,,
land_prac,2639856,,,,93.0,,0,,,,,,,,,,,,,,,,,,,,,,,,
dig_prac,2641860,,,,,[],,,,,,,,,,,,,,,,,,,,,,,,,
harvest_instruc,2643363,,,,,,,,,,,,,,,,,,,,,,,,,,,,,,
decision_prac,2644905,1540.4,76.0,,,,,1,,,,,,,,,,,,,,,,,,,,,,,
travel,2653364,,,,,[],0,,,,,,,,,,,,,,,,,,,,,,,,
alien_welcome_prac,2658366,,,,,,,,,,,,,,,,,,,,,,,,,,,,,,
land_prac,2658869,,,,95.0,,0,,,,,,,,,,,,,,,,,,,,,,,,
dig_prac,2660873,,,,,[],,,,,,,,,,,,,,,,,,,,,,,,,
harvest_prac,2662375,,,,,,,,,,,,,,,,,,,,,,,,,,,,,,
decision_prac,2662464,88.6,76.0,,,,,2,,,,,,,,,,,,,,,,,,,,,,,
travel,2672382,,,,,[],0,,,,,,,,,,,,,,,,,,,,,,,,
alien_welcome_prac,2677384,,,,,,,,,,,,,,,,,,,,,,,,,,,,,,
land_prac,2677887,,,,109.0,,0,,,,,,,,,,,,,,,,,,,,,,,,
dig_prac,2679892,,,,,[],,,,,,,,,,,,,,,,,,,,,,,,,
harvest_prac,2681395,,,,,,,,,,,,,,,,,,,,,,,,,,,,,,
decision_prac,2681400,4.5,76.0,,,,,3,,,,,,,,,,,,,,,,,,,,,,,
travel,2691399,,,,,[],0,,,,,,,,,,,,,,,,,,,,,,,,
alien_welcome_prac,2696401,,,,,,,,,,,,,,,,,,,,,,,,,,,,,,
land_prac,2696903,,,,108.0,,0,,,,,,,,,,,,,,,,,,,,,,,,
dig_prac,2698907,,,,,[],,,,,,,,,,,,,,,,,,,,,,,,,
harvest_prac,2700410,,,,,,,,,,,,,,,,,,,,,,,,,,,,,,
decision_prac,2700666,254.9,76.0,,,,,4,,,,,,,,,,,,,,,,,,,,,,,
travel,2710413,,,,,[],0,,,,,,,,,,,,,,,,,,,,,,,,
alien_welcome_prac,2720151,,,,,[],,,,,,,,,,,,,,,,,,,,,,,,,
land_prac,2720654,,,,94.0,,0,,,,,,,,,,,,,,,,,,,,,,,,
dig_prac,2722659,,,,,[],,,,,,,,,,,,,,,,,,,,,,,,,
harvest_prac,2724161,,,,,,,,,,,,,,,,,,,,,,,,,,,,,,
decision_prac,2724307,144.8,76.0,,,,,,23,,,,,,,,,,,,,,,,,,,,,,
instruc_begin_exp,2733921,9607.9,,,,,,,23,1,,,,,,,,,,,,,,,,,,,,,
alien_welcome,2738929,,,,,,,,,,106,24,99,114,101,51,35.0,20.0,65,36.0,108.0,11.0,2.0,7.0,26.0,109.0,96.0,63.0,115.0,79.0,67.0
land,2739432,,,,103.0,,1,,,,,,,,,,,,,,,,,,,,,,,,
dig,2741437,,,,,[],1,,,,,,,,,,,,,,,,,,,,,,,,
harvest,2742940,,,,20.0,,1,,,,,,103,0.195272009,0.194174757,,,,,,,,,,,,,,,,
decision,2744942,,,,20.0,,1,,,,,,,,,11016,1.0,0.0,FALSE,,,,,,,,,,,,
time_out,2746950,,,,20.0,,,,,,,,,,,,,,,,,,,,,,,,,,
decision,2748951,,,,20.0,,1,,,,,,,,,15024,1.0,0.0,FALSE,,,,,,,,,,,,
time_out,2750959,,,,20.0,,,,,,,,,,,,,,,,,,,,,,,,,,
decision,2751230,270.2,76.0,,20.0,,1,,,,,,,,,17304,1.0,0.0,TRUE,,,,,,,,,,,,
travel,2760968,,,,,[],1,,,,,,,,,,,,,,,,,,,,,,,,
alien_welcome,2765971,,,,,,,,,,58,24,99,114,101,51,35.0,20.0,65,36.0,108.0,11.0,2.0,7.0,26.0,109.0,96.0,63.0,115.0,79.0,67.0
land,2766474,,,,102.0,,2,,,,,,,,,,,,,,,,,,,,,,,,
dig,2768478,,,,,[],2,,,,,,,,,,,,,,,,,,,,,,,,
harvest,2769981,,,,27.0,,2,,,,,,102,0.263641428,0.264705882,,,,,,,,,,,,,,,,
decision,2770071,89.1,76.0,,27.0,,2,,,,,,,,,36145,1.0,0.0,TRUE,,,,,,,,,,,,
travel,2779989,,,,,[],2,,,,,,,,,,,,,,,,,,,,,,,,
alien_welcome,2784992,,,,,,,,,,48,24,99,114,101,51,35.0,20.0,65,36.0,108.0,11.0,2.0,7.0,26.0,109.0,96.0,63.0,115.0,79.0,67.0
land,2785494,,,,109.0,,3,,,,,,,,,,,,,,,,,,,,,,,,
dig,2787499,,,,,[],3,,,,,,,,,,,,,,,,,,,,,,,,
harvest,2789001,,,,58.0,,3,,,,,,109,0.530271083,0.532110092,,,,,,,,,,,,,,,,
decision,2789103,101.4,76.0,,58.0,,3,,,,,,,,,55177,1.0,0.0,TRUE,,,,,,,,,,,,
travel,2799003,,,,,[],3,,,,,,,,,,,,,,,,,,,,,,,,
alien_welcome,2804006,,,,,,,,,,22,24,99,114,101,51,35.0,20.0,65,36.0,108.0,11.0,2.0,7.0,26.0,109.0,96.0,63.0,115.0,79.0,67.0
land,2804508,,,,91.0,,4,,,,,,,,,,,,,,,,,,,,,,,,
dig,2806512,,,,,[],4,,,,,,,,,,,,,,,,,,,,,,,,
harvest,2808015,,,,46.0,,4,,,,,,91,0.505247687,0.505494505,,,,,,,,,,,,,,,,
decision,2808222,206.6,76.0,,46.0,,4,,,,,,,,,74296,1.0,0.0,TRUE,,,,,,,,,,,,
travel,2818023,,,,,[],4,,,,,,,,,,,,,,,,,,,,,,,,
alien_welcome,2823025,,,,,,,,,,112,24,99,114,101,51,35.0,20.0,65,36.0,108.0,11.0,2.0,7.0,26.0,109.0,96.0,63.0,115.0,79.0,67.0
land,2823528,,,,108.0,,5,,,,,,,,,,,,,,,,,,,,,,,,
dig,2825532,,,,,[],5,,,,,,,,,,,,,,,,,,,,,,,,
harvest,2827036,,,,64.0,,5,,,,,,108,0.594314209,0.592592593,,,,,,,,,,,,,,,,
decision,2827119,82.7,76.0,,64.0,,5,,,,,,,,,93193,1.0,0.0,TRUE,,,,,,,,,,,,
travel,2837038,,,,,[],5,,,,,,,,,,,,,,,,,,,,,,,,
alien_welcome,2842040,,,,,,,,,,61,24,99,114,101,51,35.0,20.0,65,36.0,108.0,11.0,2.0,7.0,26.0,109.0,96.0,63.0,115.0,79.0,67.0
land,2842543,,,,110.0,,6,,,,,,,,,,,,,,,,,,,,,,,,
dig,2844547,,,,,[],6,,,,,,,,,,,,,,,,,,,,,,,,
harvest,2846050,,,,90.0,,6,,,,,,110,0.814603661,0.818181818,,,,,,,,,,,,,,,,
decision,2846126,75.2,76.0,,90.0,,6,,,,,,,,,112200,1.0,0.0,TRUE,,,,,,,,,,,,
travel,2856053,,,,,[],6,,,,,,,,,,,,,,,,,,,,,,,,
alien_welcome,2861056,,,,,,,,,,54,24,99,114,101,51,35.0,20.0,65,36.0,108.0,11.0,2.0,7.0,26.0,109.0,96.0,63.0,115.0,79.0,67.0
land,2861559,,,,102.0,,7,,,,,,,,,,,,,,,,,,,,,,,,
dig,2863563,,,,,[],7,,,,,,,,,,,,,,,,,,,,,,,,
harvest,2865066,,,,77.0,,7,,,,,,102,0.750488569,0.754901961,,,,,,,,,,,,,,,,
decision,2865190,123.2,76.0,,77.0,,7,,,,,,,,,131263,1.0,0.0,TRUE,,,,,,,,,,,,
travel,2875072,,,,,[],7,,,,,,,,,,,,,,,,,,,,,,,,
alien_welcome,2880074,,,,,,,,,,41,24,99,114,101,51,35.0,20.0,65,36.0,108.0,11.0,2.0,7.0,26.0,109.0,96.0,63.0,115.0,79.0,67.0
land,2880577,,,,102.0,,8,,,,,,,,,,,,,,,,,,,,,,,,
dig,2882580,,,,,[],8,,,,,,,,,,,,,,,,,,,,,,,,
harvest,2884082,,,,77.0,,8,,,,,,102,0.753871548,0.754901961,,,,,,,,,,,,,,,,
decision,2884141,57.7,76.0,,77.0,,8,,,,,,,,,150214,1.0,0.0,TRUE,,,,,,,,,,,,
travel,2894090,,,,,[],8,,,,,,,,,,,,,,,,,,,,,,,,
alien_welcome,2899093,,,,,,,,,,64,24,99,114,101,51,35.0,20.0,65,36.0,108.0,11.0,2.0,7.0,26.0,109.0,96.0,63.0,115.0,79.0,67.0
land,2899595,,,,102.0,,9,,,,,,,,,,,,,,,,,,,,,,,,
dig,2901599,,,,,[],9,,,,,,,,,,,,,,,,,,,,,,,,
harvest,2903102,,,,18.0,,9,,,,,,102,0.179835726,0.176470588,,,,,,,,,,,,,,,,
decision,2903257,154.3,76.0,,18.0,,9,,,,,,,,,169330,1.0,0.0,TRUE,,,,,,,,,,,,
travel,2913103,,,,,[],9,,,,,,,,,,,,,,,,,,,,,,,,
alien_welcome,2918105,,,,,,,,,,43,24,99,114,101,51,35.0,20.0,65,36.0,108.0,11.0,2.0,7.0,26.0,109.0,96.0,63.0,115.0,79.0,67.0
land,2918607,,,,97.0,,10,,,,,,,,,,,,,,,,,,,,,,,,
dig,2920612,,,,,[],10,,,,,,,,,,,,,,,,,,,,,,,,
harvest,2922114,,,,19.0,,10,,,,,,97,0.191969937,0.195876289,,,,,,,,,,,,,,,,
decision,2922176,60.4,76.0,,19.0,,10,,,,,,,,,188249,1.0,0.0,TRUE,,,,,,,,,,,,
travel,2932121,,,,,[],10,,,,,,,,,,,,,,,,,,,,,,,,
alien_welcome,2937123,,,,,,,,,,75,24,99,114,101,51,35.0,20.0,65,36.0,108.0,11.0,2.0,7.0,26.0,109.0,96.0,63.0,115.0,79.0,67.0
land,2937626,,,,95.0,,11,,,,,,,,,,,,,,,,,,,,,,,,
dig,2939630,,,,,[],11,,,,,,,,,,,,,,,,,,,,,,,,
harvest,2941132,,,,24.0,,11,,,,,,95,0.253268499,0.252631579,,,,,,,,,,,,,,,,
decision,2941216,82.6,76.0,,24.0,,11,,,,,,,,,207289,1.0,0.0,TRUE,,,,,,,,,,,,
travel,2951137,,,,,[],11,,,,,,,,,,,,,,,,,,,,,,,,
alien_welcome,2956140,,,,,,,,,,66,24,99,114,101,51,35.0,20.0,65,36.0,108.0,11.0,2.0,7.0,26.0,109.0,96.0,63.0,115.0,79.0,67.0
land,2956642,,,,105.0,,12,,,,,,,,,,,,,,,,,,,,,,,,
dig,2958647,,,,,[],12,,,,,,,,,,,,,,,,,,,,,,,,
harvest,2960149,,,,15.0,,12,,,,,,105,0.146566786,0.142857143,,,,,,,,,,,,,,,,
decision,2960315,165.0,76.0,,15.0,,12,,,,,,,,,226388,1.0,0.0,TRUE,,,,,,,,,,,,
travel,2970153,,,,,[],12,,,,,,,,,,,,,,,,,,,,,,,,
alien_welcome,2975156,,,,,,,,,,17,24,99,114,101,51,35.0,20.0,65,36.0,108.0,11.0,2.0,7.0,26.0,109.0,96.0,63.0,115.0,79.0,67.0
land,2975659,,,,106.0,,13,,,,,,,,,,,,,,,,,,,,,,,,
dig,2977662,,,,,[],13,,,,,,,,,,,,,,,,,,,,,,,,
harvest,2979164,,,,25.0,,13,,,,,,106,0.238008753,0.235849057,,,,,,,,,,,,,,,,
decision,2979243,78.1,76.0,,25.0,,13,,,,,,,,,245317,1.0,0.0,TRUE,,,,,,,,,,,,
travel,2989171,,,,,[],13,,,,,,,,,,,,,,,,,,,,,,,,
alien_welcome,2994174,,,,,,,,,,95,24,99,114,101,51,35.0,20.0,65,36.0,108.0,11.0,2.0,7.0,26.0,109.0,96.0,63.0,115.0,79.0,67.0
land,2994676,,,,99.0,,14,,,,,,,,,,,,,,,,,,,,,,,,
dig,2996681,,,,,[],14,,,,,,,,,,,,,,,,,,,,,,,,
harvest,2998184,,,,88.0,,14,,,,,,99,0.886313593,0.888888889,,,,,,,,,,,,,,,,
decision,2998346,160.3,76.0,,88.0,,14,,,,,,,,,264419,1.0,0.0,TRUE,,,,,,,,,,,,
travel,3008195,,,,,[],14,,,,,,,,,,,,,,,,,,,,,,,,
alien_welcome,3013198,,,,,,,,,,28,24,99,114,101,51,35.0,20.0,65,36.0,108.0,11.0,2.0,7.0,26.0,109.0,96.0,63.0,115.0,79.0,67.0
land,3013701,,,,96.0,,15,,,,,,,,,,,,,,,,,,,,,,,,
dig,3015705,,,,,[],15,,,,,,,,,,,,,,,,,,,,,,,,
harvest,3017207,,,,87.0,,15,,,,,,96,0.902155092,0.90625,,,,,,,,,,,,,,,,
decision,3017414,205.3,76.0,,87.0,,15,,,,,,,,,283487,1.0,0.0,TRUE,,,,,,,,,,,,
travel,3027215,,,,,[],15,,,,,,,,,,,,,,,,,,,,,,,,
alien_welcome,3032217,,,,,,,,,,90,24,99,114,101,51,35.0,20.0,65,36.0,108.0,11.0,2.0,7.0,26.0,109.0,96.0,63.0,115.0,79.0,67.0
land,3032720,,,,101.0,,16,,,,,,,,,,,,,,,,,,,,,,,,
dig,3034724,,,,,[],16,,,,,,,,,,,,,,,,,,,,,,,,
harvest,3036226,,,,60.0,,16,,,,,,101,0.591206922,0.594059406,,,,,,,,,,,,,,,,
decision,3036317,89.2,76.0,,60.0,,16,,,,,,,,,302390,1.0,0.0,TRUE,,,,,,,,,,,,
travel,3046235,,,,,[],16,,,,,,,,,,,,,,,,,,,,,,,,
alien_welcome,3051238,,,,,,,,,,118,24,99,114,101,51,35.0,20.0,65,36.0,108.0,11.0,2.0,7.0,26.0,109.0,96.0,63.0,115.0,79.0,67.0
land,3051741,,,,96.0,,17,,,,,,,,,,,,,,,,,,,,,,,,
dig,3053745,,,,,[],17,,,,,,,,,,,,,,,,,,,,,,,,
harvest,3055248,,,,76.0,,17,,,,,,96,0.792327361,0.791666667,,,,,,,,,,,,,,,,
decision,3055435,186.3,76.0,,76.0,,17,,,,,,,,,321509,1.0,0.0,TRUE,,,,,,,,,,,,
travel,3065254,,,,,[],17,,,,,,,,,,,,,,,,,,,,,,,,
alien_welcome,3070259,,,,,,,,,,92,24,99,114,101,51,35.0,20.0,65,36.0,108.0,11.0,2.0,7.0,26.0,109.0,96.0,63.0,115.0,79.0,67.0
land,3070761,,,,103.0,,18,,,,,,,,,,,,,,,,,,,,,,,,
dig,3072765,,,,,[],18,,,,,,,,,,,,,,,,,,,,,,,,
harvest,3074268,,,,88.0,,18,,,,,,103,0.85836768,0.854368932,,,,,,,,,,,,,,,,
decision,3074335,65.9,76.0,,88.0,,18,,,,,,,,,340408,1.0,0.0,TRUE,,,,,,,,,,,,
travel,3084270,,,,,[],18,,,,,,,,,,,,,,,,,,,,,,,,
alien_welcome,3089273,,,,,,,,,,98,24,99,114,101,51,35.0,20.0,65,36.0,108.0,11.0,2.0,7.0,26.0,109.0,96.0,63.0,115.0,79.0,67.0
land,3089775,,,,111.0,,19,,,,,,,,,,,,,,,,,,,,,,,,
dig,3091779,,,,,[],19,,,,,,,,,,,,,,,,,,,,,,,,
harvest,3093282,,,,93.0,,19,,,,,,111,0.835575355,0.837837838,,,,,,,,,,,,,,,,
decision,3093446,162.2,76.0,,93.0,,19,,,,,,,,,359519,1.0,0.0,TRUE,,,,,,,,,,,,
travel,3103292,,,,,[],19,,,,,,,,,,,,,,,,,,,,,,,,
alien_welcome,3108295,,,,,,,,,,76,24,99,114,101,51,35.0,20.0,65,36.0,108.0,11.0,2.0,7.0,26.0,109.0,96.0,63.0,115.0,79.0,67.0
land,3108797,,,,91.0,,20,,,,,,,,,,,,,,,,,,,,,,,,
dig,3110802,,,,,[],20,,,,,,,,,,,,,,,,,,,,,,,,
harvest,3112304,,,,68.0,,20,,,,,,91,0.742444104,0.747252747,,,,,,,,,,,,,,,,
decision,3112373,67.5,76.0,,68.0,,20,,,,,,,,,378446,1.0,0.0,TRUE,,,,,,,,,,,,
catch,3116581,4201.4,90.0,,68.0,,,,,,,,,,,,,,,,,,,,,,,,,,
end_of_block,3119630,3047.1,32.0,,,,,,,,,,,,,,,,,,,,,,,,,,,,
alien_welcome,3124658,,,,,,,,,,30,24,99,114,101,51,35.0,20.0,65,36.0,108.0,11.0,2.0,7.0,26.0,109.0,96.0,63.0,115.0,79.0,67.0
land,3125160,,,,102.0,,21,,,,,,,,,,,,,,,,,,,,,,,,
dig,3127165,,,,,[],21,,,,,,,,,,,,,,,,,,,,,,,,
harvest,3128668,,,,27.0,,21,,,,,,102,0.263408945,0.264705882,,,,,,,,,,,,,,,,
decision,3128693,24.0,76.0,,27.0,,21,,,,,,,,,9056,2.0,0.0,TRUE,,,,,,,,,,,,
travel,3138677,,,,,[],21,,,,,,,,,,,,,,,,,,,,,,,,
alien_welcome,3143679,,,,,,,,,,6,24,99,114,101,51,35.0,20.0,65,36.0,108.0,11.0,2.0,7.0,26.0,109.0,96.0,63.0,115.0,79.0,67.0
land,3144182,,,,102.0,,22,,,,,,,,,,,,,,,,,,,,,,,,
dig,3146186,,,,,[],22,,,,,,,,,,,,,,,,,,,,,,,,
harvest,3147687,,,,10.0,,22,,,,,,102,0.102031422,0.098039216,,,,,,,,,,,,,,,,
decision,3147959,270.7,76.0,,10.0,,22,,,,,,,,,28322,2.0,0.0,TRUE,,,,,,,,,,,,
travel,3157698,,,,,[],22,,,,,,,,,,,,,,,,,,,,,,,,
alien_welcome,3162700,,,,,,,,,,72,24,99,114,101,51,35.0,20.0,65,36.0,108.0,11.0,2.0,7.0,26.0,109.0,96.0,63.0,115.0,79.0,67.0
land,3163203,,,,110.0,,23,,,,,,,,,,,,,,,,,,,,,,,,
dig,3165207,,,,,[],23,,,,,,,,,,,,,,,,,,,,,,,,
harvest,3166709,,,,31.0,,23,,,,,,110,0.28397544,0.281818182,,,,,,,,,,,,,,,,
decision,3166782,71.8,76.0,,31.0,,23,,,,,,,,,47146,2.0,0.0,TRUE,,,,,,,,,,,,
travel,3176719,,,,,[],23,,,,,,,,,,,,,,,,,,,,,,,,
alien_welcome,3181722,,,,,,,,,,60,24,99,114,101,51,35.0,20.0,65,36.0,108.0,11.0,2.0,7.0,26.0,109.0,96.0,63.0,115.0,79.0,67.0
land,3182225,,,,89.0,,24,,,,,,,,,,,,,,,,,,,,,,,,
dig,3184229,,,,,[],24,,,,,,,,,,,,,,,,,,,,,,,,
harvest,3185732,,,,80.0,,24,,,,,,89,0.901045459,0.898876404,,,,,,,,,,,,,,,,
decision,3185910,177.1,76.0,,80.0,,24,,,,,,,,,66273,2.0,0.0,TRUE,,,,,,,,,,,,
travel,3195741,,,,,[],24,,,,,,,,,,,,,,,,,,,,,,,,
alien_welcome,3200744,,,,,,,,,,46,24,99,114,101,51,35.0,20.0,65,36.0,108.0,11.0,2.0,7.0,26.0,109.0,96.0,63.0,115.0,79.0,67.0
land,3201246,,,,96.0,,25,,,,,,,,,,,,,,,,,,,,,,,,
dig,3203250,,,,,[],25,,,,,,,,,,,,,,,,,,,,,,,,
harvest,3204754,,,,83.0,,25,,,,,,96,0.867342029,0.864583333,,,,,,,,,,,,,,,,
decision,3204928,172.8,76.0,,83.0,,25,,,,,,,,,85291,2.0,0.0,TRUE,,,,,,,,,,,,
travel,3214757,,,,,[],25,,,,,,,,,,,,,,,,,,,,,,,,
alien_welcome,3219760,,,,,,,,,,59,24,99,114,101,51,35.0,20.0,65,36.0,108.0,11.0,2.0,7.0,26.0,109.0,96.0,63.0,115.0,79.0,67.0
land,3220263,,,,96.0,,26,,,,,,,,,,,,,,,,,,,,,,,,
dig,3222267,,,,,[],26,,,,,,,,,,,,,,,,,,,,,,,,
harvest,3223769,,,,75.0,,26,,,,,,96,0.777732208,0.78125,,,,,,,,,,,,,,,,
decision,3223986,215.9,76.0,,75.0,,26,,,,,,,,,104349,2.0,0.0,TRUE,,,,,,,,,,,,
travel,3233779,,,,,[],26,,,,,,,,,,,,,,,,,,,,,,,,
alien_welcome,3238782,,,,,,,,,,44,24,99,114,101,51,35.0,20.0,65,36.0,108.0,11.0,2.0,7.0,26.0,109.0,96.0,63.0,115.0,79.0,67.0
land,3239285,,,,94.0,,27,,,,,,,,,,,,,,,,,,,,,,,,
dig,3241289,,,,,[],27,,,,,,,,,,,,,,,,,,,,,,,,
harvest,3242792,,,,75.0,,27,,,,,,94,0.796459094,0.79787234,,,,,,,,,,,,,,,,
decision,3242838,44.7,76.0,,75.0,,27,,,,,,,,,123201,2.0,0.0,TRUE,,,,,,,,,,,,
travel,3252804,,,,,[],27,,,,,,,,,,,,,,,,,,,,,,,,
alien_welcome,3257807,,,,,,,,,,104,24,99,114,101,51,35.0,20.0,65,36.0,108.0,11.0,2.0,7.0,26.0,109.0,96.0,63.0,115.0,79.0,67.0
land,3258310,,,,100.0,,28,,,,,,,,,,,,,,,,,,,,,,,,
dig,3260314,,,,,[],28,,,,,,,,,,,,,,,,,,,,,,,,
harvest,3261817,,,,82.0,,28,,,,,,100,0.823144555,0.82,,,,,,,,,,,,,,,,
decision,3261945,126.6,76.0,,82.0,,28,,,,,,,,,142308,2.0,0.0,TRUE,,,,,,,,,,,,
travel,3271827,,,,,[],28,,,,,,,,,,,,,,,,,,,,,,,,
alien_welcome,3276830,,,,,,,,,,33,24,99,114,101,51,35.0,20.0,65,36.0,108.0,11.0,2.0,7.0,26.0,109.0,96.0,63.0,115.0,79.0,67.0
land,3277333,,,,107.0,,29,,,,,,,,,,,,,,,,,,,,,,,,
dig,3279338,,,,,[],29,,,,,,,,,,,,,,,,,,,,,,,,
harvest,3280840,,,,46.0,,29,,,,,,107,0.425877349,0.429906542,,,,,,,,,,,,,,,,
decision,3280998,156.9,76.0,,46.0,,29,,,,,,,,,161362,2.0,0.0,TRUE,,,,,,,,,,,,
travel,3290845,,,,,[],29,,,,,,,,,,,,,,,,,,,,,,,,
alien_welcome,3295847,,,,,,,,,,29,24,99,114,101,51,35.0,20.0,65,36.0,108.0,11.0,2.0,7.0,26.0,109.0,96.0,63.0,115.0,79.0,67.0
land,3296350,,,,101.0,,30,,,,,,,,,,,,,,,,,,,,,,,,
dig,3298355,,,,,[],30,,,,,,,,,,,,,,,,,,,,,,,,
harvest,3299858,,,,86.0,,30,,,,,,101,0.853324116,0.851485149,,,,,,,,,,,,,,,,
decision,3299924,65.4,76.0,,86.0,,30,,,,,,,,,180288,2.0,0.0,TRUE,,,,,,,,,,,,
travel,3309862,,,,,[],30,,,,,,,,,,,,,,,,,,,,,,,,
alien_welcome,3314867,,,,,,,,,,34,24,99,114,101,51,35.0,20.0,65,36.0,108.0,11.0,2.0,7.0,26.0,109.0,96.0,63.0,115.0,79.0,67.0
land,3315369,,,,103.0,,31,,,,,,,,,,,,,,,,,,,,,,,,
dig,3317373,,,,,[],31,,,,,,,,,,,,,,,,,,,,,,,,
harvest,3318876,,,,86.0,,31,,,,,,103,0.833508728,0.834951456,,,,,,,,,,,,,,,,
decision,3318991,113.7,76.0,,86.0,,31,,,,,,,,,199354,2.0,0.0,TRUE,,,,,,,,,,,,
travel,3328883,,,,,[],31,,,,,,,,,,,,,,,,,,,,,,,,
alien_welcome,3333886,,,,,,,,,,18,24,99,114,101,51,35.0,20.0,65,36.0,108.0,11.0,2.0,7.0,26.0,109.0,96.0,63.0,115.0,79.0,67.0
land,3334389,,,,93.0,,32,,,,,,,,,,,,,,,,,,,,,,,,
dig,3336393,,,,,[],32,,,,,,,,,,,,,,,,,,,,,,,,
harvest,3337896,,,,29.0,,32,,,,,,93,0.316779698,0.311827957,,,,,,,,,,,,,,,,
decision,3337903,5.800000001,76.0,,29.0,,32,,,,,,,,,218266,2.0,0.0,TRUE,,,,,,,,,,,,
travel,3347904,,,,,[],32,,,,,,,,,,,,,,,,,,,,,,,,
alien_welcome,3352906,,,,,,,,,,120,24,99,114,101,51,35.0,20.0,65,36.0,108.0,11.0,2.0,7.0,26.0,109.0,96.0,63.0,115.0,79.0,67.0
land,3353409,,,,102.0,,33,,,,,,,,,,,,,,,,,,,,,,,,
dig,3355413,,,,,[],33,,,,,,,,,,,,,,,,,,,,,,,,
harvest,3356916,,,,17.0,,33,,,,,,102,0.16875515,0.166666667,,,,,,,,,,,,,,,,
decision,3356927,9.5,76.0,,17.0,,33,,,,,,,,,237290,2.0,0.0,TRUE,,,,,,,,,,,,
travel,3366927,,,,,[],33,,,,,,,,,,,,,,,,,,,,,,,,
alien_welcome,3371929,,,,,,,,,,86,24,99,114,101,51,35.0,20.0,65,36.0,108.0,11.0,2.0,7.0,26.0,109.0,96.0,63.0,115.0,79.0,67.0
land,3372432,,,,108.0,,34,,,,,,,,,,,,,,,,,,,,,,,,
dig,3374437,,,,,[],34,,,,,,,,,,,,,,,,,,,,,,,,
harvest,3375940,,,,24.0,,34,,,,,,108,0.224076678,0.222222222,,,,,,,,,,,,,,,,
decision,3376079,137.7,76.0,,24.0,,34,,,,,,,,,256443,2.0,0.0,TRUE,,,,,,,,,,,,
travel,3385945,,,,,[],34,,,,,,,,,,,,,,,,,,,,,,,,
alien_welcome,3390947,,,,,,,,,,19,24,99,114,101,51,35.0,20.0,65,36.0,108.0,11.0,2.0,7.0,26.0,109.0,96.0,63.0,115.0,79.0,67.0
land,3391449,,,,102.0,,35,,,,,,,,,,,,,,,,,,,,,,,,
dig,3393454,,,,,[],35,,,,,,,,,,,,,,,,,,,,,,,,
harvest,3394956,,,,21.0,,35,,,,,,102,0.202899619,0.205882353,,,,,,,,,,,,,,,,
decision,3394999,41.2,76.0,,21.0,,35,,,,,,,,,275362,2.0,0.0,TRUE,,,,,,,,,,,,
travel,3404963,,,,,[],35,,,,,,,,,,,,,,,,,,,,,,,,
alien_welcome,3409966,,,,,,,,,,49,24,99,114,101,51,35.0,20.0,65,36.0,108.0,11.0,2.0,7.0,26.0,109.0,96.0,63.0,115.0,79.0,67.0
land,3410469,,,,99.0,,36,,,,,,,,,,,,,,,,,,,,,,,,
dig,3412474,,,,,[],36,,,,,,,,,,,,,,,,,,,,,,,,
harvest,3413975,,,,84.0,,36,,,,,,99,0.851582917,0.848484848,,,,,,,,,,,,,,,,
decision,3413977,0.5,76.0,,84.0,,36,,,,,,,,,294340,2.0,0.0,TRUE,,,,,,,,,,,,
travel,3423987,,,,,[],36,,,,,,,,,,,,,,,,,,,,,,,,
alien_welcome,3428990,,,,,,,,,,97,24,99,114,101,51,35.0,20.0,65,36.0,108.0,11.0,2.0,7.0,26.0,109.0,96.0,63.0,115.0,79.0,67.0
land,3429493,,,,107.0,,37,,,,,,,,,,,,,,,,,,,,,,,,
dig,3431497,,,,,[],37,,,,,,,,,,,,,,,,,,,,,,,,
harvest,3433000,,,,83.0,,37,,,,,,107,0.774433593,0.775700935,,,,,,,,,,,,,,,,
decision,3433118,116.8,76.0,,83.0,,37,,,,,,,,,313481,2.0,0.0,TRUE,,,,,,,,,,,,
travel,3443012,,,,,[],37,,,,,,,,,,,,,,,,,,,,,,,,
alien_welcome,3448014,,,,,,,,,,56,24,99,114,101,51,35.0,20.0,65,36.0,108.0,11.0,2.0,7.0,26.0,109.0,96.0,63.0,115.0,79.0,67.0
land,3448517,,,,103.0,,38,,,,,,,,,,,,,,,,,,,,,,,,
dig,3450522,,,,,[],38,,,,,,,,,,,,,,,,,,,,,,,,
harvest,3452024,,,,89.0,,38,,,,,,103,0.863144537,0.86407767,,,,,,,,,,,,,,,,
decision,3452230,204.5,76.0,,89.0,,38,,,,,,,,,332593,2.0,0.0,TRUE,,,,,,,,,,,,
travel,3462033,,,,,[],38,,,,,,,,,,,,,,,,,,,,,,,,
alien_welcome,3467036,,,,,,,,,,80,24,99,114,101,51,35.0,20.0,65,36.0,108.0,11.0,2.0,7.0,26.0,109.0,96.0,63.0,115.0,79.0,67.0
land,3467539,,,,96.0,,39,,,,,,,,,,,,,,,,,,,,,,,,
dig,3469543,,,,,[],39,,,,,,,,,,,,,,,,,,,,,,,,
harvest,3471046,,,,75.0,,39,,,,,,96,0.78358857,0.78125,,,,,,,,,,,,,,,,
decision,3471175,127.3,76.0,,75.0,,39,,,,,,,,,351538,2.0,0.0,TRUE,,,,,,,,,,,,
travel,3481049,,,,,[],39,,,,,,,,,,,,,,,,,,,,,,,,
alien_welcome,3486053,,,,,,,,,,45,24,99,114,101,51,35.0,20.0,65,36.0,108.0,11.0,2.0,7.0,26.0,109.0,96.0,63.0,115.0,79.0,67.0
land,3486555,,,,97.0,,40,,,,,,,,,,,,,,,,,,,,,,,,
dig,3488560,,,,,[],40,,,,,,,,,,,,,,,,,,,,,,,,
harvest,3490062,,,,67.0,,40,,,,,,97,0.687007142,0.690721649,,,,,,,,,,,,,,,,
decision,3490101,37.8,76.0,,67.0,,40,,,,,,,,,370465,2.0,0.0,TRUE,,,,,,,,,,,,
end_of_block,3493869,3759.0,32.0,,,,,,,,,,,,,,,,,,,,,,,,,,,,
alien_welcome,3498898,,,,,,,,,,8,24,99,114,101,51,35.0,20.0,65,36.0,108.0,11.0,2.0,7.0,26.0,109.0,96.0,63.0,115.0,79.0,67.0
land,3499401,,,,97.0,,41,,,,,,,,,,,,,,,,,,,,,,,,
dig,3501405,,,,,[],41,,,,,,,,,,,,,,,,,,,,,,,,
harvest,3502908,,,,49.0,,41,,,,,,97,0.509172105,0.505154639,,,,,,,,,,,,,,,,
decision,3503191,281.4,76.0,,49.0,,41,,,,,,,,,9314,3.0,0.0,TRUE,,,,,,,,,,,,
travel,3512912,,,,,[],41,,,,,,,,,,,,,,,,,,,,,,,,
alien_welcome,3517914,,,,,,,,,,111,24,99,114,101,51,35.0,20.0,65,36.0,108.0,11.0,2.0,7.0,26.0,109.0,96.0,63.0,115.0,79.0,67.0
land,3518417,,,,104.0,,42,,,,,,,,,,,,,,,,,,,,,,,,
dig,3520422,,,,,[],42,,,,,,,,,,,,,,,,,,,,,,,,
harvest,3521924,,,,81.0,,42,,,,,,104,0.774098896,0.778846154,,,,,,,,,,,,,,,,
decision,3521990,64.5,76.0,,81.0,,42,,,,,,,,,28113,3.0,0.0,TRUE,,,,,,,,,,,,
travel,3531928,,,,,[],42,,,,,,,,,,,,,,,,,,,,,,,,
alien_welcome,3536931,,,,,,,,,,88,24,99,114,101,51,35.0,20.0,65,36.0,108.0,11.0,2.0,7.0,26.0,109.0,96.0,63.0,115.0,79.0,67.0
land,3537434,,,,107.0,,43,,,,,,,,,,,,,,,,,,,,,,,,
dig,3539439,,,,,[],43,,,,,,,,,,,,,,,,,,,,,,,,
harvest,3540941,,,,45.0,,43,,,,,,107,0.41910156,0.420560748,,,,,,,,,,,,,,,,
decision,3540958,16.0,76.0,,45.0,,43,,,,,,,,,47082,3.0,0.0,TRUE,,,,,,,,,,,,
travel,3550951,,,,,[],43,,,,,,,,,,,,,,,,,,,,,,,,
alien_welcome,3555954,,,,,,,,,,13,24,99,114,101,51,35.0,20.0,65,36.0,108.0,11.0,2.0,7.0,26.0,109.0,96.0,63.0,115.0,79.0,67.0
land,3556456,,,,101.0,,44,,,,,,,,,,,,,,,,,,,,,,,,
dig,3558461,,,,,[],44,,,,,,,,,,,,,,,,,,,,,,,,
harvest,3559965,,,,50.0,,44,,,,,,101,0.493380756,0.495049505,,,,,,,,,,,,,,,,
decision,3559982,15.0,76.0,,50.0,,44,,,,,,,,,66105,3.0,0.0,TRUE,,,,,,,,,,,,
travel,3569974,,,,,[],44,,,,,,,,,,,,,,,,,,,,,,,,
alien_welcome,3574976,,,,,,,,,,71,24,99,114,101,51,35.0,20.0,65,36.0,108.0,11.0,2.0,7.0,26.0,109.0,96.0,63.0,115.0,79.0,67.0
land,3575479,,,,106.0,,45,,,,,,,,,,,,,,,,,,,,,,,,
dig,3577483,,,,,[],45,,,,,,,,,,,,,,,,,,,,,,,,
harvest,3578986,,,,49.0,,45,,,,,,106,0.458582876,0.462264151,,,,,,,,,,,,,,,,
decision,3579126,139.2,76.0,,49.0,,45,,,,,,,,,85250,3.0,0.0,TRUE,,,,,,,,,,,,
travel,3588992,,,,,[],45,,,,,,,,,,,,,,,,,,,,,,,,
alien_welcome,3593995,,,,,,,,,,81,24,99,114,101,51,35.0,20.0,65,36.0,108.0,11.0,2.0,7.0,26.0,109.0,96.0,63.0,115.0,79.0,67.0
land,3594497,,,,101.0,,46,,,,,,,,,,,,,,,,,,,,,,,,
dig,3596501,,,,,[],46,,,,,,,,,,,,,,,,,,,,,,,,
harvest,3598010,,,,52.0,,46,,,,,,101,0.512665059,0.514851485,,,,,,,,,,,,,,,,
decision,3598101,89.5,76.0,,52.0,,46,,,,,,,,,104225,3.0,0.0,TRUE,,,,,,,,,,,,
travel,3608022,,,,,[],46,,,,,,,,,,,,,,,,,,,,,,,,
alien_welcome,3613025,,,,,,,,,,107,24,99,114,101,51,35.0,20.0,65,36.0,108.0,11.0,2.0,7.0,26.0,109.0,96.0,63.0,115.0,79.0,67.0
land,3613528,,,,107.0,,47,,,,,,,,,,,,,,,,,,,,,,,,
dig,3615532,,,,,[],47,,,,,,,,,,,,,,,,,,,,,,,,
harvest,3617035,,,,87.0,,47,,,,,,107,0.813907383,0.813084112,,,,,,,,,,,,,,,,
decision,3617045,8.400000002,76.0,,87.0,,47,,,,,,,,,123168,3.0,0.0,TRUE,,,,,,,,,,,,
travel,3627047,,,,,[],47,,,,,,,,,,,,,,,,,,,,,,,,
alien_welcome,3632050,,,,,,,,,,21,24,99,114,101,51,35.0,20.0,65,36.0,108.0,11.0,2.0,7.0,26.0,109.0,96.0,63.0,115.0,79.0,67.0
land,3632552,,,,98.0,,48,,,,,,,,,,,,,,,,,,,,,,,,
dig,3634556,,,,,[],48,,,,,,,,,,,,,,,,,,,,,,,,
harvest,3636059,,,,76.0,,48,,,,,,98,0.774450461,0.775510204,,,,,,,,,,,,,,,,
decision,3636157,97.2,76.0,,76.0,,48,,,,,,,,,142280,3.0,0.0,TRUE,,,,,,,,,,,,
travel,3646068,,,,,[],48,,,,,,,,,,,,,,,,,,,,,,,,
alien_welcome,3651071,,,,,,,,,,4,24,99,114,101,51,35.0,20.0,65,36.0,108.0,11.0,2.0,7.0,26.0,109.0,96.0,63.0,115.0,79.0,67.0
land,3651574,,,,98.0,,49,,,,,,,,,,,,,,,,,,,,,,,,
dig,3653579,,,,,[],49,,,,,,,,,,,,,,,,,,,,,,,,
harvest,3655082,,,,45.0,,49,,,,,,98,0.457161145,0.459183673,,,,,,,,,,,,,,,,
decision,3655205,120.9,76.0,,45.0,,49,,,,,,,,,161328,3.0,0.0,TRUE,,,,,,,,,,,,
travel,3665090,,,,,[],49,,,,,,,,,,,,,,,,,,,,,,,,
alien_welcome,3670092,,,,,,,,,,93,24,99,114,101,51,35.0,20.0,65,36.0,108.0,11.0,2.0,7.0,26.0,109.0,96.0,63.0,115.0,79.0,67.0
land,3670595,,,,99.0,,50,,,,,,,,,,,,,,,,,,,,,,,,
dig,3672600,,,,,[],50,,,,,,,,,,,,,,,,,,,,,,,,
harvest,3674102,,,,55.0,,50,,,,,,99,0.559935156,0.555555556,,,,,,,,,,,,,,,,
decision,3674136,32.4,76.0,,55.0,,50,,,,,,,,,180259,3.0,0.0,TRUE,,,,,,,,,,,,
travel,3684112,,,,,[],50,,,,,,,,,,,,,,,,,,,,,,,,
alien_welcome,3689115,,,,,,,,,,5,24,99,114,101,51,35.0,20.0,65,36.0,108.0,11.0,2.0,7.0,26.0,109.0,96.0,63.0,115.0,79.0,67.0
land,3689618,,,,104.0,,51,,,,,,,,,,,,,,,,,,,,,,,,
dig,3691622,,,,,[],51,,,,,,,,,,,,,,,,,,,,,,,,
harvest,3693125,,,,88.0,,51,,,,,,104,0.843756484,0.846153846,,,,,,,,,,,,,,,,
decision,3693173,46.9,76.0,,88.0,,51,,,,,,,,,199297,3.0,0.0,TRUE,,,,,,,,,,,,
travel,3703130,,,,,[],51,,,,,,,,,,,,,,,,,,,,,,,,
alien_welcome,3708132,,,,,,,,,,12,24,99,114,101,51,35.0,20.0,65,36.0,108.0,11.0,2.0,7.0,26.0,109.0,96.0,63.0,115.0,79.0,67.0
land,3708635,,,,107.0,,52,,,,,,,,,,,,,,,,,,,,,,,,
dig,3710639,,,,,[],52,,,,,,,,,,,,,,,,,,,,,,,,
harvest,3712142,,,,83.0,,52,,,,,,107,0.771338805,0.775700935,,,,,,,,,,,,,,,,
decision,3712148,4.699999999,76.0,,83.0,,52,,,,,,,,,218271,3.0,0.0,TRUE,,,,,,,,,,,,
travel,3722150,,,,,[],52,,,,,,,,,,,,,,,,,,,,,,,,
alien_welcome,3727152,,,,,,,,,,15,24,99,114,101,51,35.0,20.0,65,36.0,108.0,11.0,2.0,7.0,26.0,109.0,96.0,63.0,115.0,79.0,67.0
land,3727655,,,,97.0,,53,,,,,,,,,,,,,,,,,,,,,,,,
dig,3729659,,,,,[],53,,,,,,,,,,,,,,,,,,,,,,,,
harvest,3731162,,,,83.0,,53,,,,,,97,0.857863474,0.855670103,,,,,,,,,,,,,,,,
decision,3731180,16.7,76.0,,83.0,,53,,,,,,,,,237303,3.0,0.0,TRUE,,,,,,,,,,,,
travel,3741174,,,,,[],53,,,,,,,,,,,,,,,,,,,,,,,,
alien_welcome,3746177,,,,,,,,,,119,24,99,114,101,51,35.0,20.0,65,36.0,108.0,11.0,2.0,7.0,26.0,109.0,96.0,63.0,115.0,79.0,67.0
land,3746680,,,,99.0,,54,,,,,,,,,,,,,,,,,,,,,,,,
dig,3748685,,,,,[],54,,,,,,,,,,,,,,,,,,,,,,,,
harvest,3750188,,,,76.0,,54,,,,,,99,0.767059884,0.767676768,,,,,,,,,,,,,,,,
decision,3750348,159.2,76.0,,76.0,,54,,,,,,,,,256471,3.0,0.0,TRUE,,,,,,,,,,,,
travel,3760197,,,,,[],54,,,,,,,,,,,,,,,,,,,,,,,,
alien_welcome,3765200,,,,,,,,,,68,24,99,114,101,51,35.0,20.0,65,36.0,108.0,11.0,2.0,7.0,26.0,109.0,96.0,63.0,115.0,79.0,67.0
land,3765703,,,,102.0,,55,,,,,,,,,,,,,,,,,,,,,,,,
dig,3767707,,,,,[],55,,,,,,,,,,,,,,,,,,,,,,,,
harvest,3769210,,,,51.0,,55,,,,,,102,0.497923352,0.5,,,,,,,,,,,,,,,,
decision,3769356,145.1,76.0,,51.0,,55,,,,,,,,,275479,3.0,0.0,TRUE,,,,,,,,,,,,
travel,3779214,,,,,[],55,,,,,,,,,,,,,,,,,,,,,,,,
alien_welcome,3784217,,,,,,,,,,37,24,99,114,101,51,35.0,20.0,65,36.0,108.0,11.0,2.0,7.0,26.0,109.0,96.0,63.0,115.0,79.0,67.0
land,3784720,,,,104.0,,56,,,,,,,,,,,,,,,,,,,,,,,,
dig,3786725,,,,,[],56,,,,,,,,,,,,,,,,,,,,,,,,
harvest,3788228,,,,52.0,,56,,,,,,104,0.496806768,0.5,,,,,,,,,,,,,,,,
decision,3788379,150.2,76.0,,52.0,,56,,,,,,,,,294502,3.0,0.0,TRUE,,,,,,,,,,,,
travel,3798238,,,,,[],56,,,,,,,,,,,,,,,,,,,,,,,,
alien_welcome,3803241,,,,,,,,,,10,24,99,114,101,51,35.0,20.0,65,36.0,108.0,11.0,2.0,7.0,26.0,109.0,96.0,63.0,115.0,79.0,67.0
land,3803743,,,,104.0,,57,,,,,,,,,,,,,,,,,,,,,,,,
dig,3805747,,,,,[],57,,,,,,,,,,,,,,,,,,,,,,,,
harvest,3807249,,,,72.0,,57,,,,,,104,0.695089242,0.692307692,,,,,,,,,,,,,,,,
decision,3807427,177.0,76.0,,72.0,,57,,,,,,,,,313550,3.0,0.0,TRUE,,,,,,,,,,,,
travel,3817259,,,,,[],57,,,,,,,,,,,,,,,,,,,,,,,,
alien_welcome,3822261,,,,,,,,,,116,24,99,114,101,51,35.0,20.0,65,36.0,108.0,11.0,2.0,7.0,26.0,109.0,96.0,63.0,115.0,79.0,67.0
land,3822763,,,,102.0,,58,,,,,,,,,,,,,,,,,,,,,,,,
dig,3824768,,,,,[],58,,,,,,,,,,,,,,,,,,,,,,,,
harvest,3826270,,,,86.0,,58,,,,,,102,0.847390341,0.843137255,,,,,,,,,,,,,,,,
decision,3826371,99.3,76.0,,86.0,,58,,,,,,,,,332494,3.0,0.0,TRUE,,,,,,,,,,,,
travel,3836283,,,,,[],58,,,,,,,,,,,,,,,,,,,,,,,,
alien_welcome,3841286,,,,,,,,,,91,24,99,114,101,51,35.0,20.0,65,36.0,108.0,11.0,2.0,7.0,26.0,109.0,96.0,63.0,115.0,79.0,67.0
land,3841789,,,,104.0,,59,,,,,,,,,,,,,,,,,,,,,,,,
dig,3843794,,,,,[],59,,,,,,,,,,,,,,,,,,,,,,,,
harvest,3845297,,,,90.0,,59,,,,,,104,0.864596801,0.865384615,,,,,,,,,,,,,,,,
decision,3845323,25.3,76.0,,90.0,,59,,,,,,,,,351447,3.0,0.0,TRUE,,,,,,,,,,,,
travel,3855307,,,,,[],59,,,,,,,,,,,,,,,,,,,,,,,,
alien_welcome,3860309,,,,,,,,,,62,24,99,114,101,51,35.0,20.0,65,36.0,108.0,11.0,2.0,7.0,26.0,109.0,96.0,63.0,115.0,79.0,67.0
land,3860812,,,,96.0,,60,,,,,,,,,,,,,,,,,,,,,,,,
dig,3862817,,,,,[],60,,,,,,,,,,,,,,,,,,,,,,,,
harvest,3864320,,,,81.0,,60,,,,,,96,0.845025404,0.84375,,,,,,,,,,,,,,,,
decision,3864356,34.8,76.0,,81.0,,60,,,,,,,,,370480,3.0,0.0,TRUE,,,,,,,,,,,,
end_of_block,3871836,7469.8,32.0,,,,,,,,,,,,,,,,,,,,,,,,,,,,
alien_welcome,3876868,,,,,,,,,,103,24,99,114,101,51,35.0,20.0,65,36.0,108.0,11.0,2.0,7.0,26.0,109.0,96.0,63.0,115.0,79.0,67.0
land,3877370,,,,103.0,,61,,,,,,,,,,,,,,,,,,,,,,,,
dig,3879376,,,,,[],61,,,,,,,,,,,,,,,,,,,,,,,,
harvest,3880879,,,,15.0,,61,,,,,,103,0.148068875,0.145631068,,,,,,,,,,,,,,,,
decision,3881011,131.0,76.0,,15.0,,61,,,,,,,,,9166,4.0,0.0,TRUE,,,,,,,,,,,,
travel,3890888,,,,,[],61,,,,,,,,,,,,,,,,,,,,,,,,
alien_welcome,3895891,,,,,,,,,,78,24,99,114,101,51,35.0,20.0,65,36.0,108.0,11.0,2.0,7.0,26.0,109.0,96.0,63.0,115.0,79.0,67.0
land,3896393,,,,95.0,,62,,,,,,,,,,,,,,,,,,,,,,,,
dig,3898398,,,,,[],62,,,,,,,,,,,,,,,,,,,,,,,,
harvest,3899900,,,,19.0,,62,,,,,,95,0.200159105,0.2,,,,,,,,,,,,,,,,
decision,3899938,36.4,76.0,,19.0,,62,,,,,,,,,28093,4.0,0.0,TRUE,,,,,,,,,,,,
travel,3909914,,,,,[],62,,,,,,,,,,,,,,,,,,,,,,,,
alien_welcome,3914917,,,,,,,,,,70,24,99,114,101,51,35.0,20.0,65,36.0,108.0,11.0,2.0,7.0,26.0,109.0,96.0,63.0,115.0,79.0,67.0
land,3915419,,,,101.0,,63,,,,,,,,,,,,,,,,,,,,,,,,
dig,3917423,,,,,[],63,,,,,,,,,,,,,,,,,,,,,,,,
harvest,3918926,,,,17.0,,63,,,,,,101,0.171445526,0.168316832,,,,,,,,,,,,,,,,
decision,3918984,56.8,76.0,,17.0,,63,,,,,,,,,47139,4.0,0.0,TRUE,,,,,,,,,,,,
travel,3928938,,,,,[],63,,,,,,,,,,,,,,,,,,,,,,,,
alien_welcome,3933941,,,,,,,,,,3,24,99,114,101,51,35.0,20.0,65,36.0,108.0,11.0,2.0,7.0,26.0,109.0,96.0,63.0,115.0,79.0,67.0
land,3934443,,,,103.0,,64,,,,,,,,,,,,,,,,,,,,,,,,
dig,3936448,,,,,[],64,,,,,,,,,,,,,,,,,,,,,,,,
harvest,3937951,,,,82.0,,64,,,,,,103,0.800230227,0.796116505,,,,,,,,,,,,,,,,
decision,3937966,13.7,76.0,,82.0,,64,,,,,,,,,66121,4.0,0.0,TRUE,,,,,,,,,,,,
travel,3947960,,,,,[],64,,,,,,,,,,,,,,,,,,,,,,,,
alien_welcome,3952962,,,,,,,,,,87,24,99,114,101,51,35.0,20.0,65,36.0,108.0,11.0,2.0,7.0,26.0,109.0,96.0,63.0,115.0,79.0,67.0
land,3953465,,,,101.0,,65,,,,,,,,,,,,,,,,,,,,,,,,
dig,3955474,,,,,[],65,,,,,,,,,,,,,,,,,,,,,,,,
harvest,3956977,,,,80.0,,65,,,,,,101,0.791711392,0.792079208,,,,,,,,,,,,,,,,
decision,3957014,35.5,76.0,,80.0,,65,,,,,,,,,85169,4.0,0.0,TRUE,,,,,,,,,,,,
travel,3966990,,,,,[],65,,,,,,,,,,,,,,,,,,,,,,,,
alien_welcome,3971992,,,,,,,,,,25,24,99,114,101,51,35.0,20.0,65,36.0,108.0,11.0,2.0,7.0,26.0,109.0,96.0,63.0,115.0,79.0,67.0
land,3972496,,,,96.0,,66,,,,,,,,,,,,,,,,,,,,,,,,
dig,3974501,,,,,[],66,,,,,,,,,,,,,,,,,,,,,,,,
harvest,3976004,,,,77.0,,66,,,,,,96,0.807083463,0.802083333,,,,,,,,,,,,,,,,
decision,3976005,0.5,76.0,,77.0,,66,,,,,,,,,104161,4.0,0.0,TRUE,,,,,,,,,,,,
travel,3986020,,,,,[],66,,,,,,,,,,,,,,,,,,,,,,,,
alien_welcome,3991023,,,,,,,,,,31,24,99,114,101,51,35.0,20.0,65,36.0,108.0,11.0,2.0,7.0,26.0,109.0,96.0,63.0,115.0,79.0,67.0
land,3991526,,,,104.0,,67,,,,,,,,,,,,,,,,,,,,,,,,
dig,3993530,,,,,[],67,,,,,,,,,,,,,,,,,,,,,,,,
harvest,3995033,,,,77.0,,67,,,,,,104,0.744753252,0.740384615,,,,,,,,,,,,,,,,
decision,3995176,141.2,76.0,,77.0,,67,,,,,,,,,123331,4.0,0.0,TRUE,,,,,,,,,,,,
travel,4005044,,,,,[],67,,,,,,,,,,,,,,,,,,,,,,,,
alien_welcome,4010046,,,,,,,,,,117,24,99,114,101,51,35.0,20.0,65,36.0,108.0,11.0,2.0,7.0,26.0,109.0,96.0,63.0,115.0,79.0,67.0
land,4010550,,,,102.0,,68,,,,,,,,,,,,,,,,,,,,,,,,
dig,4012554,,,,,[],68,,,,,,,,,,,,,,,,,,,,,,,,
harvest,4014057,,,,75.0,,68,,,,,,102,0.732743561,0.735294118,,,,,,,,,,,,,,,,
decision,4014096,37.3,76.0,,75.0,,68,,,,,,,,,142251,4.0,0.0,TRUE,,,,,,,,,,,,
travel,4024063,,,,,[],68,,,,,,,,,,,,,,,,,,,,,,,,
alien_welcome,4029066,,,,,,,,,,9,24,99,114,101,51,35.0,20.0,65,36.0,108.0,11.0,2.0,7.0,26.0,109.0,96.0,63.0,115.0,79.0,67.0
land,4029570,,,,106.0,,69,,,,,,,,,,,,,,,,,,,,,,,,
dig,4031573,,,,,[],69,,,,,,,,,,,,,,,,,,,,,,,,
harvest,4033076,,,,88.0,,69,,,,,,106,0.826081089,0.830188679,,,,,,,,,,,,,,,,
decision,4033113,35.2,76.0,,88.0,,69,,,,,,,,,161268,4.0,0.0,TRUE,,,,,,,,,,,,
travel,4043089,,,,,[],69,,,,,,,,,,,,,,,,,,,,,,,,
alien_welcome,4048096,,,,,,,,,,39,24,99,114,101,51,35.0,20.0,65,36.0,108.0,11.0,2.0,7.0,26.0,109.0,96.0,63.0,115.0,79.0,67.0
land,4048598,,,,103.0,,70,,,,,,,,,,,,,,,,,,,,,,,,
dig,4050608,,,,,[],70,,,,,,,,,,,,,,,,,,,,,,,,
harvest,4052110,,,,11.0,,70,,,,,,103,0.103401119,0.106796117,,,,,,,,,,,,,,,,
decision,4052147,34.7,76.0,,11.0,,70,,,,,,,,,180302,4.0,0.0,TRUE,,,,,,,,,,,,
travel,4062123,,,,,[],70,,,,,,,,,,,,,,,,,,,,,,,,
alien_welcome,4067126,,,,,,,,,,73,24,99,114,101,51,35.0,20.0,65,36.0,108.0,11.0,2.0,7.0,26.0,109.0,96.0,63.0,115.0,79.0,67.0
land,4067628,,,,93.0,,71,,,,,,,,,,,,,,,,,,,,,,,,
dig,4069633,,,,,[],71,,,,,,,,,,,,,,,,,,,,,,,,
harvest,4071136,,,,21.0,,71,,,,,,93,0.22283643,0.225806452,,,,,,,,,,,,,,,,
decision,4071259,121.6,76.0,,21.0,,71,,,,,,,,,199414,4.0,0.0,TRUE,,,,,,,,,,,,
travel,4081145,,,,,[],71,,,,,,,,,,,,,,,,,,,,,,,,
alien_welcome,4086148,,,,,,,,,,100,24,99,114,101,51,35.0,20.0,65,36.0,108.0,11.0,2.0,7.0,26.0,109.0,96.0,63.0,115.0,79.0,67.0
land,4086651,,,,99.0,,72,,,,,,,,,,,,,,,,,,,,,,,,
dig,4088656,,,,,[],72,,,,,,,,,,,,,,,,,,,,,,,,
harvest,4090158,,,,79.0,,72,,,,,,99,0.797155113,0.797979798,,,,,,,,,,,,,,,,
decision,4090162,2.400000002,76.0,,79.0,,72,,,,,,,,,218317,4.0,0.0,TRUE,,,,,,,,,,,,
travel,4100164,,,,,[],72,,,,,,,,,,,,,,,,,,,,,,,,
alien_welcome,4105167,,,,,,,,,,83,24,99,114,101,51,35.0,20.0,65,36.0,108.0,11.0,2.0,7.0,26.0,109.0,96.0,63.0,115.0,79.0,67.0
land,4105670,,,,108.0,,73,,,,,,,,,,,,,,,,,,,,,,,,
dig,4107674,,,,,[],73,,,,,,,,,,,,,,,,,,,,,,,,
harvest,4109180,,,,85.0,,73,,,,,,108,0.786446807,0.787037037,,,,,,,,,,,,,,,,
decision,4109261,79.3,76.0,,85.0,,73,,,,,,,,,237416,4.0,0.0,TRUE,,,,,,,,,,,,
travel,4119193,,,,,[],73,,,,,,,,,,,,,,,,,,,,,,,,
alien_welcome,4124195,,,,,,,,,,14,24,99,114,101,51,35.0,20.0,65,36.0,108.0,11.0,2.0,7.0,26.0,109.0,96.0,63.0,115.0,79.0,67.0
land,4124698,,,,99.0,,74,,,,,,,,,,,,,,,,,,,,,,,,
dig,4126702,,,,,[],74,,,,,,,,,,,,,,,,,,,,,,,,
harvest,4128206,,,,87.0,,74,,,,,,99,0.877360867,0.878787879,,,,,,,,,,,,,,,,
decision,4128219,12.7,76.0,,87.0,,74,,,,,,,,,256375,4.0,0.0,TRUE,,,,,,,,,,,,
travel,4138213,,,,,[],74,,,,,,,,,,,,,,,,,,,,,,,,
alien_welcome,4143216,,,,,,,,,,38,24,99,114,101,51,35.0,20.0,65,36.0,108.0,11.0,2.0,7.0,26.0,109.0,96.0,63.0,115.0,79.0,67.0
land,4143718,,,,95.0,,75,,,,,,,,,,,,,,,,,,,,,,,,
dig,4145723,,,,,[],75,,,,,,,,,,,,,,,,,,,,,,,,
harvest,4147224,,,,81.0,,75,,,,,,95,0.854109915,0.852631579,,,,,,,,,,,,,,,,
decision,4147396,170.2,76.0,,81.0,,75,,,,,,,,,275551,4.0,0.0,TRUE,,,,,,,,,,,,
travel,4157237,,,,,[],75,,,,,,,,,,,,,,,,,,,,,,,,
alien_welcome,4162240,,,,,,,,,,40,24,99,114,101,51,35.0,20.0,65,36.0,108.0,11.0,2.0,7.0,26.0,109.0,96.0,63.0,115.0,79.0,67.0
land,4162742,,,,105.0,,76,,,,,,,,,,,,,,,,,,,,,,,,
dig,4164747,,,,,[],76,,,,,,,,,,,,,,,,,,,,,,,,
harvest,4166249,,,,86.0,,76,,,,,,105,0.817323878,0.819047619,,,,,,,,,,,,,,,,
decision,4166395,144.5,76.0,,86.0,,76,,,,,,,,,294550,4.0,0.0,TRUE,,,,,,,,,,,,
travel,4176266,,,,,[],76,,,,,,,,,,,,,,,,,,,,,,,,
alien_welcome,4181269,,,,,,,,,,52,24,99,114,101,51,35.0,20.0,65,36.0,108.0,11.0,2.0,7.0,26.0,109.0,96.0,63.0,115.0,79.0,67.0
land,4181771,,,,97.0,,77,,,,,,,,,,,,,,,,,,,,,,,,
dig,4183776,,,,,[],77,,,,,,,,,,,,,,,,,,,,,,,,
harvest,4185279,,,,74.0,,77,,,,,,97,0.766076764,0.762886598,,,,,,,,,,,,,,,,
decision,4185365,84.8,76.0,,74.0,,77,,,,,,,,,313521,4.0,0.0,TRUE,,,,,,,,,,,,
travel,4195288,,,,,[],77,,,,,,,,,,,,,,,,,,,,,,,,
alien_welcome,4200291,,,,,,,,,,89,24,99,114,101,51,35.0,20.0,65,36.0,108.0,11.0,2.0,7.0,26.0,109.0,96.0,63.0,115.0,79.0,67.0
land,4200794,,,,102.0,,78,,,,,,,,,,,,,,,,,,,,,,,,
dig,4202798,,,,,[],78,,,,,,,,,,,,,,,,,,,,,,,,
harvest,4204301,,,,76.0,,78,,,,,,102,0.747499373,0.745098039,,,,,,,,,,,,,,,,
decision,4204324,22.0,76.0,,76.0,,78,,,,,,,,,332480,4.0,0.0,TRUE,,,,,,,,,,,,
travel,4214310,,,,,[],78,,,,,,,,,,,,,,,,,,,,,,,,
alien_welcome,4219312,,,,,,,,,,69,24,99,114,101,51,35.0,20.0,65,36.0,108.0,11.0,2.0,7.0,26.0,109.0,96.0,63.0,115.0,79.0,67.0
land,4219815,,,,98.0,,79,,,,,,,,,,,,,,,,,,,,,,,,
dig,4221820,,,,,[],79,,,,,,,,,,,,,,,,,,,,,,,,
harvest,4223321,,,,77.0,,79,,,,,,98,0.780617632,0.785714286,,,,,,,,,,,,,,,,
decision,4223443,120.6,76.0,,77.0,,79,,,,,,,,,351599,4.0,0.0,TRUE,,,,,,,,,,,,
travel,4233332,,,,,[],79,,,,,,,,,,,,,,,,,,,,,,,,
alien_welcome,4238335,,,,,,,,,,82,24,99,114,101,51,35.0,20.0,65,36.0,108.0,11.0,2.0,7.0,26.0,109.0,96.0,63.0,115.0,79.0,67.0
land,4238838,,,,102.0,,80,,,,,,,,,,,,,,,,,,,,,,,,
dig,4240842,,,,,[],80,,,,,,,,,,,,,,,,,,,,,,,,
harvest,4242344,,,,78.0,,80,,,,,,102,0.765111716,0.764705882,,,,,,,,,,,,,,,,
decision,4242518,171.9,76.0,,78.0,,80,,,,,,,,,370673,4.0,0.0,TRUE,,,,,,,,,,,,
end_of_block,4250150,7620.4,32.0,,,,,,,,,,,,,,,,,,,,,,,,,,,,
alien_welcome,4255184,,,,,,,,,,53,24,99,114,101,51,35.0,20.0,65,36.0,108.0,11.0,2.0,7.0,26.0,109.0,96.0,63.0,115.0,79.0,67.0
land,4255687,,,,100.0,,81,,,,,,,,,,,,,,,,,,,,,,,,
dig,4257691,,,,,[],81,,,,,,,,,,,,,,,,,,,,,,,,
harvest,4259194,,,,48.0,,81,,,,,,100,0.478491282,0.48,,,,,,,,,,,,,,,,
decision,4259318,122.6,76.0,,48.0,,81,,,,,,,,,9158,5.0,0.0,TRUE,,,,,,,,,,,,
travel,4269205,,,,,[],81,,,,,,,,,,,,,,,,,,,,,,,,
alien_welcome,4274207,,,,,,,,,,113,24,99,114,101,51,35.0,20.0,65,36.0,108.0,11.0,2.0,7.0,26.0,109.0,96.0,63.0,115.0,79.0,67.0
land,4274711,,,,98.0,,82,,,,,,,,,,,,,,,,,,,,,,,,
dig,4276714,,,,,[],82,,,,,,,,,,,,,,,,,,,,,,,,
harvest,4278217,,,,32.0,,82,,,,,,98,0.331523341,0.326530612,,,,,,,,,,,,,,,,
decision,4278236,17.2,76.0,,32.0,,82,,,,,,,,,28076,5.0,0.0,TRUE,,,,,,,,,,,,
travel,4288231,,,,,[],82,,,,,,,,,,,,,,,,,,,,,,,,
alien_welcome,4293236,,,,,,,,,,55,24,99,114,101,51,35.0,20.0,65,36.0,108.0,11.0,2.0,7.0,26.0,109.0,96.0,63.0,115.0,79.0,67.0
land,4293739,,,,97.0,,83,,,,,,,,,,,,,,,,,,,,,,,,
dig,4295744,,,,,[],83,,,,,,,,,,,,,,,,,,,,,,,,
harvest,4297247,,,,44.0,,83,,,,,,97,0.451759278,0.453608247,,,,,,,,,,,,,,,,
decision,4297302,54.2,76.0,,44.0,,83,,,,,,,,,47143,5.0,0.0,TRUE,,,,,,,,,,,,
travel,4307262,,,,,[],83,,,,,,,,,,,,,,,,,,,,,,,,
alien_welcome,4312264,,,,,,,,,,84,24,99,114,101,51,35.0,20.0,65,36.0,108.0,11.0,2.0,7.0,26.0,109.0,96.0,63.0,115.0,79.0,67.0
land,4312767,,,,90.0,,84,,,,,,,,,,,,,,,,,,,,,,,,
dig,4314772,,,,,[],84,,,,,,,,,,,,,,,,,,,,,,,,
harvest,4316275,,,,45.0,,84,,,,,,90,0.50476705,0.5,,,,,,,,,,,,,,,,
decision,4316317,41.3,76.0,,45.0,,84,,,,,,,,,66158,5.0,0.0,TRUE,,,,,,,,,,,,
travel,4326286,,,,,[],84,,,,,,,,,,,,,,,,,,,,,,,,
alien_welcome,4331288,,,,,,,,,,94,24,99,114,101,51,35.0,20.0,65,36.0,108.0,11.0,2.0,7.0,26.0,109.0,96.0,63.0,115.0,79.0,67.0
land,4331791,,,,99.0,,85,,,,,,,,,,,,,,,,,,,,,,,,
dig,4333795,,,,,[],85,,,,,,,,,,,,,,,,,,,,,,,,
harvest,4335298,,,,47.0,,85,,,,,,99,0.479502954,0.474747475,,,,,,,,,,,,,,,,
decision,4335461,161.5,76.0,,47.0,,85,,,,,,,,,85301,5.0,0.0,TRUE,,,,,,,,,,,,
travel,4345312,,,,,[],85,,,,,,,,,,,,,,,,,,,,,,,,
alien_welcome,4350314,,,,,,,,,,85,24,99,114,101,51,35.0,20.0,65,36.0,108.0,11.0,2.0,7.0,26.0,109.0,96.0,63.0,115.0,79.0,67.0
land,4350817,,,,105.0,,86,,,,,,,,,,,,,,,,,,,,,,,,
dig,4352821,,,,,[],86,,,,,,,,,,,,,,,,,,,,,,,,
harvest,4354326,,,,60.0,,86,,,,,,105,0.570508031,0.571428571,,,,,,,,,,,,,,,,
decision,4354383,55.9,76.0,,60.0,,86,,,,,,,,,104224,5.0,0.0,TRUE,,,,,,,,,,,,
travel,4364333,,,,,[],86,,,,,,,,,,,,,,,,,,,,,,,,
alien_welcome,4369336,,,,,,,,,,16,24,99,114,101,51,35.0,20.0,65,36.0,108.0,11.0,2.0,7.0,26.0,109.0,96.0,63.0,115.0,79.0,67.0
land,4369839,,,,105.0,,87,,,,,,,,,,,,,,,,,,,,,,,,
dig,4371843,,,,,[],87,,,,,,,,,,,,,,,,,,,,,,,,
harvest,4373348,,,,46.0,,87,,,,,,105,0.436494505,0.438095238,,,,,,,,,,,,,,,,
decision,4373461,111.2,76.0,,46.0,,87,,,,,,,,,123301,5.0,0.0,TRUE,,,,,,,,,,,,
travel,4383357,,,,,[],87,,,,,,,,,,,,,,,,,,,,,,,,
alien_welcome,4388360,,,,,,,,,,1,24,99,114,101,51,35.0,20.0,65,36.0,108.0,11.0,2.0,7.0,26.0,109.0,96.0,63.0,115.0,79.0,67.0
land,4388863,,,,95.0,,88,,,,,,,,,,,,,,,,,,,,,,,,
dig,4390868,,,,,[],88,,,,,,,,,,,,,,,,,,,,,,,,
harvest,4392371,,,,47.0,,88,,,,,,95,0.493377922,0.494736842,,,,,,,,,,,,,,,,
decision,4392493,120.3,76.0,,47.0,,88,,,,,,,,,142333,5.0,0.0,TRUE,,,,,,,,,,,,
travel,4402381,,,,,[],88,,,,,,,,,,,,,,,,,,,,,,,,
alien_welcome,4407383,,,,,,,,,,42,24,99,114,101,51,35.0,20.0,65,36.0,108.0,11.0,2.0,7.0,26.0,109.0,96.0,63.0,115.0,79.0,67.0
land,4407885,,,,104.0,,89,,,,,,,,,,,,,,,,,,,,,,,,
dig,4409890,,,,,[],89,,,,,,,,,,,,,,,,,,,,,,,,
harvest,4411393,,,,52.0,,89,,,,,,104,0.49580656,0.5,,,,,,,,,,,,,,,,
decision,4411517,122.0,76.0,,52.0,,89,,,,,,,,,161357,5.0,0.0,TRUE,,,,,,,,,,,,
travel,4421406,,,,,[],89,,,,,,,,,,,,,,,,,,,,,,,,
alien_welcome,4426409,,,,,,,,,,74,24,99,114,101,51,35.0,20.0,65,36.0,108.0,11.0,2.0,7.0,26.0,109.0,96.0,63.0,115.0,79.0,67.0
land,4426911,,,,99.0,,90,,,,,,,,,,,,,,,,,,,,,,,,
dig,4428916,,,,,[],90,,,,,,,,,,,,,,,,,,,,,,,,
harvest,4430419,,,,48.0,,90,,,,,,99,0.485662227,0.484848485,,,,,,,,,,,,,,,,
decision,4430557,137.1,76.0,,48.0,,90,,,,,,,,,180398,5.0,0.0,TRUE,,,,,,,,,,,,
travel,4440428,,,,,[],90,,,,,,,,,,,,,,,,,,,,,,,,
alien_welcome,4445430,,,,,,,,,,32,24,99,114,101,51,35.0,20.0,65,36.0,108.0,11.0,2.0,7.0,26.0,109.0,96.0,63.0,115.0,79.0,67.0
land,4445933,,,,111.0,,91,,,,,,,,,,,,,,,,,,,,,,,,
dig,4447938,,,,,[],91,,,,,,,,,,,,,,,,,,,,,,,,
harvest,4449441,,,,51.0,,91,,,,,,111,0.460949187,0.459459459,,,,,,,,,,,,,,,,
decision,4449585,143.4,76.0,,51.0,,91,,,,,,,,,199426,5.0,0.0,TRUE,,,,,,,,,,,,
travel,4459455,,,,,[],91,,,,,,,,,,,,,,,,,,,,,,,,
alien_welcome,4464458,,,,,,,,,,27,24,99,114,101,51,35.0,20.0,65,36.0,108.0,11.0,2.0,7.0,26.0,109.0,96.0,63.0,115.0,79.0,67.0
land,4464960,,,,102.0,,92,,,,,,,,,,,,,,,,,,,,,,,,
dig,4466968,,,,,[],92,,,,,,,,,,,,,,,,,,,,,,,,
harvest,4468472,,,,53.0,,92,,,,,,102,0.51660473,0.519607843,,,,,,,,,,,,,,,,
decision,4468493,19.9,76.0,,53.0,,92,,,,,,,,,218333,5.0,0.0,TRUE,,,,,,,,,,,,
travel,4478481,,,,,[],92,,,,,,,,,,,,,,,,,,,,,,,,
alien_welcome,4483484,,,,,,,,,,102,24,99,114,101,51,35.0,20.0,65,36.0,108.0,11.0,2.0,7.0,26.0,109.0,96.0,63.0,115.0,79.0,67.0
land,4483986,,,,98.0,,93,,,,,,,,,,,,,,,,,,,,,,,,
dig,4485991,,,,,[],93,,,,,,,,,,,,,,,,,,,,,,,,
harvest,4487493,,,,47.0,,93,,,,,,98,0.476014492,0.479591837,,,,,,,,,,,,,,,,
decision,4487581,86.7,76.0,,47.0,,93,,,,,,,,,237422,5.0,0.0,TRUE,,,,,,,,,,,,
travel,4497505,,,,,[],93,,,,,,,,,,,,,,,,,,,,,,,,
alien_welcome,4502508,,,,,,,,,,77,24,99,114,101,51,35.0,20.0,65,36.0,108.0,11.0,2.0,7.0,26.0,109.0,96.0,63.0,115.0,79.0,67.0
land,4503011,,,,103.0,,94,,,,,,,,,,,,,,,,,,,,,,,,
dig,4505015,,,,,[],94,,,,,,,,,,,,,,,,,,,,,,,,
harvest,4506521,,,,58.0,,94,,,,,,103,0.566220464,0.563106796,,,,,,,,,,,,,,,,
decision,4506621,98.3,76.0,,58.0,,94,,,,,,,,,256461,5.0,0.0,TRUE,,,,,,,,,,,,
travel,4516536,,,,,[],94,,,,,,,,,,,,,,,,,,,,,,,,
alien_welcome,4521539,,,,,,,,,,105,24,99,114,101,51,35.0,20.0,65,36.0,108.0,11.0,2.0,7.0,26.0,109.0,96.0,63.0,115.0,79.0,67.0
land,4522042,,,,99.0,,95,,,,,,,,,,,,,,,,,,,,,,,,
dig,4524047,,,,,[],95,,,,,,,,,,,,,,,,,,,,,,,,
harvest,4525550,,,,49.0,,95,,,,,,99,0.498535756,0.494949495,,,,,,,,,,,,,,,,
decision,4525572,21.2,76.0,,49.0,,95,,,,,,,,,275413,5.0,0.0,TRUE,,,,,,,,,,,,
travel,4535561,,,,,[],95,,,,,,,,,,,,,,,,,,,,,,,,
alien_welcome,4540563,,,,,,,,,,50,24,99,114,101,51,35.0,20.0,65,36.0,108.0,11.0,2.0,7.0,26.0,109.0,96.0,63.0,115.0,79.0,67.0
land,4541066,,,,95.0,,96,,,,,,,,,,,,,,,,,,,,,,,,
dig,4543071,,,,,[],96,,,,,,,,,,,,,,,,,,,,,,,,
harvest,4544573,,,,73.0,,96,,,,,,95,0.764156774,0.768421053,,,,,,,,,,,,,,,,
decision,4544685,110.1,76.0,,73.0,,96,,,,,,,,,294525,5.0,0.0,TRUE,,,,,,,,,,,,
travel,4554582,,,,,[],96,,,,,,,,,,,,,,,,,,,,,,,,
alien_welcome,4559584,,,,,,,,,,110,24,99,114,101,51,35.0,20.0,65,36.0,108.0,11.0,2.0,7.0,26.0,109.0,96.0,63.0,115.0,79.0,67.0
land,4560087,,,,94.0,,97,,,,,,,,,,,,,,,,,,,,,,,,
dig,4562092,,,,,[],97,,,,,,,,,,,,,,,,,,,,,,,,
harvest,4563595,,,,71.0,,97,,,,,,94,0.757424288,0.755319149,,,,,,,,,,,,,,,,
decision,4563740,143.8,76.0,,71.0,,97,,,,,,,,,313581,5.0,0.0,TRUE,,,,,,,,,,,,
travel,4573611,,,,,[],97,,,,,,,,,,,,,,,,,,,,,,,,
alien_welcome,4578614,,,,,,,,,,47,24,99,114,101,51,35.0,20.0,65,36.0,108.0,11.0,2.0,7.0,26.0,109.0,96.0,63.0,115.0,79.0,67.0
land,4579117,,,,99.0,,98,,,,,,,,,,,,,,,,,,,,,,,,
dig,4581122,,,,,[],98,,,,,,,,,,,,,,,,,,,,,,,,
harvest,4582625,,,,86.0,,98,,,,,,99,0.872835276,0.868686869,,,,,,,,,,,,,,,,
decision,4582644,18.0,76.0,,86.0,,98,,,,,,,,,332485,5.0,0.0,TRUE,,,,,,,,,,,,
travel,4592641,,,,,[],98,,,,,,,,,,,,,,,,,,,,,,,,
alien_welcome,4597645,,,,,,,,,,23,24,99,114,101,51,35.0,20.0,65,36.0,108.0,11.0,2.0,7.0,26.0,109.0,96.0,63.0,115.0,79.0,67.0
land,4598148,,,,100.0,,99,,,,,,,,,,,,,,,,,,,,,,,,
dig,4600152,,,,,[],99,,,,,,,,,,,,,,,,,,,,,,,,
harvest,4601656,,,,54.0,,99,,,,,,100,0.541089469,0.54,,,,,,,,,,,,,,,,
decision,4601788,131.1,76.0,,54.0,,99,,,,,,,,,351628,5.0,0.0,TRUE,,,,,,,,,,,,
travel,4611668,,,,,[],99,,,,,,,,,,,,,,,,,,,,,,,,
alien_welcome,4616671,,,,,,,,,,57,24,99,114,101,51,35.0,20.0,65,36.0,108.0,11.0,2.0,7.0,26.0,109.0,96.0,63.0,115.0,79.0,67.0
land,4617173,,,,97.0,,100,,,,,,,,,,,,,,,,,,,,,,,,
dig,4619185,,,,,[],100,,,,,,,,,,,,,,,,,,,,,,,,
harvest,4620687,,,,51.0,,100,,,,,,97,0.530635593,0.525773196,,,,,,,,,,,,,,,,
decision,4620806,117.2,76.0,,51.0,,100,,,,,,,,,370646,5.0,0.0,TRUE,,,,,,,,,,,,
catch,4624628,3808.4,90.0,,51.0,,,,,,,,,,,,,,,,,,,,,,,,,,
debrief,4663768,39136.1,,,,{planet_threshold:yes,planet_threshold_desc:,dig_threshold:yes,dig_threshold_desc:,surprise:yes,surprise_desc:,dynamic:yes,dynamic_desc:,other:yes,other_desc:,feedback:},,,,,,,,,,,,,,,
demo,4690670,26900.1,,,,{age:36,gender:male},,,,,,,,,,,,,,,,,,,,,,,,
end_of_exp,4842971,152296.5,32.0,,,,,,,,,,,,,,,,,2.0,15.0,,,,,,,,,,
