trial_type,time_elapsed,rt,key_press,condition,next_reward,responses,planet,curr_prac_trial,n_prac_rounds,button_pressed,alien,aliens,reward_received,decay_rate_actual,decay_rate_exp,time_in_block,block_num,prt,last_trial_on_planet,bonus,num_failures,Unnamed: 23,Unnamed: 24,Unnamed: 25,Unnamed: 26,Unnamed: 27,Unnamed: 28,Unnamed: 29,Unnamed: 30,Unnamed: 31,Unnamed: 32,Unnamed: 33,Unnamed: 34,Unnamed: 35,Unnamed: 36,Unnamed: 37,Unnamed: 38,Unnamed: 39,Unnamed: 40,Unnamed: 41,Unnamed: 42,Unnamed: 43,Unnamed: 44,Unnamed: 45,Unnamed: 46
fullscreen,90130,,,,,,,,,,,,,,,,,,,,,,,,,,,,,,,,,,,,,,,,,,,,
instruc_welcome,106931,16796.7,32.0,1.0,,,,,,,,,,,,,,,,,,,,,,,,,,,,,,,,,,,,,,,,,
instruc_goal,115309,8377.2,32.0,,,,,,,,,,,,,,,,,,,,,,,,,,,,,,,,,,,,,,,,,,
instruc_dig,128479,13168.5,65.0,,100.0,,,,,,,,,,,,,,,,,,,,,,,,,,,,,,,,,,,,,,,,
dig_instruc,130495,,,,,[],,,,,,,,,,,,,,,,,,,,,,,,,,,,,,,,,,,,,,,
harvest_instruc,132002,,,,,,,,,,,,,,,,,,,,,,,,,,,,,,,,,,,,,,,,,,,,
instruc_travel,154712,22707.3,76.0,,,,,,,,,,,,,,,,,,,,,,,,,,,,,,,,,,,,,,,,,,
travel_prac,164717,,,,,[],0,,,,,,,,,,,,,,,,,,,,,,,,,,,,,,,,,,,,,,
instruc_alien_greet,168408,3689.4,32.0,,,,,,,,,,,,,,,,,,,,,,,,,,,,,,,,,,,,,,,,,,
time_out,177225,8815.1,32.0,,,,,,,,,,,,,,,,,,,,,,,,,,,,,,,,,,,,,,,,,,
instruc_break,652835,475599.6,32.0,,,,,,,,,,,,,,,,,,,,,,,,,,,,,,,,,,,,,,,,,,
quiz_prac,666010,13173.0,,,,{Q0:C,Q1:A,Q2:B},,,,,,,,,,,,,,,,,,,,,,,,,,,,,,,,,,,,,
quiz_incorrect,678501,12487.3,,,,{Q0:C,Q1:B,Q2:B},,,,,,,,,,,,,,,,,,,,,,,,,,,,,,,,,,,,,
instruc_goal,681719,3216.3,32.0,,,,,,,,,,,,,,,,,,,,,,,,,,,,,,,,,,,,,,,,,,
instruc_dig,684070,2349.5,65.0,,100.0,,,,,,,,,,,,,,,,,,,,,,,,,,,,,,,,,,,,,,,,
dig_instruc,686075,,,,,[],,,,,,,,,,,,,,,,,,,,,,,,,,,,,,,,,,,,,,,
harvest_instruc,687577,,,,,,,,,,,,,,,,,,,,,,,,,,,,,,,,,,,,,,,,,,,,
instruc_travel,688662,1082.1,76.0,,,,,,,,,,,,,,,,,,,,,,,,,,,,,,,,,,,,,,,,,,
travel_prac,698664,,,,,[],0,,,,,,,,,,,,,,,,,,,,,,,,,,,,,,,,,,,,,,
time_out,700054,1388.7,32.0,,,,,,,,,,,,,,,,,,,,,,,,,,,,,,,,,,,,,,,,,,
instruc_break,705122,5067.7,32.0,,,,,,,,,,,,,,,,,,,,,,,,,,,,,,,,,,,,,,,,,,
quiz_prac,712295,7171.0,,,,{Q0:C,Q1:B,Q2:B},,,,,,,,,,,,,,,,,,,,,,,,,,,,,,,,,,,,,
quiz_correct,712390,91.80000001,,,,{Q0:C,Q1:B,Q2:B},,,,,,,,,,,,,,,,,,,,,,,,,,,,,,,,,,,,,
instruc_prac_game,720324,7933.2,32.0,,,,,,,,,,,,,,,,,,,,,,,,,,,,,,,,,,,,,,,,,,
alien_welcome_prac,725327,,,,,,,,,,,,,,,,,,,,,,,,,,,,,,,,,,,,,,,,,,,,
land_prac,725830,,,,98.0,,0,,,,,,,,,,,,,,,,,,,,,,,,,,,,,,,,,,,,,,
dig_prac,727834,,,,,[],,,,,,,,,,,,,,,,,,,,,,,,,,,,,,,,,,,,,,,
harvest_prac,729336,,,,,,,,,,,,,,,,,,,,,,,,,,,,,,,,,,,,,,,,,,,,
decision_prac,730187,835.9,65.0,,,,,1,,,,,,,,,,,,,,,,,,,,,,,,,,,,,,,,,,,,,
dig_prac,732194,,,,,[],,,,,,,,,,,,,,,,,,,,,,,,,,,,,,,,,,,,,,,
harvest_prac,733695,,,,,,,,,,,,,,,,,,,,,,,,,,,,,,,,,,,,,,,,,,,,
decision_prac,735668,1971.2,65.0,,,,,2,,,,,,,,,,,,,,,,,,,,,,,,,,,,,,,,,,,,,
dig_prac,737674,,,,,[],,,,,,,,,,,,,,,,,,,,,,,,,,,,,,,,,,,,,,,
harvest_prac,739178,,,,,,,,,,,,,,,,,,,,,,,,,,,,,,,,,,,,,,,,,,,,
decision_prac,740039,860.2,65.0,,,,,3,,,,,,,,,,,,,,,,,,,,,,,,,,,,,,,,,,,,,
dig_prac,742045,,,,,[],,,,,,,,,,,,,,,,,,,,,,,,,,,,,,,,,,,,,,,
harvest_prac,743548,,,,,,,,,,,,,,,,,,,,,,,,,,,,,,,,,,,,,,,,,,,,
decision_prac,743741,191.9,65.0,,,,,4,,,,,,,,,,,,,,,,,,,,,,,,,,,,,,,,,,,,,
dig_prac,745748,,,,,[],,,,,,,,,,,,,,,,,,,,,,,,,,,,,,,,,,,,,,,
harvest_prac,747250,,,,,,,,,,,,,,,,,,,,,,,,,,,,,,,,,,,,,,,,,,,,
decision_prac,748620,1368.9,65.0,,,,,,1,,,,,,,,,,,,,,,,,,,,,,,,,,,,,,,,,,,,
instruc_begin_exp,753397,4773.4,,,,,,,1,1,,,,,,,,,,,,,,,,,,,,,,,,,,,,,,,,,,,
alien_welcome,758402,,,,,,,,,,50,120,1,58,98,115,15,74.0,88,90.0,2.0,54.0,76.0,43.0,26.0,68.0,22.0,97.0,67.0,49.0,89.0,108.0,33.0,107.0,25.0,70.0,80.0,99.0,94.0,82.0,23.0,81.0,20.0,19.0,118.0
land,758906,,,,99.0,,1,,,,,,,,,,,,,,,,,,,,,,,,,,,,,,,,,,,,,,
dig,760911,,,,,[],1,,,,,,,,,,,,,,,,,,,,,,,,,,,,,,,,,,,,,,
harvest,762414,,,,18.0,,1,,,,,,99,0.185085441,0.181818182,,,,,,,,,,,,,,,,,,,,,,,,,,,,,,
decision,763174,758.2,65.0,,18.0,,1,,,,,,,,,9775,1,0.0,FALSE,,,,,,,,,,,,,,,,,,,,,,,,,,
dig,764418,,,,,[],1,,,,,,,,,,,,,,,,,,,,,,,,,,,,,,,,,,,,,,
harvest,765920,,,,3.0,,1,,,,,,18,0.166839606,0.166666667,,,,,,,,,,,,,,,,,,,,,,,,,,,,,,
decision,766531,610.0,76.0,,3.0,,1,,,,,,,,,13132,1,1.0,TRUE,,,,,,,,,,,,,,,,,,,,,,,,,,
travel,775923,,,,,[],1,,,,,,,,,,,,,,,,,,,,,,,,,,,,,,,,,,,,,,
alien_welcome,780925,,,,,,,,,,24,120,1,58,98,115,15,74.0,88,90.0,2.0,54.0,76.0,43.0,26.0,68.0,22.0,97.0,67.0,49.0,89.0,108.0,33.0,107.0,25.0,70.0,80.0,99.0,94.0,82.0,23.0,81.0,20.0,19.0,118.0
land,781427,,,,101.0,,2,,,,,,,,,,,,,,,,,,,,,,,,,,,,,,,,,,,,,,
dig,783431,,,,,[],2,,,,,,,,,,,,,,,,,,,,,,,,,,,,,,,,,,,,,,
harvest,784933,,,,19.0,,2,,,,,,101,0.187041522,0.188118812,,,,,,,,,,,,,,,,,,,,,,,,,,,,,,
decision,786129,1195.0,65.0,,19.0,,2,,,,,,,,,32731,1,0.0,FALSE,,,,,,,,,,,,,,,,,,,,,,,,,,
dig,786941,,,,,[],2,,,,,,,,,,,,,,,,,,,,,,,,,,,,,,,,,,,,,,
harvest,788443,,,,4.0,,2,,,,,,19,0.194279956,0.210526316,,,,,,,,,,,,,,,,,,,,,,,,,,,,,,
decision,789213,767.7,76.0,,4.0,,2,,,,,,,,,35814,1,1.0,TRUE,,,,,,,,,,,,,,,,,,,,,,,,,,
travel,798443,,,,,[],2,,,,,,,,,,,,,,,,,,,,,,,,,,,,,,,,,,,,,,
alien_welcome,803446,,,,,,,,,,55,120,1,58,98,115,15,74.0,88,90.0,2.0,54.0,76.0,43.0,26.0,68.0,22.0,97.0,67.0,49.0,89.0,108.0,33.0,107.0,25.0,70.0,80.0,99.0,94.0,82.0,23.0,81.0,20.0,19.0,118.0
land,803947,,,,99.0,,3,,,,,,,,,,,,,,,,,,,,,,,,,,,,,,,,,,,,,,
dig,805951,,,,,[],3,,,,,,,,,,,,,,,,,,,,,,,,,,,,,,,,,,,,,,
harvest,807452,,,,44.0,,3,,,,,,99,0.44382647,0.444444444,,,,,,,,,,,,,,,,,,,,,,,,,,,,,,
decision,808249,795.4,65.0,,44.0,,3,,,,,,,,,54850,1,0.0,FALSE,,,,,,,,,,,,,,,,,,,,,,,,,,
dig,809456,,,,,[],3,,,,,,,,,,,,,,,,,,,,,,,,,,,,,,,,,,,,,,
harvest,810959,,,,19.0,,3,,,,,,44,0.435145104,0.431818182,,,,,,,,,,,,,,,,,,,,,,,,,,,,,,
decision,811930,970.0,65.0,,19.0,,3,,,,,,,,,58532,1,1.0,FALSE,,,,,,,,,,,,,,,,,,,,,,,,,,
dig,812965,,,,,[],3,,,,,,,,,,,,,,,,,,,,,,,,,,,,,,,,,,,,,,
harvest,814469,,,,9.0,,3,,,,,,19,0.482904915,0.473684211,,,,,,,,,,,,,,,,,,,,,,,,,,,,,,
decision,815174,704.1,76.0,,9.0,,3,,,,,,,,,61775,1,2.0,TRUE,,,,,,,,,,,,,,,,,,,,,,,,,,
travel,824466,,,,,[],3,,,,,,,,,,,,,,,,,,,,,,,,,,,,,,,,,,,,,,
alien_welcome,829468,,,,,,,,,,73,120,1,58,98,115,15,74.0,88,90.0,2.0,54.0,76.0,43.0,26.0,68.0,22.0,97.0,67.0,49.0,89.0,108.0,33.0,107.0,25.0,70.0,80.0,99.0,94.0,82.0,23.0,81.0,20.0,19.0,118.0
land,829970,,,,97.0,,4,,,,,,,,,,,,,,,,,,,,,,,,,,,,,,,,,,,,,,
dig,831974,,,,,[],4,,,,,,,,,,,,,,,,,,,,,,,,,,,,,,,,,,,,,,
harvest,833475,,,,48.0,,4,,,,,,97,0.48990211,0.494845361,,,,,,,,,,,,,,,,,,,,,,,,,,,,,,
decision,834800,1324.0,65.0,,48.0,,4,,,,,,,,,81401,1,0.0,FALSE,,,,,,,,,,,,,,,,,,,,,,,,,,
dig,835481,,,,,[],4,,,,,,,,,,,,,,,,,,,,,,,,,,,,,,,,,,,,,,
harvest,836983,,,,17.0,,4,,,,,,48,0.356489239,0.354166667,,,,,,,,,,,,,,,,,,,,,,,,,,,,,,
decision,837572,587.1,76.0,,17.0,,4,,,,,,,,,84173,1,1.0,TRUE,,,,,,,,,,,,,,,,,,,,,,,,,,
travel,846981,,,,,[],4,,,,,,,,,,,,,,,,,,,,,,,,,,,,,,,,,,,,,,
alien_welcome,851985,,,,,,,,,,86,120,1,58,98,115,15,74.0,88,90.0,2.0,54.0,76.0,43.0,26.0,68.0,22.0,97.0,67.0,49.0,89.0,108.0,33.0,107.0,25.0,70.0,80.0,99.0,94.0,82.0,23.0,81.0,20.0,19.0,118.0
land,852487,,,,101.0,,5,,,,,,,,,,,,,,,,,,,,,,,,,,,,,,,,,,,,,,
dig,854491,,,,,[],5,,,,,,,,,,,,,,,,,,,,,,,,,,,,,,,,,,,,,,
harvest,855993,,,,55.0,,5,,,,,,101,0.545490968,0.544554455,,,,,,,,,,,,,,,,,,,,,,,,,,,,,,
decision,857003,1008.8,65.0,,55.0,,5,,,,,,,,,103605,1,0.0,FALSE,,,,,,,,,,,,,,,,,,,,,,,,,,
dig,857998,,,,,[],5,,,,,,,,,,,,,,,,,,,,,,,,,,,,,,,,,,,,,,
harvest,859499,,,,31.0,,5,,,,,,55,0.571661432,0.563636364,,,,,,,,,,,,,,,,,,,,,,,,,,,,,,
decision,860409,908.2,76.0,,31.0,,5,,,,,,,,,107010,1,1.0,TRUE,,,,,,,,,,,,,,,,,,,,,,,,,,
travel,869503,,,,,[],5,,,,,,,,,,,,,,,,,,,,,,,,,,,,,,,,,,,,,,
alien_welcome,874506,,,,,,,,,,72,120,1,58,98,115,15,74.0,88,90.0,2.0,54.0,76.0,43.0,26.0,68.0,22.0,97.0,67.0,49.0,89.0,108.0,33.0,107.0,25.0,70.0,80.0,99.0,94.0,82.0,23.0,81.0,20.0,19.0,118.0
land,875009,,,,103.0,,6,,,,,,,,,,,,,,,,,,,,,,,,,,,,,,,,,,,,,,
dig,877012,,,,,[],6,,,,,,,,,,,,,,,,,,,,,,,,,,,,,,,,,,,,,,
harvest,878514,,,,77.0,,6,,,,,,103,0.747654297,0.747572816,,,,,,,,,,,,,,,,,,,,,,,,,,,,,,
decision,879242,726.3,65.0,,77.0,,6,,,,,,,,,125843,1,0.0,FALSE,,,,,,,,,,,,,,,,,,,,,,,,,,
dig,880532,,,,,[],6,,,,,,,,,,,,,,,,,,,,,,,,,,,,,,,,,,,,,,
harvest,882048,,,,61.0,,6,,,,,,77,0.78689461,0.792207792,,,,,,,,,,,,,,,,,,,,,,,,,,,,,,
decision,882758,709.2,65.0,,61.0,,6,,,,,,,,,129360,1,1.0,FALSE,,,,,,,,,,,,,,,,,,,,,,,,,,
dig,884053,,,,,[],6,,,,,,,,,,,,,,,,,,,,,,,,,,,,,,,,,,,,,,
harvest,885556,,,,48.0,,6,,,,,,61,0.783609168,0.786885246,,,,,,,,,,,,,,,,,,,,,,,,,,,,,,
decision,885705,147.6,76.0,,48.0,,6,,,,,,,,,132306,1,2.0,TRUE,,,,,,,,,,,,,,,,,,,,,,,,,,
travel,895560,,,,,[],6,,,,,,,,,,,,,,,,,,,,,,,,,,,,,,,,,,,,,,
alien_welcome,900563,,,,,,,,,,29,120,1,58,98,115,15,74.0,88,90.0,2.0,54.0,76.0,43.0,26.0,68.0,22.0,97.0,67.0,49.0,89.0,108.0,33.0,107.0,25.0,70.0,80.0,99.0,94.0,82.0,23.0,81.0,20.0,19.0,118.0
land,901066,,,,100.0,,7,,,,,,,,,,,,,,,,,,,,,,,,,,,,,,,,,,,,,,
dig,903069,,,,,[],7,,,,,,,,,,,,,,,,,,,,,,,,,,,,,,,,,,,,,,
harvest,904572,,,,85.0,,7,,,,,,100,0.850401788,0.85,,,,,,,,,,,,,,,,,,,,,,,,,,,,,,
decision,905230,657.1,65.0,,85.0,,7,,,,,,,,,151831,1,0.0,FALSE,,,,,,,,,,,,,,,,,,,,,,,,,,
dig,906576,,,,,[],7,,,,,,,,,,,,,,,,,,,,,,,,,,,,,,,,,,,,,,
harvest,908079,,,,69.0,,7,,,,,,85,0.811033963,0.811764706,,,,,,,,,,,,,,,,,,,,,,,,,,,,,,
decision,908992,912.2,65.0,,69.0,,7,,,,,,,,,155593,1,1.0,FALSE,,,,,,,,,,,,,,,,,,,,,,,,,,
dig,910083,,,,,[],7,,,,,,,,,,,,,,,,,,,,,,,,,,,,,,,,,,,,,,
harvest,911584,,,,58.0,,7,,,,,,69,0.840971444,0.84057971,,,,,,,,,,,,,,,,,,,,,,,,,,,,,,
decision,912520,934.4,65.0,,58.0,,7,,,,,,,,,159121,1,2.0,FALSE,,,,,,,,,,,,,,,,,,,,,,,,,,
dig,913590,,,,,[],7,,,,,,,,,,,,,,,,,,,,,,,,,,,,,,,,,,,,,,
harvest,915092,,,,47.0,,7,,,,,,58,0.818915139,0.810344828,,,,,,,,,,,,,,,,,,,,,,,,,,,,,,
decision,915457,364.0,76.0,,47.0,,7,,,,,,,,,162058,1,3.0,TRUE,,,,,,,,,,,,,,,,,,,,,,,,,,
travel,925091,,,,,[],7,,,,,,,,,,,,,,,,,,,,,,,,,,,,,,,,,,,,,,
alien_welcome,930094,,,,,,,,,,101,120,1,58,98,115,15,74.0,88,90.0,2.0,54.0,76.0,43.0,26.0,68.0,22.0,97.0,67.0,49.0,89.0,108.0,33.0,107.0,25.0,70.0,80.0,99.0,94.0,82.0,23.0,81.0,20.0,19.0,118.0
land,930596,,,,97.0,,8,,,,,,,,,,,,,,,,,,,,,,,,,,,,,,,,,,,,,,
dig,932600,,,,,[],8,,,,,,,,,,,,,,,,,,,,,,,,,,,,,,,,,,,,,,
harvest,934102,,,,76.0,,8,,,,,,97,0.78813885,0.783505155,,,,,,,,,,,,,,,,,,,,,,,,,,,,,,
decision,934547,442.5,65.0,,76.0,,8,,,,,,,,,181148,1,0.0,FALSE,,,,,,,,,,,,,,,,,,,,,,,,,,
dig,936122,,,,,[],8,,,,,,,,,,,,,,,,,,,,,,,,,,,,,,,,,,,,,,
harvest,937624,,,,65.0,,8,,,,,,76,0.859801487,0.855263158,,,,,,,,,,,,,,,,,,,,,,,,,,,,,,
decision,938216,591.0,65.0,,65.0,,8,,,,,,,,,184818,1,1.0,FALSE,,,,,,,,,,,,,,,,,,,,,,,,,,
dig,939628,,,,,[],8,,,,,,,,,,,,,,,,,,,,,,,,,,,,,,,,,,,,,,
harvest,941129,,,,50.0,,8,,,,,,65,0.766744475,0.769230769,,,,,,,,,,,,,,,,,,,,,,,,,,,,,,
decision,941978,847.9,76.0,,50.0,,8,,,,,,,,,188580,1,2.0,TRUE,,,,,,,,,,,,,,,,,,,,,,,,,,
travel,951129,,,,,[],8,,,,,,,,,,,,,,,,,,,,,,,,,,,,,,,,,,,,,,
alien_welcome,956136,,,,,,,,,,92,120,1,58,98,115,15,74.0,88,90.0,2.0,54.0,76.0,43.0,26.0,68.0,22.0,97.0,67.0,49.0,89.0,108.0,33.0,107.0,25.0,70.0,80.0,99.0,94.0,82.0,23.0,81.0,20.0,19.0,118.0
land,956640,,,,100.0,,9,,,,,,,,,,,,,,,,,,,,,,,,,,,,,,,,,,,,,,
dig,958643,,,,,[],9,,,,,,,,,,,,,,,,,,,,,,,,,,,,,,,,,,,,,,
harvest,960145,,,,12.0,,9,,,,,,100,0.120255854,0.12,,,,,,,,,,,,,,,,,,,,,,,,,,,,,,
decision,962147,,,,12.0,,9,,,,,,,,,208749,1,0.0,FALSE,,,,,,,,,,,,,,,,,,,,,,,,,,
time_out,964151,,,,12.0,,,,,,,,,,,,,,,,,,,,,,,,,,,,,,,,,,,,,,,,
decision,965193,1040.1,65.0,,12.0,,9,,,,,,,,,211794,1,0.0,FALSE,,,,,,,,,,,,,,,,,,,,,,,,,,
dig,966156,,,,,[],9,,,,,,,,,,,,,,,,,,,,,,,,,,,,,,,,,,,,,,
harvest,967658,,,,3.0,,9,,,,,,12,0.252180143,0.25,,,,,,,,,,,,,,,,,,,,,,,,,,,,,,
decision,968001,342.0,76.0,,3.0,,9,,,,,,,,,214602,1,1.0,TRUE,,,,,,,,,,,,,,,,,,,,,,,,,,
travel,977663,,,,,[],9,,,,,,,,,,,,,,,,,,,,,,,,,,,,,,,,,,,,,,
alien_welcome,982665,,,,,,,,,,17,120,1,58,98,115,15,74.0,88,90.0,2.0,54.0,76.0,43.0,26.0,68.0,22.0,97.0,67.0,49.0,89.0,108.0,33.0,107.0,25.0,70.0,80.0,99.0,94.0,82.0,23.0,81.0,20.0,19.0,118.0
land,983167,,,,99.0,,10,,,,,,,,,,,,,,,,,,,,,,,,,,,,,,,,,,,,,,
dig,985171,,,,,[],10,,,,,,,,,,,,,,,,,,,,,,,,,,,,,,,,,,,,,,
harvest,986674,,,,21.0,,10,,,,,,99,0.215654499,0.212121212,,,,,,,,,,,,,,,,,,,,,,,,,,,,,,
decision,987758,1083.2,76.0,,21.0,,10,,,,,,,,,234360,1,0.0,TRUE,,,,,,,,,,,,,,,,,,,,,,,,,,
travel,996674,,,,,[],10,,,,,,,,,,,,,,,,,,,,,,,,,,,,,,,,,,,,,,
alien_welcome,1001676,,,,,,,,,,60,120,1,58,98,115,15,74.0,88,90.0,2.0,54.0,76.0,43.0,26.0,68.0,22.0,97.0,67.0,49.0,89.0,108.0,33.0,107.0,25.0,70.0,80.0,99.0,94.0,82.0,23.0,81.0,20.0,19.0,118.0
land,1002178,,,,95.0,,11,,,,,,,,,,,,,,,,,,,,,,,,,,,,,,,,,,,,,,
dig,1004182,,,,,[],11,,,,,,,,,,,,,,,,,,,,,,,,,,,,,,,,,,,,,,
harvest,1005684,,,,24.0,,11,,,,,,95,0.249188222,0.252631579,,,,,,,,,,,,,,,,,,,,,,,,,,,,,,
decision,1005988,302.5,76.0,,24.0,,11,,,,,,,,,252589,1,0.0,TRUE,,,,,,,,,,,,,,,,,,,,,,,,,,
travel,1015687,,,,,[],11,,,,,,,,,,,,,,,,,,,,,,,,,,,,,,,,,,,,,,
alien_welcome,1020689,,,,,,,,,,104,120,1,58,98,115,15,74.0,88,90.0,2.0,54.0,76.0,43.0,26.0,68.0,22.0,97.0,67.0,49.0,89.0,108.0,33.0,107.0,25.0,70.0,80.0,99.0,94.0,82.0,23.0,81.0,20.0,19.0,118.0
land,1021192,,,,103.0,,12,,,,,,,,,,,,,,,,,,,,,,,,,,,,,,,,,,,,,,
dig,1023196,,,,,[],12,,,,,,,,,,,,,,,,,,,,,,,,,,,,,,,,,,,,,,
harvest,1024697,,,,20.0,,12,,,,,,103,0.196861526,0.194174757,,,,,,,,,,,,,,,,,,,,,,,,,,,,,,
decision,1024762,63.5,65.0,,20.0,,12,,,,,,,,,271363,1,0.0,FALSE,,,,,,,,,,,,,,,,,,,,,,,,,,
dig,1026702,,,,,[],12,,,,,,,,,,,,,,,,,,,,,,,,,,,,,,,,,,,,,,
harvest,1028204,,,,4.0,,12,,,,,,20,0.214780966,0.2,,,,,,,,,,,,,,,,,,,,,,,,,,,,,,
decision,1028364,158.3,76.0,,4.0,,12,,,,,,,,,274965,1,1.0,TRUE,,,,,,,,,,,,,,,,,,,,,,,,,,
travel,1038206,,,,,[],12,,,,,,,,,,,,,,,,,,,,,,,,,,,,,,,,,,,,,,
alien_welcome,1043208,,,,,,,,,,71,120,1,58,98,115,15,74.0,88,90.0,2.0,54.0,76.0,43.0,26.0,68.0,22.0,97.0,67.0,49.0,89.0,108.0,33.0,107.0,25.0,70.0,80.0,99.0,94.0,82.0,23.0,81.0,20.0,19.0,118.0
land,1043711,,,,97.0,,13,,,,,,,,,,,,,,,,,,,,,,,,,,,,,,,,,,,,,,
dig,1045715,,,,,[],13,,,,,,,,,,,,,,,,,,,,,,,,,,,,,,,,,,,,,,
harvest,1047217,,,,21.0,,13,,,,,,97,0.215085851,0.216494845,,,,,,,,,,,,,,,,,,,,,,,,,,,,,,
decision,1047909,690.9,65.0,,21.0,,13,,,,,,,,,294510,1,0.0,FALSE,,,,,,,,,,,,,,,,,,,,,,,,,,
dig,1049221,,,,,[],13,,,,,,,,,,,,,,,,,,,,,,,,,,,,,,,,,,,,,,
harvest,1050737,,,,4.0,,13,,,,,,21,0.211323997,0.19047619,,,,,,,,,,,,,,,,,,,,,,,,,,,,,,
decision,1051232,492.3,76.0,,4.0,,13,,,,,,,,,297833,1,1.0,TRUE,,,,,,,,,,,,,,,,,,,,,,,,,,
travel,1060743,,,,,[],13,,,,,,,,,,,,,,,,,,,,,,,,,,,,,,,,,,,,,,
alien_welcome,1065746,,,,,,,,,,117,120,1,58,98,115,15,74.0,88,90.0,2.0,54.0,76.0,43.0,26.0,68.0,22.0,97.0,67.0,49.0,89.0,108.0,33.0,107.0,25.0,70.0,80.0,99.0,94.0,82.0,23.0,81.0,20.0,19.0,118.0
land,1066247,,,,103.0,,14,,,,,,,,,,,,,,,,,,,,,,,,,,,,,,,,,,,,,,
dig,1068251,,,,,[],14,,,,,,,,,,,,,,,,,,,,,,,,,,,,,,,,,,,,,,
harvest,1069753,,,,81.0,,14,,,,,,103,0.786536714,0.786407767,,,,,,,,,,,,,,,,,,,,,,,,,,,,,,
decision,1070051,296.7,65.0,,81.0,,14,,,,,,,,,316653,1,0.0,FALSE,,,,,,,,,,,,,,,,,,,,,,,,,,
dig,1071758,,,,,[],14,,,,,,,,,,,,,,,,,,,,,,,,,,,,,,,,,,,,,,
harvest,1073261,,,,61.0,,14,,,,,,81,0.75597071,0.75308642,,,,,,,,,,,,,,,,,,,,,,,,,,,,,,
decision,1073590,328.0,65.0,,61.0,,14,,,,,,,,,320191,1,1.0,FALSE,,,,,,,,,,,,,,,,,,,,,,,,,,
dig,1075267,,,,,[],14,,,,,,,,,,,,,,,,,,,,,,,,,,,,,,,,,,,,,,
harvest,1076768,,,,51.0,,14,,,,,,61,0.840763771,0.836065574,,,,,,,,,,,,,,,,,,,,,,,,,,,,,,
decision,1077418,648.1,76.0,,51.0,,14,,,,,,,,,324019,1,2.0,TRUE,,,,,,,,,,,,,,,,,,,,,,,,,,
travel,1086773,,,,,[],14,,,,,,,,,,,,,,,,,,,,,,,,,,,,,,,,,,,,,,
alien_welcome,1091776,,,,,,,,,,116,120,1,58,98,115,15,74.0,88,90.0,2.0,54.0,76.0,43.0,26.0,68.0,22.0,97.0,67.0,49.0,89.0,108.0,33.0,107.0,25.0,70.0,80.0,99.0,94.0,82.0,23.0,81.0,20.0,19.0,118.0
land,1092287,,,,102.0,,15,,,,,,,,,,,,,,,,,,,,,,,,,,,,,,,,,,,,,,
dig,1094291,,,,,[],15,,,,,,,,,,,,,,,,,,,,,,,,,,,,,,,,,,,,,,
harvest,1095794,,,,82.0,,15,,,,,,102,0.801046429,0.803921569,,,,,,,,,,,,,,,,,,,,,,,,,,,,,,
decision,1095996,200.9,65.0,,82.0,,15,,,,,,,,,342598,1,0.0,FALSE,,,,,,,,,,,,,,,,,,,,,,,,,,
dig,1097814,,,,,[],15,,,,,,,,,,,,,,,,,,,,,,,,,,,,,,,,,,,,,,
harvest,1099315,,,,66.0,,15,,,,,,82,0.803562228,0.804878049,,,,,,,,,,,,,,,,,,,,,,,,,,,,,,
decision,1100415,1098.6,65.0,,66.0,,15,,,,,,,,,347017,1,1.0,FALSE,,,,,,,,,,,,,,,,,,,,,,,,,,
dig,1101321,,,,,[],15,,,,,,,,,,,,,,,,,,,,,,,,,,,,,,,,,,,,,,
harvest,1102822,,,,55.0,,15,,,,,,66,0.83389165,0.833333333,,,,,,,,,,,,,,,,,,,,,,,,,,,,,,
decision,1103187,363.5,76.0,,55.0,,15,,,,,,,,,349789,1,2.0,TRUE,,,,,,,,,,,,,,,,,,,,,,,,,,
travel,1112822,,,,,[],15,,,,,,,,,,,,,,,,,,,,,,,,,,,,,,,,,,,,,,
alien_welcome,1117826,,,,,,,,,,87,120,1,58,98,115,15,74.0,88,90.0,2.0,54.0,76.0,43.0,26.0,68.0,22.0,97.0,67.0,49.0,89.0,108.0,33.0,107.0,25.0,70.0,80.0,99.0,94.0,82.0,23.0,81.0,20.0,19.0,118.0
land,1118328,,,,102.0,,16,,,,,,,,,,,,,,,,,,,,,,,,,,,,,,,,,,,,,,
dig,1120332,,,,,[],16,,,,,,,,,,,,,,,,,,,,,,,,,,,,,,,,,,,,,,
harvest,1121835,,,,56.0,,16,,,,,,102,0.549703923,0.549019608,,,,,,,,,,,,,,,,,,,,,,,,,,,,,,
decision,1122236,399.5,65.0,,56.0,,16,,,,,,,,,368837,1,0.0,TRUE,,,,,,,,,,,,,,,,,,,,,,,,,,
catch,1126525,4286.6,90.0,,56.0,,,,,,,,,,,,,,,,,,,,,,,,,,,,,,,,,,,,,,,,
end_of_block,1147454,20927.0,32.0,,,,,,,,,,,,,,,,,,,,,,,,,,,,,,,,,,,,,,,,,,
alien_welcome,1152473,,,,,,,,,,39,120,1,58,98,115,15,74.0,88,90.0,2.0,54.0,76.0,43.0,26.0,68.0,22.0,97.0,67.0,49.0,89.0,108.0,33.0,107.0,25.0,70.0,80.0,99.0,94.0,82.0,23.0,81.0,20.0,19.0,118.0
land,1152976,,,,96.0,,17,,,,,,,,,,,,,,,,,,,,,,,,,,,,,,,,,,,,,,
dig,1154981,,,,,[],17,,,,,,,,,,,,,,,,,,,,,,,,,,,,,,,,,,,,,,
harvest,1156483,,,,19.0,,17,,,,,,96,0.202652981,0.197916667,,,,,,,,,,,,,,,,,,,,,,,,,,,,,,
decision,1158182,1698.0,76.0,,19.0,,17,,,,,,,,,10725,2,0.0,TRUE,,,,,,,,,,,,,,,,,,,,,,,,,,
travel,1166484,,,,,[],17,,,,,,,,,,,,,,,,,,,,,,,,,,,,,,,,,,,,,,
alien_welcome,1171487,,,,,,,,,,52,120,1,58,98,115,15,74.0,88,90.0,2.0,54.0,76.0,43.0,26.0,68.0,22.0,97.0,67.0,49.0,89.0,108.0,33.0,107.0,25.0,70.0,80.0,99.0,94.0,82.0,23.0,81.0,20.0,19.0,118.0
land,1171991,,,,101.0,,18,,,,,,,,,,,,,,,,,,,,,,,,,,,,,,,,,,,,,,
dig,1173996,,,,,[],18,,,,,,,,,,,,,,,,,,,,,,,,,,,,,,,,,,,,,,
harvest,1175522,,,,17.0,,18,,,,,,101,0.171138759,0.168316832,,,,,,,,,,,,,,,,,,,,,,,,,,,,,,
decision,1175613,89.19999999,65.0,,17.0,,18,,,,,,,,,28156,2,0.0,FALSE,,,,,,,,,,,,,,,,,,,,,,,,,,
dig,1177534,,,,,[],18,,,,,,,,,,,,,,,,,,,,,,,,,,,,,,,,,,,,,,
harvest,1179038,,,,5.0,,18,,,,,,17,0.290489661,0.294117647,,,,,,,,,,,,,,,,,,,,,,,,,,,,,,
decision,1179583,544.4,76.0,,5.0,,18,,,,,,,,,32126,2,1.0,TRUE,,,,,,,,,,,,,,,,,,,,,,,,,,
travel,1189038,,,,,[],18,,,,,,,,,,,,,,,,,,,,,,,,,,,,,,,,,,,,,,
alien_welcome,1194041,,,,,,,,,,51,120,1,58,98,115,15,74.0,88,90.0,2.0,54.0,76.0,43.0,26.0,68.0,22.0,97.0,67.0,49.0,89.0,108.0,33.0,107.0,25.0,70.0,80.0,99.0,94.0,82.0,23.0,81.0,20.0,19.0,118.0
land,1194544,,,,90.0,,19,,,,,,,,,,,,,,,,,,,,,,,,,,,,,,,,,,,,,,
dig,1196549,,,,,[],19,,,,,,,,,,,,,,,,,,,,,,,,,,,,,,,,,,,,,,
harvest,1198052,,,,14.0,,19,,,,,,90,0.150253937,0.155555556,,,,,,,,,,,,,,,,,,,,,,,,,,,,,,
decision,1198163,109.3,76.0,,14.0,,19,,,,,,,,,50706,2,0.0,TRUE,,,,,,,,,,,,,,,,,,,,,,,,,,
travel,1208050,,,,,[],19,,,,,,,,,,,,,,,,,,,,,,,,,,,,,,,,,,,,,,
alien_welcome,1213052,,,,,,,,,,35,120,1,58,98,115,15,74.0,88,90.0,2.0,54.0,76.0,43.0,26.0,68.0,22.0,97.0,67.0,49.0,89.0,108.0,33.0,107.0,25.0,70.0,80.0,99.0,94.0,82.0,23.0,81.0,20.0,19.0,118.0
land,1213554,,,,99.0,,20,,,,,,,,,,,,,,,,,,,,,,,,,,,,,,,,,,,,,,
dig,1215559,,,,,[],20,,,,,,,,,,,,,,,,,,,,,,,,,,,,,,,,,,,,,,
harvest,1217064,,,,85.0,,20,,,,,,99,0.863562699,0.858585859,,,,,,,,,,,,,,,,,,,,,,,,,,,,,,
decision,1217352,286.5,76.0,,85.0,,20,,,,,,,,,69895,2,0.0,TRUE,,,,,,,,,,,,,,,,,,,,,,,,,,
travel,1227068,,,,,[],20,,,,,,,,,,,,,,,,,,,,,,,,,,,,,,,,,,,,,,
alien_welcome,1232071,,,,,,,,,,36,120,1,58,98,115,15,74.0,88,90.0,2.0,54.0,76.0,43.0,26.0,68.0,22.0,97.0,67.0,49.0,89.0,108.0,33.0,107.0,25.0,70.0,80.0,99.0,94.0,82.0,23.0,81.0,20.0,19.0,118.0
land,1232574,,,,108.0,,21,,,,,,,,,,,,,,,,,,,,,,,,,,,,,,,,,,,,,,
dig,1234577,,,,,[],21,,,,,,,,,,,,,,,,,,,,,,,,,,,,,,,,,,,,,,
harvest,1236079,,,,96.0,,21,,,,,,108,0.891430582,0.888888889,,,,,,,,,,,,,,,,,,,,,,,,,,,,,,
decision,1236312,232.3,65.0,,96.0,,21,,,,,,,,,88856,2,0.0,FALSE,,,,,,,,,,,,,,,,,,,,,,,,,,
dig,1238084,,,,,[],21,,,,,,,,,,,,,,,,,,,,,,,,,,,,,,,,,,,,,,
harvest,1239588,,,,78.0,,21,,,,,,96,0.814635474,0.8125,,,,,,,,,,,,,,,,,,,,,,,,,,,,,,
decision,1240305,715.6,65.0,,78.0,,21,,,,,,,,,92848,2,1.0,FALSE,,,,,,,,,,,,,,,,,,,,,,,,,,
dig,1241595,,,,,[],21,,,,,,,,,,,,,,,,,,,,,,,,,,,,,,,,,,,,,,
harvest,1243097,,,,61.0,,21,,,,,,78,0.785608492,0.782051282,,,,,,,,,,,,,,,,,,,,,,,,,,,,,,
decision,1243915,816.9,65.0,,61.0,,21,,,,,,,,,96458,2,2.0,FALSE,,,,,,,,,,,,,,,,,,,,,,,,,,
dig,1245102,,,,,[],21,,,,,,,,,,,,,,,,,,,,,,,,,,,,,,,,,,,,,,
harvest,1246605,,,,51.0,,21,,,,,,61,0.842802945,0.836065574,,,,,,,,,,,,,,,,,,,,,,,,,,,,,,
decision,1246943,336.9,76.0,,51.0,,21,,,,,,,,,99486,2,3.0,TRUE,,,,,,,,,,,,,,,,,,,,,,,,,,
travel,1256605,,,,,[],21,,,,,,,,,,,,,,,,,,,,,,,,,,,,,,,,,,,,,,
alien_welcome,1261608,,,,,,,,,,31,120,1,58,98,115,15,74.0,88,90.0,2.0,54.0,76.0,43.0,26.0,68.0,22.0,97.0,67.0,49.0,89.0,108.0,33.0,107.0,25.0,70.0,80.0,99.0,94.0,82.0,23.0,81.0,20.0,19.0,118.0
land,1262111,,,,108.0,,22,,,,,,,,,,,,,,,,,,,,,,,,,,,,,,,,,,,,,,
dig,1264117,,,,,[],22,,,,,,,,,,,,,,,,,,,,,,,,,,,,,,,,,,,,,,
harvest,1265618,,,,85.0,,22,,,,,,108,0.783544463,0.787037037,,,,,,,,,,,,,,,,,,,,,,,,,,,,,,
decision,1265629,9.0,65.0,,85.0,,22,,,,,,,,,118172,2,0.0,FALSE,,,,,,,,,,,,,,,,,,,,,,,,,,
dig,1267623,,,,,[],22,,,,,,,,,,,,,,,,,,,,,,,,,,,,,,,,,,,,,,
harvest,1269125,,,,67.0,,22,,,,,,85,0.792411813,0.788235294,,,,,,,,,,,,,,,,,,,,,,,,,,,,,,
decision,1269455,328.3,65.0,,67.0,,22,,,,,,,,,121998,2,1.0,FALSE,,,,,,,,,,,,,,,,,,,,,,,,,,
dig,1271131,,,,,[],22,,,,,,,,,,,,,,,,,,,,,,,,,,,,,,,,,,,,,,
harvest,1272634,,,,49.0,,22,,,,,,67,0.737024152,0.731343284,,,,,,,,,,,,,,,,,,,,,,,,,,,,,,
decision,1273335,698.9,76.0,,49.0,,22,,,,,,,,,125878,2,2.0,TRUE,,,,,,,,,,,,,,,,,,,,,,,,,,
travel,1282637,,,,,[],22,,,,,,,,,,,,,,,,,,,,,,,,,,,,,,,,,,,,,,
alien_welcome,1287640,,,,,,,,,,102,120,1,58,98,115,15,74.0,88,90.0,2.0,54.0,76.0,43.0,26.0,68.0,22.0,97.0,67.0,49.0,89.0,108.0,33.0,107.0,25.0,70.0,80.0,99.0,94.0,82.0,23.0,81.0,20.0,19.0,118.0
land,1288142,,,,99.0,,23,,,,,,,,,,,,,,,,,,,,,,,,,,,,,,,,,,,,,,
dig,1290145,,,,,[],23,,,,,,,,,,,,,,,,,,,,,,,,,,,,,,,,,,,,,,
harvest,1291648,,,,86.0,,23,,,,,,99,0.868380452,0.868686869,,,,,,,,,,,,,,,,,,,,,,,,,,,,,,
decision,1292369,719.4,76.0,,86.0,,23,,,,,,,,,144912,2,0.0,TRUE,,,,,,,,,,,,,,,,,,,,,,,,,,
travel,1301656,,,,,[],23,,,,,,,,,,,,,,,,,,,,,,,,,,,,,,,,,,,,,,
alien_welcome,1306660,,,,,,,,,,6,120,1,58,98,115,15,74.0,88,90.0,2.0,54.0,76.0,43.0,26.0,68.0,22.0,97.0,67.0,49.0,89.0,108.0,33.0,107.0,25.0,70.0,80.0,99.0,94.0,82.0,23.0,81.0,20.0,19.0,118.0
land,1307165,,,,105.0,,24,,,,,,,,,,,,,,,,,,,,,,,,,,,,,,,,,,,,,,
dig,1309169,,,,,[],24,,,,,,,,,,,,,,,,,,,,,,,,,,,,,,,,,,,,,,
harvest,1310671,,,,82.0,,24,,,,,,105,0.776952452,0.780952381,,,,,,,,,,,,,,,,,,,,,,,,,,,,,,
decision,1311763,1090.0,65.0,,82.0,,24,,,,,,,,,164306,2,0.0,FALSE,,,,,,,,,,,,,,,,,,,,,,,,,,
dig,1312678,,,,,[],24,,,,,,,,,,,,,,,,,,,,,,,,,,,,,,,,,,,,,,
harvest,1314190,,,,75.0,,24,,,,,,82,0.913492785,0.914634146,,,,,,,,,,,,,,,,,,,,,,,,,,,,,,
decision,1314707,516.1,76.0,,75.0,,24,,,,,,,,,167251,2,1.0,TRUE,,,,,,,,,,,,,,,,,,,,,,,,,,
travel,1324191,,,,,[],24,,,,,,,,,,,,,,,,,,,,,,,,,,,,,,,,,,,,,,
alien_welcome,1329195,,,,,,,,,,46,120,1,58,98,115,15,74.0,88,90.0,2.0,54.0,76.0,43.0,26.0,68.0,22.0,97.0,67.0,49.0,89.0,108.0,33.0,107.0,25.0,70.0,80.0,99.0,94.0,82.0,23.0,81.0,20.0,19.0,118.0
land,1329697,,,,101.0,,25,,,,,,,,,,,,,,,,,,,,,,,,,,,,,,,,,,,,,,
dig,1331702,,,,,[],25,,,,,,,,,,,,,,,,,,,,,,,,,,,,,,,,,,,,,,
harvest,1333204,,,,53.0,,25,,,,,,101,0.526124874,0.524752475,,,,,,,,,,,,,,,,,,,,,,,,,,,,,,
decision,1333408,203.2,65.0,,53.0,,25,,,,,,,,,185952,2,0.0,FALSE,,,,,,,,,,,,,,,,,,,,,,,,,,
dig,1335208,,,,,[],25,,,,,,,,,,,,,,,,,,,,,,,,,,,,,,,,,,,,,,
harvest,1336710,,,,22.0,,25,,,,,,53,0.409416311,0.41509434,,,,,,,,,,,,,,,,,,,,,,,,,,,,,,
decision,1337278,567.2,76.0,,22.0,,25,,,,,,,,,189821,2,1.0,TRUE,,,,,,,,,,,,,,,,,,,,,,,,,,
travel,1346716,,,,,[],25,,,,,,,,,,,,,,,,,,,,,,,,,,,,,,,,,,,,,,
alien_welcome,1351719,,,,,,,,,,18,120,1,58,98,115,15,74.0,88,90.0,2.0,54.0,76.0,43.0,26.0,68.0,22.0,97.0,67.0,49.0,89.0,108.0,33.0,107.0,25.0,70.0,80.0,99.0,94.0,82.0,23.0,81.0,20.0,19.0,118.0
land,1352222,,,,102.0,,26,,,,,,,,,,,,,,,,,,,,,,,,,,,,,,,,,,,,,,
dig,1354226,,,,,[],26,,,,,,,,,,,,,,,,,,,,,,,,,,,,,,,,,,,,,,
harvest,1355729,,,,78.0,,26,,,,,,102,0.766595,0.764705882,,,,,,,,,,,,,,,,,,,,,,,,,,,,,,
decision,1356414,684.1,65.0,,78.0,,26,,,,,,,,,208958,2,0.0,FALSE,,,,,,,,,,,,,,,,,,,,,,,,,,
dig,1357735,,,,,[],26,,,,,,,,,,,,,,,,,,,,,,,,,,,,,,,,,,,,,,
harvest,1359237,,,,62.0,,26,,,,,,78,0.793936979,0.794871795,,,,,,,,,,,,,,,,,,,,,,,,,,,,,,
decision,1359687,447.2,76.0,,62.0,,26,,,,,,,,,212230,2,1.0,TRUE,,,,,,,,,,,,,,,,,,,,,,,,,,
travel,1369241,,,,,[],26,,,,,,,,,,,,,,,,,,,,,,,,,,,,,,,,,,,,,,
alien_welcome,1374244,,,,,,,,,,79,120,1,58,98,115,15,74.0,88,90.0,2.0,54.0,76.0,43.0,26.0,68.0,22.0,97.0,67.0,49.0,89.0,108.0,33.0,107.0,25.0,70.0,80.0,99.0,94.0,82.0,23.0,81.0,20.0,19.0,118.0
land,1374747,,,,108.0,,27,,,,,,,,,,,,,,,,,,,,,,,,,,,,,,,,,,,,,,
dig,1376752,,,,,[],27,,,,,,,,,,,,,,,,,,,,,,,,,,,,,,,,,,,,,,
harvest,1378258,,,,91.0,,27,,,,,,108,0.84593393,0.842592593,,,,,,,,,,,,,,,,,,,,,,,,,,,,,,
decision,1379891,1632.0,65.0,,91.0,,27,,,,,,,,,232434,2,0.0,FALSE,,,,,,,,,,,,,,,,,,,,,,,,,,
dig,1380263,,,,,[],27,,,,,,,,,,,,,,,,,,,,,,,,,,,,,,,,,,,,,,
harvest,1381765,,,,72.0,,27,,,,,,91,0.794748046,0.791208791,,,,,,,,,,,,,,,,,,,,,,,,,,,,,,
decision,1382431,664.4,65.0,,72.0,,27,,,,,,,,,234974,2,1.0,FALSE,,,,,,,,,,,,,,,,,,,,,,,,,,
dig,1383775,,,,,[],27,,,,,,,,,,,,,,,,,,,,,,,,,,,,,,,,,,,,,,
harvest,1385288,,,,60.0,,27,,,,,,72,0.83281479,0.833333333,,,,,,,,,,,,,,,,,,,,,,,,,,,,,,
decision,1386470,1181.4,76.0,,60.0,,27,,,,,,,,,239013,2,2.0,TRUE,,,,,,,,,,,,,,,,,,,,,,,,,,
travel,1395287,,,,,[],27,,,,,,,,,,,,,,,,,,,,,,,,,,,,,,,,,,,,,,
alien_welcome,1400290,,,,,,,,,,28,120,1,58,98,115,15,74.0,88,90.0,2.0,54.0,76.0,43.0,26.0,68.0,22.0,97.0,67.0,49.0,89.0,108.0,33.0,107.0,25.0,70.0,80.0,99.0,94.0,82.0,23.0,81.0,20.0,19.0,118.0
land,1400792,,,,106.0,,28,,,,,,,,,,,,,,,,,,,,,,,,,,,,,,,,,,,,,,
dig,1402797,,,,,[],28,,,,,,,,,,,,,,,,,,,,,,,,,,,,,,,,,,,,,,
harvest,1404299,,,,30.0,,28,,,,,,106,0.283385815,0.283018868,,,,,,,,,,,,,,,,,,,,,,,,,,,,,,
decision,1404340,40.0,65.0,,30.0,,28,,,,,,,,,256883,2,0.0,FALSE,,,,,,,,,,,,,,,,,,,,,,,,,,
dig,1406304,,,,,[],28,,,,,,,,,,,,,,,,,,,,,,,,,,,,,,,,,,,,,,
harvest,1407806,,,,6.0,,28,,,,,,30,0.196784076,0.2,,,,,,,,,,,,,,,,,,,,,,,,,,,,,,
decision,1408412,604.7,76.0,,6.0,,28,,,,,,,,,260956,2,1.0,TRUE,,,,,,,,,,,,,,,,,,,,,,,,,,
travel,1417805,,,,,[],28,,,,,,,,,,,,,,,,,,,,,,,,,,,,,,,,,,,,,,
alien_welcome,1422809,,,,,,,,,,63,120,1,58,98,115,15,74.0,88,90.0,2.0,54.0,76.0,43.0,26.0,68.0,22.0,97.0,67.0,49.0,89.0,108.0,33.0,107.0,25.0,70.0,80.0,99.0,94.0,82.0,23.0,81.0,20.0,19.0,118.0
land,1423311,,,,107.0,,29,,,,,,,,,,,,,,,,,,,,,,,,,,,,,,,,,,,,,,
dig,1425315,,,,,[],29,,,,,,,,,,,,,,,,,,,,,,,,,,,,,,,,,,,,,,
harvest,1426818,,,,14.0,,29,,,,,,107,0.131754923,0.130841121,,,,,,,,,,,,,,,,,,,,,,,,,,,,,,
decision,1427037,217.7,65.0,,14.0,,29,,,,,,,,,279580,2,0.0,FALSE,,,,,,,,,,,,,,,,,,,,,,,,,,
dig,1428826,,,,,[],29,,,,,,,,,,,,,,,,,,,,,,,,,,,,,,,,,,,,,,
harvest,1430329,,,,3.0,,29,,,,,,14,0.233139151,0.214285714,,,,,,,,,,,,,,,,,,,,,,,,,,,,,,
decision,1430490,160.6,76.0,,3.0,,29,,,,,,,,,283034,2,1.0,TRUE,,,,,,,,,,,,,,,,,,,,,,,,,,
travel,1440333,,,,,[],29,,,,,,,,,,,,,,,,,,,,,,,,,,,,,,,,,,,,,,
alien_welcome,1445335,,,,,,,,,,14,120,1,58,98,115,15,74.0,88,90.0,2.0,54.0,76.0,43.0,26.0,68.0,22.0,97.0,67.0,49.0,89.0,108.0,33.0,107.0,25.0,70.0,80.0,99.0,94.0,82.0,23.0,81.0,20.0,19.0,118.0
land,1445837,,,,110.0,,30,,,,,,,,,,,,,,,,,,,,,,,,,,,,,,,,,,,,,,
dig,1447841,,,,,[],30,,,,,,,,,,,,,,,,,,,,,,,,,,,,,,,,,,,,,,
harvest,1449344,,,,23.0,,30,,,,,,110,0.207040392,0.209090909,,,,,,,,,,,,,,,,,,,,,,,,,,,,,,
decision,1450163,817.1,65.0,,23.0,,30,,,,,,,,,302706,2,0.0,FALSE,,,,,,,,,,,,,,,,,,,,,,,,,,
dig,1451351,,,,,[],30,,,,,,,,,,,,,,,,,,,,,,,,,,,,,,,,,,,,,,
harvest,1452853,,,,4.0,,30,,,,,,23,0.172395156,0.173913043,,,,,,,,,,,,,,,,,,,,,,,,,,,,,,
decision,1454128,1274.3,76.0,,4.0,,30,,,,,,,,,306672,2,1.0,TRUE,,,,,,,,,,,,,,,,,,,,,,,,,,
travel,1462855,,,,,[],30,,,,,,,,,,,,,,,,,,,,,,,,,,,,,,,,,,,,,,
alien_welcome,1467857,,,,,,,,,,61,120,1,58,98,115,15,74.0,88,90.0,2.0,54.0,76.0,43.0,26.0,68.0,22.0,97.0,67.0,49.0,89.0,108.0,33.0,107.0,25.0,70.0,80.0,99.0,94.0,82.0,23.0,81.0,20.0,19.0,118.0
land,1468360,,,,104.0,,31,,,,,,,,,,,,,,,,,,,,,,,,,,,,,,,,,,,,,,
dig,1470364,,,,,[],31,,,,,,,,,,,,,,,,,,,,,,,,,,,,,,,,,,,,,,
harvest,1471866,,,,19.0,,31,,,,,,104,0.182259856,0.182692308,,,,,,,,,,,,,,,,,,,,,,,,,,,,,,
decision,1472670,803.3,65.0,,19.0,,31,,,,,,,,,325214,2,0.0,FALSE,,,,,,,,,,,,,,,,,,,,,,,,,,
dig,1473873,,,,,[],31,,,,,,,,,,,,,,,,,,,,,,,,,,,,,,,,,,,,,,
harvest,1475375,,,,5.0,,31,,,,,,19,0.257485308,0.263157895,,,,,,,,,,,,,,,,,,,,,,,,,,,,,,
decision,1476208,832.0,76.0,,5.0,,31,,,,,,,,,328752,2,1.0,TRUE,,,,,,,,,,,,,,,,,,,,,,,,,,
travel,1485378,,,,,[],31,,,,,,,,,,,,,,,,,,,,,,,,,,,,,,,,,,,,,,
alien_welcome,1490380,,,,,,,,,,44,120,1,58,98,115,15,74.0,88,90.0,2.0,54.0,76.0,43.0,26.0,68.0,22.0,97.0,67.0,49.0,89.0,108.0,33.0,107.0,25.0,70.0,80.0,99.0,94.0,82.0,23.0,81.0,20.0,19.0,118.0
land,1490883,,,,104.0,,32,,,,,,,,,,,,,,,,,,,,,,,,,,,,,,,,,,,,,,
dig,1492887,,,,,[],32,,,,,,,,,,,,,,,,,,,,,,,,,,,,,,,,,,,,,,
harvest,1494389,,,,88.0,,32,,,,,,104,0.841370734,0.846153846,,,,,,,,,,,,,,,,,,,,,,,,,,,,,,
decision,1494596,205.4,65.0,,88.0,,32,,,,,,,,,347139,2,0.0,FALSE,,,,,,,,,,,,,,,,,,,,,,,,,,
dig,1496397,,,,,[],32,,,,,,,,,,,,,,,,,,,,,,,,,,,,,,,,,,,,,,
harvest,1497900,,,,73.0,,32,,,,,,88,0.827514548,0.829545455,,,,,,,,,,,,,,,,,,,,,,,,,,,,,,
decision,1498268,366.7,76.0,,73.0,,32,,,,,,,,,350811,2,1.0,TRUE,,,,,,,,,,,,,,,,,,,,,,,,,,
travel,1507904,,,,,[],32,,,,,,,,,,,,,,,,,,,,,,,,,,,,,,,,,,,,,,
alien_welcome,1512906,,,,,,,,,,114,120,1,58,98,115,15,74.0,88,90.0,2.0,54.0,76.0,43.0,26.0,68.0,22.0,97.0,67.0,49.0,89.0,108.0,33.0,107.0,25.0,70.0,80.0,99.0,94.0,82.0,23.0,81.0,20.0,19.0,118.0
land,1513409,,,,107.0,,33,,,,,,,,,,,,,,,,,,,,,,,,,,,,,,,,,,,,,,
dig,1515413,,,,,[],33,,,,,,,,,,,,,,,,,,,,,,,,,,,,,,,,,,,,,,
harvest,1516916,,,,77.0,,33,,,,,,107,0.721800599,0.719626168,,,,,,,,,,,,,,,,,,,,,,,,,,,,,,
decision,1517123,206.0,65.0,,77.0,,33,,,,,,,,,369666,2,0.0,TRUE,,,,,,,,,,,,,,,,,,,,,,,,,,
end_of_block,1577131,,,,,,,,,,,,,,,,,,,,,,,,,,,,,,,,,,,,,,,,,,,,
alien_welcome,1582147,,,,,,,,,,84,120,1,58,98,115,15,74.0,88,90.0,2.0,54.0,76.0,43.0,26.0,68.0,22.0,97.0,67.0,49.0,89.0,108.0,33.0,107.0,25.0,70.0,80.0,99.0,94.0,82.0,23.0,81.0,20.0,19.0,118.0
land,1582648,,,,105.0,,34,,,,,,,,,,,,,,,,,,,,,,,,,,,,,,,,,,,,,,
dig,1584653,,,,,[],34,,,,,,,,,,,,,,,,,,,,,,,,,,,,,,,,,,,,,,
harvest,1586155,,,,48.0,,34,,,,,,105,0.454635094,0.457142857,,,,,,,,,,,,,,,,,,,,,,,,,,,,,,
decision,1588157,,,,48.0,,34,,,,,,,,,11023,3,0.0,FALSE,,,,,,,,,,,,,,,,,,,,,,,,,,
time_out,1590161,,,,48.0,,,,,,,,,,,,,,,,,,,,,,,,,,,,,,,,,,,,,,,,
decision,1592163,,,,48.0,,34,,,,,,,,,15030,3,0.0,FALSE,,,,,,,,,,,,,,,,,,,,,,,,,,
time_out,1594169,,,,48.0,,,,,,,,,,,,,,,,,,,,,,,,,,,,,,,,,,,,,,,,
decision,1596171,,,,48.0,,34,,,,,,,,,19038,3,0.0,FALSE,,,,,,,,,,,,,,,,,,,,,,,,,,
time_out,1598177,,,,48.0,,,,,,,,,,,,,,,,,,,,,,,,,,,,,,,,,,,,,,,,
decision,1600181,,,,48.0,,34,,,,,,,,,23047,3,0.0,FALSE,,,,,,,,,,,,,,,,,,,,,,,,,,
time_out,1602186,,,,48.0,,,,,,,,,,,,,,,,,,,,,,,,,,,,,,,,,,,,,,,,
decision,1604188,,,,48.0,,34,,,,,,,,,27054,3,0.0,FALSE,,,,,,,,,,,,,,,,,,,,,,,,,,
time_out,1606194,,,,48.0,,,,,,,,,,,,,,,,,,,,,,,,,,,,,,,,,,,,,,,,
decision,1608209,,,,48.0,,34,,,,,,,,,31076,3,0.0,FALSE,,,,,,,,,,,,,,,,,,,,,,,,,,
time_out,1610214,,,,48.0,,,,,,,,,,,,,,,,,,,,,,,,,,,,,,,,,,,,,,,,
decision,1612216,,,,48.0,,34,,,,,,,,,35082,3,0.0,FALSE,,,,,,,,,,,,,,,,,,,,,,,,,,
time_out,1614221,,,,48.0,,,,,,,,,,,,,,,,,,,,,,,,,,,,,,,,,,,,,,,,
decision,1616223,,,,48.0,,34,,,,,,,,,39089,3,0.0,FALSE,,,,,,,,,,,,,,,,,,,,,,,,,,
time_out,1618228,,,,48.0,,,,,,,,,,,,,,,,,,,,,,,,,,,,,,,,,,,,,,,,
decision,1620231,,,,48.0,,34,,,,,,,,,43097,3,0.0,FALSE,,,,,,,,,,,,,,,,,,,,,,,,,,
time_out,1622236,,,,48.0,,,,,,,,,,,,,,,,,,,,,,,,,,,,,,,,,,,,,,,,
decision,1624239,,,,48.0,,34,,,,,,,,,47105,3,0.0,FALSE,,,,,,,,,,,,,,,,,,,,,,,,,,
time_out,1626243,,,,48.0,,,,,,,,,,,,,,,,,,,,,,,,,,,,,,,,,,,,,,,,
decision,1628245,,,,48.0,,34,,,,,,,,,51112,3,0.0,FALSE,,,,,,,,,,,,,,,,,,,,,,,,,,
time_out,1630250,,,,48.0,,,,,,,,,,,,,,,,,,,,,,,,,,,,,,,,,,,,,,,,
decision,1632260,,,,48.0,,34,,,,,,,,,55127,3,0.0,FALSE,,,,,,,,,,,,,,,,,,,,,,,,,,
time_out,1634266,,,,48.0,,,,,,,,,,,,,,,,,,,,,,,,,,,,,,,,,,,,,,,,
decision,1636268,,,,48.0,,34,,,,,,,,,59134,3,0.0,FALSE,,,,,,,,,,,,,,,,,,,,,,,,,,
time_out,1638272,,,,48.0,,,,,,,,,,,,,,,,,,,,,,,,,,,,,,,,,,,,,,,,
decision,1640275,,,,48.0,,34,,,,,,,,,63141,3,0.0,FALSE,,,,,,,,,,,,,,,,,,,,,,,,,,
time_out,1642281,,,,48.0,,,,,,,,,,,,,,,,,,,,,,,,,,,,,,,,,,,,,,,,
decision,1644283,,,,48.0,,34,,,,,,,,,67149,3,0.0,FALSE,,,,,,,,,,,,,,,,,,,,,,,,,,
time_out,1646289,,,,48.0,,,,,,,,,,,,,,,,,,,,,,,,,,,,,,,,,,,,,,,,
decision,1648292,,,,48.0,,34,,,,,,,,,71158,3,0.0,FALSE,,,,,,,,,,,,,,,,,,,,,,,,,,
time_out,1650296,,,,48.0,,,,,,,,,,,,,,,,,,,,,,,,,,,,,,,,,,,,,,,,
decision,1652298,,,,48.0,,34,,,,,,,,,75164,3,0.0,FALSE,,,,,,,,,,,,,,,,,,,,,,,,,,
time_out,1654305,,,,48.0,,,,,,,,,,,,,,,,,,,,,,,,,,,,,,,,,,,,,,,,
decision,1656179,1873.2,76.0,,48.0,,34,,,,,,,,,79046,3,0.0,TRUE,,,,,,,,,,,,,,,,,,,,,,,,,,
travel,1664304,,,,,[],34,,,,,,,,,,,,,,,,,,,,,,,,,,,,,,,,,,,,,,
alien_welcome,1669306,,,,,,,,,,95,120,1,58,98,115,15,74.0,88,90.0,2.0,54.0,76.0,43.0,26.0,68.0,22.0,97.0,67.0,49.0,89.0,108.0,33.0,107.0,25.0,70.0,80.0,99.0,94.0,82.0,23.0,81.0,20.0,19.0,118.0
land,1669808,,,,101.0,,35,,,,,,,,,,,,,,,,,,,,,,,,,,,,,,,,,,,,,,
dig,1671813,,,,,[],35,,,,,,,,,,,,,,,,,,,,,,,,,,,,,,,,,,,,,,
harvest,1673314,,,,92.0,,35,,,,,,101,0.907786642,0.910891089,,,,,,,,,,,,,,,,,,,,,,,,,,,,,,
decision,1673552,236.3,65.0,,92.0,,35,,,,,,,,,96418,3,0.0,FALSE,,,,,,,,,,,,,,,,,,,,,,,,,,
dig,1675330,,,,,[],35,,,,,,,,,,,,,,,,,,,,,,,,,,,,,,,,,,,,,,
harvest,1676874,,,,74.0,,35,,,,,,92,0.801677531,0.804347826,,,,,,,,,,,,,,,,,,,,,,,,,,,,,,
decision,1678887,,,,74.0,,35,,,,,,,,,101754,3,1.0,FALSE,,,,,,,,,,,,,,,,,,,,,,,,,,
time_out,1680893,,,,74.0,,,,,,,,,,,,,,,,,,,,,,,,,,,,,,,,,,,,,,,,
decision,1681530,635.6,65.0,,74.0,,35,,,,,,,,,104397,3,1.0,FALSE,,,,,,,,,,,,,,,,,,,,,,,,,,
dig,1682899,,,,,[],35,,,,,,,,,,,,,,,,,,,,,,,,,,,,,,,,,,,,,,
harvest,1684438,,,,54.0,,35,,,,,,74,0.727457,0.72972973,,,,,,,,,,,,,,,,,,,,,,,,,,,,,,
decision,1684664,224.7,76.0,,54.0,,35,,,,,,,,,107530,3,2.0,TRUE,,,,,,,,,,,,,,,,,,,,,,,,,,
travel,1694443,,,,,[],35,,,,,,,,,,,,,,,,,,,,,,,,,,,,,,,,,,,,,,
alien_welcome,1699447,,,,,,,,,,93,120,1,58,98,115,15,74.0,88,90.0,2.0,54.0,76.0,43.0,26.0,68.0,22.0,97.0,67.0,49.0,89.0,108.0,33.0,107.0,25.0,70.0,80.0,99.0,94.0,82.0,23.0,81.0,20.0,19.0,118.0
land,1699951,,,,98.0,,36,,,,,,,,,,,,,,,,,,,,,,,,,,,,,,,,,,,,,,
dig,1701957,,,,,[],36,,,,,,,,,,,,,,,,,,,,,,,,,,,,,,,,,,,,,,
harvest,1703459,,,,55.0,,36,,,,,,98,0.559836132,0.56122449,,,,,,,,,,,,,,,,,,,,,,,,,,,,,,
decision,1703695,234.4,76.0,,55.0,,36,,,,,,,,,126561,3,0.0,TRUE,,,,,,,,,,,,,,,,,,,,,,,,,,
travel,1713465,,,,,[],36,,,,,,,,,,,,,,,,,,,,,,,,,,,,,,,,,,,,,,
alien_welcome,1718492,,,,,,,,,,9,120,1,58,98,115,15,74.0,88,90.0,2.0,54.0,76.0,43.0,26.0,68.0,22.0,97.0,67.0,49.0,89.0,108.0,33.0,107.0,25.0,70.0,80.0,99.0,94.0,82.0,23.0,81.0,20.0,19.0,118.0
land,1718996,,,,99.0,,37,,,,,,,,,,,,,,,,,,,,,,,,,,,,,,,,,,,,,,
dig,1721001,,,,,[],37,,,,,,,,,,,,,,,,,,,,,,,,,,,,,,,,,,,,,,
harvest,1722504,,,,41.0,,37,,,,,,99,0.419139931,0.414141414,,,,,,,,,,,,,,,,,,,,,,,,,,,,,,
decision,1722921,415.5,76.0,,41.0,,37,,,,,,,,,145787,3,0.0,TRUE,,,,,,,,,,,,,,,,,,,,,,,,,,
travel,1732503,,,,,[],37,,,,,,,,,,,,,,,,,,,,,,,,,,,,,,,,,,,,,,
alien_welcome,1737506,,,,,,,,,,105,120,1,58,98,115,15,74.0,88,90.0,2.0,54.0,76.0,43.0,26.0,68.0,22.0,97.0,67.0,49.0,89.0,108.0,33.0,107.0,25.0,70.0,80.0,99.0,94.0,82.0,23.0,81.0,20.0,19.0,118.0
land,1738009,,,,100.0,,38,,,,,,,,,,,,,,,,,,,,,,,,,,,,,,,,,,,,,,
dig,1740014,,,,,[],38,,,,,,,,,,,,,,,,,,,,,,,,,,,,,,,,,,,,,,
harvest,1741516,,,,50.0,,38,,,,,,100,0.50495619,0.5,,,,,,,,,,,,,,,,,,,,,,,,,,,,,,
decision,1741534,16.39999998,65.0,,50.0,,38,,,,,,,,,164401,3,0.0,FALSE,,,,,,,,,,,,,,,,,,,,,,,,,,
dig,1743526,,,,,[],38,,,,,,,,,,,,,,,,,,,,,,,,,,,,,,,,,,,,,,
harvest,1745028,,,,24.0,,38,,,,,,50,0.472481138,0.48,,,,,,,,,,,,,,,,,,,,,,,,,,,,,,
decision,1745335,305.7,76.0,,24.0,,38,,,,,,,,,168202,3,1.0,TRUE,,,,,,,,,,,,,,,,,,,,,,,,,,
travel,1755036,,,,,[],38,,,,,,,,,,,,,,,,,,,,,,,,,,,,,,,,,,,,,,
alien_welcome,1760039,,,,,,,,,,4,120,1,58,98,115,15,74.0,88,90.0,2.0,54.0,76.0,43.0,26.0,68.0,22.0,97.0,67.0,49.0,89.0,108.0,33.0,107.0,25.0,70.0,80.0,99.0,94.0,82.0,23.0,81.0,20.0,19.0,118.0
land,1760542,,,,101.0,,39,,,,,,,,,,,,,,,,,,,,,,,,,,,,,,,,,,,,,,
dig,1762546,,,,,[],39,,,,,,,,,,,,,,,,,,,,,,,,,,,,,,,,,,,,,,
harvest,1764048,,,,52.0,,39,,,,,,101,0.518609037,0.514851485,,,,,,,,,,,,,,,,,,,,,,,,,,,,,,
decision,1764523,474.2,65.0,,52.0,,39,,,,,,,,,187389,3,0.0,FALSE,,,,,,,,,,,,,,,,,,,,,,,,,,
dig,1766055,,,,,[],39,,,,,,,,,,,,,,,,,,,,,,,,,,,,,,,,,,,,,,
harvest,1767557,,,,25.0,,39,,,,,,52,0.477863997,0.480769231,,,,,,,,,,,,,,,,,,,,,,,,,,,,,,
decision,1767801,243.0,76.0,,25.0,,39,,,,,,,,,190667,3,1.0,TRUE,,,,,,,,,,,,,,,,,,,,,,,,,,
travel,1777565,,,,,[],39,,,,,,,,,,,,,,,,,,,,,,,,,,,,,,,,,,,,,,
alien_welcome,1782568,,,,,,,,,,65,120,1,58,98,115,15,74.0,88,90.0,2.0,54.0,76.0,43.0,26.0,68.0,22.0,97.0,67.0,49.0,89.0,108.0,33.0,107.0,25.0,70.0,80.0,99.0,94.0,82.0,23.0,81.0,20.0,19.0,118.0
land,1783070,,,,101.0,,40,,,,,,,,,,,,,,,,,,,,,,,,,,,,,,,,,,,,,,
dig,1785075,,,,,[],40,,,,,,,,,,,,,,,,,,,,,,,,,,,,,,,,,,,,,,
harvest,1786576,,,,82.0,,40,,,,,,101,0.807638013,0.811881188,,,,,,,,,,,,,,,,,,,,,,,,,,,,,,
decision,1786731,153.0,65.0,,82.0,,40,,,,,,,,,209597,3,0.0,FALSE,,,,,,,,,,,,,,,,,,,,,,,,,,
dig,1788582,,,,,[],40,,,,,,,,,,,,,,,,,,,,,,,,,,,,,,,,,,,,,,
harvest,1790098,,,,67.0,,40,,,,,,82,0.811050752,0.817073171,,,,,,,,,,,,,,,,,,,,,,,,,,,,,,
decision,1790276,177.1,76.0,,67.0,,40,,,,,,,,,213143,3,1.0,TRUE,,,,,,,,,,,,,,,,,,,,,,,,,,
travel,1800103,,,,,[],40,,,,,,,,,,,,,,,,,,,,,,,,,,,,,,,,,,,,,,
alien_welcome,1805105,,,,,,,,,,56,120,1,58,98,115,15,74.0,88,90.0,2.0,54.0,76.0,43.0,26.0,68.0,22.0,97.0,67.0,49.0,89.0,108.0,33.0,107.0,25.0,70.0,80.0,99.0,94.0,82.0,23.0,81.0,20.0,19.0,118.0
land,1805607,,,,107.0,,41,,,,,,,,,,,,,,,,,,,,,,,,,,,,,,,,,,,,,,
dig,1807612,,,,,[],41,,,,,,,,,,,,,,,,,,,,,,,,,,,,,,,,,,,,,,
harvest,1809115,,,,81.0,,41,,,,,,107,0.760000215,0.757009346,,,,,,,,,,,,,,,,,,,,,,,,,,,,,,
decision,1810156,1039.7,65.0,,81.0,,41,,,,,,,,,233022,3,0.0,FALSE,,,,,,,,,,,,,,,,,,,,,,,,,,
dig,1811122,,,,,[],41,,,,,,,,,,,,,,,,,,,,,,,,,,,,,,,,,,,,,,
harvest,1812624,,,,69.0,,41,,,,,,81,0.848900502,0.851851852,,,,,,,,,,,,,,,,,,,,,,,,,,,,,,
decision,1813707,1081.3,76.0,,69.0,,41,,,,,,,,,236573,3,1.0,TRUE,,,,,,,,,,,,,,,,,,,,,,,,,,
travel,1822636,,,,,[],41,,,,,,,,,,,,,,,,,,,,,,,,,,,,,,,,,,,,,,
alien_welcome,1827638,,,,,,,,,,32,120,1,58,98,115,15,74.0,88,90.0,2.0,54.0,76.0,43.0,26.0,68.0,22.0,97.0,67.0,49.0,89.0,108.0,33.0,107.0,25.0,70.0,80.0,99.0,94.0,82.0,23.0,81.0,20.0,19.0,118.0
land,1828141,,,,101.0,,42,,,,,,,,,,,,,,,,,,,,,,,,,,,,,,,,,,,,,,
dig,1830145,,,,,[],42,,,,,,,,,,,,,,,,,,,,,,,,,,,,,,,,,,,,,,
harvest,1831647,,,,57.0,,42,,,,,,101,0.562056471,0.564356436,,,,,,,,,,,,,,,,,,,,,,,,,,,,,,
decision,1833650,,,,57.0,,42,,,,,,,,,256516,3,0.0,FALSE,,,,,,,,,,,,,,,,,,,,,,,,,,
time_out,1835657,,,,57.0,,,,,,,,,,,,,,,,,,,,,,,,,,,,,,,,,,,,,,,,
decision,1837490,1832.1,65.0,,57.0,,42,,,,,,,,,260357,3,0.0,FALSE,,,,,,,,,,,,,,,,,,,,,,,,,,
dig,1837662,,,,,[],42,,,,,,,,,,,,,,,,,,,,,,,,,,,,,,,,,,,,,,
harvest,1839165,,,,28.0,,42,,,,,,57,0.498390293,0.49122807,,,,,,,,,,,,,,,,,,,,,,,,,,,,,,
decision,1839820,653.4,76.0,,28.0,,42,,,,,,,,,262686,3,1.0,TRUE,,,,,,,,,,,,,,,,,,,,,,,,,,
travel,1849169,,,,,[],42,,,,,,,,,,,,,,,,,,,,,,,,,,,,,,,,,,,,,,
alien_welcome,1854172,,,,,,,,,,5,120,1,58,98,115,15,74.0,88,90.0,2.0,54.0,76.0,43.0,26.0,68.0,22.0,97.0,67.0,49.0,89.0,108.0,33.0,107.0,25.0,70.0,80.0,99.0,94.0,82.0,23.0,81.0,20.0,19.0,118.0
land,1854675,,,,94.0,,43,,,,,,,,,,,,,,,,,,,,,,,,,,,,,,,,,,,,,,
dig,1856679,,,,,[],43,,,,,,,,,,,,,,,,,,,,,,,,,,,,,,,,,,,,,,
harvest,1858182,,,,51.0,,43,,,,,,94,0.546659303,0.542553191,,,,,,,,,,,,,,,,,,,,,,,,,,,,,,
decision,1858759,576.3,76.0,,51.0,,43,,,,,,,,,281626,3,0.0,TRUE,,,,,,,,,,,,,,,,,,,,,,,,,,
travel,1868189,,,,,[],43,,,,,,,,,,,,,,,,,,,,,,,,,,,,,,,,,,,,,,
alien_welcome,1873192,,,,,,,,,,91,120,1,58,98,115,15,74.0,88,90.0,2.0,54.0,76.0,43.0,26.0,68.0,22.0,97.0,67.0,49.0,89.0,108.0,33.0,107.0,25.0,70.0,80.0,99.0,94.0,82.0,23.0,81.0,20.0,19.0,118.0
land,1873695,,,,100.0,,44,,,,,,,,,,,,,,,,,,,,,,,,,,,,,,,,,,,,,,
dig,1875699,,,,,[],44,,,,,,,,,,,,,,,,,,,,,,,,,,,,,,,,,,,,,,
harvest,1877201,,,,80.0,,44,,,,,,100,0.795431322,0.8,,,,,,,,,,,,,,,,,,,,,,,,,,,,,,
decision,1877878,675.5,76.0,,80.0,,44,,,,,,,,,300744,3,0.0,TRUE,,,,,,,,,,,,,,,,,,,,,,,,,,
travel,1887209,,,,,[],44,,,,,,,,,,,,,,,,,,,,,,,,,,,,,,,,,,,,,,
alien_welcome,1892211,,,,,,,,,,66,120,1,58,98,115,15,74.0,88,90.0,2.0,54.0,76.0,43.0,26.0,68.0,22.0,97.0,67.0,49.0,89.0,108.0,33.0,107.0,25.0,70.0,80.0,99.0,94.0,82.0,23.0,81.0,20.0,19.0,118.0
land,1892714,,,,99.0,,45,,,,,,,,,,,,,,,,,,,,,,,,,,,,,,,,,,,,,,
dig,1894719,,,,,[],45,,,,,,,,,,,,,,,,,,,,,,,,,,,,,,,,,,,,,,
harvest,1896222,,,,75.0,,45,,,,,,99,0.75412412,0.757575758,,,,,,,,,,,,,,,,,,,,,,,,,,,,,,
decision,1896797,573.5,76.0,,75.0,,45,,,,,,,,,319663,3,0.0,TRUE,,,,,,,,,,,,,,,,,,,,,,,,,,
travel,1906227,,,,,[],45,,,,,,,,,,,,,,,,,,,,,,,,,,,,,,,,,,,,,,
alien_welcome,1911229,,,,,,,,,,78,120,1,58,98,115,15,74.0,88,90.0,2.0,54.0,76.0,43.0,26.0,68.0,22.0,97.0,67.0,49.0,89.0,108.0,33.0,107.0,25.0,70.0,80.0,99.0,94.0,82.0,23.0,81.0,20.0,19.0,118.0
land,1911731,,,,103.0,,46,,,,,,,,,,,,,,,,,,,,,,,,,,,,,,,,,,,,,,
dig,1913737,,,,,[],46,,,,,,,,,,,,,,,,,,,,,,,,,,,,,,,,,,,,,,
harvest,1915261,,,,81.0,,46,,,,,,103,0.787173943,0.786407767,,,,,,,,,,,,,,,,,,,,,,,,,,,,,,
decision,1916197,934.6,65.0,,81.0,,46,,,,,,,,,339064,3,0.0,FALSE,,,,,,,,,,,,,,,,,,,,,,,,,,
dig,1917270,,,,,[],46,,,,,,,,,,,,,,,,,,,,,,,,,,,,,,,,,,,,,,
harvest,1918772,,,,62.0,,46,,,,,,81,0.770903678,0.765432099,,,,,,,,,,,,,,,,,,,,,,,,,,,,,,
decision,1920504,1730.8,76.0,,62.0,,46,,,,,,,,,343371,3,1.0,TRUE,,,,,,,,,,,,,,,,,,,,,,,,,,
travel,1928774,,,,,[],46,,,,,,,,,,,,,,,,,,,,,,,,,,,,,,,,,,,,,,
alien_welcome,1933776,,,,,,,,,,77,120,1,58,98,115,15,74.0,88,90.0,2.0,54.0,76.0,43.0,26.0,68.0,22.0,97.0,67.0,49.0,89.0,108.0,33.0,107.0,25.0,70.0,80.0,99.0,94.0,82.0,23.0,81.0,20.0,19.0,118.0
land,1934279,,,,106.0,,47,,,,,,,,,,,,,,,,,,,,,,,,,,,,,,,,,,,,,,
dig,1936283,,,,,[],47,,,,,,,,,,,,,,,,,,,,,,,,,,,,,,,,,,,,,,
harvest,1937786,,,,79.0,,47,,,,,,106,0.749898065,0.745283019,,,,,,,,,,,,,,,,,,,,,,,,,,,,,,
decision,1938417,630.1,65.0,,79.0,,47,,,,,,,,,361284,3,0.0,TRUE,,,,,,,,,,,,,,,,,,,,,,,,,,
end_of_block,1998424,,,,,,,,,,,,,,,,,,,,,,,,,,,,,,,,,,,,,,,,,,,,
alien_welcome,2003443,,,,,,,,,,110,120,1,58,98,115,15,74.0,88,90.0,2.0,54.0,76.0,43.0,26.0,68.0,22.0,97.0,67.0,49.0,89.0,108.0,33.0,107.0,25.0,70.0,80.0,99.0,94.0,82.0,23.0,81.0,20.0,19.0,118.0
land,2003946,,,,94.0,,48,,,,,,,,,,,,,,,,,,,,,,,,,,,,,,,,,,,,,,
dig,2005951,,,,,[],48,,,,,,,,,,,,,,,,,,,,,,,,,,,,,,,,,,,,,,
harvest,2007454,,,,25.0,,48,,,,,,94,0.26763833,0.265957447,,,,,,,,,,,,,,,,,,,,,,,,,,,,,,
decision,2008596,1140.4,76.0,,25.0,,48,,,,,,,,,10168,4,0.0,TRUE,,,,,,,,,,,,,,,,,,,,,,,,,,
travel,2017461,,,,,[],48,,,,,,,,,,,,,,,,,,,,,,,,,,,,,,,,,,,,,,
alien_welcome,2022464,,,,,,,,,,57,120,1,58,98,115,15,74.0,88,90.0,2.0,54.0,76.0,43.0,26.0,68.0,22.0,97.0,67.0,49.0,89.0,108.0,33.0,107.0,25.0,70.0,80.0,99.0,94.0,82.0,23.0,81.0,20.0,19.0,118.0
land,2022967,,,,102.0,,49,,,,,,,,,,,,,,,,,,,,,,,,,,,,,,,,,,,,,,
dig,2024971,,,,,[],49,,,,,,,,,,,,,,,,,,,,,,,,,,,,,,,,,,,,,,
harvest,2026473,,,,11.0,,49,,,,,,102,0.107812864,0.107843137,,,,,,,,,,,,,,,,,,,,,,,,,,,,,,
decision,2026859,384.5,65.0,,11.0,,49,,,,,,,,,28431,4,0.0,FALSE,,,,,,,,,,,,,,,,,,,,,,,,,,
dig,2028480,,,,,[],49,,,,,,,,,,,,,,,,,,,,,,,,,,,,,,,,,,,,,,
harvest,2029983,,,,3.0,,49,,,,,,11,0.233737005,0.272727273,,,,,,,,,,,,,,,,,,,,,,,,,,,,,,
decision,2030668,683.4,76.0,,3.0,,49,,,,,,,,,32240,4,1.0,TRUE,,,,,,,,,,,,,,,,,,,,,,,,,,
travel,2039990,,,,,[],49,,,,,,,,,,,,,,,,,,,,,,,,,,,,,,,,,,,,,,
alien_welcome,2044994,,,,,,,,,,103,120,1,58,98,115,15,74.0,88,90.0,2.0,54.0,76.0,43.0,26.0,68.0,22.0,97.0,67.0,49.0,89.0,108.0,33.0,107.0,25.0,70.0,80.0,99.0,94.0,82.0,23.0,81.0,20.0,19.0,118.0
land,2045497,,,,109.0,,50,,,,,,,,,,,,,,,,,,,,,,,,,,,,,,,,,,,,,,
dig,2047502,,,,,[],50,,,,,,,,,,,,,,,,,,,,,,,,,,,,,,,,,,,,,,
harvest,2049005,,,,18.0,,50,,,,,,109,0.168877254,0.165137615,,,,,,,,,,,,,,,,,,,,,,,,,,,,,,
decision,2050014,1007.3,65.0,,18.0,,50,,,,,,,,,51586,4,0.0,FALSE,,,,,,,,,,,,,,,,,,,,,,,,,,
dig,2051017,,,,,[],50,,,,,,,,,,,,,,,,,,,,,,,,,,,,,,,,,,,,,,
harvest,2052520,,,,3.0,,50,,,,,,18,0.164335109,0.166666667,,,,,,,,,,,,,,,,,,,,,,,,,,,,,,
decision,2054522,,,,3.0,,50,,,,,,,,,56095,4,1.0,FALSE,,,,,,,,,,,,,,,,,,,,,,,,,,
time_out,2056529,,,,3.0,,,,,,,,,,,,,,,,,,,,,,,,,,,,,,,,,,,,,,,,
decision,2056645,113.8,65.0,,3.0,,50,,,,,,,,,58217,4,1.0,FALSE,,,,,,,,,,,,,,,,,,,,,,,,,,
dig,2058537,,,,,[],50,,,,,,,,,,,,,,,,,,,,,,,,,,,,,,,,,,,,,,
harvest,2060045,,,,1.0,,50,,,,,,3,0.179729017,0.333333333,,,,,,,,,,,,,,,,,,,,,,,,,,,,,,
decision,2060729,681.7,76.0,,1.0,,50,,,,,,,,,62301,4,2.0,TRUE,,,,,,,,,,,,,,,,,,,,,,,,,,
travel,2070052,,,,,[],50,,,,,,,,,,,,,,,,,,,,,,,,,,,,,,,,,,,,,,
alien_welcome,2075055,,,,,,,,,,83,120,1,58,98,115,15,74.0,88,90.0,2.0,54.0,76.0,43.0,26.0,68.0,22.0,97.0,67.0,49.0,89.0,108.0,33.0,107.0,25.0,70.0,80.0,99.0,94.0,82.0,23.0,81.0,20.0,19.0,118.0
land,2075557,,,,99.0,,51,,,,,,,,,,,,,,,,,,,,,,,,,,,,,,,,,,,,,,
dig,2077561,,,,,[],51,,,,,,,,,,,,,,,,,,,,,,,,,,,,,,,,,,,,,,
harvest,2079063,,,,83.0,,51,,,,,,99,0.835772255,0.838383838,,,,,,,,,,,,,,,,,,,,,,,,,,,,,,
decision,2079770,705.6,76.0,,83.0,,51,,,,,,,,,81343,4,0.0,TRUE,,,,,,,,,,,,,,,,,,,,,,,,,,
travel,2089076,,,,,[],51,,,,,,,,,,,,,,,,,,,,,,,,,,,,,,,,,,,,,,
alien_welcome,2094080,,,,,,,,,,13,120,1,58,98,115,15,74.0,88,90.0,2.0,54.0,76.0,43.0,26.0,68.0,22.0,97.0,67.0,49.0,89.0,108.0,33.0,107.0,25.0,70.0,80.0,99.0,94.0,82.0,23.0,81.0,20.0,19.0,118.0
land,2094582,,,,89.0,,52,,,,,,,,,,,,,,,,,,,,,,,,,,,,,,,,,,,,,,
dig,2096587,,,,,[],52,,,,,,,,,,,,,,,,,,,,,,,,,,,,,,,,,,,,,,
harvest,2098089,,,,66.0,,52,,,,,,89,0.737215394,0.741573034,,,,,,,,,,,,,,,,,,,,,,,,,,,,,,
decision,2098376,285.5,76.0,,66.0,,52,,,,,,,,,99948,4,0.0,TRUE,,,,,,,,,,,,,,,,,,,,,,,,,,
travel,2108103,,,,,[],52,,,,,,,,,,,,,,,,,,,,,,,,,,,,,,,,,,,,,,
alien_welcome,2113106,,,,,,,,,,75,120,1,58,98,115,15,74.0,88,90.0,2.0,54.0,76.0,43.0,26.0,68.0,22.0,97.0,67.0,49.0,89.0,108.0,33.0,107.0,25.0,70.0,80.0,99.0,94.0,82.0,23.0,81.0,20.0,19.0,118.0
land,2113608,,,,107.0,,53,,,,,,,,,,,,,,,,,,,,,,,,,,,,,,,,,,,,,,
dig,2115613,,,,,[],53,,,,,,,,,,,,,,,,,,,,,,,,,,,,,,,,,,,,,,
harvest,2117116,,,,84.0,,53,,,,,,107,0.783426288,0.785046729,,,,,,,,,,,,,,,,,,,,,,,,,,,,,,
decision,2117225,108.1,65.0,,84.0,,53,,,,,,,,,118798,4,0.0,FALSE,,,,,,,,,,,,,,,,,,,,,,,,,,
dig,2119123,,,,,[],53,,,,,,,,,,,,,,,,,,,,,,,,,,,,,,,,,,,,,,
harvest,2120625,,,,73.0,,53,,,,,,84,0.86841507,0.869047619,,,,,,,,,,,,,,,,,,,,,,,,,,,,,,
decision,2121446,819.5,76.0,,73.0,,53,,,,,,,,,123018,4,1.0,TRUE,,,,,,,,,,,,,,,,,,,,,,,,,,
travel,2130636,,,,,[],53,,,,,,,,,,,,,,,,,,,,,,,,,,,,,,,,,,,,,,
alien_welcome,2135639,,,,,,,,,,37,120,1,58,98,115,15,74.0,88,90.0,2.0,54.0,76.0,43.0,26.0,68.0,22.0,97.0,67.0,49.0,89.0,108.0,33.0,107.0,25.0,70.0,80.0,99.0,94.0,82.0,23.0,81.0,20.0,19.0,118.0
land,2136154,,,,103.0,,54,,,,,,,,,,,,,,,,,,,,,,,,,,,,,,,,,,,,,,
dig,2138158,,,,,[],54,,,,,,,,,,,,,,,,,,,,,,,,,,,,,,,,,,,,,,
harvest,2139660,,,,86.0,,54,,,,,,103,0.830829933,0.834951456,,,,,,,,,,,,,,,,,,,,,,,,,,,,,,
decision,2140090,428.6,65.0,,86.0,,54,,,,,,,,,141663,4,0.0,FALSE,,,,,,,,,,,,,,,,,,,,,,,,,,
dig,2141669,,,,,[],54,,,,,,,,,,,,,,,,,,,,,,,,,,,,,,,,,,,,,,
harvest,2143171,,,,65.0,,54,,,,,,86,0.753206673,0.755813953,,,,,,,,,,,,,,,,,,,,,,,,,,,,,,
decision,2143430,256.8,76.0,,65.0,,54,,,,,,,,,145002,4,1.0,TRUE,,,,,,,,,,,,,,,,,,,,,,,,,,
travel,2153176,,,,,[],54,,,,,,,,,,,,,,,,,,,,,,,,,,,,,,,,,,,,,,
alien_welcome,2158179,,,,,,,,,,113,120,1,58,98,115,15,74.0,88,90.0,2.0,54.0,76.0,43.0,26.0,68.0,22.0,97.0,67.0,49.0,89.0,108.0,33.0,107.0,25.0,70.0,80.0,99.0,94.0,82.0,23.0,81.0,20.0,19.0,118.0
land,2158681,,,,107.0,,55,,,,,,,,,,,,,,,,,,,,,,,,,,,,,,,,,,,,,,
dig,2160686,,,,,[],55,,,,,,,,,,,,,,,,,,,,,,,,,,,,,,,,,,,,,,
harvest,2162188,,,,78.0,,55,,,,,,107,0.729360055,0.728971963,,,,,,,,,,,,,,,,,,,,,,,,,,,,,,
decision,2162640,450.1,65.0,,78.0,,55,,,,,,,,,164212,4,0.0,FALSE,,,,,,,,,,,,,,,,,,,,,,,,,,
dig,2164197,,,,,[],55,,,,,,,,,,,,,,,,,,,,,,,,,,,,,,,,,,,,,,
harvest,2165700,,,,67.0,,55,,,,,,78,0.865238348,0.858974359,,,,,,,,,,,,,,,,,,,,,,,,,,,,,,
decision,2165995,294.1,76.0,,67.0,,55,,,,,,,,,167568,4,1.0,TRUE,,,,,,,,,,,,,,,,,,,,,,,,,,
travel,2175705,,,,,[],55,,,,,,,,,,,,,,,,,,,,,,,,,,,,,,,,,,,,,,
alien_welcome,2180708,,,,,,,,,,96,120,1,58,98,115,15,74.0,88,90.0,2.0,54.0,76.0,43.0,26.0,68.0,22.0,97.0,67.0,49.0,89.0,108.0,33.0,107.0,25.0,70.0,80.0,99.0,94.0,82.0,23.0,81.0,20.0,19.0,118.0
land,2181209,,,,95.0,,56,,,,,,,,,,,,,,,,,,,,,,,,,,,,,,,,,,,,,,
dig,2183214,,,,,[],56,,,,,,,,,,,,,,,,,,,,,,,,,,,,,,,,,,,,,,
harvest,2184716,,,,65.0,,56,,,,,,95,0.680591114,0.684210526,,,,,,,,,,,,,,,,,,,,,,,,,,,,,,
decision,2185036,318.5,76.0,,65.0,,56,,,,,,,,,186608,4,0.0,TRUE,,,,,,,,,,,,,,,,,,,,,,,,,,
travel,2194720,,,,,[],56,,,,,,,,,,,,,,,,,,,,,,,,,,,,,,,,,,,,,,
alien_welcome,2199722,,,,,,,,,,106,120,1,58,98,115,15,74.0,88,90.0,2.0,54.0,76.0,43.0,26.0,68.0,22.0,97.0,67.0,49.0,89.0,108.0,33.0,107.0,25.0,70.0,80.0,99.0,94.0,82.0,23.0,81.0,20.0,19.0,118.0
land,2200237,,,,101.0,,57,,,,,,,,,,,,,,,,,,,,,,,,,,,,,,,,,,,,,,
dig,2202241,,,,,[],57,,,,,,,,,,,,,,,,,,,,,,,,,,,,,,,,,,,,,,
harvest,2203743,,,,14.0,,57,,,,,,101,0.139372117,0.138613861,,,,,,,,,,,,,,,,,,,,,,,,,,,,,,
decision,2204067,322.7,76.0,,14.0,,57,,,,,,,,,205640,4,0.0,TRUE,,,,,,,,,,,,,,,,,,,,,,,,,,
travel,2213752,,,,,[],57,,,,,,,,,,,,,,,,,,,,,,,,,,,,,,,,,,,,,,
alien_welcome,2218755,,,,,,,,,,11,120,1,58,98,115,15,74.0,88,90.0,2.0,54.0,76.0,43.0,26.0,68.0,22.0,97.0,67.0,49.0,89.0,108.0,33.0,107.0,25.0,70.0,80.0,99.0,94.0,82.0,23.0,81.0,20.0,19.0,118.0
land,2219257,,,,105.0,,58,,,,,,,,,,,,,,,,,,,,,,,,,,,,,,,,,,,,,,
dig,2221262,,,,,[],58,,,,,,,,,,,,,,,,,,,,,,,,,,,,,,,,,,,,,,
harvest,2222765,,,,27.0,,58,,,,,,105,0.258231304,0.257142857,,,,,,,,,,,,,,,,,,,,,,,,,,,,,,
decision,2223142,375.2,76.0,,27.0,,58,,,,,,,,,224714,4,0.0,TRUE,,,,,,,,,,,,,,,,,,,,,,,,,,
travel,2232771,,,,,[],58,,,,,,,,,,,,,,,,,,,,,,,,,,,,,,,,,,,,,,
alien_welcome,2237773,,,,,,,,,,8,120,1,58,98,115,15,74.0,88,90.0,2.0,54.0,76.0,43.0,26.0,68.0,22.0,97.0,67.0,49.0,89.0,108.0,33.0,107.0,25.0,70.0,80.0,99.0,94.0,82.0,23.0,81.0,20.0,19.0,118.0
land,2238276,,,,102.0,,59,,,,,,,,,,,,,,,,,,,,,,,,,,,,,,,,,,,,,,
dig,2240279,,,,,[],59,,,,,,,,,,,,,,,,,,,,,,,,,,,,,,,,,,,,,,
harvest,2241783,,,,71.0,,59,,,,,,102,0.692308077,0.696078431,,,,,,,,,,,,,,,,,,,,,,,,,,,,,,
decision,2243326,1540.5,76.0,,71.0,,59,,,,,,,,,244898,4,0.0,TRUE,,,,,,,,,,,,,,,,,,,,,,,,,,
travel,2251786,,,,,[],59,,,,,,,,,,,,,,,,,,,,,,,,,,,,,,,,,,,,,,
alien_welcome,2256789,,,,,,,,,,30,120,1,58,98,115,15,74.0,88,90.0,2.0,54.0,76.0,43.0,26.0,68.0,22.0,97.0,67.0,49.0,89.0,108.0,33.0,107.0,25.0,70.0,80.0,99.0,94.0,82.0,23.0,81.0,20.0,19.0,118.0
land,2257291,,,,102.0,,60,,,,,,,,,,,,,,,,,,,,,,,,,,,,,,,,,,,,,,
dig,2259295,,,,,[],60,,,,,,,,,,,,,,,,,,,,,,,,,,,,,,,,,,,,,,
harvest,2260797,,,,93.0,,60,,,,,,102,0.907246057,0.911764706,,,,,,,,,,,,,,,,,,,,,,,,,,,,,,
decision,2260937,138.0,76.0,,93.0,,60,,,,,,,,,262509,4,0.0,TRUE,,,,,,,,,,,,,,,,,,,,,,,,,,
travel,2270801,,,,,[],60,,,,,,,,,,,,,,,,,,,,,,,,,,,,,,,,,,,,,,
alien_welcome,2275805,,,,,,,,,,41,120,1,58,98,115,15,74.0,88,90.0,2.0,54.0,76.0,43.0,26.0,68.0,22.0,97.0,67.0,49.0,89.0,108.0,33.0,107.0,25.0,70.0,80.0,99.0,94.0,82.0,23.0,81.0,20.0,19.0,118.0
land,2276309,,,,99.0,,61,,,,,,,,,,,,,,,,,,,,,,,,,,,,,,,,,,,,,,
dig,2278314,,,,,[],61,,,,,,,,,,,,,,,,,,,,,,,,,,,,,,,,,,,,,,
harvest,2279817,,,,85.0,,61,,,,,,99,0.857925718,0.858585859,,,,,,,,,,,,,,,,,,,,,,,,,,,,,,
decision,2280313,493.8,76.0,,85.0,,61,,,,,,,,,281885,4,0.0,TRUE,,,,,,,,,,,,,,,,,,,,,,,,,,
travel,2289826,,,,,[],61,,,,,,,,,,,,,,,,,,,,,,,,,,,,,,,,,,,,,,
alien_welcome,2294829,,,,,,,,,,21,120,1,58,98,115,15,74.0,88,90.0,2.0,54.0,76.0,43.0,26.0,68.0,22.0,97.0,67.0,49.0,89.0,108.0,33.0,107.0,25.0,70.0,80.0,99.0,94.0,82.0,23.0,81.0,20.0,19.0,118.0
land,2295331,,,,102.0,,62,,,,,,,,,,,,,,,,,,,,,,,,,,,,,,,,,,,,,,
dig,2297336,,,,,[],62,,,,,,,,,,,,,,,,,,,,,,,,,,,,,,,,,,,,,,
harvest,2298838,,,,88.0,,62,,,,,,102,0.860900072,0.862745098,,,,,,,,,,,,,,,,,,,,,,,,,,,,,,
decision,2298852,12.39999998,76.0,,88.0,,62,,,,,,,,,300425,4,0.0,TRUE,,,,,,,,,,,,,,,,,,,,,,,,,,
travel,2308843,,,,,[],62,,,,,,,,,,,,,,,,,,,,,,,,,,,,,,,,,,,,,,
alien_welcome,2313847,,,,,,,,,,12,120,1,58,98,115,15,74.0,88,90.0,2.0,54.0,76.0,43.0,26.0,68.0,22.0,97.0,67.0,49.0,89.0,108.0,33.0,107.0,25.0,70.0,80.0,99.0,94.0,82.0,23.0,81.0,20.0,19.0,118.0
land,2314349,,,,96.0,,63,,,,,,,,,,,,,,,,,,,,,,,,,,,,,,,,,,,,,,
dig,2316352,,,,,[],63,,,,,,,,,,,,,,,,,,,,,,,,,,,,,,,,,,,,,,
harvest,2317855,,,,76.0,,63,,,,,,96,0.789010401,0.791666667,,,,,,,,,,,,,,,,,,,,,,,,,,,,,,
decision,2318762,905.3,76.0,,76.0,,63,,,,,,,,,320334,4,0.0,TRUE,,,,,,,,,,,,,,,,,,,,,,,,,,
travel,2327861,,,,,[],63,,,,,,,,,,,,,,,,,,,,,,,,,,,,,,,,,,,,,,
alien_welcome,2332865,,,,,,,,,,53,120,1,58,98,115,15,74.0,88,90.0,2.0,54.0,76.0,43.0,26.0,68.0,22.0,97.0,67.0,49.0,89.0,108.0,33.0,107.0,25.0,70.0,80.0,99.0,94.0,82.0,23.0,81.0,20.0,19.0,118.0
land,2333367,,,,100.0,,64,,,,,,,,,,,,,,,,,,,,,,,,,,,,,,,,,,,,,,
dig,2335372,,,,,[],64,,,,,,,,,,,,,,,,,,,,,,,,,,,,,,,,,,,,,,
harvest,2336874,,,,73.0,,64,,,,,,100,0.726038297,0.73,,,,,,,,,,,,,,,,,,,,,,,,,,,,,,
decision,2337233,357.1,76.0,,73.0,,64,,,,,,,,,338805,4,0.0,TRUE,,,,,,,,,,,,,,,,,,,,,,,,,,
travel,2346882,,,,,[],64,,,,,,,,,,,,,,,,,,,,,,,,,,,,,,,,,,,,,,
alien_welcome,2351884,,,,,,,,,,38,120,1,58,98,115,15,74.0,88,90.0,2.0,54.0,76.0,43.0,26.0,68.0,22.0,97.0,67.0,49.0,89.0,108.0,33.0,107.0,25.0,70.0,80.0,99.0,94.0,82.0,23.0,81.0,20.0,19.0,118.0
land,2352413,,,,105.0,,65,,,,,,,,,,,,,,,,,,,,,,,,,,,,,,,,,,,,,,
dig,2354418,,,,,[],65,,,,,,,,,,,,,,,,,,,,,,,,,,,,,,,,,,,,,,
harvest,2355920,,,,91.0,,65,,,,,,105,0.864180845,0.866666667,,,,,,,,,,,,,,,,,,,,,,,,,,,,,,
decision,2356421,499.0,76.0,,91.0,,65,,,,,,,,,357993,4,0.0,TRUE,,,,,,,,,,,,,,,,,,,,,,,,,,
travel,2365925,,,,,[],65,,,,,,,,,,,,,,,,,,,,,,,,,,,,,,,,,,,,,,
alien_welcome,2370927,,,,,,,,,,45,120,1,58,98,115,15,74.0,88,90.0,2.0,54.0,76.0,43.0,26.0,68.0,22.0,97.0,67.0,49.0,89.0,108.0,33.0,107.0,25.0,70.0,80.0,99.0,94.0,82.0,23.0,81.0,20.0,19.0,118.0
land,2371431,,,,95.0,,66,,,,,,,,,,,,,,,,,,,,,,,,,,,,,,,,,,,,,,
dig,2373437,,,,,[],66,,,,,,,,,,,,,,,,,,,,,,,,,,,,,,,,,,,,,,
harvest,2374940,,,,84.0,,66,,,,,,95,0.880150103,0.884210526,,,,,,,,,,,,,,,,,,,,,,,,,,,,,,
decision,2375507,565.4,76.0,,84.0,,66,,,,,,,,,377080,4,0.0,TRUE,,,,,,,,,,,,,,,,,,,,,,,,,,
end_of_block,2381620,6105.8,32.0,,,,,,,,,,,,,,,,,,,,,,,,,,,,,,,,,,,,,,,,,,
alien_welcome,2386642,,,,,,,,,,40,120,1,58,98,115,15,74.0,88,90.0,2.0,54.0,76.0,43.0,26.0,68.0,22.0,97.0,67.0,49.0,89.0,108.0,33.0,107.0,25.0,70.0,80.0,99.0,94.0,82.0,23.0,81.0,20.0,19.0,118.0
land,2387144,,,,99.0,,67,,,,,,,,,,,,,,,,,,,,,,,,,,,,,,,,,,,,,,
dig,2389148,,,,,[],67,,,,,,,,,,,,,,,,,,,,,,,,,,,,,,,,,,,,,,
harvest,2390652,,,,47.0,,67,,,,,,99,0.473458492,0.474747475,,,,,,,,,,,,,,,,,,,,,,,,,,,,,,
decision,2390951,297.8,76.0,,47.0,,67,,,,,,,,,9325,5,0.0,TRUE,,,,,,,,,,,,,,,,,,,,,,,,,,
travel,2400662,,,,,[],67,,,,,,,,,,,,,,,,,,,,,,,,,,,,,,,,,,,,,,
alien_welcome,2405665,,,,,,,,,,27,120,1,58,98,115,15,74.0,88,90.0,2.0,54.0,76.0,43.0,26.0,68.0,22.0,97.0,67.0,49.0,89.0,108.0,33.0,107.0,25.0,70.0,80.0,99.0,94.0,82.0,23.0,81.0,20.0,19.0,118.0
land,2406167,,,,97.0,,68,,,,,,,,,,,,,,,,,,,,,,,,,,,,,,,,,,,,,,
dig,2408171,,,,,[],68,,,,,,,,,,,,,,,,,,,,,,,,,,,,,,,,,,,,,,
harvest,2409674,,,,52.0,,68,,,,,,97,0.533923828,0.536082474,,,,,,,,,,,,,,,,,,,,,,,,,,,,,,
decision,2410034,358.7,76.0,,52.0,,68,,,,,,,,,28408,5,0.0,TRUE,,,,,,,,,,,,,,,,,,,,,,,,,,
travel,2419683,,,,,[],68,,,,,,,,,,,,,,,,,,,,,,,,,,,,,,,,,,,,,,
alien_welcome,2424685,,,,,,,,,,34,120,1,58,98,115,15,74.0,88,90.0,2.0,54.0,76.0,43.0,26.0,68.0,22.0,97.0,67.0,49.0,89.0,108.0,33.0,107.0,25.0,70.0,80.0,99.0,94.0,82.0,23.0,81.0,20.0,19.0,118.0
land,2425188,,,,103.0,,69,,,,,,,,,,,,,,,,,,,,,,,,,,,,,,,,,,,,,,
dig,2427192,,,,,[],69,,,,,,,,,,,,,,,,,,,,,,,,,,,,,,,,,,,,,,
harvest,2428694,,,,56.0,,69,,,,,,103,0.542036483,0.54368932,,,,,,,,,,,,,,,,,,,,,,,,,,,,,,
decision,2428900,204.4,76.0,,56.0,,69,,,,,,,,,47275,5,0.0,TRUE,,,,,,,,,,,,,,,,,,,,,,,,,,
travel,2438703,,,,,[],69,,,,,,,,,,,,,,,,,,,,,,,,,,,,,,,,,,,,,,
alien_welcome,2443705,,,,,,,,,,42,120,1,58,98,115,15,74.0,88,90.0,2.0,54.0,76.0,43.0,26.0,68.0,22.0,97.0,67.0,49.0,89.0,108.0,33.0,107.0,25.0,70.0,80.0,99.0,94.0,82.0,23.0,81.0,20.0,19.0,118.0
land,2444209,,,,102.0,,70,,,,,,,,,,,,,,,,,,,,,,,,,,,,,,,,,,,,,,
dig,2446214,,,,,[],70,,,,,,,,,,,,,,,,,,,,,,,,,,,,,,,,,,,,,,
harvest,2447716,,,,56.0,,70,,,,,,102,0.54631376,0.549019608,,,,,,,,,,,,,,,,,,,,,,,,,,,,,,
decision,2447986,267.9,76.0,,56.0,,70,,,,,,,,,66360,5,0.0,TRUE,,,,,,,,,,,,,,,,,,,,,,,,,,
travel,2457724,,,,,[],70,,,,,,,,,,,,,,,,,,,,,,,,,,,,,,,,,,,,,,
alien_welcome,2462726,,,,,,,,,,119,120,1,58,98,115,15,74.0,88,90.0,2.0,54.0,76.0,43.0,26.0,68.0,22.0,97.0,67.0,49.0,89.0,108.0,33.0,107.0,25.0,70.0,80.0,99.0,94.0,82.0,23.0,81.0,20.0,19.0,118.0
land,2463232,,,,103.0,,71,,,,,,,,,,,,,,,,,,,,,,,,,,,,,,,,,,,,,,
dig,2465236,,,,,[],71,,,,,,,,,,,,,,,,,,,,,,,,,,,,,,,,,,,,,,
harvest,2466739,,,,53.0,,71,,,,,,103,0.519054631,0.514563107,,,,,,,,,,,,,,,,,,,,,,,,,,,,,,
decision,2468733,1992.5,76.0,,53.0,,71,,,,,,,,,87107,5,0.0,TRUE,,,,,,,,,,,,,,,,,,,,,,,,,,
travel,2476743,,,,,[],71,,,,,,,,,,,,,,,,,,,,,,,,,,,,,,,,,,,,,,
alien_welcome,2481745,,,,,,,,,,64,120,1,58,98,115,15,74.0,88,90.0,2.0,54.0,76.0,43.0,26.0,68.0,22.0,97.0,67.0,49.0,89.0,108.0,33.0,107.0,25.0,70.0,80.0,99.0,94.0,82.0,23.0,81.0,20.0,19.0,118.0
land,2482262,,,,99.0,,72,,,,,,,,,,,,,,,,,,,,,,,,,,,,,,,,,,,,,,
dig,2484268,,,,,[],72,,,,,,,,,,,,,,,,,,,,,,,,,,,,,,,,,,,,,,
harvest,2485771,,,,50.0,,72,,,,,,99,0.505649779,0.505050505,,,,,,,,,,,,,,,,,,,,,,,,,,,,,,
decision,2485975,202.9,76.0,,50.0,,72,,,,,,,,,104350,5,0.0,TRUE,,,,,,,,,,,,,,,,,,,,,,,,,,
travel,2495777,,,,,[],72,,,,,,,,,,,,,,,,,,,,,,,,,,,,,,,,,,,,,,
alien_welcome,2500779,,,,,,,,,,16,120,1,58,98,115,15,74.0,88,90.0,2.0,54.0,76.0,43.0,26.0,68.0,22.0,97.0,67.0,49.0,89.0,108.0,33.0,107.0,25.0,70.0,80.0,99.0,94.0,82.0,23.0,81.0,20.0,19.0,118.0
land,2501282,,,,93.0,,73,,,,,,,,,,,,,,,,,,,,,,,,,,,,,,,,,,,,,,
dig,2503287,,,,,[],73,,,,,,,,,,,,,,,,,,,,,,,,,,,,,,,,,,,,,,
harvest,2504790,,,,44.0,,73,,,,,,93,0.468365648,0.47311828,,,,,,,,,,,,,,,,,,,,,,,,,,,,,,
decision,2504975,182.9,76.0,,44.0,,73,,,,,,,,,123349,5,0.0,TRUE,,,,,,,,,,,,,,,,,,,,,,,,,,
travel,2514794,,,,,[],73,,,,,,,,,,,,,,,,,,,,,,,,,,,,,,,,,,,,,,
alien_welcome,2519799,,,,,,,,,,47,120,1,58,98,115,15,74.0,88,90.0,2.0,54.0,76.0,43.0,26.0,68.0,22.0,97.0,67.0,49.0,89.0,108.0,33.0,107.0,25.0,70.0,80.0,99.0,94.0,82.0,23.0,81.0,20.0,19.0,118.0
land,2520302,,,,96.0,,74,,,,,,,,,,,,,,,,,,,,,,,,,,,,,,,,,,,,,,
dig,2522306,,,,,[],74,,,,,,,,,,,,,,,,,,,,,,,,,,,,,,,,,,,,,,
harvest,2523808,,,,45.0,,74,,,,,,96,0.463968865,0.46875,,,,,,,,,,,,,,,,,,,,,,,,,,,,,,
decision,2523951,140.5,76.0,,45.0,,74,,,,,,,,,142325,5,0.0,TRUE,,,,,,,,,,,,,,,,,,,,,,,,,,
travel,2533815,,,,,[],74,,,,,,,,,,,,,,,,,,,,,,,,,,,,,,,,,,,,,,
alien_welcome,2538818,,,,,,,,,,7,120,1,58,98,115,15,74.0,88,90.0,2.0,54.0,76.0,43.0,26.0,68.0,22.0,97.0,67.0,49.0,89.0,108.0,33.0,107.0,25.0,70.0,80.0,99.0,94.0,82.0,23.0,81.0,20.0,19.0,118.0
land,2539322,,,,101.0,,75,,,,,,,,,,,,,,,,,,,,,,,,,,,,,,,,,,,,,,
dig,2541328,,,,,[],75,,,,,,,,,,,,,,,,,,,,,,,,,,,,,,,,,,,,,,
harvest,2542831,,,,53.0,,75,,,,,,101,0.523030317,0.524752475,,,,,,,,,,,,,,,,,,,,,,,,,,,,,,
decision,2544833,,,,53.0,,75,,,,,,,,,163207,5,0.0,FALSE,,,,,,,,,,,,,,,,,,,,,,,,,,
time_out,2546840,,,,53.0,,,,,,,,,,,,,,,,,,,,,,,,,,,,,,,,,,,,,,,,
decision,2546938,96.30000001,76.0,,53.0,,75,,,,,,,,,165313,5,0.0,TRUE,,,,,,,,,,,,,,,,,,,,,,,,,,
travel,2556850,,,,,[],75,,,,,,,,,,,,,,,,,,,,,,,,,,,,,,,,,,,,,,
alien_welcome,2561852,,,,,,,,,,69,120,1,58,98,115,15,74.0,88,90.0,2.0,54.0,76.0,43.0,26.0,68.0,22.0,97.0,67.0,49.0,89.0,108.0,33.0,107.0,25.0,70.0,80.0,99.0,94.0,82.0,23.0,81.0,20.0,19.0,118.0
land,2562355,,,,111.0,,76,,,,,,,,,,,,,,,,,,,,,,,,,,,,,,,,,,,,,,
dig,2564359,,,,,[],76,,,,,,,,,,,,,,,,,,,,,,,,,,,,,,,,,,,,,,
harvest,2565862,,,,52.0,,76,,,,,,111,0.467783614,0.468468468,,,,,,,,,,,,,,,,,,,,,,,,,,,,,,
decision,2567467,1603.5,65.0,,52.0,,76,,,,,,,,,185842,5,0.0,FALSE,,,,,,,,,,,,,,,,,,,,,,,,,,
dig,2567873,,,,,[],76,,,,,,,,,,,,,,,,,,,,,,,,,,,,,,,,,,,,,,
harvest,2569376,,,,24.0,,76,,,,,,52,0.465803907,0.461538462,,,,,,,,,,,,,,,,,,,,,,,,,,,,,,
decision,2569981,603.6,76.0,,24.0,,76,,,,,,,,,188355,5,1.0,TRUE,,,,,,,,,,,,,,,,,,,,,,,,,,
travel,2579387,,,,,[],76,,,,,,,,,,,,,,,,,,,,,,,,,,,,,,,,,,,,,,
alien_welcome,2584390,,,,,,,,,,100,120,1,58,98,115,15,74.0,88,90.0,2.0,54.0,76.0,43.0,26.0,68.0,22.0,97.0,67.0,49.0,89.0,108.0,33.0,107.0,25.0,70.0,80.0,99.0,94.0,82.0,23.0,81.0,20.0,19.0,118.0
land,2584894,,,,91.0,,77,,,,,,,,,,,,,,,,,,,,,,,,,,,,,,,,,,,,,,
dig,2586900,,,,,[],77,,,,,,,,,,,,,,,,,,,,,,,,,,,,,,,,,,,,,,
harvest,2588402,,,,47.0,,77,,,,,,91,0.512921441,0.516483516,,,,,,,,,,,,,,,,,,,,,,,,,,,,,,
decision,2588733,330.0,76.0,,47.0,,77,,,,,,,,,207108,5,0.0,TRUE,,,,,,,,,,,,,,,,,,,,,,,,,,
travel,2598409,,,,,[],77,,,,,,,,,,,,,,,,,,,,,,,,,,,,,,,,,,,,,,
alien_welcome,2603411,,,,,,,,,,109,120,1,58,98,115,15,74.0,88,90.0,2.0,54.0,76.0,43.0,26.0,68.0,22.0,97.0,67.0,49.0,89.0,108.0,33.0,107.0,25.0,70.0,80.0,99.0,94.0,82.0,23.0,81.0,20.0,19.0,118.0
land,2603914,,,,100.0,,78,,,,,,,,,,,,,,,,,,,,,,,,,,,,,,,,,,,,,,
dig,2605918,,,,,[],78,,,,,,,,,,,,,,,,,,,,,,,,,,,,,,,,,,,,,,
harvest,2607421,,,,47.0,,78,,,,,,100,0.470216978,0.47,,,,,,,,,,,,,,,,,,,,,,,,,,,,,,
decision,2607650,227.5,76.0,,47.0,,78,,,,,,,,,226025,5,0.0,TRUE,,,,,,,,,,,,,,,,,,,,,,,,,,
travel,2617425,,,,,[],78,,,,,,,,,,,,,,,,,,,,,,,,,,,,,,,,,,,,,,
alien_welcome,2622428,,,,,,,,,,112,120,1,58,98,115,15,74.0,88,90.0,2.0,54.0,76.0,43.0,26.0,68.0,22.0,97.0,67.0,49.0,89.0,108.0,33.0,107.0,25.0,70.0,80.0,99.0,94.0,82.0,23.0,81.0,20.0,19.0,118.0
land,2622930,,,,102.0,,79,,,,,,,,,,,,,,,,,,,,,,,,,,,,,,,,,,,,,,
dig,2624934,,,,,[],79,,,,,,,,,,,,,,,,,,,,,,,,,,,,,,,,,,,,,,
harvest,2626436,,,,47.0,,79,,,,,,102,0.46380734,0.460784314,,,,,,,,,,,,,,,,,,,,,,,,,,,,,,
decision,2626578,139.8,76.0,,47.0,,79,,,,,,,,,244952,5,0.0,TRUE,,,,,,,,,,,,,,,,,,,,,,,,,,
travel,2636443,,,,,[],79,,,,,,,,,,,,,,,,,,,,,,,,,,,,,,,,,,,,,,
alien_welcome,2641447,,,,,,,,,,48,120,1,58,98,115,15,74.0,88,90.0,2.0,54.0,76.0,43.0,26.0,68.0,22.0,97.0,67.0,49.0,89.0,108.0,33.0,107.0,25.0,70.0,80.0,99.0,94.0,82.0,23.0,81.0,20.0,19.0,118.0
land,2641949,,,,99.0,,80,,,,,,,,,,,,,,,,,,,,,,,,,,,,,,,,,,,,,,
dig,2643955,,,,,[],80,,,,,,,,,,,,,,,,,,,,,,,,,,,,,,,,,,,,,,
harvest,2645457,,,,48.0,,80,,,,,,99,0.483117643,0.484848485,,,,,,,,,,,,,,,,,,,,,,,,,,,,,,
decision,2645626,167.3,76.0,,48.0,,80,,,,,,,,,264000,5,0.0,TRUE,,,,,,,,,,,,,,,,,,,,,,,,,,
travel,2655473,,,,,[],80,,,,,,,,,,,,,,,,,,,,,,,,,,,,,,,,,,,,,,
alien_welcome,2660476,,,,,,,,,,111,120,1,58,98,115,15,74.0,88,90.0,2.0,54.0,76.0,43.0,26.0,68.0,22.0,97.0,67.0,49.0,89.0,108.0,33.0,107.0,25.0,70.0,80.0,99.0,94.0,82.0,23.0,81.0,20.0,19.0,118.0
land,2660978,,,,100.0,,81,,,,,,,,,,,,,,,,,,,,,,,,,,,,,,,,,,,,,,
dig,2662982,,,,,[],81,,,,,,,,,,,,,,,,,,,,,,,,,,,,,,,,,,,,,,
harvest,2664488,,,,60.0,,81,,,,,,100,0.601154952,0.6,,,,,,,,,,,,,,,,,,,,,,,,,,,,,,
decision,2665449,959.9,76.0,,60.0,,81,,,,,,,,,283824,5,0.0,TRUE,,,,,,,,,,,,,,,,,,,,,,,,,,
travel,2674495,,,,,[],81,,,,,,,,,,,,,,,,,,,,,,,,,,,,,,,,,,,,,,
alien_welcome,2679499,,,,,,,,,,59,120,1,58,98,115,15,74.0,88,90.0,2.0,54.0,76.0,43.0,26.0,68.0,22.0,97.0,67.0,49.0,89.0,108.0,33.0,107.0,25.0,70.0,80.0,99.0,94.0,82.0,23.0,81.0,20.0,19.0,118.0
land,2680002,,,,92.0,,82,,,,,,,,,,,,,,,,,,,,,,,,,,,,,,,,,,,,,,
dig,2682006,,,,,[],82,,,,,,,,,,,,,,,,,,,,,,,,,,,,,,,,,,,,,,
harvest,2683510,,,,74.0,,82,,,,,,92,0.806207102,0.804347826,,,,,,,,,,,,,,,,,,,,,,,,,,,,,,
decision,2684606,1094.5,76.0,,74.0,,82,,,,,,,,,302980,5,0.0,TRUE,,,,,,,,,,,,,,,,,,,,,,,,,,
travel,2693517,,,,,[],82,,,,,,,,,,,,,,,,,,,,,,,,,,,,,,,,,,,,,,
alien_welcome,2698519,,,,,,,,,,10,120,1,58,98,115,15,74.0,88,90.0,2.0,54.0,76.0,43.0,26.0,68.0,22.0,97.0,67.0,49.0,89.0,108.0,33.0,107.0,25.0,70.0,80.0,99.0,94.0,82.0,23.0,81.0,20.0,19.0,118.0
land,2699026,,,,94.0,,83,,,,,,,,,,,,,,,,,,,,,,,,,,,,,,,,,,,,,,
dig,2701031,,,,,[],83,,,,,,,,,,,,,,,,,,,,,,,,,,,,,,,,,,,,,,
harvest,2702534,,,,70.0,,83,,,,,,94,0.746098387,0.744680851,,,,,,,,,,,,,,,,,,,,,,,,,,,,,,
decision,2702896,360.8,76.0,,70.0,,83,,,,,,,,,321270,5,0.0,TRUE,,,,,,,,,,,,,,,,,,,,,,,,,,
travel,2712546,,,,,[],83,,,,,,,,,,,,,,,,,,,,,,,,,,,,,,,,,,,,,,
alien_welcome,2717548,,,,,,,,,,3,120,1,58,98,115,15,74.0,88,90.0,2.0,54.0,76.0,43.0,26.0,68.0,22.0,97.0,67.0,49.0,89.0,108.0,33.0,107.0,25.0,70.0,80.0,99.0,94.0,82.0,23.0,81.0,20.0,19.0,118.0
land,2718051,,,,101.0,,84,,,,,,,,,,,,,,,,,,,,,,,,,,,,,,,,,,,,,,
dig,2720061,,,,,[],84,,,,,,,,,,,,,,,,,,,,,,,,,,,,,,,,,,,,,,
harvest,2721563,,,,76.0,,84,,,,,,101,0.753902886,0.752475248,,,,,,,,,,,,,,,,,,,,,,,,,,,,,,
decision,2721690,125.3,76.0,,76.0,,84,,,,,,,,,340064,5,0.0,TRUE,,,,,,,,,,,,,,,,,,,,,,,,,,
travel,2731574,,,,,[],84,,,,,,,,,,,,,,,,,,,,,,,,,,,,,,,,,,,,,,
alien_welcome,2736577,,,,,,,,,,62,120,1,58,98,115,15,74.0,88,90.0,2.0,54.0,76.0,43.0,26.0,68.0,22.0,97.0,67.0,49.0,89.0,108.0,33.0,107.0,25.0,70.0,80.0,99.0,94.0,82.0,23.0,81.0,20.0,19.0,118.0
land,2737114,,,,106.0,,85,,,,,,,,,,,,,,,,,,,,,,,,,,,,,,,,,,,,,,
dig,2739119,,,,,[],85,,,,,,,,,,,,,,,,,,,,,,,,,,,,,,,,,,,,,,
harvest,2740621,,,,56.0,,85,,,,,,106,0.525859477,0.528301887,,,,,,,,,,,,,,,,,,,,,,,,,,,,,,
decision,2740991,368.3,76.0,,56.0,,85,,,,,,,,,359366,5,0.0,TRUE,,,,,,,,,,,,,,,,,,,,,,,,,,
travel,2750631,,,,,[],85,,,,,,,,,,,,,,,,,,,,,,,,,,,,,,,,,,,,,,
alien_welcome,2755633,,,,,,,,,,85,120,1,58,98,115,15,74.0,88,90.0,2.0,54.0,76.0,43.0,26.0,68.0,22.0,97.0,67.0,49.0,89.0,108.0,33.0,107.0,25.0,70.0,80.0,99.0,94.0,82.0,23.0,81.0,20.0,19.0,118.0
land,2756136,,,,96.0,,86,,,,,,,,,,,,,,,,,,,,,,,,,,,,,,,,,,,,,,
dig,2758141,,,,,[],86,,,,,,,,,,,,,,,,,,,,,,,,,,,,,,,,,,,,,,
harvest,2759643,,,,55.0,,86,,,,,,96,0.572872725,0.572916667,,,,,,,,,,,,,,,,,,,,,,,,,,,,,,
decision,2761238,1593.2,76.0,,55.0,,86,,,,,,,,,379612,5,0.0,TRUE,,,,,,,,,,,,,,,,,,,,,,,,,,
catch,2764973,3726.6,90.0,,55.0,,,,,,,,,,,,,,,,,,,,,,,,,,,,,,,,,,,,,,,,
debrief,2834019,69042.2,,,,{planet_threshold:no,planet_threshold_desc:,dig_threshold:no,dig_threshold_desc:,surprise:yes,surprise_desc:If the first number was quite high I stayed, otherwise I moved on.,dynamic:yes,dynamic_desc:When the initial number was lower.,other:no,other_desc:,feedback:},,,,,,,,,,,,,,,,,,,,,,,,,,,,
demo,2840222,6198.8,,,,{age:61,gender:female},,,,,,,,,,,,,,,,,,,,,,,,,,,,,,,,,,,,,,
end_of_exp,2893801,53575.0,32.0,,,,,,,,,,,,,,,,,2.0,1.0,,,,,,,,,,,,,,,,,,,,,,,,
