trial_type,time_elapsed,rt,key_press,condition,next_reward,responses,planet,curr_prac_trial,n_prac_rounds,button_pressed,alien,aliens,reward_received,decay_rate_actual,decay_rate_exp,time_in_block,block_num,prt,last_trial_on_planet,bonus,num_failures,Unnamed: 23,Unnamed: 24,Unnamed: 25,Unnamed: 26,Unnamed: 27,Unnamed: 28,Unnamed: 29,Unnamed: 30,Unnamed: 31,Unnamed: 32,Unnamed: 33,Unnamed: 34,Unnamed: 35,Unnamed: 36,Unnamed: 37,Unnamed: 38,Unnamed: 39,Unnamed: 40,Unnamed: 41,Unnamed: 42,Unnamed: 43,Unnamed: 44,Unnamed: 45,Unnamed: 46,Unnamed: 47,Unnamed: 48,Unnamed: 49,Unnamed: 50,Unnamed: 51,Unnamed: 52,Unnamed: 53,Unnamed: 54,Unnamed: 55,Unnamed: 56,Unnamed: 57
fullscreen,23883,,,,,,,,,,,,,,,,,,,,,,,,,,,,,,,,,,,,,,,,,,,,,,,,,,,,,,,
instruc_welcome,31735,7846.1,32.0,1.0,,,,,,,,,,,,,,,,,,,,,,,,,,,,,,,,,,,,,,,,,,,,,,,,,,,,
instruc_goal,43792,12055.9,32.0,,,,,,,,,,,,,,,,,,,,,,,,,,,,,,,,,,,,,,,,,,,,,,,,,,,,,
instruc_dig,64995,21204.6,65.0,,100.0,,,,,,,,,,,,,,,,,,,,,,,,,,,,,,,,,,,,,,,,,,,,,,,,,,,
dig_instruc,67024,,,,,[],,,,,,,,,,,,,,,,,,,,,,,,,,,,,,,,,,,,,,,,,,,,,,,,,,
harvest_instruc,68526,,,,,,,,,,,,,,,,,,,,,,,,,,,,,,,,,,,,,,,,,,,,,,,,,,,,,,,
instruc_travel,118490,49962.6,76.0,,,,,,,,,,,,,,,,,,,,,,,,,,,,,,,,,,,,,,,,,,,,,,,,,,,,,
travel_prac,128498,,,,,[],0,,,,,,,,,,,,,,,,,,,,,,,,,,,,,,,,,,,,,,,,,,,,,,,,,
instruc_alien_greet,135059,6559.5,32.0,,,,,,,,,,,,,,,,,,,,,,,,,,,,,,,,,,,,,,,,,,,,,,,,,,,,,
time_out,149677,14616.6,32.0,,,,,,,,,,,,,,,,,,,,,,,,,,,,,,,,,,,,,,,,,,,,,,,,,,,,,
instruc_break,172143,22463.6,32.0,,,,,,,,,,,,,,,,,,,,,,,,,,,,,,,,,,,,,,,,,,,,,,,,,,,,,
quiz_prac,260835,88686.0,,,,{Q0:C,Q1:A,Q2:A},,,,,,,,,,,,,,,,,,,,,,,,,,,,,,,,,,,,,,,,,,,,,,,,
quiz_incorrect,271835,10997.5,,,,{Q0:C,Q1:B,Q2:B},,,,,,,,,,,,,,,,,,,,,,,,,,,,,,,,,,,,,,,,,,,,,,,,
instruc_goal,273971,2135.1,32.0,,,,,,,,,,,,,,,,,,,,,,,,,,,,,,,,,,,,,,,,,,,,,,,,,,,,,
instruc_dig,280693,6720.4,65.0,,100.0,,,,,,,,,,,,,,,,,,,,,,,,,,,,,,,,,,,,,,,,,,,,,,,,,,,
dig_instruc,282700,,,,,[],,,,,,,,,,,,,,,,,,,,,,,,,,,,,,,,,,,,,,,,,,,,,,,,,,
harvest_instruc,284203,,,,,,,,,,,,,,,,,,,,,,,,,,,,,,,,,,,,,,,,,,,,,,,,,,,,,,,
instruc_travel,285692,1488.6,76.0,,,,,,,,,,,,,,,,,,,,,,,,,,,,,,,,,,,,,,,,,,,,,,,,,,,,,
travel_prac,295696,,,,,[],0,,,,,,,,,,,,,,,,,,,,,,,,,,,,,,,,,,,,,,,,,,,,,,,,,
time_out,297971,2273.6,32.0,,,,,,,,,,,,,,,,,,,,,,,,,,,,,,,,,,,,,,,,,,,,,,,,,,,,,
instruc_break,299814,1841.6,32.0,,,,,,,,,,,,,,,,,,,,,,,,,,,,,,,,,,,,,,,,,,,,,,,,,,,,,
quiz_prac,307371,7556.0,,,,{Q0:C,Q1:B,Q2:A},,,,,,,,,,,,,,,,,,,,,,,,,,,,,,,,,,,,,,,,,,,,,,,,
quiz_incorrect,323607,16238.7,,,,{Q0:C,Q1:B,Q2:B},,,,,,,,,,,,,,,,,,,,,,,,,,,,,,,,,,,,,,,,,,,,,,,,
instruc_goal,324620,1012.1,32.0,,,,,,,,,,,,,,,,,,,,,,,,,,,,,,,,,,,,,,,,,,,,,,,,,,,,,
instruc_dig,325617,995.1,65.0,,100.0,,,,,,,,,,,,,,,,,,,,,,,,,,,,,,,,,,,,,,,,,,,,,,,,,,,
dig_instruc,327624,,,,,[],,,,,,,,,,,,,,,,,,,,,,,,,,,,,,,,,,,,,,,,,,,,,,,,,,
harvest_instruc,329126,,,,,,,,,,,,,,,,,,,,,,,,,,,,,,,,,,,,,,,,,,,,,,,,,,,,,,,
instruc_travel,330438,1310.1,76.0,,,,,,,,,,,,,,,,,,,,,,,,,,,,,,,,,,,,,,,,,,,,,,,,,,,,,
travel_prac,340446,,,,,[],0,,,,,,,,,,,,,,,,,,,,,,,,,,,,,,,,,,,,,,,,,,,,,,,,,
time_out,341707,1259.3,32.0,,,,,,,,,,,,,,,,,,,,,,,,,,,,,,,,,,,,,,,,,,,,,,,,,,,,,
instruc_break,343433,1725.0,32.0,,,,,,,,,,,,,,,,,,,,,,,,,,,,,,,,,,,,,,,,,,,,,,,,,,,,,
quiz_prac,349943,6509.0,,,,{Q0:C,Q1:B,Q2:B},,,,,,,,,,,,,,,,,,,,,,,,,,,,,,,,,,,,,,,,,,,,,,,,
quiz_correct,351503,1558.1,,,,{Q0:C,Q1:B,Q2:B},,,,,,,,,,,,,,,,,,,,,,,,,,,,,,,,,,,,,,,,,,,,,,,,
instruc_prac_game,364323,12819.5,32.0,,,,,,,,,,,,,,,,,,,,,,,,,,,,,,,,,,,,,,,,,,,,,,,,,,,,,
alien_welcome_prac,369333,,,,,,,,,,,,,,,,,,,,,,,,,,,,,,,,,,,,,,,,,,,,,,,,,,,,,,,
land_prac,369835,,,,91.0,,0,,,,,,,,,,,,,,,,,,,,,,,,,,,,,,,,,,,,,,,,,,,,,,,,,
dig_prac,371842,,,,,[],,,,,,,,,,,,,,,,,,,,,,,,,,,,,,,,,,,,,,,,,,,,,,,,,,
harvest_prac,373346,,,,,,,,,,,,,,,,,,,,,,,,,,,,,,,,,,,,,,,,,,,,,,,,,,,,,,,
decision_prac,375353,,,,,,,1,,,,,,,,,,,,,,,,,,,,,,,,,,,,,,,,,,,,,,,,,,,,,,,,
time_out,377360,,,,,,,,,,,,,,,,,,,,,,,,,,,,,,,,,,,,,,,,,,,,,,,,,,,,,,,
decision_prac,378331,969.4,65.0,,,,,2,,,,,,,,,,,,,,,,,,,,,,,,,,,,,,,,,,,,,,,,,,,,,,,,
dig_prac,380339,,,,,[],,,,,,,,,,,,,,,,,,,,,,,,,,,,,,,,,,,,,,,,,,,,,,,,,,
harvest_prac,381842,,,,,,,,,,,,,,,,,,,,,,,,,,,,,,,,,,,,,,,,,,,,,,,,,,,,,,,
decision_prac,382344,501.1,65.0,,,,,3,,,,,,,,,,,,,,,,,,,,,,,,,,,,,,,,,,,,,,,,,,,,,,,,
dig_prac,384352,,,,,[],,,,,,,,,,,,,,,,,,,,,,,,,,,,,,,,,,,,,,,,,,,,,,,,,,
harvest_prac,385858,,,,,,,,,,,,,,,,,,,,,,,,,,,,,,,,,,,,,,,,,,,,,,,,,,,,,,,
decision_prac,386432,573.1,65.0,,,,,4,,,,,,,,,,,,,,,,,,,,,,,,,,,,,,,,,,,,,,,,,,,,,,,,
dig_prac,388442,,,,,[],,,,,,,,,,,,,,,,,,,,,,,,,,,,,,,,,,,,,,,,,,,,,,,,,,
harvest_prac,389951,,,,,,,,,,,,,,,,,,,,,,,,,,,,,,,,,,,,,,,,,,,,,,,,,,,,,,,
decision_prac,390773,820.8,76.0,,,,,,1,,,,,,,,,,,,,,,,,,,,,,,,,,,,,,,,,,,,,,,,,,,,,,,
instruc_begin_exp,397616,6840.5,,,,,,,1,1,,,,,,,,,,,,,,,,,,,,,,,,,,,,,,,,,,,,,,,,,,,,,,
alien_welcome,402623,,,,,,,,,,31,46,5,101,53,40,10.0,42.0,37,24.0,70.0,105.0,48.0,74.0,73.0,59.0,77.0,81.0,34.0,71.0,3.0,36.0,47.0,64.0,21.0,113.0,54.0,119.0,12.0,51.0,60.0,67.0,17.0,44.0,97.0,22.0,35.0,114.0,99.0,13.0,29.0,39.0,41.0,25.0,45.0,104.0
land,403131,,,,105.0,,1,,,,,,,,,,,,,,,,,,,,,,,,,,,,,,,,,,,,,,,,,,,,,,,,,
dig,405139,,,,,[],1,,,,,,,,,,,,,,,,,,,,,,,,,,,,,,,,,,,,,,,,,,,,,,,,,
harvest,406648,,,,18.0,,1,,,,,,105,0.172109856,0.171428571,,,,,,,,,,,,,,,,,,,,,,,,,,,,,,,,,,,,,,,,,
decision,407116,466.1,65.0,,18.0,,1,,,,,,,,,9500,1.0,0.0,FALSE,,,,,,,,,,,,,,,,,,,,,,,,,,,,,,,,,,,,,
dig,408654,,,,,[],1,,,,,,,,,,,,,,,,,,,,,,,,,,,,,,,,,,,,,,,,,,,,,,,,,
harvest,410162,,,,2.0,,1,,,,,,18,0.091242248,0.111111111,,,,,,,,,,,,,,,,,,,,,,,,,,,,,,,,,,,,,,,,,
decision,410632,468.0,65.0,,2.0,,1,,,,,,,,,13015,1.0,1.0,FALSE,,,,,,,,,,,,,,,,,,,,,,,,,,,,,,,,,,,,,
dig,412177,,,,,[],1,,,,,,,,,,,,,,,,,,,,,,,,,,,,,,,,,,,,,,,,,,,,,,,,,
harvest,413686,,,,0.0,,1,,,,,,2,0.192258681,0,,,,,,,,,,,,,,,,,,,,,,,,,,,,,,,,,,,,,,,,,
decision,413961,273.6,76.0,,0.0,,1,,,,,,,,,16344,1.0,2.0,TRUE,,,,,,,,,,,,,,,,,,,,,,,,,,,,,,,,,,,,,
travel,423692,,,,,[],1,,,,,,,,,,,,,,,,,,,,,,,,,,,,,,,,,,,,,,,,,,,,,,,,,
alien_welcome,428704,,,,,,,,,,91,46,5,101,53,40,10.0,42.0,37,24.0,70.0,105.0,48.0,74.0,73.0,59.0,77.0,81.0,34.0,71.0,3.0,36.0,47.0,64.0,21.0,113.0,54.0,119.0,12.0,51.0,60.0,67.0,17.0,44.0,97.0,22.0,35.0,114.0,99.0,13.0,29.0,39.0,41.0,25.0,45.0,104.0
land,429206,,,,95.0,,2,,,,,,,,,,,,,,,,,,,,,,,,,,,,,,,,,,,,,,,,,,,,,,,,,
dig,431218,,,,,[],2,,,,,,,,,,,,,,,,,,,,,,,,,,,,,,,,,,,,,,,,,,,,,,,,,
harvest,432727,,,,21.0,,2,,,,,,95,0.222976286,0.221052632,,,,,,,,,,,,,,,,,,,,,,,,,,,,,,,,,,,,,,,,,
decision,433045,317.6,65.0,,21.0,,2,,,,,,,,,35429,1.0,0.0,FALSE,,,,,,,,,,,,,,,,,,,,,,,,,,,,,,,,,,,,,
dig,434738,,,,,[],2,,,,,,,,,,,,,,,,,,,,,,,,,,,,,,,,,,,,,,,,,,,,,,,,,
harvest,436245,,,,5.0,,2,,,,,,21,0.227179429,0.238095238,,,,,,,,,,,,,,,,,,,,,,,,,,,,,,,,,,,,,,,,,
decision,436668,421.4,65.0,,5.0,,2,,,,,,,,,39051,1.0,1.0,FALSE,,,,,,,,,,,,,,,,,,,,,,,,,,,,,,,,,,,,,
dig,438255,,,,,[],2,,,,,,,,,,,,,,,,,,,,,,,,,,,,,,,,,,,,,,,,,,,,,,,,,
harvest,439757,,,,1.0,,2,,,,,,5,0.179624135,0.2,,,,,,,,,,,,,,,,,,,,,,,,,,,,,,,,,,,,,,,,,
decision,441760,,,,1.0,,2,,,,,,,,,44143,1.0,2.0,FALSE,,,,,,,,,,,,,,,,,,,,,,,,,,,,,,,,,,,,,
time_out,443763,,,,1.0,,,,,,,,,,,,,,,,,,,,,,,,,,,,,,,,,,,,,,,,,,,,,,,,,,,
decision,444157,392.9,76.0,,1.0,,2,,,,,,,,,46541,1.0,2.0,TRUE,,,,,,,,,,,,,,,,,,,,,,,,,,,,,,,,,,,,,
travel,453769,,,,,[],2,,,,,,,,,,,,,,,,,,,,,,,,,,,,,,,,,,,,,,,,,,,,,,,,,
alien_welcome,458778,,,,,,,,,,66,46,5,101,53,40,10.0,42.0,37,24.0,70.0,105.0,48.0,74.0,73.0,59.0,77.0,81.0,34.0,71.0,3.0,36.0,47.0,64.0,21.0,113.0,54.0,119.0,12.0,51.0,60.0,67.0,17.0,44.0,97.0,22.0,35.0,114.0,99.0,13.0,29.0,39.0,41.0,25.0,45.0,104.0
land,459280,,,,101.0,,3,,,,,,,,,,,,,,,,,,,,,,,,,,,,,,,,,,,,,,,,,,,,,,,,,
dig,461287,,,,,[],3,,,,,,,,,,,,,,,,,,,,,,,,,,,,,,,,,,,,,,,,,,,,,,,,,
harvest,462798,,,,49.0,,3,,,,,,101,0.486502928,0.485148515,,,,,,,,,,,,,,,,,,,,,,,,,,,,,,,,,,,,,,,,,
decision,463259,459.4,65.0,,49.0,,3,,,,,,,,,65642,1.0,0.0,FALSE,,,,,,,,,,,,,,,,,,,,,,,,,,,,,,,,,,,,,
dig,464801,,,,,[],3,,,,,,,,,,,,,,,,,,,,,,,,,,,,,,,,,,,,,,,,,,,,,,,,,
harvest,466306,,,,29.0,,3,,,,,,49,0.590548828,0.591836735,,,,,,,,,,,,,,,,,,,,,,,,,,,,,,,,,,,,,,,,,
decision,466959,648.5,65.0,,29.0,,3,,,,,,,,,69342,1.0,1.0,FALSE,,,,,,,,,,,,,,,,,,,,,,,,,,,,,,,,,,,,,
dig,468313,,,,,[],3,,,,,,,,,,,,,,,,,,,,,,,,,,,,,,,,,,,,,,,,,,,,,,,,,
harvest,469821,,,,16.0,,3,,,,,,29,0.538039637,0.551724138,,,,,,,,,,,,,,,,,,,,,,,,,,,,,,,,,,,,,,,,,
decision,470037,212.3,76.0,,16.0,,3,,,,,,,,,72420,1.0,2.0,TRUE,,,,,,,,,,,,,,,,,,,,,,,,,,,,,,,,,,,,,
travel,479833,,,,,[],3,,,,,,,,,,,,,,,,,,,,,,,,,,,,,,,,,,,,,,,,,,,,,,,,,
alien_welcome,484840,,,,,,,,,,2,46,5,101,53,40,10.0,42.0,37,24.0,70.0,105.0,48.0,74.0,73.0,59.0,77.0,81.0,34.0,71.0,3.0,36.0,47.0,64.0,21.0,113.0,54.0,119.0,12.0,51.0,60.0,67.0,17.0,44.0,97.0,22.0,35.0,114.0,99.0,13.0,29.0,39.0,41.0,25.0,45.0,104.0
land,485351,,,,95.0,,4,,,,,,,,,,,,,,,,,,,,,,,,,,,,,,,,,,,,,,,,,,,,,,,,,
dig,487355,,,,,[],4,,,,,,,,,,,,,,,,,,,,,,,,,,,,,,,,,,,,,,,,,,,,,,,,,
harvest,488863,,,,51.0,,4,,,,,,95,0.538981467,0.536842105,,,,,,,,,,,,,,,,,,,,,,,,,,,,,,,,,,,,,,,,,
decision,489141,277.1,65.0,,51.0,,4,,,,,,,,,91525,1.0,0.0,FALSE,,,,,,,,,,,,,,,,,,,,,,,,,,,,,,,,,,,,,
dig,490875,,,,,[],4,,,,,,,,,,,,,,,,,,,,,,,,,,,,,,,,,,,,,,,,,,,,,,,,,
harvest,492383,,,,22.0,,4,,,,,,51,0.440264528,0.431372549,,,,,,,,,,,,,,,,,,,,,,,,,,,,,,,,,,,,,,,,,
decision,492826,438.9,65.0,,22.0,,4,,,,,,,,,95210,1.0,1.0,FALSE,,,,,,,,,,,,,,,,,,,,,,,,,,,,,,,,,,,,,
dig,494398,,,,,[],4,,,,,,,,,,,,,,,,,,,,,,,,,,,,,,,,,,,,,,,,,,,,,,,,,
harvest,495905,,,,10.0,,4,,,,,,22,0.45739626,0.454545455,,,,,,,,,,,,,,,,,,,,,,,,,,,,,,,,,,,,,,,,,
decision,496222,315.5,76.0,,10.0,,4,,,,,,,,,98605,1.0,2.0,TRUE,,,,,,,,,,,,,,,,,,,,,,,,,,,,,,,,,,,,,
travel,505916,,,,,[],4,,,,,,,,,,,,,,,,,,,,,,,,,,,,,,,,,,,,,,,,,,,,,,,,,
alien_welcome,510919,,,,,,,,,,55,46,5,101,53,40,10.0,42.0,37,24.0,70.0,105.0,48.0,74.0,73.0,59.0,77.0,81.0,34.0,71.0,3.0,36.0,47.0,64.0,21.0,113.0,54.0,119.0,12.0,51.0,60.0,67.0,17.0,44.0,97.0,22.0,35.0,114.0,99.0,13.0,29.0,39.0,41.0,25.0,45.0,104.0
land,511439,,,,98.0,,5,,,,,,,,,,,,,,,,,,,,,,,,,,,,,,,,,,,,,,,,,,,,,,,,,
dig,513451,,,,,[],5,,,,,,,,,,,,,,,,,,,,,,,,,,,,,,,,,,,,,,,,,,,,,,,,,
harvest,514959,,,,45.0,,5,,,,,,98,0.461655282,0.459183673,,,,,,,,,,,,,,,,,,,,,,,,,,,,,,,,,,,,,,,,,
decision,515277,316.7,65.0,,45.0,,5,,,,,,,,,117660,1.0,0.0,FALSE,,,,,,,,,,,,,,,,,,,,,,,,,,,,,,,,,,,,,
dig,516969,,,,,[],5,,,,,,,,,,,,,,,,,,,,,,,,,,,,,,,,,,,,,,,,,,,,,,,,,
harvest,518478,,,,19.0,,5,,,,,,45,0.42300322,0.422222222,,,,,,,,,,,,,,,,,,,,,,,,,,,,,,,,,,,,,,,,,
decision,518958,478.0,65.0,,19.0,,5,,,,,,,,,121341,1.0,1.0,FALSE,,,,,,,,,,,,,,,,,,,,,,,,,,,,,,,,,,,,,
dig,520488,,,,,[],5,,,,,,,,,,,,,,,,,,,,,,,,,,,,,,,,,,,,,,,,,,,,,,,,,
harvest,521991,,,,9.0,,5,,,,,,19,0.491296144,0.473684211,,,,,,,,,,,,,,,,,,,,,,,,,,,,,,,,,,,,,,,,,
decision,522277,284.7,76.0,,9.0,,5,,,,,,,,,124661,1.0,2.0,TRUE,,,,,,,,,,,,,,,,,,,,,,,,,,,,,,,,,,,,,
travel,531993,,,,,[],5,,,,,,,,,,,,,,,,,,,,,,,,,,,,,,,,,,,,,,,,,,,,,,,,,
alien_welcome,537000,,,,,,,,,,90,46,5,101,53,40,10.0,42.0,37,24.0,70.0,105.0,48.0,74.0,73.0,59.0,77.0,81.0,34.0,71.0,3.0,36.0,47.0,64.0,21.0,113.0,54.0,119.0,12.0,51.0,60.0,67.0,17.0,44.0,97.0,22.0,35.0,114.0,99.0,13.0,29.0,39.0,41.0,25.0,45.0,104.0
land,537508,,,,96.0,,6,,,,,,,,,,,,,,,,,,,,,,,,,,,,,,,,,,,,,,,,,,,,,,,,,
dig,539529,,,,,[],6,,,,,,,,,,,,,,,,,,,,,,,,,,,,,,,,,,,,,,,,,,,,,,,,,
harvest,541035,,,,80.0,,6,,,,,,96,0.837256109,0.833333333,,,,,,,,,,,,,,,,,,,,,,,,,,,,,,,,,,,,,,,,,
decision,541393,356.3,65.0,,80.0,,6,,,,,,,,,143776,1.0,0.0,FALSE,,,,,,,,,,,,,,,,,,,,,,,,,,,,,,,,,,,,,
dig,543040,,,,,[],6,,,,,,,,,,,,,,,,,,,,,,,,,,,,,,,,,,,,,,,,,,,,,,,,,
harvest,544547,,,,63.0,,6,,,,,,80,0.790428918,0.7875,,,,,,,,,,,,,,,,,,,,,,,,,,,,,,,,,,,,,,,,,
decision,545272,723.5,65.0,,63.0,,6,,,,,,,,,147655,1.0,1.0,FALSE,,,,,,,,,,,,,,,,,,,,,,,,,,,,,,,,,,,,,
dig,546558,,,,,[],6,,,,,,,,,,,,,,,,,,,,,,,,,,,,,,,,,,,,,,,,,,,,,,,,,
harvest,548063,,,,52.0,,6,,,,,,63,0.823554296,0.825396825,,,,,,,,,,,,,,,,,,,,,,,,,,,,,,,,,,,,,,,,,
decision,548496,431.4,65.0,,52.0,,6,,,,,,,,,150880,1.0,2.0,FALSE,,,,,,,,,,,,,,,,,,,,,,,,,,,,,,,,,,,,,
dig,550074,,,,,[],6,,,,,,,,,,,,,,,,,,,,,,,,,,,,,,,,,,,,,,,,,,,,,,,,,
harvest,551578,,,,41.0,,6,,,,,,52,0.788391425,0.788461538,,,,,,,,,,,,,,,,,,,,,,,,,,,,,,,,,,,,,,,,,
decision,552130,550.6,65.0,,41.0,,6,,,,,,,,,154513,1.0,3.0,FALSE,,,,,,,,,,,,,,,,,,,,,,,,,,,,,,,,,,,,,
dig,553591,,,,,[],6,,,,,,,,,,,,,,,,,,,,,,,,,,,,,,,,,,,,,,,,,,,,,,,,,
harvest,555100,,,,32.0,,6,,,,,,41,0.781309108,0.780487805,,,,,,,,,,,,,,,,,,,,,,,,,,,,,,,,,,,,,,,,,
decision,555733,632.5,65.0,,32.0,,6,,,,,,,,,158117,1.0,4.0,FALSE,,,,,,,,,,,,,,,,,,,,,,,,,,,,,,,,,,,,,
dig,557107,,,,,[],6,,,,,,,,,,,,,,,,,,,,,,,,,,,,,,,,,,,,,,,,,,,,,,,,,
harvest,558610,,,,27.0,,6,,,,,,32,0.833190184,0.84375,,,,,,,,,,,,,,,,,,,,,,,,,,,,,,,,,,,,,,,,,
decision,559098,486.5,76.0,,27.0,,6,,,,,,,,,161481,1.0,5.0,TRUE,,,,,,,,,,,,,,,,,,,,,,,,,,,,,,,,,,,,,
travel,568619,,,,,[],6,,,,,,,,,,,,,,,,,,,,,,,,,,,,,,,,,,,,,,,,,,,,,,,,,
alien_welcome,573627,,,,,,,,,,1,46,5,101,53,40,10.0,42.0,37,24.0,70.0,105.0,48.0,74.0,73.0,59.0,77.0,81.0,34.0,71.0,3.0,36.0,47.0,64.0,21.0,113.0,54.0,119.0,12.0,51.0,60.0,67.0,17.0,44.0,97.0,22.0,35.0,114.0,99.0,13.0,29.0,39.0,41.0,25.0,45.0,104.0
land,574137,,,,93.0,,7,,,,,,,,,,,,,,,,,,,,,,,,,,,,,,,,,,,,,,,,,,,,,,,,,
dig,576145,,,,,[],7,,,,,,,,,,,,,,,,,,,,,,,,,,,,,,,,,,,,,,,,,,,,,,,,,
harvest,577650,,,,75.0,,7,,,,,,93,0.803445118,0.806451613,,,,,,,,,,,,,,,,,,,,,,,,,,,,,,,,,,,,,,,,,
decision,577896,244.5,65.0,,75.0,,7,,,,,,,,,180279,1.0,0.0,FALSE,,,,,,,,,,,,,,,,,,,,,,,,,,,,,,,,,,,,,
dig,579663,,,,,[],7,,,,,,,,,,,,,,,,,,,,,,,,,,,,,,,,,,,,,,,,,,,,,,,,,
harvest,581169,,,,62.0,,7,,,,,,75,0.823167173,0.826666667,,,,,,,,,,,,,,,,,,,,,,,,,,,,,,,,,,,,,,,,,
decision,581589,419.6,65.0,,62.0,,7,,,,,,,,,183973,1.0,1.0,FALSE,,,,,,,,,,,,,,,,,,,,,,,,,,,,,,,,,,,,,
dig,583172,,,,,[],7,,,,,,,,,,,,,,,,,,,,,,,,,,,,,,,,,,,,,,,,,,,,,,,,,
harvest,584687,,,,47.0,,7,,,,,,62,0.753045749,0.758064516,,,,,,,,,,,,,,,,,,,,,,,,,,,,,,,,,,,,,,,,,
decision,585099,410.2,65.0,,47.0,,7,,,,,,,,,187482,1.0,2.0,FALSE,,,,,,,,,,,,,,,,,,,,,,,,,,,,,,,,,,,,,
dig,586696,,,,,[],7,,,,,,,,,,,,,,,,,,,,,,,,,,,,,,,,,,,,,,,,,,,,,,,,,
harvest,588200,,,,37.0,,7,,,,,,47,0.790559875,0.787234043,,,,,,,,,,,,,,,,,,,,,,,,,,,,,,,,,,,,,,,,,
decision,589751,1549.7,65.0,,37.0,,7,,,,,,,,,192134,1.0,3.0,FALSE,,,,,,,,,,,,,,,,,,,,,,,,,,,,,,,,,,,,,
dig,590212,,,,,[],7,,,,,,,,,,,,,,,,,,,,,,,,,,,,,,,,,,,,,,,,,,,,,,,,,
harvest,591720,,,,31.0,,7,,,,,,37,0.843671695,0.837837838,,,,,,,,,,,,,,,,,,,,,,,,,,,,,,,,,,,,,,,,,
decision,592035,314.0,76.0,,31.0,,7,,,,,,,,,194419,1.0,4.0,TRUE,,,,,,,,,,,,,,,,,,,,,,,,,,,,,,,,,,,,,
travel,601728,,,,,[],7,,,,,,,,,,,,,,,,,,,,,,,,,,,,,,,,,,,,,,,,,,,,,,,,,
alien_welcome,606737,,,,,,,,,,117,46,5,101,53,40,10.0,42.0,37,24.0,70.0,105.0,48.0,74.0,73.0,59.0,77.0,81.0,34.0,71.0,3.0,36.0,47.0,64.0,21.0,113.0,54.0,119.0,12.0,51.0,60.0,67.0,17.0,44.0,97.0,22.0,35.0,114.0,99.0,13.0,29.0,39.0,41.0,25.0,45.0,104.0
land,607254,,,,100.0,,8,,,,,,,,,,,,,,,,,,,,,,,,,,,,,,,,,,,,,,,,,,,,,,,,,
dig,609263,,,,,[],8,,,,,,,,,,,,,,,,,,,,,,,,,,,,,,,,,,,,,,,,,,,,,,,,,
harvest,610769,,,,88.0,,8,,,,,,100,0.875632792,0.88,,,,,,,,,,,,,,,,,,,,,,,,,,,,,,,,,,,,,,,,,
decision,610783,13.30000001,65.0,,88.0,,8,,,,,,,,,213166,1.0,0.0,FALSE,,,,,,,,,,,,,,,,,,,,,,,,,,,,,,,,,,,,,
dig,612775,,,,,[],8,,,,,,,,,,,,,,,,,,,,,,,,,,,,,,,,,,,,,,,,,,,,,,,,,
harvest,614282,,,,68.0,,8,,,,,,88,0.776541296,0.772727273,,,,,,,,,,,,,,,,,,,,,,,,,,,,,,,,,,,,,,,,,
decision,614700,416.3,65.0,,68.0,,8,,,,,,,,,217083,1.0,1.0,FALSE,,,,,,,,,,,,,,,,,,,,,,,,,,,,,,,,,,,,,
dig,616287,,,,,[],8,,,,,,,,,,,,,,,,,,,,,,,,,,,,,,,,,,,,,,,,,,,,,,,,,
harvest,617795,,,,55.0,,8,,,,,,68,0.813440772,0.808823529,,,,,,,,,,,,,,,,,,,,,,,,,,,,,,,,,,,,,,,,,
decision,619802,,,,55.0,,8,,,,,,,,,222185,1.0,2.0,FALSE,,,,,,,,,,,,,,,,,,,,,,,,,,,,,,,,,,,,,
time_out,621807,,,,55.0,,,,,,,,,,,,,,,,,,,,,,,,,,,,,,,,,,,,,,,,,,,,,,,,,,,
decision,622114,306.2,65.0,,55.0,,8,,,,,,,,,224498,1.0,2.0,FALSE,,,,,,,,,,,,,,,,,,,,,,,,,,,,,,,,,,,,,
dig,623819,,,,,[],8,,,,,,,,,,,,,,,,,,,,,,,,,,,,,,,,,,,,,,,,,,,,,,,,,
harvest,625323,,,,48.0,,8,,,,,,55,0.866417325,0.872727273,,,,,,,,,,,,,,,,,,,,,,,,,,,,,,,,,,,,,,,,,
decision,625351,26.80000001,76.0,,48.0,,8,,,,,,,,,227735,1.0,3.0,TRUE,,,,,,,,,,,,,,,,,,,,,,,,,,,,,,,,,,,,,
travel,635331,,,,,[],8,,,,,,,,,,,,,,,,,,,,,,,,,,,,,,,,,,,,,,,,,,,,,,,,,
alien_welcome,640342,,,,,,,,,,38,46,5,101,53,40,10.0,42.0,37,24.0,70.0,105.0,48.0,74.0,73.0,59.0,77.0,81.0,34.0,71.0,3.0,36.0,47.0,64.0,21.0,113.0,54.0,119.0,12.0,51.0,60.0,67.0,17.0,44.0,97.0,22.0,35.0,114.0,99.0,13.0,29.0,39.0,41.0,25.0,45.0,104.0
land,640852,,,,96.0,,9,,,,,,,,,,,,,,,,,,,,,,,,,,,,,,,,,,,,,,,,,,,,,,,,,
dig,642863,,,,,[],9,,,,,,,,,,,,,,,,,,,,,,,,,,,,,,,,,,,,,,,,,,,,,,,,,
harvest,644369,,,,19.0,,9,,,,,,96,0.200652025,0.197916667,,,,,,,,,,,,,,,,,,,,,,,,,,,,,,,,,,,,,,,,,
decision,644658,285.3,65.0,,19.0,,9,,,,,,,,,247041,1.0,0.0,FALSE,,,,,,,,,,,,,,,,,,,,,,,,,,,,,,,,,,,,,
dig,646377,,,,,[],9,,,,,,,,,,,,,,,,,,,,,,,,,,,,,,,,,,,,,,,,,,,,,,,,,
harvest,647881,,,,4.0,,9,,,,,,19,0.226718363,0.210526316,,,,,,,,,,,,,,,,,,,,,,,,,,,,,,,,,,,,,,,,,
decision,648024,141.1,76.0,,4.0,,9,,,,,,,,,250407,1.0,1.0,TRUE,,,,,,,,,,,,,,,,,,,,,,,,,,,,,,,,,,,,,
travel,657892,,,,,[],9,,,,,,,,,,,,,,,,,,,,,,,,,,,,,,,,,,,,,,,,,,,,,,,,,
alien_welcome,662902,,,,,,,,,,80,46,5,101,53,40,10.0,42.0,37,24.0,70.0,105.0,48.0,74.0,73.0,59.0,77.0,81.0,34.0,71.0,3.0,36.0,47.0,64.0,21.0,113.0,54.0,119.0,12.0,51.0,60.0,67.0,17.0,44.0,97.0,22.0,35.0,114.0,99.0,13.0,29.0,39.0,41.0,25.0,45.0,104.0
land,663412,,,,103.0,,10,,,,,,,,,,,,,,,,,,,,,,,,,,,,,,,,,,,,,,,,,,,,,,,,,
dig,665418,,,,,[],10,,,,,,,,,,,,,,,,,,,,,,,,,,,,,,,,,,,,,,,,,,,,,,,,,
harvest,666925,,,,31.0,,10,,,,,,103,0.302959459,0.300970874,,,,,,,,,,,,,,,,,,,,,,,,,,,,,,,,,,,,,,,,,
decision,667189,262.4,65.0,,31.0,,10,,,,,,,,,269573,1.0,0.0,FALSE,,,,,,,,,,,,,,,,,,,,,,,,,,,,,,,,,,,,,
dig,668933,,,,,[],10,,,,,,,,,,,,,,,,,,,,,,,,,,,,,,,,,,,,,,,,,,,,,,,,,
harvest,670438,,,,6.0,,10,,,,,,31,0.196872689,0.193548387,,,,,,,,,,,,,,,,,,,,,,,,,,,,,,,,,,,,,,,,,
decision,670610,170.3,76.0,,6.0,,10,,,,,,,,,272993,1.0,1.0,TRUE,,,,,,,,,,,,,,,,,,,,,,,,,,,,,,,,,,,,,
travel,680445,,,,,[],10,,,,,,,,,,,,,,,,,,,,,,,,,,,,,,,,,,,,,,,,,,,,,,,,,
alien_welcome,685448,,,,,,,,,,110,46,5,101,53,40,10.0,42.0,37,24.0,70.0,105.0,48.0,74.0,73.0,59.0,77.0,81.0,34.0,71.0,3.0,36.0,47.0,64.0,21.0,113.0,54.0,119.0,12.0,51.0,60.0,67.0,17.0,44.0,97.0,22.0,35.0,114.0,99.0,13.0,29.0,39.0,41.0,25.0,45.0,104.0
land,685958,,,,98.0,,11,,,,,,,,,,,,,,,,,,,,,,,,,,,,,,,,,,,,,,,,,,,,,,,,,
dig,687968,,,,,[],11,,,,,,,,,,,,,,,,,,,,,,,,,,,,,,,,,,,,,,,,,,,,,,,,,
harvest,689473,,,,17.0,,11,,,,,,98,0.173530717,0.173469388,,,,,,,,,,,,,,,,,,,,,,,,,,,,,,,,,,,,,,,,,
decision,689855,380.7,65.0,,17.0,,11,,,,,,,,,292239,1.0,0.0,FALSE,,,,,,,,,,,,,,,,,,,,,,,,,,,,,,,,,,,,,
dig,691478,,,,,[],11,,,,,,,,,,,,,,,,,,,,,,,,,,,,,,,,,,,,,,,,,,,,,,,,,
harvest,692990,,,,3.0,,11,,,,,,17,0.177819263,0.176470588,,,,,,,,,,,,,,,,,,,,,,,,,,,,,,,,,,,,,,,,,
decision,693050,59.0,76.0,,3.0,,11,,,,,,,,,295433,1.0,1.0,TRUE,,,,,,,,,,,,,,,,,,,,,,,,,,,,,,,,,,,,,
travel,703000,,,,,[],11,,,,,,,,,,,,,,,,,,,,,,,,,,,,,,,,,,,,,,,,,,,,,,,,,
alien_welcome,708007,,,,,,,,,,14,46,5,101,53,40,10.0,42.0,37,24.0,70.0,105.0,48.0,74.0,73.0,59.0,77.0,81.0,34.0,71.0,3.0,36.0,47.0,64.0,21.0,113.0,54.0,119.0,12.0,51.0,60.0,67.0,17.0,44.0,97.0,22.0,35.0,114.0,99.0,13.0,29.0,39.0,41.0,25.0,45.0,104.0
land,708514,,,,97.0,,12,,,,,,,,,,,,,,,,,,,,,,,,,,,,,,,,,,,,,,,,,,,,,,,,,
dig,710521,,,,,[],12,,,,,,,,,,,,,,,,,,,,,,,,,,,,,,,,,,,,,,,,,,,,,,,,,
harvest,712027,,,,18.0,,12,,,,,,97,0.181581409,0.18556701,,,,,,,,,,,,,,,,,,,,,,,,,,,,,,,,,,,,,,,,,
decision,712747,718.1,65.0,,18.0,,12,,,,,,,,,315130,1.0,0.0,FALSE,,,,,,,,,,,,,,,,,,,,,,,,,,,,,,,,,,,,,
dig,714035,,,,,[],12,,,,,,,,,,,,,,,,,,,,,,,,,,,,,,,,,,,,,,,,,,,,,,,,,
harvest,715546,,,,4.0,,12,,,,,,18,0.200267781,0.222222222,,,,,,,,,,,,,,,,,,,,,,,,,,,,,,,,,,,,,,,,,
decision,715661,112.7,76.0,,4.0,,12,,,,,,,,,318045,1.0,1.0,TRUE,,,,,,,,,,,,,,,,,,,,,,,,,,,,,,,,,,,,,
travel,725551,,,,,[],12,,,,,,,,,,,,,,,,,,,,,,,,,,,,,,,,,,,,,,,,,,,,,,,,,
alien_welcome,730553,,,,,,,,,,62,46,5,101,53,40,10.0,42.0,37,24.0,70.0,105.0,48.0,74.0,73.0,59.0,77.0,81.0,34.0,71.0,3.0,36.0,47.0,64.0,21.0,113.0,54.0,119.0,12.0,51.0,60.0,67.0,17.0,44.0,97.0,22.0,35.0,114.0,99.0,13.0,29.0,39.0,41.0,25.0,45.0,104.0
land,731061,,,,102.0,,13,,,,,,,,,,,,,,,,,,,,,,,,,,,,,,,,,,,,,,,,,,,,,,,,,
dig,733067,,,,,[],13,,,,,,,,,,,,,,,,,,,,,,,,,,,,,,,,,,,,,,,,,,,,,,,,,
harvest,734573,,,,30.0,,13,,,,,,102,0.296493491,0.294117647,,,,,,,,,,,,,,,,,,,,,,,,,,,,,,,,,,,,,,,,,
decision,734834,259.9,65.0,,30.0,,13,,,,,,,,,337218,1.0,0.0,FALSE,,,,,,,,,,,,,,,,,,,,,,,,,,,,,,,,,,,,,
dig,736591,,,,,[],13,,,,,,,,,,,,,,,,,,,,,,,,,,,,,,,,,,,,,,,,,,,,,,,,,
harvest,738094,,,,5.0,,13,,,,,,30,0.170521274,0.166666667,,,,,,,,,,,,,,,,,,,,,,,,,,,,,,,,,,,,,,,,,
decision,738370,274.2,76.0,,5.0,,13,,,,,,,,,340753,1.0,1.0,TRUE,,,,,,,,,,,,,,,,,,,,,,,,,,,,,,,,,,,,,
travel,748097,,,,,[],13,,,,,,,,,,,,,,,,,,,,,,,,,,,,,,,,,,,,,,,,,,,,,,,,,
alien_welcome,753106,,,,,,,,,,96,46,5,101,53,40,10.0,42.0,37,24.0,70.0,105.0,48.0,74.0,73.0,59.0,77.0,81.0,34.0,71.0,3.0,36.0,47.0,64.0,21.0,113.0,54.0,119.0,12.0,51.0,60.0,67.0,17.0,44.0,97.0,22.0,35.0,114.0,99.0,13.0,29.0,39.0,41.0,25.0,45.0,104.0
land,753616,,,,108.0,,14,,,,,,,,,,,,,,,,,,,,,,,,,,,,,,,,,,,,,,,,,,,,,,,,,
dig,755623,,,,,[],14,,,,,,,,,,,,,,,,,,,,,,,,,,,,,,,,,,,,,,,,,,,,,,,,,
harvest,757128,,,,83.0,,14,,,,,,108,0.768698459,0.768518519,,,,,,,,,,,,,,,,,,,,,,,,,,,,,,,,,,,,,,,,,
decision,757614,485.0,65.0,,83.0,,14,,,,,,,,,359997,1.0,0.0,FALSE,,,,,,,,,,,,,,,,,,,,,,,,,,,,,,,,,,,,,
dig,759143,,,,,[],14,,,,,,,,,,,,,,,,,,,,,,,,,,,,,,,,,,,,,,,,,,,,,,,,,
harvest,760649,,,,65.0,,14,,,,,,83,0.787829567,0.78313253,,,,,,,,,,,,,,,,,,,,,,,,,,,,,,,,,,,,,,,,,
decision,761095,444.8,65.0,,65.0,,14,,,,,,,,,363478,1.0,1.0,TRUE,,,,,,,,,,,,,,,,,,,,,,,,,,,,,,,,,,,,,
catch,764477,3379.4,90.0,,65.0,,,,,,,,,,,,,,,,,,,,,,,,,,,,,,,,,,,,,,,,,,,,,,,,,,,
end_of_block,777998,13519.1,32.0,,,,,,,,,,,,,,,,,,,,,,,,,,,,,,,,,,,,,,,,,,,,,,,,,,,,,
alien_welcome,783012,,,,,,,,,,102,46,5,101,53,40,10.0,42.0,37,24.0,70.0,105.0,48.0,74.0,73.0,59.0,77.0,81.0,34.0,71.0,3.0,36.0,47.0,64.0,21.0,113.0,54.0,119.0,12.0,51.0,60.0,67.0,17.0,44.0,97.0,22.0,35.0,114.0,99.0,13.0,29.0,39.0,41.0,25.0,45.0,104.0
land,783517,,,,105.0,,15,,,,,,,,,,,,,,,,,,,,,,,,,,,,,,,,,,,,,,,,,,,,,,,,,
dig,785535,,,,,[],15,,,,,,,,,,,,,,,,,,,,,,,,,,,,,,,,,,,,,,,,,,,,,,,,,
harvest,787041,,,,22.0,,15,,,,,,105,0.209620046,0.20952381,,,,,,,,,,,,,,,,,,,,,,,,,,,,,,,,,,,,,,,,,
decision,787380,337.1,65.0,,22.0,,15,,,,,,,,,9379,2.0,0.0,FALSE,,,,,,,,,,,,,,,,,,,,,,,,,,,,,,,,,,,,,
dig,789047,,,,,[],15,,,,,,,,,,,,,,,,,,,,,,,,,,,,,,,,,,,,,,,,,,,,,,,,,
harvest,790553,,,,4.0,,15,,,,,,22,0.201404843,0.181818182,,,,,,,,,,,,,,,,,,,,,,,,,,,,,,,,,,,,,,,,,
decision,791068,513.6,76.0,,4.0,,15,,,,,,,,,13067,2.0,1.0,TRUE,,,,,,,,,,,,,,,,,,,,,,,,,,,,,,,,,,,,,
travel,800562,,,,,[],15,,,,,,,,,,,,,,,,,,,,,,,,,,,,,,,,,,,,,,,,,,,,,,,,,
alien_welcome,805564,,,,,,,,,,27,46,5,101,53,40,10.0,42.0,37,24.0,70.0,105.0,48.0,74.0,73.0,59.0,77.0,81.0,34.0,71.0,3.0,36.0,47.0,64.0,21.0,113.0,54.0,119.0,12.0,51.0,60.0,67.0,17.0,44.0,97.0,22.0,35.0,114.0,99.0,13.0,29.0,39.0,41.0,25.0,45.0,104.0
land,806068,,,,105.0,,16,,,,,,,,,,,,,,,,,,,,,,,,,,,,,,,,,,,,,,,,,,,,,,,,,
dig,808075,,,,,[],16,,,,,,,,,,,,,,,,,,,,,,,,,,,,,,,,,,,,,,,,,,,,,,,,,
harvest,809584,,,,19.0,,16,,,,,,105,0.182690135,0.180952381,,,,,,,,,,,,,,,,,,,,,,,,,,,,,,,,,,,,,,,,,
decision,810146,560.1,65.0,,19.0,,16,,,,,,,,,32145,2.0,0.0,FALSE,,,,,,,,,,,,,,,,,,,,,,,,,,,,,,,,,,,,,
dig,811591,,,,,[],16,,,,,,,,,,,,,,,,,,,,,,,,,,,,,,,,,,,,,,,,,,,,,,,,,
harvest,813093,,,,4.0,,16,,,,,,19,0.205583312,0.210526316,,,,,,,,,,,,,,,,,,,,,,,,,,,,,,,,,,,,,,,,,
decision,813688,593.3,76.0,,4.0,,16,,,,,,,,,35687,2.0,1.0,TRUE,,,,,,,,,,,,,,,,,,,,,,,,,,,,,,,,,,,,,
travel,823104,,,,,[],16,,,,,,,,,,,,,,,,,,,,,,,,,,,,,,,,,,,,,,,,,,,,,,,,,
alien_welcome,828110,,,,,,,,,,94,46,5,101,53,40,10.0,42.0,37,24.0,70.0,105.0,48.0,74.0,73.0,59.0,77.0,81.0,34.0,71.0,3.0,36.0,47.0,64.0,21.0,113.0,54.0,119.0,12.0,51.0,60.0,67.0,17.0,44.0,97.0,22.0,35.0,114.0,99.0,13.0,29.0,39.0,41.0,25.0,45.0,104.0
land,828617,,,,99.0,,17,,,,,,,,,,,,,,,,,,,,,,,,,,,,,,,,,,,,,,,,,,,,,,,,,
dig,830624,,,,,[],17,,,,,,,,,,,,,,,,,,,,,,,,,,,,,,,,,,,,,,,,,,,,,,,,,
harvest,832131,,,,21.0,,17,,,,,,99,0.207304799,0.212121212,,,,,,,,,,,,,,,,,,,,,,,,,,,,,,,,,,,,,,,,,
decision,832468,335.0,76.0,,21.0,,17,,,,,,,,,54467,2.0,0.0,TRUE,,,,,,,,,,,,,,,,,,,,,,,,,,,,,,,,,,,,,
travel,842133,,,,,[],17,,,,,,,,,,,,,,,,,,,,,,,,,,,,,,,,,,,,,,,,,,,,,,,,,
alien_welcome,847135,,,,,,,,,,115,46,5,101,53,40,10.0,42.0,37,24.0,70.0,105.0,48.0,74.0,73.0,59.0,77.0,81.0,34.0,71.0,3.0,36.0,47.0,64.0,21.0,113.0,54.0,119.0,12.0,51.0,60.0,67.0,17.0,44.0,97.0,22.0,35.0,114.0,99.0,13.0,29.0,39.0,41.0,25.0,45.0,104.0
land,847639,,,,106.0,,18,,,,,,,,,,,,,,,,,,,,,,,,,,,,,,,,,,,,,,,,,,,,,,,,,
dig,849643,,,,,[],18,,,,,,,,,,,,,,,,,,,,,,,,,,,,,,,,,,,,,,,,,,,,,,,,,
harvest,851154,,,,85.0,,18,,,,,,106,0.801763258,0.801886792,,,,,,,,,,,,,,,,,,,,,,,,,,,,,,,,,,,,,,,,,
decision,852463,1306.5,65.0,,85.0,,18,,,,,,,,,74462,2.0,0.0,FALSE,,,,,,,,,,,,,,,,,,,,,,,,,,,,,,,,,,,,,
dig,853162,,,,,[],18,,,,,,,,,,,,,,,,,,,,,,,,,,,,,,,,,,,,,,,,,,,,,,,,,
harvest,854670,,,,71.0,,18,,,,,,85,0.83289124,0.835294118,,,,,,,,,,,,,,,,,,,,,,,,,,,,,,,,,,,,,,,,,
decision,855770,1099.4,65.0,,71.0,,18,,,,,,,,,77770,2.0,1.0,FALSE,,,,,,,,,,,,,,,,,,,,,,,,,,,,,,,,,,,,,
dig,856679,,,,,[],18,,,,,,,,,,,,,,,,,,,,,,,,,,,,,,,,,,,,,,,,,,,,,,,,,
harvest,858181,,,,60.0,,18,,,,,,71,0.847723679,0.845070423,,,,,,,,,,,,,,,,,,,,,,,,,,,,,,,,,,,,,,,,,
decision,858325,140.6,65.0,,60.0,,18,,,,,,,,,80324,2.0,2.0,FALSE,,,,,,,,,,,,,,,,,,,,,,,,,,,,,,,,,,,,,
dig,860204,,,,,[],18,,,,,,,,,,,,,,,,,,,,,,,,,,,,,,,,,,,,,,,,,,,,,,,,,
harvest,861712,,,,47.0,,18,,,,,,60,0.785821103,0.783333333,,,,,,,,,,,,,,,,,,,,,,,,,,,,,,,,,,,,,,,,,
decision,861964,251.0,65.0,,47.0,,18,,,,,,,,,83963,2.0,3.0,FALSE,,,,,,,,,,,,,,,,,,,,,,,,,,,,,,,,,,,,,
dig,863724,,,,,[],18,,,,,,,,,,,,,,,,,,,,,,,,,,,,,,,,,,,,,,,,,,,,,,,,,
harvest,865226,,,,35.0,,18,,,,,,47,0.752180101,0.744680851,,,,,,,,,,,,,,,,,,,,,,,,,,,,,,,,,,,,,,,,,
decision,865492,264.2,76.0,,35.0,,18,,,,,,,,,87491,2.0,4.0,TRUE,,,,,,,,,,,,,,,,,,,,,,,,,,,,,,,,,,,,,
travel,875232,,,,,[],18,,,,,,,,,,,,,,,,,,,,,,,,,,,,,,,,,,,,,,,,,,,,,,,,,
alien_welcome,880234,,,,,,,,,,118,46,5,101,53,40,10.0,42.0,37,24.0,70.0,105.0,48.0,74.0,73.0,59.0,77.0,81.0,34.0,71.0,3.0,36.0,47.0,64.0,21.0,113.0,54.0,119.0,12.0,51.0,60.0,67.0,17.0,44.0,97.0,22.0,35.0,114.0,99.0,13.0,29.0,39.0,41.0,25.0,45.0,104.0
land,880751,,,,101.0,,19,,,,,,,,,,,,,,,,,,,,,,,,,,,,,,,,,,,,,,,,,,,,,,,,,
dig,882763,,,,,[],19,,,,,,,,,,,,,,,,,,,,,,,,,,,,,,,,,,,,,,,,,,,,,,,,,
harvest,884281,,,,73.0,,19,,,,,,101,0.726908924,0.722772277,,,,,,,,,,,,,,,,,,,,,,,,,,,,,,,,,,,,,,,,,
decision,885803,1520.1,65.0,,73.0,,19,,,,,,,,,107802,2.0,0.0,FALSE,,,,,,,,,,,,,,,,,,,,,,,,,,,,,,,,,,,,,
dig,886291,,,,,[],19,,,,,,,,,,,,,,,,,,,,,,,,,,,,,,,,,,,,,,,,,,,,,,,,,
harvest,887794,,,,62.0,,19,,,,,,73,0.851295307,0.849315068,,,,,,,,,,,,,,,,,,,,,,,,,,,,,,,,,,,,,,,,,
decision,888536,740.4,76.0,,62.0,,19,,,,,,,,,110536,2.0,1.0,TRUE,,,,,,,,,,,,,,,,,,,,,,,,,,,,,,,,,,,,,
travel,897800,,,,,[],19,,,,,,,,,,,,,,,,,,,,,,,,,,,,,,,,,,,,,,,,,,,,,,,,,
alien_welcome,902805,,,,,,,,,,79,46,5,101,53,40,10.0,42.0,37,24.0,70.0,105.0,48.0,74.0,73.0,59.0,77.0,81.0,34.0,71.0,3.0,36.0,47.0,64.0,21.0,113.0,54.0,119.0,12.0,51.0,60.0,67.0,17.0,44.0,97.0,22.0,35.0,114.0,99.0,13.0,29.0,39.0,41.0,25.0,45.0,104.0
land,903313,,,,93.0,,20,,,,,,,,,,,,,,,,,,,,,,,,,,,,,,,,,,,,,,,,,,,,,,,,,
dig,905322,,,,,[],20,,,,,,,,,,,,,,,,,,,,,,,,,,,,,,,,,,,,,,,,,,,,,,,,,
harvest,906827,,,,83.0,,20,,,,,,93,0.892224167,0.892473118,,,,,,,,,,,,,,,,,,,,,,,,,,,,,,,,,,,,,,,,,
decision,907192,362.0,65.0,,83.0,,20,,,,,,,,,129191,2.0,0.0,FALSE,,,,,,,,,,,,,,,,,,,,,,,,,,,,,,,,,,,,,
dig,908836,,,,,[],20,,,,,,,,,,,,,,,,,,,,,,,,,,,,,,,,,,,,,,,,,,,,,,,,,
harvest,910345,,,,68.0,,20,,,,,,83,0.814795364,0.819277108,,,,,,,,,,,,,,,,,,,,,,,,,,,,,,,,,,,,,,,,,
decision,911526,1178.4,65.0,,68.0,,20,,,,,,,,,133526,2.0,1.0,FALSE,,,,,,,,,,,,,,,,,,,,,,,,,,,,,,,,,,,,,
dig,912353,,,,,[],20,,,,,,,,,,,,,,,,,,,,,,,,,,,,,,,,,,,,,,,,,,,,,,,,,
harvest,913857,,,,50.0,,20,,,,,,68,0.732507144,0.735294118,,,,,,,,,,,,,,,,,,,,,,,,,,,,,,,,,,,,,,,,,
decision,915866,,,,50.0,,20,,,,,,,,,137866,2.0,2.0,FALSE,,,,,,,,,,,,,,,,,,,,,,,,,,,,,,,,,,,,,
time_out,917876,,,,50.0,,,,,,,,,,,,,,,,,,,,,,,,,,,,,,,,,,,,,,,,,,,,,,,,,,,
decision,918186,308.0,65.0,,50.0,,20,,,,,,,,,140186,2.0,2.0,FALSE,,,,,,,,,,,,,,,,,,,,,,,,,,,,,,,,,,,,,
dig,919890,,,,,[],20,,,,,,,,,,,,,,,,,,,,,,,,,,,,,,,,,,,,,,,,,,,,,,,,,
harvest,921398,,,,39.0,,20,,,,,,50,0.770032994,0.78,,,,,,,,,,,,,,,,,,,,,,,,,,,,,,,,,,,,,,,,,
decision,921797,397.5,76.0,,39.0,,20,,,,,,,,,143796,2.0,3.0,TRUE,,,,,,,,,,,,,,,,,,,,,,,,,,,,,,,,,,,,,
travel,931405,,,,,[],20,,,,,,,,,,,,,,,,,,,,,,,,,,,,,,,,,,,,,,,,,,,,,,,,,
alien_welcome,936413,,,,,,,,,,57,46,5,101,53,40,10.0,42.0,37,24.0,70.0,105.0,48.0,74.0,73.0,59.0,77.0,81.0,34.0,71.0,3.0,36.0,47.0,64.0,21.0,113.0,54.0,119.0,12.0,51.0,60.0,67.0,17.0,44.0,97.0,22.0,35.0,114.0,99.0,13.0,29.0,39.0,41.0,25.0,45.0,104.0
land,936921,,,,102.0,,21,,,,,,,,,,,,,,,,,,,,,,,,,,,,,,,,,,,,,,,,,,,,,,,,,
dig,938930,,,,,[],21,,,,,,,,,,,,,,,,,,,,,,,,,,,,,,,,,,,,,,,,,,,,,,,,,
harvest,940448,,,,92.0,,21,,,,,,102,0.898885909,0.901960784,,,,,,,,,,,,,,,,,,,,,,,,,,,,,,,,,,,,,,,,,
decision,940763,311.4,65.0,,92.0,,21,,,,,,,,,162763,2.0,0.0,FALSE,,,,,,,,,,,,,,,,,,,,,,,,,,,,,,,,,,,,,
dig,942461,,,,,[],21,,,,,,,,,,,,,,,,,,,,,,,,,,,,,,,,,,,,,,,,,,,,,,,,,
harvest,943966,,,,74.0,,21,,,,,,92,0.799465301,0.804347826,,,,,,,,,,,,,,,,,,,,,,,,,,,,,,,,,,,,,,,,,
decision,944436,469.0,65.0,,74.0,,21,,,,,,,,,166435,2.0,1.0,FALSE,,,,,,,,,,,,,,,,,,,,,,,,,,,,,,,,,,,,,
dig,945972,,,,,[],21,,,,,,,,,,,,,,,,,,,,,,,,,,,,,,,,,,,,,,,,,,,,,,,,,
harvest,947474,,,,63.0,,21,,,,,,74,0.851518479,0.851351351,,,,,,,,,,,,,,,,,,,,,,,,,,,,,,,,,,,,,,,,,
decision,948883,1407.6,65.0,,63.0,,21,,,,,,,,,170882,2.0,2.0,FALSE,,,,,,,,,,,,,,,,,,,,,,,,,,,,,,,,,,,,,
dig,949485,,,,,[],21,,,,,,,,,,,,,,,,,,,,,,,,,,,,,,,,,,,,,,,,,,,,,,,,,
harvest,950992,,,,48.0,,21,,,,,,63,0.756688647,0.761904762,,,,,,,,,,,,,,,,,,,,,,,,,,,,,,,,,,,,,,,,,
decision,951560,566.4,65.0,,48.0,,21,,,,,,,,,173559,2.0,3.0,FALSE,,,,,,,,,,,,,,,,,,,,,,,,,,,,,,,,,,,,,
dig,953003,,,,,[],21,,,,,,,,,,,,,,,,,,,,,,,,,,,,,,,,,,,,,,,,,,,,,,,,,
harvest,954516,,,,35.0,,21,,,,,,48,0.734733062,0.729166667,,,,,,,,,,,,,,,,,,,,,,,,,,,,,,,,,,,,,,,,,
decision,954638,120.8,76.0,,35.0,,21,,,,,,,,,176638,2.0,4.0,TRUE,,,,,,,,,,,,,,,,,,,,,,,,,,,,,,,,,,,,,
travel,964520,,,,,[],21,,,,,,,,,,,,,,,,,,,,,,,,,,,,,,,,,,,,,,,,,,,,,,,,,
alien_welcome,969524,,,,,,,,,,8,46,5,101,53,40,10.0,42.0,37,24.0,70.0,105.0,48.0,74.0,73.0,59.0,77.0,81.0,34.0,71.0,3.0,36.0,47.0,64.0,21.0,113.0,54.0,119.0,12.0,51.0,60.0,67.0,17.0,44.0,97.0,22.0,35.0,114.0,99.0,13.0,29.0,39.0,41.0,25.0,45.0,104.0
land,970028,,,,102.0,,22,,,,,,,,,,,,,,,,,,,,,,,,,,,,,,,,,,,,,,,,,,,,,,,,,
dig,972038,,,,,[],22,,,,,,,,,,,,,,,,,,,,,,,,,,,,,,,,,,,,,,,,,,,,,,,,,
harvest,973540,,,,78.0,,22,,,,,,102,0.769051423,0.764705882,,,,,,,,,,,,,,,,,,,,,,,,,,,,,,,,,,,,,,,,,
decision,973953,411.1,65.0,,78.0,,22,,,,,,,,,195952,2.0,0.0,FALSE,,,,,,,,,,,,,,,,,,,,,,,,,,,,,,,,,,,,,
dig,975550,,,,,[],22,,,,,,,,,,,,,,,,,,,,,,,,,,,,,,,,,,,,,,,,,,,,,,,,,
harvest,977052,,,,63.0,,22,,,,,,78,0.807227502,0.807692308,,,,,,,,,,,,,,,,,,,,,,,,,,,,,,,,,,,,,,,,,
decision,977406,352.2,65.0,,63.0,,22,,,,,,,,,199405,2.0,1.0,FALSE,,,,,,,,,,,,,,,,,,,,,,,,,,,,,,,,,,,,,
dig,979062,,,,,[],22,,,,,,,,,,,,,,,,,,,,,,,,,,,,,,,,,,,,,,,,,,,,,,,,,
harvest,980570,,,,52.0,,22,,,,,,63,0.822037295,0.825396825,,,,,,,,,,,,,,,,,,,,,,,,,,,,,,,,,,,,,,,,,
decision,981118,546.6,65.0,,52.0,,22,,,,,,,,,203118,2.0,2.0,FALSE,,,,,,,,,,,,,,,,,,,,,,,,,,,,,,,,,,,,,
dig,982582,,,,,[],22,,,,,,,,,,,,,,,,,,,,,,,,,,,,,,,,,,,,,,,,,,,,,,,,,
harvest,984087,,,,45.0,,22,,,,,,52,0.865385907,0.865384615,,,,,,,,,,,,,,,,,,,,,,,,,,,,,,,,,,,,,,,,,
decision,984450,361.4,76.0,,45.0,,22,,,,,,,,,206449,2.0,3.0,TRUE,,,,,,,,,,,,,,,,,,,,,,,,,,,,,,,,,,,,,
travel,994090,,,,,[],22,,,,,,,,,,,,,,,,,,,,,,,,,,,,,,,,,,,,,,,,,,,,,,,,,
alien_welcome,999093,,,,,,,,,,15,46,5,101,53,40,10.0,42.0,37,24.0,70.0,105.0,48.0,74.0,73.0,59.0,77.0,81.0,34.0,71.0,3.0,36.0,47.0,64.0,21.0,113.0,54.0,119.0,12.0,51.0,60.0,67.0,17.0,44.0,97.0,22.0,35.0,114.0,99.0,13.0,29.0,39.0,41.0,25.0,45.0,104.0
land,999600,,,,100.0,,23,,,,,,,,,,,,,,,,,,,,,,,,,,,,,,,,,,,,,,,,,,,,,,,,,
dig,1001608,,,,,[],23,,,,,,,,,,,,,,,,,,,,,,,,,,,,,,,,,,,,,,,,,,,,,,,,,
harvest,1003114,,,,48.0,,23,,,,,,100,0.476011389,0.48,,,,,,,,,,,,,,,,,,,,,,,,,,,,,,,,,,,,,,,,,
decision,1003602,487.4,65.0,,48.0,,23,,,,,,,,,225601,2.0,0.0,FALSE,,,,,,,,,,,,,,,,,,,,,,,,,,,,,,,,,,,,,
dig,1005121,,,,,[],23,,,,,,,,,,,,,,,,,,,,,,,,,,,,,,,,,,,,,,,,,,,,,,,,,
harvest,1006627,,,,24.0,,23,,,,,,48,0.495026462,0.5,,,,,,,,,,,,,,,,,,,,,,,,,,,,,,,,,,,,,,,,,
decision,1007158,529.8,76.0,,24.0,,23,,,,,,,,,229158,2.0,1.0,TRUE,,,,,,,,,,,,,,,,,,,,,,,,,,,,,,,,,,,,,
travel,1016647,,,,,[],23,,,,,,,,,,,,,,,,,,,,,,,,,,,,,,,,,,,,,,,,,,,,,,,,,
alien_welcome,1021654,,,,,,,,,,19,46,5,101,53,40,10.0,42.0,37,24.0,70.0,105.0,48.0,74.0,73.0,59.0,77.0,81.0,34.0,71.0,3.0,36.0,47.0,64.0,21.0,113.0,54.0,119.0,12.0,51.0,60.0,67.0,17.0,44.0,97.0,22.0,35.0,114.0,99.0,13.0,29.0,39.0,41.0,25.0,45.0,104.0
land,1022157,,,,105.0,,24,,,,,,,,,,,,,,,,,,,,,,,,,,,,,,,,,,,,,,,,,,,,,,,,,
dig,1024163,,,,,[],24,,,,,,,,,,,,,,,,,,,,,,,,,,,,,,,,,,,,,,,,,,,,,,,,,
harvest,1025665,,,,89.0,,24,,,,,,105,0.847546621,0.847619048,,,,,,,,,,,,,,,,,,,,,,,,,,,,,,,,,,,,,,,,,
decision,1025978,311.1,65.0,,89.0,,24,,,,,,,,,247977,2.0,0.0,FALSE,,,,,,,,,,,,,,,,,,,,,,,,,,,,,,,,,,,,,
dig,1027675,,,,,[],24,,,,,,,,,,,,,,,,,,,,,,,,,,,,,,,,,,,,,,,,,,,,,,,,,
harvest,1029183,,,,74.0,,24,,,,,,89,0.834306978,0.831460674,,,,,,,,,,,,,,,,,,,,,,,,,,,,,,,,,,,,,,,,,
decision,1029555,370.7,65.0,,74.0,,24,,,,,,,,,251555,2.0,1.0,FALSE,,,,,,,,,,,,,,,,,,,,,,,,,,,,,,,,,,,,,
dig,1031191,,,,,[],24,,,,,,,,,,,,,,,,,,,,,,,,,,,,,,,,,,,,,,,,,,,,,,,,,
harvest,1032700,,,,59.0,,24,,,,,,74,0.796738625,0.797297297,,,,,,,,,,,,,,,,,,,,,,,,,,,,,,,,,,,,,,,,,
decision,1033039,337.7,65.0,,59.0,,24,,,,,,,,,255038,2.0,2.0,FALSE,,,,,,,,,,,,,,,,,,,,,,,,,,,,,,,,,,,,,
dig,1034712,,,,,[],24,,,,,,,,,,,,,,,,,,,,,,,,,,,,,,,,,,,,,,,,,,,,,,,,,
harvest,1036227,,,,45.0,,24,,,,,,59,0.758302293,0.762711864,,,,,,,,,,,,,,,,,,,,,,,,,,,,,,,,,,,,,,,,,
decision,1036640,410.9,76.0,,45.0,,24,,,,,,,,,258639,2.0,3.0,TRUE,,,,,,,,,,,,,,,,,,,,,,,,,,,,,,,,,,,,,
travel,1046240,,,,,[],24,,,,,,,,,,,,,,,,,,,,,,,,,,,,,,,,,,,,,,,,,,,,,,,,,
alien_welcome,1051243,,,,,,,,,,61,46,5,101,53,40,10.0,42.0,37,24.0,70.0,105.0,48.0,74.0,73.0,59.0,77.0,81.0,34.0,71.0,3.0,36.0,47.0,64.0,21.0,113.0,54.0,119.0,12.0,51.0,60.0,67.0,17.0,44.0,97.0,22.0,35.0,114.0,99.0,13.0,29.0,39.0,41.0,25.0,45.0,104.0
land,1051753,,,,103.0,,25,,,,,,,,,,,,,,,,,,,,,,,,,,,,,,,,,,,,,,,,,,,,,,,,,
dig,1053763,,,,,[],25,,,,,,,,,,,,,,,,,,,,,,,,,,,,,,,,,,,,,,,,,,,,,,,,,
harvest,1055274,,,,73.0,,25,,,,,,103,0.705414727,0.708737864,,,,,,,,,,,,,,,,,,,,,,,,,,,,,,,,,,,,,,,,,
decision,1056081,803.8,65.0,,73.0,,25,,,,,,,,,278080,2.0,0.0,FALSE,,,,,,,,,,,,,,,,,,,,,,,,,,,,,,,,,,,,,
dig,1057280,,,,,[],25,,,,,,,,,,,,,,,,,,,,,,,,,,,,,,,,,,,,,,,,,,,,,,,,,
harvest,1058790,,,,57.0,,25,,,,,,73,0.782939377,0.780821918,,,,,,,,,,,,,,,,,,,,,,,,,,,,,,,,,,,,,,,,,
decision,1059514,722.6,65.0,,57.0,,25,,,,,,,,,281513,2.0,1.0,FALSE,,,,,,,,,,,,,,,,,,,,,,,,,,,,,,,,,,,,,
dig,1060802,,,,,[],25,,,,,,,,,,,,,,,,,,,,,,,,,,,,,,,,,,,,,,,,,,,,,,,,,
harvest,1062304,,,,45.0,,25,,,,,,57,0.796469542,0.789473684,,,,,,,,,,,,,,,,,,,,,,,,,,,,,,,,,,,,,,,,,
decision,1062773,468.0,76.0,,45.0,,25,,,,,,,,,284773,2.0,2.0,TRUE,,,,,,,,,,,,,,,,,,,,,,,,,,,,,,,,,,,,,
travel,1072317,,,,,[],25,,,,,,,,,,,,,,,,,,,,,,,,,,,,,,,,,,,,,,,,,,,,,,,,,
alien_welcome,1077320,,,,,,,,,,20,46,5,101,53,40,10.0,42.0,37,24.0,70.0,105.0,48.0,74.0,73.0,59.0,77.0,81.0,34.0,71.0,3.0,36.0,47.0,64.0,21.0,113.0,54.0,119.0,12.0,51.0,60.0,67.0,17.0,44.0,97.0,22.0,35.0,114.0,99.0,13.0,29.0,39.0,41.0,25.0,45.0,104.0
land,1077824,,,,106.0,,26,,,,,,,,,,,,,,,,,,,,,,,,,,,,,,,,,,,,,,,,,,,,,,,,,
dig,1079834,,,,,[],26,,,,,,,,,,,,,,,,,,,,,,,,,,,,,,,,,,,,,,,,,,,,,,,,,
harvest,1081344,,,,30.0,,26,,,,,,106,0.285118313,0.283018868,,,,,,,,,,,,,,,,,,,,,,,,,,,,,,,,,,,,,,,,,
decision,1081944,599.5,65.0,,30.0,,26,,,,,,,,,303944,2.0,0.0,FALSE,,,,,,,,,,,,,,,,,,,,,,,,,,,,,,,,,,,,,
dig,1083356,,,,,[],26,,,,,,,,,,,,,,,,,,,,,,,,,,,,,,,,,,,,,,,,,,,,,,,,,
harvest,1084861,,,,5.0,,26,,,,,,30,0.167650606,0.166666667,,,,,,,,,,,,,,,,,,,,,,,,,,,,,,,,,,,,,,,,,
decision,1085249,386.1,76.0,,5.0,,26,,,,,,,,,307248,2.0,1.0,TRUE,,,,,,,,,,,,,,,,,,,,,,,,,,,,,,,,,,,,,
travel,1094870,,,,,[],26,,,,,,,,,,,,,,,,,,,,,,,,,,,,,,,,,,,,,,,,,,,,,,,,,
alien_welcome,1099874,,,,,,,,,,23,46,5,101,53,40,10.0,42.0,37,24.0,70.0,105.0,48.0,74.0,73.0,59.0,77.0,81.0,34.0,71.0,3.0,36.0,47.0,64.0,21.0,113.0,54.0,119.0,12.0,51.0,60.0,67.0,17.0,44.0,97.0,22.0,35.0,114.0,99.0,13.0,29.0,39.0,41.0,25.0,45.0,104.0
land,1100381,,,,93.0,,27,,,,,,,,,,,,,,,,,,,,,,,,,,,,,,,,,,,,,,,,,,,,,,,,,
dig,1102386,,,,,[],27,,,,,,,,,,,,,,,,,,,,,,,,,,,,,,,,,,,,,,,,,,,,,,,,,
harvest,1103890,,,,22.0,,27,,,,,,93,0.232517524,0.23655914,,,,,,,,,,,,,,,,,,,,,,,,,,,,,,,,,,,,,,,,,
decision,1104079,188.1,65.0,,22.0,,27,,,,,,,,,326079,2.0,0.0,FALSE,,,,,,,,,,,,,,,,,,,,,,,,,,,,,,,,,,,,,
dig,1105901,,,,,[],27,,,,,,,,,,,,,,,,,,,,,,,,,,,,,,,,,,,,,,,,,,,,,,,,,
harvest,1107420,,,,4.0,,27,,,,,,22,0.201277597,0.181818182,,,,,,,,,,,,,,,,,,,,,,,,,,,,,,,,,,,,,,,,,
decision,1107775,353.7,76.0,,4.0,,27,,,,,,,,,329774,2.0,1.0,TRUE,,,,,,,,,,,,,,,,,,,,,,,,,,,,,,,,,,,,,
travel,1117425,,,,,[],27,,,,,,,,,,,,,,,,,,,,,,,,,,,,,,,,,,,,,,,,,,,,,,,,,
alien_welcome,1122434,,,,,,,,,,111,46,5,101,53,40,10.0,42.0,37,24.0,70.0,105.0,48.0,74.0,73.0,59.0,77.0,81.0,34.0,71.0,3.0,36.0,47.0,64.0,21.0,113.0,54.0,119.0,12.0,51.0,60.0,67.0,17.0,44.0,97.0,22.0,35.0,114.0,99.0,13.0,29.0,39.0,41.0,25.0,45.0,104.0
land,1122944,,,,91.0,,28,,,,,,,,,,,,,,,,,,,,,,,,,,,,,,,,,,,,,,,,,,,,,,,,,
dig,1124951,,,,,[],28,,,,,,,,,,,,,,,,,,,,,,,,,,,,,,,,,,,,,,,,,,,,,,,,,
harvest,1126464,,,,13.0,,28,,,,,,91,0.144611677,0.142857143,,,,,,,,,,,,,,,,,,,,,,,,,,,,,,,,,,,,,,,,,
decision,1126544,77.69999999,65.0,,13.0,,28,,,,,,,,,348544,2.0,0.0,FALSE,,,,,,,,,,,,,,,,,,,,,,,,,,,,,,,,,,,,,
dig,1128476,,,,,[],28,,,,,,,,,,,,,,,,,,,,,,,,,,,,,,,,,,,,,,,,,,,,,,,,,
harvest,1129987,,,,3.0,,28,,,,,,13,0.239838107,0.230769231,,,,,,,,,,,,,,,,,,,,,,,,,,,,,,,,,,,,,,,,,
decision,1130378,389.7,76.0,,3.0,,28,,,,,,,,,352377,2.0,1.0,TRUE,,,,,,,,,,,,,,,,,,,,,,,,,,,,,,,,,,,,,
travel,1139994,,,,,[],28,,,,,,,,,,,,,,,,,,,,,,,,,,,,,,,,,,,,,,,,,,,,,,,,,
alien_welcome,1144998,,,,,,,,,,89,46,5,101,53,40,10.0,42.0,37,24.0,70.0,105.0,48.0,74.0,73.0,59.0,77.0,81.0,34.0,71.0,3.0,36.0,47.0,64.0,21.0,113.0,54.0,119.0,12.0,51.0,60.0,67.0,17.0,44.0,97.0,22.0,35.0,114.0,99.0,13.0,29.0,39.0,41.0,25.0,45.0,104.0
land,1145504,,,,104.0,,29,,,,,,,,,,,,,,,,,,,,,,,,,,,,,,,,,,,,,,,,,,,,,,,,,
dig,1147515,,,,,[],29,,,,,,,,,,,,,,,,,,,,,,,,,,,,,,,,,,,,,,,,,,,,,,,,,
harvest,1149018,,,,25.0,,29,,,,,,104,0.239047487,0.240384615,,,,,,,,,,,,,,,,,,,,,,,,,,,,,,,,,,,,,,,,,
decision,1149381,360.7,65.0,,25.0,,29,,,,,,,,,371380,2.0,0.0,TRUE,,,,,,,,,,,,,,,,,,,,,,,,,,,,,,,,,,,,,
end_of_block,1187634,38247.4,32.0,,,,,,,,,,,,,,,,,,,,,,,,,,,,,,,,,,,,,,,,,,,,,,,,,,,,,
alien_welcome,1192659,,,,,,,,,,65,46,5,101,53,40,10.0,42.0,37,24.0,70.0,105.0,48.0,74.0,73.0,59.0,77.0,81.0,34.0,71.0,3.0,36.0,47.0,64.0,21.0,113.0,54.0,119.0,12.0,51.0,60.0,67.0,17.0,44.0,97.0,22.0,35.0,114.0,99.0,13.0,29.0,39.0,41.0,25.0,45.0,104.0
land,1193160,,,,103.0,,30,,,,,,,,,,,,,,,,,,,,,,,,,,,,,,,,,,,,,,,,,,,,,,,,,
dig,1195171,,,,,[],30,,,,,,,,,,,,,,,,,,,,,,,,,,,,,,,,,,,,,,,,,,,,,,,,,
harvest,1196674,,,,50.0,,30,,,,,,103,0.482699587,0.485436893,,,,,,,,,,,,,,,,,,,,,,,,,,,,,,,,,,,,,,,,,
decision,1198684,,,,50.0,,30,,,,,,,,,11047,3.0,0.0,FALSE,,,,,,,,,,,,,,,,,,,,,,,,,,,,,,,,,,,,,
time_out,1200694,,,,50.0,,,,,,,,,,,,,,,,,,,,,,,,,,,,,,,,,,,,,,,,,,,,,,,,,,,
decision,1200901,205.2,65.0,,50.0,,30,,,,,,,,,13265,3.0,0.0,FALSE,,,,,,,,,,,,,,,,,,,,,,,,,,,,,,,,,,,,,
dig,1202701,,,,,[],30,,,,,,,,,,,,,,,,,,,,,,,,,,,,,,,,,,,,,,,,,,,,,,,,,
harvest,1204204,,,,23.0,,30,,,,,,50,0.465753772,0.46,,,,,,,,,,,,,,,,,,,,,,,,,,,,,,,,,,,,,,,,,
decision,1204364,159.0,76.0,,23.0,,30,,,,,,,,,16728,3.0,1.0,TRUE,,,,,,,,,,,,,,,,,,,,,,,,,,,,,,,,,,,,,
travel,1214214,,,,,[],30,,,,,,,,,,,,,,,,,,,,,,,,,,,,,,,,,,,,,,,,,,,,,,,,,
alien_welcome,1219216,,,,,,,,,,75,46,5,101,53,40,10.0,42.0,37,24.0,70.0,105.0,48.0,74.0,73.0,59.0,77.0,81.0,34.0,71.0,3.0,36.0,47.0,64.0,21.0,113.0,54.0,119.0,12.0,51.0,60.0,67.0,17.0,44.0,97.0,22.0,35.0,114.0,99.0,13.0,29.0,39.0,41.0,25.0,45.0,104.0
land,1219720,,,,104.0,,31,,,,,,,,,,,,,,,,,,,,,,,,,,,,,,,,,,,,,,,,,,,,,,,,,
dig,1221725,,,,,[],31,,,,,,,,,,,,,,,,,,,,,,,,,,,,,,,,,,,,,,,,,,,,,,,,,
harvest,1223229,,,,74.0,,31,,,,,,104,0.711358023,0.711538462,,,,,,,,,,,,,,,,,,,,,,,,,,,,,,,,,,,,,,,,,
decision,1223390,159.8,65.0,,74.0,,31,,,,,,,,,35753,3.0,0.0,FALSE,,,,,,,,,,,,,,,,,,,,,,,,,,,,,,,,,,,,,
dig,1225241,,,,,[],31,,,,,,,,,,,,,,,,,,,,,,,,,,,,,,,,,,,,,,,,,,,,,,,,,
harvest,1226745,,,,62.0,,31,,,,,,74,0.837073968,0.837837838,,,,,,,,,,,,,,,,,,,,,,,,,,,,,,,,,,,,,,,,,
decision,1227366,620.0,65.0,,62.0,,31,,,,,,,,,39730,3.0,1.0,FALSE,,,,,,,,,,,,,,,,,,,,,,,,,,,,,,,,,,,,,
dig,1228762,,,,,[],31,,,,,,,,,,,,,,,,,,,,,,,,,,,,,,,,,,,,,,,,,,,,,,,,,
harvest,1230270,,,,51.0,,31,,,,,,62,0.825343252,0.822580645,,,,,,,,,,,,,,,,,,,,,,,,,,,,,,,,,,,,,,,,,
decision,1230688,416.6,76.0,,51.0,,31,,,,,,,,,43052,3.0,2.0,TRUE,,,,,,,,,,,,,,,,,,,,,,,,,,,,,,,,,,,,,
travel,1240277,,,,,[],31,,,,,,,,,,,,,,,,,,,,,,,,,,,,,,,,,,,,,,,,,,,,,,,,,
alien_welcome,1245285,,,,,,,,,,87,46,5,101,53,40,10.0,42.0,37,24.0,70.0,105.0,48.0,74.0,73.0,59.0,77.0,81.0,34.0,71.0,3.0,36.0,47.0,64.0,21.0,113.0,54.0,119.0,12.0,51.0,60.0,67.0,17.0,44.0,97.0,22.0,35.0,114.0,99.0,13.0,29.0,39.0,41.0,25.0,45.0,104.0
land,1245795,,,,102.0,,32,,,,,,,,,,,,,,,,,,,,,,,,,,,,,,,,,,,,,,,,,,,,,,,,,
dig,1247804,,,,,[],32,,,,,,,,,,,,,,,,,,,,,,,,,,,,,,,,,,,,,,,,,,,,,,,,,
harvest,1249307,,,,54.0,,32,,,,,,102,0.530029596,0.529411765,,,,,,,,,,,,,,,,,,,,,,,,,,,,,,,,,,,,,,,,,
decision,1249836,527.5,65.0,,54.0,,32,,,,,,,,,62199,3.0,0.0,FALSE,,,,,,,,,,,,,,,,,,,,,,,,,,,,,,,,,,,,,
dig,1251314,,,,,[],32,,,,,,,,,,,,,,,,,,,,,,,,,,,,,,,,,,,,,,,,,,,,,,,,,
harvest,1252825,,,,27.0,,32,,,,,,54,0.493304857,0.5,,,,,,,,,,,,,,,,,,,,,,,,,,,,,,,,,,,,,,,,,
decision,1254777,1951.6,76.0,,27.0,,32,,,,,,,,,67141,3.0,1.0,TRUE,,,,,,,,,,,,,,,,,,,,,,,,,,,,,,,,,,,,,
travel,1262831,,,,,[],32,,,,,,,,,,,,,,,,,,,,,,,,,,,,,,,,,,,,,,,,,,,,,,,,,
alien_welcome,1267835,,,,,,,,,,109,46,5,101,53,40,10.0,42.0,37,24.0,70.0,105.0,48.0,74.0,73.0,59.0,77.0,81.0,34.0,71.0,3.0,36.0,47.0,64.0,21.0,113.0,54.0,119.0,12.0,51.0,60.0,67.0,17.0,44.0,97.0,22.0,35.0,114.0,99.0,13.0,29.0,39.0,41.0,25.0,45.0,104.0
land,1268342,,,,98.0,,33,,,,,,,,,,,,,,,,,,,,,,,,,,,,,,,,,,,,,,,,,,,,,,,,,
dig,1270346,,,,,[],33,,,,,,,,,,,,,,,,,,,,,,,,,,,,,,,,,,,,,,,,,,,,,,,,,
harvest,1271860,,,,53.0,,33,,,,,,98,0.541394441,0.540816327,,,,,,,,,,,,,,,,,,,,,,,,,,,,,,,,,,,,,,,,,
decision,1272074,212.4,65.0,,53.0,,33,,,,,,,,,84437,3.0,0.0,FALSE,,,,,,,,,,,,,,,,,,,,,,,,,,,,,,,,,,,,,
dig,1273873,,,,,[],33,,,,,,,,,,,,,,,,,,,,,,,,,,,,,,,,,,,,,,,,,,,,,,,,,
harvest,1275375,,,,23.0,,33,,,,,,53,0.440121468,0.433962264,,,,,,,,,,,,,,,,,,,,,,,,,,,,,,,,,,,,,,,,,
decision,1275894,517.5,76.0,,23.0,,33,,,,,,,,,88257,3.0,1.0,TRUE,,,,,,,,,,,,,,,,,,,,,,,,,,,,,,,,,,,,,
travel,1285379,,,,,[],33,,,,,,,,,,,,,,,,,,,,,,,,,,,,,,,,,,,,,,,,,,,,,,,,,
alien_welcome,1290385,,,,,,,,,,28,46,5,101,53,40,10.0,42.0,37,24.0,70.0,105.0,48.0,74.0,73.0,59.0,77.0,81.0,34.0,71.0,3.0,36.0,47.0,64.0,21.0,113.0,54.0,119.0,12.0,51.0,60.0,67.0,17.0,44.0,97.0,22.0,35.0,114.0,99.0,13.0,29.0,39.0,41.0,25.0,45.0,104.0
land,1290890,,,,103.0,,34,,,,,,,,,,,,,,,,,,,,,,,,,,,,,,,,,,,,,,,,,,,,,,,,,
dig,1292894,,,,,[],34,,,,,,,,,,,,,,,,,,,,,,,,,,,,,,,,,,,,,,,,,,,,,,,,,
harvest,1294405,,,,54.0,,34,,,,,,103,0.528743723,0.524271845,,,,,,,,,,,,,,,,,,,,,,,,,,,,,,,,,,,,,,,,,
decision,1294691,285.3,65.0,,54.0,,34,,,,,,,,,107054,3.0,0.0,FALSE,,,,,,,,,,,,,,,,,,,,,,,,,,,,,,,,,,,,,
dig,1296410,,,,,[],34,,,,,,,,,,,,,,,,,,,,,,,,,,,,,,,,,,,,,,,,,,,,,,,,,
harvest,1297912,,,,30.0,,34,,,,,,54,0.564236796,0.555555556,,,,,,,,,,,,,,,,,,,,,,,,,,,,,,,,,,,,,,,,,
decision,1298357,443.2,76.0,,30.0,,34,,,,,,,,,110721,3.0,1.0,TRUE,,,,,,,,,,,,,,,,,,,,,,,,,,,,,,,,,,,,,
travel,1307914,,,,,[],34,,,,,,,,,,,,,,,,,,,,,,,,,,,,,,,,,,,,,,,,,,,,,,,,,
alien_welcome,1312926,,,,,,,,,,98,46,5,101,53,40,10.0,42.0,37,24.0,70.0,105.0,48.0,74.0,73.0,59.0,77.0,81.0,34.0,71.0,3.0,36.0,47.0,64.0,21.0,113.0,54.0,119.0,12.0,51.0,60.0,67.0,17.0,44.0,97.0,22.0,35.0,114.0,99.0,13.0,29.0,39.0,41.0,25.0,45.0,104.0
land,1313436,,,,96.0,,35,,,,,,,,,,,,,,,,,,,,,,,,,,,,,,,,,,,,,,,,,,,,,,,,,
dig,1315445,,,,,[],35,,,,,,,,,,,,,,,,,,,,,,,,,,,,,,,,,,,,,,,,,,,,,,,,,
harvest,1316947,,,,49.0,,35,,,,,,96,0.508438871,0.510416667,,,,,,,,,,,,,,,,,,,,,,,,,,,,,,,,,,,,,,,,,
decision,1317312,363.4,65.0,,49.0,,35,,,,,,,,,129675,3.0,0.0,FALSE,,,,,,,,,,,,,,,,,,,,,,,,,,,,,,,,,,,,,
dig,1318965,,,,,[],35,,,,,,,,,,,,,,,,,,,,,,,,,,,,,,,,,,,,,,,,,,,,,,,,,
harvest,1320468,,,,22.0,,35,,,,,,49,0.450821158,0.448979592,,,,,,,,,,,,,,,,,,,,,,,,,,,,,,,,,,,,,,,,,
decision,1321790,1320.3,76.0,,22.0,,35,,,,,,,,,134154,3.0,1.0,TRUE,,,,,,,,,,,,,,,,,,,,,,,,,,,,,,,,,,,,,
travel,1330475,,,,,[],35,,,,,,,,,,,,,,,,,,,,,,,,,,,,,,,,,,,,,,,,,,,,,,,,,
alien_welcome,1335482,,,,,,,,,,85,46,5,101,53,40,10.0,42.0,37,24.0,70.0,105.0,48.0,74.0,73.0,59.0,77.0,81.0,34.0,71.0,3.0,36.0,47.0,64.0,21.0,113.0,54.0,119.0,12.0,51.0,60.0,67.0,17.0,44.0,97.0,22.0,35.0,114.0,99.0,13.0,29.0,39.0,41.0,25.0,45.0,104.0
land,1335990,,,,103.0,,36,,,,,,,,,,,,,,,,,,,,,,,,,,,,,,,,,,,,,,,,,,,,,,,,,
dig,1337998,,,,,[],36,,,,,,,,,,,,,,,,,,,,,,,,,,,,,,,,,,,,,,,,,,,,,,,,,
harvest,1339500,,,,78.0,,36,,,,,,103,0.759289386,0.757281553,,,,,,,,,,,,,,,,,,,,,,,,,,,,,,,,,,,,,,,,,
decision,1339968,466.2,65.0,,78.0,,36,,,,,,,,,152332,3.0,0.0,FALSE,,,,,,,,,,,,,,,,,,,,,,,,,,,,,,,,,,,,,
dig,1341509,,,,,[],36,,,,,,,,,,,,,,,,,,,,,,,,,,,,,,,,,,,,,,,,,,,,,,,,,
harvest,1343017,,,,63.0,,36,,,,,,78,0.803922615,0.807692308,,,,,,,,,,,,,,,,,,,,,,,,,,,,,,,,,,,,,,,,,
decision,1343571,551.0,65.0,,63.0,,36,,,,,,,,,155934,3.0,1.0,FALSE,,,,,,,,,,,,,,,,,,,,,,,,,,,,,,,,,,,,,
dig,1345030,,,,,[],36,,,,,,,,,,,,,,,,,,,,,,,,,,,,,,,,,,,,,,,,,,,,,,,,,
harvest,1346540,,,,53.0,,36,,,,,,63,0.839038835,0.841269841,,,,,,,,,,,,,,,,,,,,,,,,,,,,,,,,,,,,,,,,,
decision,1347089,546.2,76.0,,53.0,,36,,,,,,,,,159452,3.0,2.0,TRUE,,,,,,,,,,,,,,,,,,,,,,,,,,,,,,,,,,,,,
travel,1356551,,,,,[],36,,,,,,,,,,,,,,,,,,,,,,,,,,,,,,,,,,,,,,,,,,,,,,,,,
alien_welcome,1361561,,,,,,,,,,52,46,5,101,53,40,10.0,42.0,37,24.0,70.0,105.0,48.0,74.0,73.0,59.0,77.0,81.0,34.0,71.0,3.0,36.0,47.0,64.0,21.0,113.0,54.0,119.0,12.0,51.0,60.0,67.0,17.0,44.0,97.0,22.0,35.0,114.0,99.0,13.0,29.0,39.0,41.0,25.0,45.0,104.0
land,1362068,,,,102.0,,37,,,,,,,,,,,,,,,,,,,,,,,,,,,,,,,,,,,,,,,,,,,,,,,,,
dig,1364083,,,,,[],37,,,,,,,,,,,,,,,,,,,,,,,,,,,,,,,,,,,,,,,,,,,,,,,,,
harvest,1365586,,,,87.0,,37,,,,,,102,0.854194724,0.852941176,,,,,,,,,,,,,,,,,,,,,,,,,,,,,,,,,,,,,,,,,
decision,1365858,269.8,65.0,,87.0,,37,,,,,,,,,178221,3.0,0.0,FALSE,,,,,,,,,,,,,,,,,,,,,,,,,,,,,,,,,,,,,
dig,1367596,,,,,[],37,,,,,,,,,,,,,,,,,,,,,,,,,,,,,,,,,,,,,,,,,,,,,,,,,
harvest,1369103,,,,71.0,,37,,,,,,87,0.813572511,0.816091954,,,,,,,,,,,,,,,,,,,,,,,,,,,,,,,,,,,,,,,,,
decision,1369942,837.5,65.0,,71.0,,37,,,,,,,,,182305,3.0,1.0,FALSE,,,,,,,,,,,,,,,,,,,,,,,,,,,,,,,,,,,,,
dig,1371110,,,,,[],37,,,,,,,,,,,,,,,,,,,,,,,,,,,,,,,,,,,,,,,,,,,,,,,,,
harvest,1372617,,,,55.0,,37,,,,,,71,0.781015633,0.774647887,,,,,,,,,,,,,,,,,,,,,,,,,,,,,,,,,,,,,,,,,
decision,1374287,1668.6,65.0,,55.0,,37,,,,,,,,,186651,3.0,2.0,FALSE,,,,,,,,,,,,,,,,,,,,,,,,,,,,,,,,,,,,,
dig,1374625,,,,,[],37,,,,,,,,,,,,,,,,,,,,,,,,,,,,,,,,,,,,,,,,,,,,,,,,,
harvest,1376129,,,,47.0,,37,,,,,,55,0.850824051,0.854545455,,,,,,,,,,,,,,,,,,,,,,,,,,,,,,,,,,,,,,,,,
decision,1377373,1242.4,76.0,,47.0,,37,,,,,,,,,189736,3.0,3.0,TRUE,,,,,,,,,,,,,,,,,,,,,,,,,,,,,,,,,,,,,
travel,1386144,,,,,[],37,,,,,,,,,,,,,,,,,,,,,,,,,,,,,,,,,,,,,,,,,,,,,,,,,
alien_welcome,1391148,,,,,,,,,,68,46,5,101,53,40,10.0,42.0,37,24.0,70.0,105.0,48.0,74.0,73.0,59.0,77.0,81.0,34.0,71.0,3.0,36.0,47.0,64.0,21.0,113.0,54.0,119.0,12.0,51.0,60.0,67.0,17.0,44.0,97.0,22.0,35.0,114.0,99.0,13.0,29.0,39.0,41.0,25.0,45.0,104.0
land,1391656,,,,92.0,,38,,,,,,,,,,,,,,,,,,,,,,,,,,,,,,,,,,,,,,,,,,,,,,,,,
dig,1393667,,,,,[],38,,,,,,,,,,,,,,,,,,,,,,,,,,,,,,,,,,,,,,,,,,,,,,,,,
harvest,1395183,,,,42.0,,38,,,,,,92,0.460561522,0.456521739,,,,,,,,,,,,,,,,,,,,,,,,,,,,,,,,,,,,,,,,,
decision,1395575,390.4,65.0,,42.0,,38,,,,,,,,,207938,3.0,0.0,FALSE,,,,,,,,,,,,,,,,,,,,,,,,,,,,,,,,,,,,,
dig,1397197,,,,,[],38,,,,,,,,,,,,,,,,,,,,,,,,,,,,,,,,,,,,,,,,,,,,,,,,,
harvest,1398707,,,,19.0,,38,,,,,,42,0.451865311,0.452380952,,,,,,,,,,,,,,,,,,,,,,,,,,,,,,,,,,,,,,,,,
decision,1399382,674.4,76.0,,19.0,,38,,,,,,,,,211746,3.0,1.0,TRUE,,,,,,,,,,,,,,,,,,,,,,,,,,,,,,,,,,,,,
travel,1408723,,,,,[],38,,,,,,,,,,,,,,,,,,,,,,,,,,,,,,,,,,,,,,,,,,,,,,,,,
alien_welcome,1413727,,,,,,,,,,43,46,5,101,53,40,10.0,42.0,37,24.0,70.0,105.0,48.0,74.0,73.0,59.0,77.0,81.0,34.0,71.0,3.0,36.0,47.0,64.0,21.0,113.0,54.0,119.0,12.0,51.0,60.0,67.0,17.0,44.0,97.0,22.0,35.0,114.0,99.0,13.0,29.0,39.0,41.0,25.0,45.0,104.0
land,1414236,,,,104.0,,39,,,,,,,,,,,,,,,,,,,,,,,,,,,,,,,,,,,,,,,,,,,,,,,,,
dig,1416246,,,,,[],39,,,,,,,,,,,,,,,,,,,,,,,,,,,,,,,,,,,,,,,,,,,,,,,,,
harvest,1417753,,,,48.0,,39,,,,,,104,0.464486376,0.461538462,,,,,,,,,,,,,,,,,,,,,,,,,,,,,,,,,,,,,,,,,
decision,1418113,359.1,65.0,,48.0,,39,,,,,,,,,230477,3.0,0.0,FALSE,,,,,,,,,,,,,,,,,,,,,,,,,,,,,,,,,,,,,
dig,1419766,,,,,[],39,,,,,,,,,,,,,,,,,,,,,,,,,,,,,,,,,,,,,,,,,,,,,,,,,
harvest,1421275,,,,21.0,,39,,,,,,48,0.445285455,0.4375,,,,,,,,,,,,,,,,,,,,,,,,,,,,,,,,,,,,,,,,,
decision,1421893,616.9,76.0,,21.0,,39,,,,,,,,,234257,3.0,1.0,TRUE,,,,,,,,,,,,,,,,,,,,,,,,,,,,,,,,,,,,,
travel,1431283,,,,,[],39,,,,,,,,,,,,,,,,,,,,,,,,,,,,,,,,,,,,,,,,,,,,,,,,,
alien_welcome,1436286,,,,,,,,,,7,46,5,101,53,40,10.0,42.0,37,24.0,70.0,105.0,48.0,74.0,73.0,59.0,77.0,81.0,34.0,71.0,3.0,36.0,47.0,64.0,21.0,113.0,54.0,119.0,12.0,51.0,60.0,67.0,17.0,44.0,97.0,22.0,35.0,114.0,99.0,13.0,29.0,39.0,41.0,25.0,45.0,104.0
land,1436790,,,,105.0,,40,,,,,,,,,,,,,,,,,,,,,,,,,,,,,,,,,,,,,,,,,,,,,,,,,
dig,1438795,,,,,[],40,,,,,,,,,,,,,,,,,,,,,,,,,,,,,,,,,,,,,,,,,,,,,,,,,
harvest,1440298,,,,84.0,,40,,,,,,105,0.798690088,0.8,,,,,,,,,,,,,,,,,,,,,,,,,,,,,,,,,,,,,,,,,
decision,1440635,334.2,65.0,,84.0,,40,,,,,,,,,252998,3.0,0.0,FALSE,,,,,,,,,,,,,,,,,,,,,,,,,,,,,,,,,,,,,
dig,1442316,,,,,[],40,,,,,,,,,,,,,,,,,,,,,,,,,,,,,,,,,,,,,,,,,,,,,,,,,
harvest,1443826,,,,58.0,,40,,,,,,84,0.692125813,0.69047619,,,,,,,,,,,,,,,,,,,,,,,,,,,,,,,,,,,,,,,,,
decision,1444136,309.3,65.0,,58.0,,40,,,,,,,,,256500,3.0,1.0,FALSE,,,,,,,,,,,,,,,,,,,,,,,,,,,,,,,,,,,,,
dig,1445845,,,,,[],40,,,,,,,,,,,,,,,,,,,,,,,,,,,,,,,,,,,,,,,,,,,,,,,,,
harvest,1447351,,,,48.0,,40,,,,,,58,0.819359348,0.827586207,,,,,,,,,,,,,,,,,,,,,,,,,,,,,,,,,,,,,,,,,
decision,1447696,343.6,76.0,,48.0,,40,,,,,,,,,260060,3.0,2.0,TRUE,,,,,,,,,,,,,,,,,,,,,,,,,,,,,,,,,,,,,
travel,1457358,,,,,[],40,,,,,,,,,,,,,,,,,,,,,,,,,,,,,,,,,,,,,,,,,,,,,,,,,
alien_welcome,1462363,,,,,,,,,,95,46,5,101,53,40,10.0,42.0,37,24.0,70.0,105.0,48.0,74.0,73.0,59.0,77.0,81.0,34.0,71.0,3.0,36.0,47.0,64.0,21.0,113.0,54.0,119.0,12.0,51.0,60.0,67.0,17.0,44.0,97.0,22.0,35.0,114.0,99.0,13.0,29.0,39.0,41.0,25.0,45.0,104.0
land,1462873,,,,89.0,,41,,,,,,,,,,,,,,,,,,,,,,,,,,,,,,,,,,,,,,,,,,,,,,,,,
dig,1464885,,,,,[],41,,,,,,,,,,,,,,,,,,,,,,,,,,,,,,,,,,,,,,,,,,,,,,,,,
harvest,1466391,,,,68.0,,41,,,,,,89,0.760090471,0.764044944,,,,,,,,,,,,,,,,,,,,,,,,,,,,,,,,,,,,,,,,,
decision,1468007,1614.4,65.0,,68.0,,41,,,,,,,,,280370,3.0,0.0,FALSE,,,,,,,,,,,,,,,,,,,,,,,,,,,,,,,,,,,,,
dig,1468407,,,,,[],41,,,,,,,,,,,,,,,,,,,,,,,,,,,,,,,,,,,,,,,,,,,,,,,,,
harvest,1469917,,,,60.0,,41,,,,,,68,0.877680192,0.882352941,,,,,,,,,,,,,,,,,,,,,,,,,,,,,,,,,,,,,,,,,
decision,1471919,,,,60.0,,41,,,,,,,,,284282,3.0,1.0,FALSE,,,,,,,,,,,,,,,,,,,,,,,,,,,,,,,,,,,,,
time_out,1473928,,,,60.0,,,,,,,,,,,,,,,,,,,,,,,,,,,,,,,,,,,,,,,,,,,,,,,,,,,
decision,1474474,543.1,65.0,,60.0,,41,,,,,,,,,286837,3.0,1.0,FALSE,,,,,,,,,,,,,,,,,,,,,,,,,,,,,,,,,,,,,
dig,1475942,,,,,[],41,,,,,,,,,,,,,,,,,,,,,,,,,,,,,,,,,,,,,,,,,,,,,,,,,
harvest,1477445,,,,53.0,,41,,,,,,60,0.877259323,0.883333333,,,,,,,,,,,,,,,,,,,,,,,,,,,,,,,,,,,,,,,,,
decision,1477837,390.5,65.0,,53.0,,41,,,,,,,,,290200,3.0,2.0,FALSE,,,,,,,,,,,,,,,,,,,,,,,,,,,,,,,,,,,,,
dig,1479455,,,,,[],41,,,,,,,,,,,,,,,,,,,,,,,,,,,,,,,,,,,,,,,,,,,,,,,,,
harvest,1480964,,,,47.0,,41,,,,,,53,0.893174957,0.886792453,,,,,,,,,,,,,,,,,,,,,,,,,,,,,,,,,,,,,,,,,
decision,1481860,893.2,76.0,,47.0,,41,,,,,,,,,294223,3.0,3.0,TRUE,,,,,,,,,,,,,,,,,,,,,,,,,,,,,,,,,,,,,
travel,1490964,,,,,[],41,,,,,,,,,,,,,,,,,,,,,,,,,,,,,,,,,,,,,,,,,,,,,,,,,
alien_welcome,1495969,,,,,,,,,,18,46,5,101,53,40,10.0,42.0,37,24.0,70.0,105.0,48.0,74.0,73.0,59.0,77.0,81.0,34.0,71.0,3.0,36.0,47.0,64.0,21.0,113.0,54.0,119.0,12.0,51.0,60.0,67.0,17.0,44.0,97.0,22.0,35.0,114.0,99.0,13.0,29.0,39.0,41.0,25.0,45.0,104.0
land,1496479,,,,91.0,,42,,,,,,,,,,,,,,,,,,,,,,,,,,,,,,,,,,,,,,,,,,,,,,,,,
dig,1498486,,,,,[],42,,,,,,,,,,,,,,,,,,,,,,,,,,,,,,,,,,,,,,,,,,,,,,,,,
harvest,1499990,,,,76.0,,42,,,,,,91,0.837409018,0.835164835,,,,,,,,,,,,,,,,,,,,,,,,,,,,,,,,,,,,,,,,,
decision,1500224,233.2,65.0,,76.0,,42,,,,,,,,,312588,3.0,0.0,FALSE,,,,,,,,,,,,,,,,,,,,,,,,,,,,,,,,,,,,,
dig,1502000,,,,,[],42,,,,,,,,,,,,,,,,,,,,,,,,,,,,,,,,,,,,,,,,,,,,,,,,,
harvest,1503509,,,,62.0,,42,,,,,,76,0.810384688,0.815789474,,,,,,,,,,,,,,,,,,,,,,,,,,,,,,,,,,,,,,,,,
decision,1503802,291.6,65.0,,62.0,,42,,,,,,,,,316166,3.0,1.0,FALSE,,,,,,,,,,,,,,,,,,,,,,,,,,,,,,,,,,,,,
dig,1505526,,,,,[],42,,,,,,,,,,,,,,,,,,,,,,,,,,,,,,,,,,,,,,,,,,,,,,,,,
harvest,1507033,,,,51.0,,42,,,,,,62,0.823093114,0.822580645,,,,,,,,,,,,,,,,,,,,,,,,,,,,,,,,,,,,,,,,,
decision,1507060,25.40000004,76.0,,51.0,,42,,,,,,,,,319423,3.0,2.0,TRUE,,,,,,,,,,,,,,,,,,,,,,,,,,,,,,,,,,,,,
travel,1517045,,,,,[],42,,,,,,,,,,,,,,,,,,,,,,,,,,,,,,,,,,,,,,,,,,,,,,,,,
alien_welcome,1522056,,,,,,,,,,58,46,5,101,53,40,10.0,42.0,37,24.0,70.0,105.0,48.0,74.0,73.0,59.0,77.0,81.0,34.0,71.0,3.0,36.0,47.0,64.0,21.0,113.0,54.0,119.0,12.0,51.0,60.0,67.0,17.0,44.0,97.0,22.0,35.0,114.0,99.0,13.0,29.0,39.0,41.0,25.0,45.0,104.0
land,1522565,,,,93.0,,43,,,,,,,,,,,,,,,,,,,,,,,,,,,,,,,,,,,,,,,,,,,,,,,,,
dig,1524574,,,,,[],43,,,,,,,,,,,,,,,,,,,,,,,,,,,,,,,,,,,,,,,,,,,,,,,,,
harvest,1526078,,,,72.0,,43,,,,,,93,0.769497076,0.774193548,,,,,,,,,,,,,,,,,,,,,,,,,,,,,,,,,,,,,,,,,
decision,1526377,297.4,65.0,,72.0,,43,,,,,,,,,338741,3.0,0.0,FALSE,,,,,,,,,,,,,,,,,,,,,,,,,,,,,,,,,,,,,
dig,1528097,,,,,[],43,,,,,,,,,,,,,,,,,,,,,,,,,,,,,,,,,,,,,,,,,,,,,,,,,
harvest,1529604,,,,60.0,,43,,,,,,72,0.839302099,0.833333333,,,,,,,,,,,,,,,,,,,,,,,,,,,,,,,,,,,,,,,,,
decision,1529899,293.7,65.0,,60.0,,43,,,,,,,,,342262,3.0,1.0,FALSE,,,,,,,,,,,,,,,,,,,,,,,,,,,,,,,,,,,,,
dig,1531622,,,,,[],43,,,,,,,,,,,,,,,,,,,,,,,,,,,,,,,,,,,,,,,,,,,,,,,,,
harvest,1533124,,,,54.0,,43,,,,,,60,0.899599729,0.9,,,,,,,,,,,,,,,,,,,,,,,,,,,,,,,,,,,,,,,,,
decision,1533589,463.1,65.0,,54.0,,43,,,,,,,,,345952,3.0,2.0,FALSE,,,,,,,,,,,,,,,,,,,,,,,,,,,,,,,,,,,,,
dig,1535135,,,,,[],43,,,,,,,,,,,,,,,,,,,,,,,,,,,,,,,,,,,,,,,,,,,,,,,,,
harvest,1536637,,,,44.0,,43,,,,,,54,0.823294764,0.814814815,,,,,,,,,,,,,,,,,,,,,,,,,,,,,,,,,,,,,,,,,
decision,1536955,316.3,76.0,,44.0,,43,,,,,,,,,349319,3.0,3.0,TRUE,,,,,,,,,,,,,,,,,,,,,,,,,,,,,,,,,,,,,
travel,1546643,,,,,[],43,,,,,,,,,,,,,,,,,,,,,,,,,,,,,,,,,,,,,,,,,,,,,,,,,
alien_welcome,1551649,,,,,,,,,,6,46,5,101,53,40,10.0,42.0,37,24.0,70.0,105.0,48.0,74.0,73.0,59.0,77.0,81.0,34.0,71.0,3.0,36.0,47.0,64.0,21.0,113.0,54.0,119.0,12.0,51.0,60.0,67.0,17.0,44.0,97.0,22.0,35.0,114.0,99.0,13.0,29.0,39.0,41.0,25.0,45.0,104.0
land,1552157,,,,96.0,,44,,,,,,,,,,,,,,,,,,,,,,,,,,,,,,,,,,,,,,,,,,,,,,,,,
dig,1554168,,,,,[],44,,,,,,,,,,,,,,,,,,,,,,,,,,,,,,,,,,,,,,,,,,,,,,,,,
harvest,1555672,,,,50.0,,44,,,,,,96,0.52162659,0.520833333,,,,,,,,,,,,,,,,,,,,,,,,,,,,,,,,,,,,,,,,,
decision,1555979,305.3,65.0,,50.0,,44,,,,,,,,,368342,3.0,0.0,TRUE,,,,,,,,,,,,,,,,,,,,,,,,,,,,,,,,,,,,,
end_of_block,1612484,56496.7,32.0,,,,,,,,,,,,,,,,,,,,,,,,,,,,,,,,,,,,,,,,,,,,,,,,,,,,,
alien_welcome,1617524,,,,,,,,,,33,46,5,101,53,40,10.0,42.0,37,24.0,70.0,105.0,48.0,74.0,73.0,59.0,77.0,81.0,34.0,71.0,3.0,36.0,47.0,64.0,21.0,113.0,54.0,119.0,12.0,51.0,60.0,67.0,17.0,44.0,97.0,22.0,35.0,114.0,99.0,13.0,29.0,39.0,41.0,25.0,45.0,104.0
land,1618032,,,,105.0,,45,,,,,,,,,,,,,,,,,,,,,,,,,,,,,,,,,,,,,,,,,,,,,,,,,
dig,1620040,,,,,[],45,,,,,,,,,,,,,,,,,,,,,,,,,,,,,,,,,,,,,,,,,,,,,,,,,
harvest,1621549,,,,18.0,,45,,,,,,105,0.168789081,0.171428571,,,,,,,,,,,,,,,,,,,,,,,,,,,,,,,,,,,,,,,,,
decision,1622643,1093.5,65.0,,18.0,,45,,,,,,,,,10154,4.0,0.0,FALSE,,,,,,,,,,,,,,,,,,,,,,,,,,,,,,,,,,,,,
dig,1623561,,,,,[],45,,,,,,,,,,,,,,,,,,,,,,,,,,,,,,,,,,,,,,,,,,,,,,,,,
harvest,1625071,,,,4.0,,45,,,,,,18,0.23401605,0.222222222,,,,,,,,,,,,,,,,,,,,,,,,,,,,,,,,,,,,,,,,,
decision,1625268,195.6,76.0,,4.0,,45,,,,,,,,,12778,4.0,1.0,TRUE,,,,,,,,,,,,,,,,,,,,,,,,,,,,,,,,,,,,,
travel,1635084,,,,,[],45,,,,,,,,,,,,,,,,,,,,,,,,,,,,,,,,,,,,,,,,,,,,,,,,,
alien_welcome,1640091,,,,,,,,,,72,46,5,101,53,40,10.0,42.0,37,24.0,70.0,105.0,48.0,74.0,73.0,59.0,77.0,81.0,34.0,71.0,3.0,36.0,47.0,64.0,21.0,113.0,54.0,119.0,12.0,51.0,60.0,67.0,17.0,44.0,97.0,22.0,35.0,114.0,99.0,13.0,29.0,39.0,41.0,25.0,45.0,104.0
land,1640599,,,,92.0,,46,,,,,,,,,,,,,,,,,,,,,,,,,,,,,,,,,,,,,,,,,,,,,,,,,
dig,1642609,,,,,[],46,,,,,,,,,,,,,,,,,,,,,,,,,,,,,,,,,,,,,,,,,,,,,,,,,
harvest,1644111,,,,15.0,,46,,,,,,92,0.160353635,0.163043478,,,,,,,,,,,,,,,,,,,,,,,,,,,,,,,,,,,,,,,,,
decision,1644159,46.69999999,65.0,,15.0,,46,,,,,,,,,31669,4.0,0.0,FALSE,,,,,,,,,,,,,,,,,,,,,,,,,,,,,,,,,,,,,
dig,1646124,,,,,[],46,,,,,,,,,,,,,,,,,,,,,,,,,,,,,,,,,,,,,,,,,,,,,,,,,
harvest,1647630,,,,2.0,,46,,,,,,15,0.104124144,0.133333333,,,,,,,,,,,,,,,,,,,,,,,,,,,,,,,,,,,,,,,,,
decision,1647933,301.4,76.0,,2.0,,46,,,,,,,,,35443,4.0,1.0,TRUE,,,,,,,,,,,,,,,,,,,,,,,,,,,,,,,,,,,,,
travel,1657637,,,,,[],46,,,,,,,,,,,,,,,,,,,,,,,,,,,,,,,,,,,,,,,,,,,,,,,,,
alien_welcome,1662641,,,,,,,,,,107,46,5,101,53,40,10.0,42.0,37,24.0,70.0,105.0,48.0,74.0,73.0,59.0,77.0,81.0,34.0,71.0,3.0,36.0,47.0,64.0,21.0,113.0,54.0,119.0,12.0,51.0,60.0,67.0,17.0,44.0,97.0,22.0,35.0,114.0,99.0,13.0,29.0,39.0,41.0,25.0,45.0,104.0
land,1663149,,,,86.0,,47,,,,,,,,,,,,,,,,,,,,,,,,,,,,,,,,,,,,,,,,,,,,,,,,,
dig,1665160,,,,,[],47,,,,,,,,,,,,,,,,,,,,,,,,,,,,,,,,,,,,,,,,,,,,,,,,,
harvest,1666663,,,,14.0,,47,,,,,,86,0.16018536,0.162790698,,,,,,,,,,,,,,,,,,,,,,,,,,,,,,,,,,,,,,,,,
decision,1667016,349.8,65.0,,14.0,,47,,,,,,,,,54527,4.0,0.0,FALSE,,,,,,,,,,,,,,,,,,,,,,,,,,,,,,,,,,,,,
dig,1668681,,,,,[],47,,,,,,,,,,,,,,,,,,,,,,,,,,,,,,,,,,,,,,,,,,,,,,,,,
harvest,1670189,,,,2.0,,47,,,,,,14,0.130137444,0.142857143,,,,,,,,,,,,,,,,,,,,,,,,,,,,,,,,,,,,,,,,,
decision,1670512,321.1,76.0,,2.0,,47,,,,,,,,,58023,4.0,1.0,TRUE,,,,,,,,,,,,,,,,,,,,,,,,,,,,,,,,,,,,,
travel,1680201,,,,,[],47,,,,,,,,,,,,,,,,,,,,,,,,,,,,,,,,,,,,,,,,,,,,,,,,,
alien_welcome,1685208,,,,,,,,,,56,46,5,101,53,40,10.0,42.0,37,24.0,70.0,105.0,48.0,74.0,73.0,59.0,77.0,81.0,34.0,71.0,3.0,36.0,47.0,64.0,21.0,113.0,54.0,119.0,12.0,51.0,60.0,67.0,17.0,44.0,97.0,22.0,35.0,114.0,99.0,13.0,29.0,39.0,41.0,25.0,45.0,104.0
land,1685716,,,,107.0,,48,,,,,,,,,,,,,,,,,,,,,,,,,,,,,,,,,,,,,,,,,,,,,,,,,
dig,1687723,,,,,[],48,,,,,,,,,,,,,,,,,,,,,,,,,,,,,,,,,,,,,,,,,,,,,,,,,
harvest,1689229,,,,80.0,,48,,,,,,107,0.749763799,0.747663551,,,,,,,,,,,,,,,,,,,,,,,,,,,,,,,,,,,,,,,,,
decision,1689756,524.9,65.0,,80.0,,48,,,,,,,,,77266,4.0,0.0,FALSE,,,,,,,,,,,,,,,,,,,,,,,,,,,,,,,,,,,,,
dig,1691251,,,,,[],48,,,,,,,,,,,,,,,,,,,,,,,,,,,,,,,,,,,,,,,,,,,,,,,,,
harvest,1692754,,,,66.0,,48,,,,,,80,0.827910877,0.825,,,,,,,,,,,,,,,,,,,,,,,,,,,,,,,,,,,,,,,,,
decision,1693521,764.9,65.0,,66.0,,48,,,,,,,,,81031,4.0,1.0,FALSE,,,,,,,,,,,,,,,,,,,,,,,,,,,,,,,,,,,,,
dig,1694767,,,,,[],48,,,,,,,,,,,,,,,,,,,,,,,,,,,,,,,,,,,,,,,,,,,,,,,,,
harvest,1696273,,,,55.0,,48,,,,,,66,0.829347714,0.833333333,,,,,,,,,,,,,,,,,,,,,,,,,,,,,,,,,,,,,,,,,
decision,1698156,1881.7,65.0,,55.0,,48,,,,,,,,,85667,4.0,2.0,FALSE,,,,,,,,,,,,,,,,,,,,,,,,,,,,,,,,,,,,,
dig,1698286,,,,,[],48,,,,,,,,,,,,,,,,,,,,,,,,,,,,,,,,,,,,,,,,,,,,,,,,,
harvest,1699794,,,,41.0,,48,,,,,,55,0.739987699,0.745454545,,,,,,,,,,,,,,,,,,,,,,,,,,,,,,,,,,,,,,,,,
decision,1700249,453.5,65.0,,41.0,,48,,,,,,,,,87759,4.0,3.0,FALSE,,,,,,,,,,,,,,,,,,,,,,,,,,,,,,,,,,,,,
dig,1701804,,,,,[],48,,,,,,,,,,,,,,,,,,,,,,,,,,,,,,,,,,,,,,,,,,,,,,,,,
harvest,1703310,,,,36.0,,48,,,,,,41,0.871991742,0.87804878,,,,,,,,,,,,,,,,,,,,,,,,,,,,,,,,,,,,,,,,,
decision,1703725,412.9,76.0,,36.0,,48,,,,,,,,,91235,4.0,4.0,TRUE,,,,,,,,,,,,,,,,,,,,,,,,,,,,,,,,,,,,,
travel,1713322,,,,,[],48,,,,,,,,,,,,,,,,,,,,,,,,,,,,,,,,,,,,,,,,,,,,,,,,,
alien_welcome,1718334,,,,,,,,,,32,46,5,101,53,40,10.0,42.0,37,24.0,70.0,105.0,48.0,74.0,73.0,59.0,77.0,81.0,34.0,71.0,3.0,36.0,47.0,64.0,21.0,113.0,54.0,119.0,12.0,51.0,60.0,67.0,17.0,44.0,97.0,22.0,35.0,114.0,99.0,13.0,29.0,39.0,41.0,25.0,45.0,104.0
land,1718843,,,,95.0,,49,,,,,,,,,,,,,,,,,,,,,,,,,,,,,,,,,,,,,,,,,,,,,,,,,
dig,1720855,,,,,[],49,,,,,,,,,,,,,,,,,,,,,,,,,,,,,,,,,,,,,,,,,,,,,,,,,
harvest,1722359,,,,74.0,,49,,,,,,95,0.777851743,0.778947368,,,,,,,,,,,,,,,,,,,,,,,,,,,,,,,,,,,,,,,,,
decision,1723191,829.8,65.0,,74.0,,49,,,,,,,,,110701,4.0,0.0,FALSE,,,,,,,,,,,,,,,,,,,,,,,,,,,,,,,,,,,,,
dig,1724374,,,,,[],49,,,,,,,,,,,,,,,,,,,,,,,,,,,,,,,,,,,,,,,,,,,,,,,,,
harvest,1725879,,,,64.0,,49,,,,,,74,0.861739655,0.864864865,,,,,,,,,,,,,,,,,,,,,,,,,,,,,,,,,,,,,,,,,
decision,1726222,341.6,65.0,,64.0,,49,,,,,,,,,113732,4.0,1.0,FALSE,,,,,,,,,,,,,,,,,,,,,,,,,,,,,,,,,,,,,
dig,1727888,,,,,[],49,,,,,,,,,,,,,,,,,,,,,,,,,,,,,,,,,,,,,,,,,,,,,,,,,
harvest,1729394,,,,54.0,,49,,,,,,64,0.846456593,0.84375,,,,,,,,,,,,,,,,,,,,,,,,,,,,,,,,,,,,,,,,,
decision,1731400,,,,54.0,,49,,,,,,,,,118911,4.0,2.0,FALSE,,,,,,,,,,,,,,,,,,,,,,,,,,,,,,,,,,,,,
time_out,1733418,,,,54.0,,,,,,,,,,,,,,,,,,,,,,,,,,,,,,,,,,,,,,,,,,,,,,,,,,,
decision,1734233,813.4,65.0,,54.0,,49,,,,,,,,,121743,4.0,2.0,FALSE,,,,,,,,,,,,,,,,,,,,,,,,,,,,,,,,,,,,,
dig,1735433,,,,,[],49,,,,,,,,,,,,,,,,,,,,,,,,,,,,,,,,,,,,,,,,,,,,,,,,,
harvest,1736950,,,,46.0,,49,,,,,,54,0.848618217,0.851851852,,,,,,,,,,,,,,,,,,,,,,,,,,,,,,,,,,,,,,,,,
decision,1738956,,,,46.0,,49,,,,,,,,,126467,4.0,3.0,FALSE,,,,,,,,,,,,,,,,,,,,,,,,,,,,,,,,,,,,,
time_out,1740967,,,,46.0,,,,,,,,,,,,,,,,,,,,,,,,,,,,,,,,,,,,,,,,,,,,,,,,,,,
decision,1741452,484.0,65.0,,46.0,,49,,,,,,,,,128963,4.0,3.0,FALSE,,,,,,,,,,,,,,,,,,,,,,,,,,,,,,,,,,,,,
dig,1742978,,,,,[],49,,,,,,,,,,,,,,,,,,,,,,,,,,,,,,,,,,,,,,,,,,,,,,,,,
harvest,1744485,,,,37.0,,49,,,,,,46,0.796036654,0.804347826,,,,,,,,,,,,,,,,,,,,,,,,,,,,,,,,,,,,,,,,,
decision,1744671,185.3,76.0,,37.0,,49,,,,,,,,,132182,4.0,4.0,TRUE,,,,,,,,,,,,,,,,,,,,,,,,,,,,,,,,,,,,,
travel,1754488,,,,,[],49,,,,,,,,,,,,,,,,,,,,,,,,,,,,,,,,,,,,,,,,,,,,,,,,,
alien_welcome,1759494,,,,,,,,,,30,46,5,101,53,40,10.0,42.0,37,24.0,70.0,105.0,48.0,74.0,73.0,59.0,77.0,81.0,34.0,71.0,3.0,36.0,47.0,64.0,21.0,113.0,54.0,119.0,12.0,51.0,60.0,67.0,17.0,44.0,97.0,22.0,35.0,114.0,99.0,13.0,29.0,39.0,41.0,25.0,45.0,104.0
land,1760002,,,,106.0,,50,,,,,,,,,,,,,,,,,,,,,,,,,,,,,,,,,,,,,,,,,,,,,,,,,
dig,1762007,,,,,[],50,,,,,,,,,,,,,,,,,,,,,,,,,,,,,,,,,,,,,,,,,,,,,,,,,
harvest,1763513,,,,96.0,,50,,,,,,106,0.903485465,0.905660377,,,,,,,,,,,,,,,,,,,,,,,,,,,,,,,,,,,,,,,,,
decision,1763888,373.9,65.0,,96.0,,50,,,,,,,,,151398,4.0,0.0,FALSE,,,,,,,,,,,,,,,,,,,,,,,,,,,,,,,,,,,,,
dig,1765530,,,,,[],50,,,,,,,,,,,,,,,,,,,,,,,,,,,,,,,,,,,,,,,,,,,,,,,,,
harvest,1767033,,,,71.0,,50,,,,,,96,0.736431965,0.739583333,,,,,,,,,,,,,,,,,,,,,,,,,,,,,,,,,,,,,,,,,
decision,1767310,275.1,65.0,,71.0,,50,,,,,,,,,154820,4.0,1.0,FALSE,,,,,,,,,,,,,,,,,,,,,,,,,,,,,,,,,,,,,
dig,1769043,,,,,[],50,,,,,,,,,,,,,,,,,,,,,,,,,,,,,,,,,,,,,,,,,,,,,,,,,
harvest,1770546,,,,56.0,,50,,,,,,71,0.790610939,0.788732394,,,,,,,,,,,,,,,,,,,,,,,,,,,,,,,,,,,,,,,,,
decision,1771365,817.0,65.0,,56.0,,50,,,,,,,,,158876,4.0,2.0,FALSE,,,,,,,,,,,,,,,,,,,,,,,,,,,,,,,,,,,,,
dig,1772569,,,,,[],50,,,,,,,,,,,,,,,,,,,,,,,,,,,,,,,,,,,,,,,,,,,,,,,,,
harvest,1774075,,,,45.0,,50,,,,,,56,0.812336592,0.803571429,,,,,,,,,,,,,,,,,,,,,,,,,,,,,,,,,,,,,,,,,
decision,1774433,356.8,76.0,,45.0,,50,,,,,,,,,161944,4.0,3.0,TRUE,,,,,,,,,,,,,,,,,,,,,,,,,,,,,,,,,,,,,
travel,1784087,,,,,[],50,,,,,,,,,,,,,,,,,,,,,,,,,,,,,,,,,,,,,,,,,,,,,,,,,
alien_welcome,1789092,,,,,,,,,,103,46,5,101,53,40,10.0,42.0,37,24.0,70.0,105.0,48.0,74.0,73.0,59.0,77.0,81.0,34.0,71.0,3.0,36.0,47.0,64.0,21.0,113.0,54.0,119.0,12.0,51.0,60.0,67.0,17.0,44.0,97.0,22.0,35.0,114.0,99.0,13.0,29.0,39.0,41.0,25.0,45.0,104.0
land,1789605,,,,86.0,,51,,,,,,,,,,,,,,,,,,,,,,,,,,,,,,,,,,,,,,,,,,,,,,,,,
dig,1791610,,,,,[],51,,,,,,,,,,,,,,,,,,,,,,,,,,,,,,,,,,,,,,,,,,,,,,,,,
harvest,1793123,,,,71.0,,51,,,,,,86,0.829155517,0.825581395,,,,,,,,,,,,,,,,,,,,,,,,,,,,,,,,,,,,,,,,,
decision,1793387,261.8,65.0,,71.0,,51,,,,,,,,,180897,4.0,0.0,FALSE,,,,,,,,,,,,,,,,,,,,,,,,,,,,,,,,,,,,,
dig,1795142,,,,,[],51,,,,,,,,,,,,,,,,,,,,,,,,,,,,,,,,,,,,,,,,,,,,,,,,,
harvest,1796649,,,,62.0,,51,,,,,,71,0.868137574,0.873239437,,,,,,,,,,,,,,,,,,,,,,,,,,,,,,,,,,,,,,,,,
decision,1797194,543.6,65.0,,62.0,,51,,,,,,,,,184705,4.0,1.0,FALSE,,,,,,,,,,,,,,,,,,,,,,,,,,,,,,,,,,,,,
dig,1798658,,,,,[],51,,,,,,,,,,,,,,,,,,,,,,,,,,,,,,,,,,,,,,,,,,,,,,,,,
harvest,1800165,,,,52.0,,51,,,,,,62,0.835452847,0.838709677,,,,,,,,,,,,,,,,,,,,,,,,,,,,,,,,,,,,,,,,,
decision,1800511,344.3,65.0,,52.0,,51,,,,,,,,,188021,4.0,2.0,FALSE,,,,,,,,,,,,,,,,,,,,,,,,,,,,,,,,,,,,,
dig,1802178,,,,,[],51,,,,,,,,,,,,,,,,,,,,,,,,,,,,,,,,,,,,,,,,,,,,,,,,,
harvest,1803686,,,,42.0,,51,,,,,,52,0.806463181,0.807692308,,,,,,,,,,,,,,,,,,,,,,,,,,,,,,,,,,,,,,,,,
decision,1804113,425.9,65.0,,42.0,,51,,,,,,,,,191624,4.0,3.0,FALSE,,,,,,,,,,,,,,,,,,,,,,,,,,,,,,,,,,,,,
dig,1805699,,,,,[],51,,,,,,,,,,,,,,,,,,,,,,,,,,,,,,,,,,,,,,,,,,,,,,,,,
harvest,1807208,,,,34.0,,51,,,,,,42,0.82056088,0.80952381,,,,,,,,,,,,,,,,,,,,,,,,,,,,,,,,,,,,,,,,,
decision,1807258,48.5,76.0,,34.0,,51,,,,,,,,,194768,4.0,4.0,TRUE,,,,,,,,,,,,,,,,,,,,,,,,,,,,,,,,,,,,,
travel,1817216,,,,,[],51,,,,,,,,,,,,,,,,,,,,,,,,,,,,,,,,,,,,,,,,,,,,,,,,,
alien_welcome,1822219,,,,,,,,,,112,46,5,101,53,40,10.0,42.0,37,24.0,70.0,105.0,48.0,74.0,73.0,59.0,77.0,81.0,34.0,71.0,3.0,36.0,47.0,64.0,21.0,113.0,54.0,119.0,12.0,51.0,60.0,67.0,17.0,44.0,97.0,22.0,35.0,114.0,99.0,13.0,29.0,39.0,41.0,25.0,45.0,104.0
land,1822725,,,,109.0,,52,,,,,,,,,,,,,,,,,,,,,,,,,,,,,,,,,,,,,,,,,,,,,,,,,
dig,1824737,,,,,[],52,,,,,,,,,,,,,,,,,,,,,,,,,,,,,,,,,,,,,,,,,,,,,,,,,
harvest,1826239,,,,83.0,,52,,,,,,109,0.765963944,0.76146789,,,,,,,,,,,,,,,,,,,,,,,,,,,,,,,,,,,,,,,,,
decision,1826850,609.5,65.0,,83.0,,52,,,,,,,,,214360,4.0,0.0,FALSE,,,,,,,,,,,,,,,,,,,,,,,,,,,,,,,,,,,,,
dig,1828249,,,,,[],52,,,,,,,,,,,,,,,,,,,,,,,,,,,,,,,,,,,,,,,,,,,,,,,,,
harvest,1829757,,,,65.0,,52,,,,,,83,0.787435034,0.78313253,,,,,,,,,,,,,,,,,,,,,,,,,,,,,,,,,,,,,,,,,
decision,1830285,525.7,65.0,,65.0,,52,,,,,,,,,217795,4.0,1.0,FALSE,,,,,,,,,,,,,,,,,,,,,,,,,,,,,,,,,,,,,
dig,1831773,,,,,[],52,,,,,,,,,,,,,,,,,,,,,,,,,,,,,,,,,,,,,,,,,,,,,,,,,
harvest,1833277,,,,52.0,,52,,,,,,65,0.806257246,0.8,,,,,,,,,,,,,,,,,,,,,,,,,,,,,,,,,,,,,,,,,
decision,1833655,376.0,65.0,,52.0,,52,,,,,,,,,221165,4.0,2.0,FALSE,,,,,,,,,,,,,,,,,,,,,,,,,,,,,,,,,,,,,
dig,1835290,,,,,[],52,,,,,,,,,,,,,,,,,,,,,,,,,,,,,,,,,,,,,,,,,,,,,,,,,
harvest,1836798,,,,43.0,,52,,,,,,52,0.826284401,0.826923077,,,,,,,,,,,,,,,,,,,,,,,,,,,,,,,,,,,,,,,,,
decision,1837417,617.8,65.0,,43.0,,52,,,,,,,,,224927,4.0,3.0,FALSE,,,,,,,,,,,,,,,,,,,,,,,,,,,,,,,,,,,,,
dig,1838817,,,,,[],52,,,,,,,,,,,,,,,,,,,,,,,,,,,,,,,,,,,,,,,,,,,,,,,,,
harvest,1840321,,,,34.0,,52,,,,,,43,0.795101474,0.790697674,,,,,,,,,,,,,,,,,,,,,,,,,,,,,,,,,,,,,,,,,
decision,1840650,327.3,76.0,,34.0,,52,,,,,,,,,228160,4.0,4.0,TRUE,,,,,,,,,,,,,,,,,,,,,,,,,,,,,,,,,,,,,
travel,1850337,,,,,[],52,,,,,,,,,,,,,,,,,,,,,,,,,,,,,,,,,,,,,,,,,,,,,,,,,
alien_welcome,1855342,,,,,,,,,,106,46,5,101,53,40,10.0,42.0,37,24.0,70.0,105.0,48.0,74.0,73.0,59.0,77.0,81.0,34.0,71.0,3.0,36.0,47.0,64.0,21.0,113.0,54.0,119.0,12.0,51.0,60.0,67.0,17.0,44.0,97.0,22.0,35.0,114.0,99.0,13.0,29.0,39.0,41.0,25.0,45.0,104.0
land,1855850,,,,100.0,,53,,,,,,,,,,,,,,,,,,,,,,,,,,,,,,,,,,,,,,,,,,,,,,,,,
dig,1857855,,,,,[],53,,,,,,,,,,,,,,,,,,,,,,,,,,,,,,,,,,,,,,,,,,,,,,,,,
harvest,1859362,,,,70.0,,53,,,,,,100,0.695757684,0.7,,,,,,,,,,,,,,,,,,,,,,,,,,,,,,,,,,,,,,,,,
decision,1859729,364.8,65.0,,70.0,,53,,,,,,,,,247239,4.0,0.0,FALSE,,,,,,,,,,,,,,,,,,,,,,,,,,,,,,,,,,,,,
dig,1861380,,,,,[],53,,,,,,,,,,,,,,,,,,,,,,,,,,,,,,,,,,,,,,,,,,,,,,,,,
harvest,1862889,,,,59.0,,53,,,,,,70,0.845896746,0.842857143,,,,,,,,,,,,,,,,,,,,,,,,,,,,,,,,,,,,,,,,,
decision,1863312,420.6,65.0,,59.0,,53,,,,,,,,,250823,4.0,1.0,FALSE,,,,,,,,,,,,,,,,,,,,,,,,,,,,,,,,,,,,,
dig,1864911,,,,,[],53,,,,,,,,,,,,,,,,,,,,,,,,,,,,,,,,,,,,,,,,,,,,,,,,,
harvest,1866421,,,,51.0,,53,,,,,,59,0.870833551,0.86440678,,,,,,,,,,,,,,,,,,,,,,,,,,,,,,,,,,,,,,,,,
decision,1866780,357.9,76.0,,51.0,,53,,,,,,,,,254290,4.0,2.0,TRUE,,,,,,,,,,,,,,,,,,,,,,,,,,,,,,,,,,,,,
travel,1876434,,,,,[],53,,,,,,,,,,,,,,,,,,,,,,,,,,,,,,,,,,,,,,,,,,,,,,,,,
alien_welcome,1881444,,,,,,,,,,69,46,5,101,53,40,10.0,42.0,37,24.0,70.0,105.0,48.0,74.0,73.0,59.0,77.0,81.0,34.0,71.0,3.0,36.0,47.0,64.0,21.0,113.0,54.0,119.0,12.0,51.0,60.0,67.0,17.0,44.0,97.0,22.0,35.0,114.0,99.0,13.0,29.0,39.0,41.0,25.0,45.0,104.0
land,1881949,,,,99.0,,54,,,,,,,,,,,,,,,,,,,,,,,,,,,,,,,,,,,,,,,,,,,,,,,,,
dig,1883957,,,,,[],54,,,,,,,,,,,,,,,,,,,,,,,,,,,,,,,,,,,,,,,,,,,,,,,,,
harvest,1885466,,,,25.0,,54,,,,,,99,0.248208538,0.252525253,,,,,,,,,,,,,,,,,,,,,,,,,,,,,,,,,,,,,,,,,
decision,1886123,655.0,65.0,,25.0,,54,,,,,,,,,273633,4.0,0.0,FALSE,,,,,,,,,,,,,,,,,,,,,,,,,,,,,,,,,,,,,
dig,1887480,,,,,[],54,,,,,,,,,,,,,,,,,,,,,,,,,,,,,,,,,,,,,,,,,,,,,,,,,
harvest,1888987,,,,4.0,,54,,,,,,25,0.146782828,0.16,,,,,,,,,,,,,,,,,,,,,,,,,,,,,,,,,,,,,,,,,
decision,1889222,231.4,76.0,,4.0,,54,,,,,,,,,276732,4.0,1.0,TRUE,,,,,,,,,,,,,,,,,,,,,,,,,,,,,,,,,,,,,
travel,1898999,,,,,[],54,,,,,,,,,,,,,,,,,,,,,,,,,,,,,,,,,,,,,,,,,,,,,,,,,
alien_welcome,1904009,,,,,,,,,,63,46,5,101,53,40,10.0,42.0,37,24.0,70.0,105.0,48.0,74.0,73.0,59.0,77.0,81.0,34.0,71.0,3.0,36.0,47.0,64.0,21.0,113.0,54.0,119.0,12.0,51.0,60.0,67.0,17.0,44.0,97.0,22.0,35.0,114.0,99.0,13.0,29.0,39.0,41.0,25.0,45.0,104.0
land,1904514,,,,99.0,,55,,,,,,,,,,,,,,,,,,,,,,,,,,,,,,,,,,,,,,,,,,,,,,,,,
dig,1906524,,,,,[],55,,,,,,,,,,,,,,,,,,,,,,,,,,,,,,,,,,,,,,,,,,,,,,,,,
harvest,1908028,,,,23.0,,55,,,,,,99,0.233368984,0.232323232,,,,,,,,,,,,,,,,,,,,,,,,,,,,,,,,,,,,,,,,,
decision,1908377,348.3,65.0,,23.0,,55,,,,,,,,,295887,4.0,0.0,FALSE,,,,,,,,,,,,,,,,,,,,,,,,,,,,,,,,,,,,,
dig,1910037,,,,,[],55,,,,,,,,,,,,,,,,,,,,,,,,,,,,,,,,,,,,,,,,,,,,,,,,,
harvest,1911539,,,,6.0,,55,,,,,,23,0.251947816,0.260869565,,,,,,,,,,,,,,,,,,,,,,,,,,,,,,,,,,,,,,,,,
decision,1911858,317.2,76.0,,6.0,,55,,,,,,,,,299368,4.0,1.0,TRUE,,,,,,,,,,,,,,,,,,,,,,,,,,,,,,,,,,,,,
travel,1921546,,,,,[],55,,,,,,,,,,,,,,,,,,,,,,,,,,,,,,,,,,,,,,,,,,,,,,,,,
alien_welcome,1926556,,,,,,,,,,93,46,5,101,53,40,10.0,42.0,37,24.0,70.0,105.0,48.0,74.0,73.0,59.0,77.0,81.0,34.0,71.0,3.0,36.0,47.0,64.0,21.0,113.0,54.0,119.0,12.0,51.0,60.0,67.0,17.0,44.0,97.0,22.0,35.0,114.0,99.0,13.0,29.0,39.0,41.0,25.0,45.0,104.0
land,1927063,,,,93.0,,56,,,,,,,,,,,,,,,,,,,,,,,,,,,,,,,,,,,,,,,,,,,,,,,,,
dig,1929075,,,,,[],56,,,,,,,,,,,,,,,,,,,,,,,,,,,,,,,,,,,,,,,,,,,,,,,,,
harvest,1930585,,,,72.0,,56,,,,,,93,0.776415188,0.774193548,,,,,,,,,,,,,,,,,,,,,,,,,,,,,,,,,,,,,,,,,
decision,1930954,366.6,65.0,,72.0,,56,,,,,,,,,318464,4.0,0.0,FALSE,,,,,,,,,,,,,,,,,,,,,,,,,,,,,,,,,,,,,
dig,1932601,,,,,[],56,,,,,,,,,,,,,,,,,,,,,,,,,,,,,,,,,,,,,,,,,,,,,,,,,
harvest,1934117,,,,58.0,,56,,,,,,72,0.808314492,0.805555556,,,,,,,,,,,,,,,,,,,,,,,,,,,,,,,,,,,,,,,,,
decision,1934505,386.8,65.0,,58.0,,56,,,,,,,,,322016,4.0,1.0,FALSE,,,,,,,,,,,,,,,,,,,,,,,,,,,,,,,,,,,,,
dig,1936135,,,,,[],56,,,,,,,,,,,,,,,,,,,,,,,,,,,,,,,,,,,,,,,,,,,,,,,,,
harvest,1937637,,,,46.0,,56,,,,,,58,0.796308143,0.793103448,,,,,,,,,,,,,,,,,,,,,,,,,,,,,,,,,,,,,,,,,
decision,1937989,350.9,76.0,,46.0,,56,,,,,,,,,325499,4.0,2.0,TRUE,,,,,,,,,,,,,,,,,,,,,,,,,,,,,,,,,,,,,
travel,1947651,,,,,[],56,,,,,,,,,,,,,,,,,,,,,,,,,,,,,,,,,,,,,,,,,,,,,,,,,
alien_welcome,1952659,,,,,,,,,,76,46,5,101,53,40,10.0,42.0,37,24.0,70.0,105.0,48.0,74.0,73.0,59.0,77.0,81.0,34.0,71.0,3.0,36.0,47.0,64.0,21.0,113.0,54.0,119.0,12.0,51.0,60.0,67.0,17.0,44.0,97.0,22.0,35.0,114.0,99.0,13.0,29.0,39.0,41.0,25.0,45.0,104.0
land,1953166,,,,102.0,,57,,,,,,,,,,,,,,,,,,,,,,,,,,,,,,,,,,,,,,,,,,,,,,,,,
dig,1955177,,,,,[],57,,,,,,,,,,,,,,,,,,,,,,,,,,,,,,,,,,,,,,,,,,,,,,,,,
harvest,1956685,,,,86.0,,57,,,,,,102,0.840697853,0.843137255,,,,,,,,,,,,,,,,,,,,,,,,,,,,,,,,,,,,,,,,,
decision,1957364,677.2,65.0,,86.0,,57,,,,,,,,,344874,4.0,0.0,FALSE,,,,,,,,,,,,,,,,,,,,,,,,,,,,,,,,,,,,,
dig,1958696,,,,,[],57,,,,,,,,,,,,,,,,,,,,,,,,,,,,,,,,,,,,,,,,,,,,,,,,,
harvest,1960212,,,,63.0,,57,,,,,,86,0.729360883,0.73255814,,,,,,,,,,,,,,,,,,,,,,,,,,,,,,,,,,,,,,,,,
decision,1960564,349.4,65.0,,63.0,,57,,,,,,,,,348074,4.0,1.0,FALSE,,,,,,,,,,,,,,,,,,,,,,,,,,,,,,,,,,,,,
dig,1962227,,,,,[],57,,,,,,,,,,,,,,,,,,,,,,,,,,,,,,,,,,,,,,,,,,,,,,,,,
harvest,1963732,,,,48.0,,57,,,,,,63,0.761978634,0.761904762,,,,,,,,,,,,,,,,,,,,,,,,,,,,,,,,,,,,,,,,,
decision,1964592,858.1,76.0,,48.0,,57,,,,,,,,,352103,4.0,2.0,TRUE,,,,,,,,,,,,,,,,,,,,,,,,,,,,,,,,,,,,,
travel,1973739,,,,,[],57,,,,,,,,,,,,,,,,,,,,,,,,,,,,,,,,,,,,,,,,,,,,,,,,,
alien_welcome,1978748,,,,,,,,,,86,46,5,101,53,40,10.0,42.0,37,24.0,70.0,105.0,48.0,74.0,73.0,59.0,77.0,81.0,34.0,71.0,3.0,36.0,47.0,64.0,21.0,113.0,54.0,119.0,12.0,51.0,60.0,67.0,17.0,44.0,97.0,22.0,35.0,114.0,99.0,13.0,29.0,39.0,41.0,25.0,45.0,104.0
land,1979251,,,,102.0,,58,,,,,,,,,,,,,,,,,,,,,,,,,,,,,,,,,,,,,,,,,,,,,,,,,
dig,1981259,,,,,[],58,,,,,,,,,,,,,,,,,,,,,,,,,,,,,,,,,,,,,,,,,,,,,,,,,
harvest,1982764,,,,81.0,,58,,,,,,102,0.798100366,0.794117647,,,,,,,,,,,,,,,,,,,,,,,,,,,,,,,,,,,,,,,,,
decision,1983155,389.8,65.0,,81.0,,58,,,,,,,,,370665,4.0,0.0,TRUE,,,,,,,,,,,,,,,,,,,,,,,,,,,,,,,,,,,,,
end_of_block,1985598,2433.7,32.0,,,,,,,,,,,,,,,,,,,,,,,,,,,,,,,,,,,,,,,,,,,,,,,,,,,,,
alien_welcome,1990619,,,,,,,,,,116,46,5,101,53,40,10.0,42.0,37,24.0,70.0,105.0,48.0,74.0,73.0,59.0,77.0,81.0,34.0,71.0,3.0,36.0,47.0,64.0,21.0,113.0,54.0,119.0,12.0,51.0,60.0,67.0,17.0,44.0,97.0,22.0,35.0,114.0,99.0,13.0,29.0,39.0,41.0,25.0,45.0,104.0
land,1991127,,,,103.0,,59,,,,,,,,,,,,,,,,,,,,,,,,,,,,,,,,,,,,,,,,,,,,,,,,,
dig,1993132,,,,,[],59,,,,,,,,,,,,,,,,,,,,,,,,,,,,,,,,,,,,,,,,,,,,,,,,,
harvest,1994639,,,,56.0,,59,,,,,,103,0.546600006,0.54368932,,,,,,,,,,,,,,,,,,,,,,,,,,,,,,,,,,,,,,,,,
decision,1995018,377.1,65.0,,56.0,,59,,,,,,,,,9412,5.0,0.0,FALSE,,,,,,,,,,,,,,,,,,,,,,,,,,,,,,,,,,,,,
dig,1996655,,,,,[],59,,,,,,,,,,,,,,,,,,,,,,,,,,,,,,,,,,,,,,,,,,,,,,,,,
harvest,1998162,,,,34.0,,59,,,,,,56,0.602076811,0.607142857,,,,,,,,,,,,,,,,,,,,,,,,,,,,,,,,,,,,,,,,,
decision,1998200,35.5,76.0,,34.0,,59,,,,,,,,,12594,5.0,1.0,TRUE,,,,,,,,,,,,,,,,,,,,,,,,,,,,,,,,,,,,,
travel,2008180,,,,,[],59,,,,,,,,,,,,,,,,,,,,,,,,,,,,,,,,,,,,,,,,,,,,,,,,,
alien_welcome,2013185,,,,,,,,,,16,46,5,101,53,40,10.0,42.0,37,24.0,70.0,105.0,48.0,74.0,73.0,59.0,77.0,81.0,34.0,71.0,3.0,36.0,47.0,64.0,21.0,113.0,54.0,119.0,12.0,51.0,60.0,67.0,17.0,44.0,97.0,22.0,35.0,114.0,99.0,13.0,29.0,39.0,41.0,25.0,45.0,104.0
land,2013692,,,,98.0,,60,,,,,,,,,,,,,,,,,,,,,,,,,,,,,,,,,,,,,,,,,,,,,,,,,
dig,2015700,,,,,[],60,,,,,,,,,,,,,,,,,,,,,,,,,,,,,,,,,,,,,,,,,,,,,,,,,
harvest,2017207,,,,53.0,,60,,,,,,98,0.543726117,0.540816327,,,,,,,,,,,,,,,,,,,,,,,,,,,,,,,,,,,,,,,,,
decision,2017559,350.1,65.0,,53.0,,60,,,,,,,,,31953,5.0,0.0,FALSE,,,,,,,,,,,,,,,,,,,,,,,,,,,,,,,,,,,,,
dig,2019218,,,,,[],60,,,,,,,,,,,,,,,,,,,,,,,,,,,,,,,,,,,,,,,,,,,,,,,,,
harvest,2020730,,,,27.0,,60,,,,,,53,0.513776849,0.509433962,,,,,,,,,,,,,,,,,,,,,,,,,,,,,,,,,,,,,,,,,
decision,2020874,143.2,76.0,,27.0,,60,,,,,,,,,35269,5.0,1.0,TRUE,,,,,,,,,,,,,,,,,,,,,,,,,,,,,,,,,,,,,
travel,2030744,,,,,[],60,,,,,,,,,,,,,,,,,,,,,,,,,,,,,,,,,,,,,,,,,,,,,,,,,
alien_welcome,2035753,,,,,,,,,,92,46,5,101,53,40,10.0,42.0,37,24.0,70.0,105.0,48.0,74.0,73.0,59.0,77.0,81.0,34.0,71.0,3.0,36.0,47.0,64.0,21.0,113.0,54.0,119.0,12.0,51.0,60.0,67.0,17.0,44.0,97.0,22.0,35.0,114.0,99.0,13.0,29.0,39.0,41.0,25.0,45.0,104.0
land,2036260,,,,106.0,,61,,,,,,,,,,,,,,,,,,,,,,,,,,,,,,,,,,,,,,,,,,,,,,,,,
dig,2038267,,,,,[],61,,,,,,,,,,,,,,,,,,,,,,,,,,,,,,,,,,,,,,,,,,,,,,,,,
harvest,2039785,,,,47.0,,61,,,,,,106,0.438795644,0.443396226,,,,,,,,,,,,,,,,,,,,,,,,,,,,,,,,,,,,,,,,,
decision,2040211,423.5,65.0,,47.0,,61,,,,,,,,,54605,5.0,0.0,FALSE,,,,,,,,,,,,,,,,,,,,,,,,,,,,,,,,,,,,,
dig,2041803,,,,,[],61,,,,,,,,,,,,,,,,,,,,,,,,,,,,,,,,,,,,,,,,,,,,,,,,,
harvest,2043308,,,,28.0,,61,,,,,,47,0.600196751,0.595744681,,,,,,,,,,,,,,,,,,,,,,,,,,,,,,,,,,,,,,,,,
decision,2043495,185.7,76.0,,28.0,,61,,,,,,,,,57890,5.0,1.0,TRUE,,,,,,,,,,,,,,,,,,,,,,,,,,,,,,,,,,,,,
travel,2053323,,,,,[],61,,,,,,,,,,,,,,,,,,,,,,,,,,,,,,,,,,,,,,,,,,,,,,,,,
alien_welcome,2058331,,,,,,,,,,83,46,5,101,53,40,10.0,42.0,37,24.0,70.0,105.0,48.0,74.0,73.0,59.0,77.0,81.0,34.0,71.0,3.0,36.0,47.0,64.0,21.0,113.0,54.0,119.0,12.0,51.0,60.0,67.0,17.0,44.0,97.0,22.0,35.0,114.0,99.0,13.0,29.0,39.0,41.0,25.0,45.0,104.0
land,2058839,,,,99.0,,62,,,,,,,,,,,,,,,,,,,,,,,,,,,,,,,,,,,,,,,,,,,,,,,,,
dig,2060851,,,,,[],62,,,,,,,,,,,,,,,,,,,,,,,,,,,,,,,,,,,,,,,,,,,,,,,,,
harvest,2062360,,,,46.0,,62,,,,,,99,0.463059765,0.464646465,,,,,,,,,,,,,,,,,,,,,,,,,,,,,,,,,,,,,,,,,
decision,2062680,317.6,65.0,,46.0,,62,,,,,,,,,77074,5.0,0.0,FALSE,,,,,,,,,,,,,,,,,,,,,,,,,,,,,,,,,,,,,
dig,2064380,,,,,[],62,,,,,,,,,,,,,,,,,,,,,,,,,,,,,,,,,,,,,,,,,,,,,,,,,
harvest,2065888,,,,22.0,,62,,,,,,46,0.475420864,0.47826087,,,,,,,,,,,,,,,,,,,,,,,,,,,,,,,,,,,,,,,,,
decision,2065915,25.29999995,76.0,,22.0,,62,,,,,,,,,80309,5.0,1.0,TRUE,,,,,,,,,,,,,,,,,,,,,,,,,,,,,,,,,,,,,
travel,2075897,,,,,[],62,,,,,,,,,,,,,,,,,,,,,,,,,,,,,,,,,,,,,,,,,,,,,,,,,
alien_welcome,2080907,,,,,,,,,,78,46,5,101,53,40,10.0,42.0,37,24.0,70.0,105.0,48.0,74.0,73.0,59.0,77.0,81.0,34.0,71.0,3.0,36.0,47.0,64.0,21.0,113.0,54.0,119.0,12.0,51.0,60.0,67.0,17.0,44.0,97.0,22.0,35.0,114.0,99.0,13.0,29.0,39.0,41.0,25.0,45.0,104.0
land,2081410,,,,91.0,,63,,,,,,,,,,,,,,,,,,,,,,,,,,,,,,,,,,,,,,,,,,,,,,,,,
dig,2083418,,,,,[],63,,,,,,,,,,,,,,,,,,,,,,,,,,,,,,,,,,,,,,,,,,,,,,,,,
harvest,2084923,,,,42.0,,63,,,,,,91,0.456812259,0.461538462,,,,,,,,,,,,,,,,,,,,,,,,,,,,,,,,,,,,,,,,,
decision,2085230,305.6,65.0,,42.0,,63,,,,,,,,,99625,5.0,0.0,FALSE,,,,,,,,,,,,,,,,,,,,,,,,,,,,,,,,,,,,,
dig,2086934,,,,,[],63,,,,,,,,,,,,,,,,,,,,,,,,,,,,,,,,,,,,,,,,,,,,,,,,,
harvest,2088445,,,,22.0,,63,,,,,,42,0.533819844,0.523809524,,,,,,,,,,,,,,,,,,,,,,,,,,,,,,,,,,,,,,,,,
decision,2088773,326.8,76.0,,22.0,,63,,,,,,,,,103167,5.0,1.0,TRUE,,,,,,,,,,,,,,,,,,,,,,,,,,,,,,,,,,,,,
travel,2098453,,,,,[],63,,,,,,,,,,,,,,,,,,,,,,,,,,,,,,,,,,,,,,,,,,,,,,,,,
alien_welcome,2103463,,,,,,,,,,82,46,5,101,53,40,10.0,42.0,37,24.0,70.0,105.0,48.0,74.0,73.0,59.0,77.0,81.0,34.0,71.0,3.0,36.0,47.0,64.0,21.0,113.0,54.0,119.0,12.0,51.0,60.0,67.0,17.0,44.0,97.0,22.0,35.0,114.0,99.0,13.0,29.0,39.0,41.0,25.0,45.0,104.0
land,2103965,,,,98.0,,64,,,,,,,,,,,,,,,,,,,,,,,,,,,,,,,,,,,,,,,,,,,,,,,,,
dig,2105970,,,,,[],64,,,,,,,,,,,,,,,,,,,,,,,,,,,,,,,,,,,,,,,,,,,,,,,,,
harvest,2107475,,,,61.0,,64,,,,,,98,0.626619883,0.62244898,,,,,,,,,,,,,,,,,,,,,,,,,,,,,,,,,,,,,,,,,
decision,2107962,484.9,65.0,,61.0,,64,,,,,,,,,122356,5.0,0.0,FALSE,,,,,,,,,,,,,,,,,,,,,,,,,,,,,,,,,,,,,
dig,2109489,,,,,[],64,,,,,,,,,,,,,,,,,,,,,,,,,,,,,,,,,,,,,,,,,,,,,,,,,
harvest,2110995,,,,30.0,,64,,,,,,61,0.499794855,0.491803279,,,,,,,,,,,,,,,,,,,,,,,,,,,,,,,,,,,,,,,,,
decision,2111328,329.3,65.0,,30.0,,64,,,,,,,,,125722,5.0,1.0,FALSE,,,,,,,,,,,,,,,,,,,,,,,,,,,,,,,,,,,,,
dig,2113010,,,,,[],64,,,,,,,,,,,,,,,,,,,,,,,,,,,,,,,,,,,,,,,,,,,,,,,,,
harvest,2114514,,,,14.0,,64,,,,,,30,0.469810592,0.466666667,,,,,,,,,,,,,,,,,,,,,,,,,,,,,,,,,,,,,,,,,
decision,2114965,449.7,76.0,,14.0,,64,,,,,,,,,129360,5.0,2.0,TRUE,,,,,,,,,,,,,,,,,,,,,,,,,,,,,,,,,,,,,
travel,2124527,,,,,[],64,,,,,,,,,,,,,,,,,,,,,,,,,,,,,,,,,,,,,,,,,,,,,,,,,
alien_welcome,2129531,,,,,,,,,,100,46,5,101,53,40,10.0,42.0,37,24.0,70.0,105.0,48.0,74.0,73.0,59.0,77.0,81.0,34.0,71.0,3.0,36.0,47.0,64.0,21.0,113.0,54.0,119.0,12.0,51.0,60.0,67.0,17.0,44.0,97.0,22.0,35.0,114.0,99.0,13.0,29.0,39.0,41.0,25.0,45.0,104.0
land,2130041,,,,103.0,,65,,,,,,,,,,,,,,,,,,,,,,,,,,,,,,,,,,,,,,,,,,,,,,,,,
dig,2132050,,,,,[],65,,,,,,,,,,,,,,,,,,,,,,,,,,,,,,,,,,,,,,,,,,,,,,,,,
harvest,2133558,,,,52.0,,65,,,,,,103,0.505405499,0.504854369,,,,,,,,,,,,,,,,,,,,,,,,,,,,,,,,,,,,,,,,,
decision,2133809,249.6,65.0,,52.0,,65,,,,,,,,,148204,5.0,0.0,FALSE,,,,,,,,,,,,,,,,,,,,,,,,,,,,,,,,,,,,,
dig,2135582,,,,,[],65,,,,,,,,,,,,,,,,,,,,,,,,,,,,,,,,,,,,,,,,,,,,,,,,,
harvest,2137089,,,,28.0,,65,,,,,,52,0.544783797,0.538461538,,,,,,,,,,,,,,,,,,,,,,,,,,,,,,,,,,,,,,,,,
decision,2137403,311.5,76.0,,28.0,,65,,,,,,,,,151797,5.0,1.0,TRUE,,,,,,,,,,,,,,,,,,,,,,,,,,,,,,,,,,,,,
travel,2147103,,,,,[],65,,,,,,,,,,,,,,,,,,,,,,,,,,,,,,,,,,,,,,,,,,,,,,,,,
alien_welcome,2152110,,,,,,,,,,11,46,5,101,53,40,10.0,42.0,37,24.0,70.0,105.0,48.0,74.0,73.0,59.0,77.0,81.0,34.0,71.0,3.0,36.0,47.0,64.0,21.0,113.0,54.0,119.0,12.0,51.0,60.0,67.0,17.0,44.0,97.0,22.0,35.0,114.0,99.0,13.0,29.0,39.0,41.0,25.0,45.0,104.0
land,2152619,,,,101.0,,66,,,,,,,,,,,,,,,,,,,,,,,,,,,,,,,,,,,,,,,,,,,,,,,,,
dig,2154638,,,,,[],66,,,,,,,,,,,,,,,,,,,,,,,,,,,,,,,,,,,,,,,,,,,,,,,,,
harvest,2156144,,,,58.0,,66,,,,,,101,0.575877014,0.574257426,,,,,,,,,,,,,,,,,,,,,,,,,,,,,,,,,,,,,,,,,
decision,2156512,364.9,65.0,,58.0,,66,,,,,,,,,170906,5.0,0.0,FALSE,,,,,,,,,,,,,,,,,,,,,,,,,,,,,,,,,,,,,
dig,2158164,,,,,[],66,,,,,,,,,,,,,,,,,,,,,,,,,,,,,,,,,,,,,,,,,,,,,,,,,
harvest,2159669,,,,26.0,,66,,,,,,58,0.453598198,0.448275862,,,,,,,,,,,,,,,,,,,,,,,,,,,,,,,,,,,,,,,,,
decision,2160297,626.5,76.0,,26.0,,66,,,,,,,,,174692,5.0,1.0,TRUE,,,,,,,,,,,,,,,,,,,,,,,,,,,,,,,,,,,,,
travel,2169685,,,,,[],66,,,,,,,,,,,,,,,,,,,,,,,,,,,,,,,,,,,,,,,,,,,,,,,,,
alien_welcome,2174688,,,,,,,,,,9,46,5,101,53,40,10.0,42.0,37,24.0,70.0,105.0,48.0,74.0,73.0,59.0,77.0,81.0,34.0,71.0,3.0,36.0,47.0,64.0,21.0,113.0,54.0,119.0,12.0,51.0,60.0,67.0,17.0,44.0,97.0,22.0,35.0,114.0,99.0,13.0,29.0,39.0,41.0,25.0,45.0,104.0
land,2175199,,,,103.0,,67,,,,,,,,,,,,,,,,,,,,,,,,,,,,,,,,,,,,,,,,,,,,,,,,,
dig,2177211,,,,,[],67,,,,,,,,,,,,,,,,,,,,,,,,,,,,,,,,,,,,,,,,,,,,,,,,,
harvest,2178718,,,,56.0,,67,,,,,,103,0.540791286,0.54368932,,,,,,,,,,,,,,,,,,,,,,,,,,,,,,,,,,,,,,,,,
decision,2179009,289.6,65.0,,56.0,,67,,,,,,,,,193403,5.0,0.0,FALSE,,,,,,,,,,,,,,,,,,,,,,,,,,,,,,,,,,,,,
dig,2180735,,,,,[],67,,,,,,,,,,,,,,,,,,,,,,,,,,,,,,,,,,,,,,,,,,,,,,,,,
harvest,2182237,,,,30.0,,67,,,,,,56,0.531399828,0.535714286,,,,,,,,,,,,,,,,,,,,,,,,,,,,,,,,,,,,,,,,,
decision,2182427,188.4,76.0,,30.0,,67,,,,,,,,,196822,5.0,1.0,TRUE,,,,,,,,,,,,,,,,,,,,,,,,,,,,,,,,,,,,,
travel,2192256,,,,,[],67,,,,,,,,,,,,,,,,,,,,,,,,,,,,,,,,,,,,,,,,,,,,,,,,,
alien_welcome,2197265,,,,,,,,,,84,46,5,101,53,40,10.0,42.0,37,24.0,70.0,105.0,48.0,74.0,73.0,59.0,77.0,81.0,34.0,71.0,3.0,36.0,47.0,64.0,21.0,113.0,54.0,119.0,12.0,51.0,60.0,67.0,17.0,44.0,97.0,22.0,35.0,114.0,99.0,13.0,29.0,39.0,41.0,25.0,45.0,104.0
land,2197771,,,,103.0,,68,,,,,,,,,,,,,,,,,,,,,,,,,,,,,,,,,,,,,,,,,,,,,,,,,
dig,2199779,,,,,[],68,,,,,,,,,,,,,,,,,,,,,,,,,,,,,,,,,,,,,,,,,,,,,,,,,
harvest,2201281,,,,42.0,,68,,,,,,103,0.409305699,0.40776699,,,,,,,,,,,,,,,,,,,,,,,,,,,,,,,,,,,,,,,,,
decision,2201347,64.20000005,65.0,,42.0,,68,,,,,,,,,215742,5.0,0.0,FALSE,,,,,,,,,,,,,,,,,,,,,,,,,,,,,,,,,,,,,
dig,2203301,,,,,[],68,,,,,,,,,,,,,,,,,,,,,,,,,,,,,,,,,,,,,,,,,,,,,,,,,
harvest,2204808,,,,17.0,,68,,,,,,42,0.395213167,0.404761905,,,,,,,,,,,,,,,,,,,,,,,,,,,,,,,,,,,,,,,,,
decision,2204997,186.3,76.0,,17.0,,68,,,,,,,,,219391,5.0,1.0,TRUE,,,,,,,,,,,,,,,,,,,,,,,,,,,,,,,,,,,,,
travel,2214821,,,,,[],68,,,,,,,,,,,,,,,,,,,,,,,,,,,,,,,,,,,,,,,,,,,,,,,,,
alien_welcome,2219830,,,,,,,,,,26,46,5,101,53,40,10.0,42.0,37,24.0,70.0,105.0,48.0,74.0,73.0,59.0,77.0,81.0,34.0,71.0,3.0,36.0,47.0,64.0,21.0,113.0,54.0,119.0,12.0,51.0,60.0,67.0,17.0,44.0,97.0,22.0,35.0,114.0,99.0,13.0,29.0,39.0,41.0,25.0,45.0,104.0
land,2220338,,,,101.0,,69,,,,,,,,,,,,,,,,,,,,,,,,,,,,,,,,,,,,,,,,,,,,,,,,,
dig,2222349,,,,,[],69,,,,,,,,,,,,,,,,,,,,,,,,,,,,,,,,,,,,,,,,,,,,,,,,,
harvest,2223860,,,,49.0,,69,,,,,,101,0.484585011,0.485148515,,,,,,,,,,,,,,,,,,,,,,,,,,,,,,,,,,,,,,,,,
decision,2224677,815.6,65.0,,49.0,,69,,,,,,,,,239072,5.0,0.0,FALSE,,,,,,,,,,,,,,,,,,,,,,,,,,,,,,,,,,,,,
dig,2225870,,,,,[],69,,,,,,,,,,,,,,,,,,,,,,,,,,,,,,,,,,,,,,,,,,,,,,,,,
harvest,2227374,,,,26.0,,69,,,,,,49,0.529559524,0.530612245,,,,,,,,,,,,,,,,,,,,,,,,,,,,,,,,,,,,,,,,,
decision,2227692,316.5,76.0,,26.0,,69,,,,,,,,,242087,5.0,1.0,TRUE,,,,,,,,,,,,,,,,,,,,,,,,,,,,,,,,,,,,,
travel,2237382,,,,,[],69,,,,,,,,,,,,,,,,,,,,,,,,,,,,,,,,,,,,,,,,,,,,,,,,,
alien_welcome,2242389,,,,,,,,,,50,46,5,101,53,40,10.0,42.0,37,24.0,70.0,105.0,48.0,74.0,73.0,59.0,77.0,81.0,34.0,71.0,3.0,36.0,47.0,64.0,21.0,113.0,54.0,119.0,12.0,51.0,60.0,67.0,17.0,44.0,97.0,22.0,35.0,114.0,99.0,13.0,29.0,39.0,41.0,25.0,45.0,104.0
land,2242898,,,,106.0,,70,,,,,,,,,,,,,,,,,,,,,,,,,,,,,,,,,,,,,,,,,,,,,,,,,
dig,2244904,,,,,[],70,,,,,,,,,,,,,,,,,,,,,,,,,,,,,,,,,,,,,,,,,,,,,,,,,
harvest,2246407,,,,51.0,,70,,,,,,106,0.483879366,0.481132075,,,,,,,,,,,,,,,,,,,,,,,,,,,,,,,,,,,,,,,,,
decision,2246888,479.5,65.0,,51.0,,70,,,,,,,,,261283,5.0,0.0,FALSE,,,,,,,,,,,,,,,,,,,,,,,,,,,,,,,,,,,,,
dig,2248421,,,,,[],70,,,,,,,,,,,,,,,,,,,,,,,,,,,,,,,,,,,,,,,,,,,,,,,,,
harvest,2249926,,,,25.0,,70,,,,,,51,0.48964041,0.490196078,,,,,,,,,,,,,,,,,,,,,,,,,,,,,,,,,,,,,,,,,
decision,2250055,127.8,76.0,,25.0,,70,,,,,,,,,264450,5.0,1.0,TRUE,,,,,,,,,,,,,,,,,,,,,,,,,,,,,,,,,,,,,
travel,2259940,,,,,[],70,,,,,,,,,,,,,,,,,,,,,,,,,,,,,,,,,,,,,,,,,,,,,,,,,
alien_welcome,2264948,,,,,,,,,,108,46,5,101,53,40,10.0,42.0,37,24.0,70.0,105.0,48.0,74.0,73.0,59.0,77.0,81.0,34.0,71.0,3.0,36.0,47.0,64.0,21.0,113.0,54.0,119.0,12.0,51.0,60.0,67.0,17.0,44.0,97.0,22.0,35.0,114.0,99.0,13.0,29.0,39.0,41.0,25.0,45.0,104.0
land,2265459,,,,106.0,,71,,,,,,,,,,,,,,,,,,,,,,,,,,,,,,,,,,,,,,,,,,,,,,,,,
dig,2267469,,,,,[],71,,,,,,,,,,,,,,,,,,,,,,,,,,,,,,,,,,,,,,,,,,,,,,,,,
harvest,2268973,,,,45.0,,71,,,,,,106,0.419933205,0.424528302,,,,,,,,,,,,,,,,,,,,,,,,,,,,,,,,,,,,,,,,,
decision,2269290,314.7,65.0,,45.0,,71,,,,,,,,,283684,5.0,0.0,FALSE,,,,,,,,,,,,,,,,,,,,,,,,,,,,,,,,,,,,,
dig,2270983,,,,,[],71,,,,,,,,,,,,,,,,,,,,,,,,,,,,,,,,,,,,,,,,,,,,,,,,,
harvest,2272487,,,,24.0,,71,,,,,,45,0.544428109,0.533333333,,,,,,,,,,,,,,,,,,,,,,,,,,,,,,,,,,,,,,,,,
decision,2272754,265.0,76.0,,24.0,,71,,,,,,,,,287149,5.0,1.0,TRUE,,,,,,,,,,,,,,,,,,,,,,,,,,,,,,,,,,,,,
travel,2282493,,,,,[],71,,,,,,,,,,,,,,,,,,,,,,,,,,,,,,,,,,,,,,,,,,,,,,,,,
alien_welcome,2287499,,,,,,,,,,120,46,5,101,53,40,10.0,42.0,37,24.0,70.0,105.0,48.0,74.0,73.0,59.0,77.0,81.0,34.0,71.0,3.0,36.0,47.0,64.0,21.0,113.0,54.0,119.0,12.0,51.0,60.0,67.0,17.0,44.0,97.0,22.0,35.0,114.0,99.0,13.0,29.0,39.0,41.0,25.0,45.0,104.0
land,2288009,,,,101.0,,72,,,,,,,,,,,,,,,,,,,,,,,,,,,,,,,,,,,,,,,,,,,,,,,,,
dig,2290015,,,,,[],72,,,,,,,,,,,,,,,,,,,,,,,,,,,,,,,,,,,,,,,,,,,,,,,,,
harvest,2291518,,,,59.0,,72,,,,,,101,0.582617985,0.584158416,,,,,,,,,,,,,,,,,,,,,,,,,,,,,,,,,,,,,,,,,
decision,2292380,860.1,65.0,,59.0,,72,,,,,,,,,306774,5.0,0.0,FALSE,,,,,,,,,,,,,,,,,,,,,,,,,,,,,,,,,,,,,
dig,2293534,,,,,[],72,,,,,,,,,,,,,,,,,,,,,,,,,,,,,,,,,,,,,,,,,,,,,,,,,
harvest,2295054,,,,29.0,,72,,,,,,59,0.494520593,0.491525424,,,,,,,,,,,,,,,,,,,,,,,,,,,,,,,,,,,,,,,,,
decision,2295463,407.8,76.0,,29.0,,72,,,,,,,,,309858,5.0,1.0,TRUE,,,,,,,,,,,,,,,,,,,,,,,,,,,,,,,,,,,,,
travel,2305070,,,,,[],72,,,,,,,,,,,,,,,,,,,,,,,,,,,,,,,,,,,,,,,,,,,,,,,,,
alien_welcome,2310076,,,,,,,,,,4,46,5,101,53,40,10.0,42.0,37,24.0,70.0,105.0,48.0,74.0,73.0,59.0,77.0,81.0,34.0,71.0,3.0,36.0,47.0,64.0,21.0,113.0,54.0,119.0,12.0,51.0,60.0,67.0,17.0,44.0,97.0,22.0,35.0,114.0,99.0,13.0,29.0,39.0,41.0,25.0,45.0,104.0
land,2310585,,,,90.0,,73,,,,,,,,,,,,,,,,,,,,,,,,,,,,,,,,,,,,,,,,,,,,,,,,,
dig,2312598,,,,,[],73,,,,,,,,,,,,,,,,,,,,,,,,,,,,,,,,,,,,,,,,,,,,,,,,,
harvest,2314104,,,,44.0,,73,,,,,,90,0.489456869,0.488888889,,,,,,,,,,,,,,,,,,,,,,,,,,,,,,,,,,,,,,,,,
decision,2314400,293.0,65.0,,44.0,,73,,,,,,,,,328794,5.0,0.0,FALSE,,,,,,,,,,,,,,,,,,,,,,,,,,,,,,,,,,,,,
dig,2316122,,,,,[],73,,,,,,,,,,,,,,,,,,,,,,,,,,,,,,,,,,,,,,,,,,,,,,,,,
harvest,2317629,,,,25.0,,73,,,,,,44,0.565562253,0.568181818,,,,,,,,,,,,,,,,,,,,,,,,,,,,,,,,,,,,,,,,,
decision,2318153,522.5,76.0,,25.0,,73,,,,,,,,,332548,5.0,1.0,TRUE,,,,,,,,,,,,,,,,,,,,,,,,,,,,,,,,,,,,,
travel,2327642,,,,,[],73,,,,,,,,,,,,,,,,,,,,,,,,,,,,,,,,,,,,,,,,,,,,,,,,,
alien_welcome,2332652,,,,,,,,,,49,46,5,101,53,40,10.0,42.0,37,24.0,70.0,105.0,48.0,74.0,73.0,59.0,77.0,81.0,34.0,71.0,3.0,36.0,47.0,64.0,21.0,113.0,54.0,119.0,12.0,51.0,60.0,67.0,17.0,44.0,97.0,22.0,35.0,114.0,99.0,13.0,29.0,39.0,41.0,25.0,45.0,104.0
land,2333161,,,,102.0,,74,,,,,,,,,,,,,,,,,,,,,,,,,,,,,,,,,,,,,,,,,,,,,,,,,
dig,2335173,,,,,[],74,,,,,,,,,,,,,,,,,,,,,,,,,,,,,,,,,,,,,,,,,,,,,,,,,
harvest,2336684,,,,82.0,,74,,,,,,102,0.800471723,0.803921569,,,,,,,,,,,,,,,,,,,,,,,,,,,,,,,,,,,,,,,,,
decision,2337103,417.2,65.0,,82.0,,74,,,,,,,,,351498,5.0,0.0,FALSE,,,,,,,,,,,,,,,,,,,,,,,,,,,,,,,,,,,,,
dig,2338697,,,,,[],74,,,,,,,,,,,,,,,,,,,,,,,,,,,,,,,,,,,,,,,,,,,,,,,,,
harvest,2340199,,,,59.0,,74,,,,,,82,0.717528995,0.719512195,,,,,,,,,,,,,,,,,,,,,,,,,,,,,,,,,,,,,,,,,
decision,2340613,409.4,76.0,,59.0,,74,,,,,,,,,355008,5.0,1.0,TRUE,,,,,,,,,,,,,,,,,,,,,,,,,,,,,,,,,,,,,
travel,2350217,,,,,[],74,,,,,,,,,,,,,,,,,,,,,,,,,,,,,,,,,,,,,,,,,,,,,,,,,
alien_welcome,2355224,,,,,,,,,,88,46,5,101,53,40,10.0,42.0,37,24.0,70.0,105.0,48.0,74.0,73.0,59.0,77.0,81.0,34.0,71.0,3.0,36.0,47.0,64.0,21.0,113.0,54.0,119.0,12.0,51.0,60.0,67.0,17.0,44.0,97.0,22.0,35.0,114.0,99.0,13.0,29.0,39.0,41.0,25.0,45.0,104.0
land,2355728,,,,103.0,,75,,,,,,,,,,,,,,,,,,,,,,,,,,,,,,,,,,,,,,,,,,,,,,,,,
dig,2357734,,,,,[],75,,,,,,,,,,,,,,,,,,,,,,,,,,,,,,,,,,,,,,,,,,,,,,,,,
harvest,2359237,,,,88.0,,75,,,,,,103,0.85206123,0.854368932,,,,,,,,,,,,,,,,,,,,,,,,,,,,,,,,,,,,,,,,,
decision,2359612,373.1,65.0,,88.0,,75,,,,,,,,,374006,5.0,0.0,TRUE,,,,,,,,,,,,,,,,,,,,,,,,,,,,,,,,,,,,,
catch,2362030,2407.7,90.0,,88.0,,,,,,,,,,,,,,,,,,,,,,,,,,,,,,,,,,,,,,,,,,,,,,,,,,,
debrief,2545188,183161.9,,,,{planet_threshold:no,planet_threshold_desc:,dig_threshold:no,dig_threshold_desc:,surprise:no,surprise_desc:,dynamic:yes,dynamic_desc:,other:no,other_desc:,feedback:},,,,,,,,,,,,,,,,,,,,,,,,,,,,,,,,,,,,,,,,
demo,2567499,22309.5,,,,{age:67,gender:male},,,,,,,,,,,,,,,,,,,,,,,,,,,,,,,,,,,,,,,,,,,,,,,,,
end_of_exp,2627668,60160.7,32.0,,,,,,,,,,,,,,,,,3.0,2.0,,,,,,,,,,,,,,,,,,,,,,,,,,,,,,,,,,,
