trial_type,time_elapsed,rt,key_press,condition,next_reward,responses,planet,curr_prac_trial,n_prac_rounds,button_pressed,alien,aliens,reward_received,decay_rate_actual,decay_rate_exp,time_in_block,block_num,prt,last_trial_on_planet,bonus,num_failures,Unnamed: 23,Unnamed: 24,Unnamed: 25,Unnamed: 26,Unnamed: 27,Unnamed: 28,Unnamed: 29,Unnamed: 30,Unnamed: 31,Unnamed: 32,Unnamed: 33,Unnamed: 34,Unnamed: 35,Unnamed: 36,Unnamed: 37,Unnamed: 38,Unnamed: 39,Unnamed: 40,Unnamed: 41
fullscreen,22185,,,,,,,,,,,,,,,,,,,,,,,,,,,,,,,,,,,,,,,
instruc_welcome,30480,8292.5,32.0,1.0,,,,,,,,,,,,,,,,,,,,,,,,,,,,,,,,,,,,
instruc_goal,44303,13821.8,32.0,,,,,,,,,,,,,,,,,,,,,,,,,,,,,,,,,,,,,
instruc_dig,55854,11550.1,65.0,,100.0,,,,,,,,,,,,,,,,,,,,,,,,,,,,,,,,,,,
dig_instruc,57863,,,,,[],,,,,,,,,,,,,,,,,,,,,,,,,,,,,,,,,,
harvest_instruc,59365,,,,,,,,,,,,,,,,,,,,,,,,,,,,,,,,,,,,,,,
instruc_travel,62887,3521.0,76.0,,,,,,,,,,,,,,,,,,,,,,,,,,,,,,,,,,,,,
travel_prac,72890,,,,,[],0,,,,,,,,,,,,,,,,,,,,,,,,,,,,,,,,,
instruc_alien_greet,99282,26389.6,32.0,,,,,,,,,,,,,,,,,,,,,,,,,,,,,,,,,,,,,
time_out,103730,4446.9,32.0,,,,,,,,,,,,,,,,,,,,,,,,,,,,,,,,,,,,,
instruc_break,105705,1974.1,32.0,,,,,,,,,,,,,,,,,,,,,,,,,,,,,,,,,,,,,
quiz_prac,166601,60894.7,,,,{Q0:C,Q1:B,Q2:B},,,,,,,,,,,,,,,,,,,,,,,,,,,,,,,,
quiz_correct,170899,4294.7,,,,{Q0:C,Q1:B,Q2:B},,,,,,,,,,,,,,,,,,,,,,,,,,,,,,,,
instruc_prac_game,172673,1773.1,32.0,,,,,,,,,,,,,,,,,,,,,,,,,,,,,,,,,,,,,
alien_welcome_prac,177674,,,,,,,,,,,,,,,,,,,,,,,,,,,,,,,,,,,,,,,
land_prac,178177,,,,97.0,,0,,,,,,,,,,,,,,,,,,,,,,,,,,,,,,,,,
dig_prac,180182,,,,,[],,,,,,,,,,,,,,,,,,,,,,,,,,,,,,,,,,
harvest_prac,181683,,,,,,,,,,,,,,,,,,,,,,,,,,,,,,,,,,,,,,,
decision_prac,181800,115.6,76.0,,,,,1,,,,,,,,,,,,,,,,,,,,,,,,,,,,,,,,
travel,191686,,,,,[],0,,,,,,,,,,,,,,,,,,,,,,,,,,,,,,,,,
alien_welcome_prac,196689,,,,,,,,,,,,,,,,,,,,,,,,,,,,,,,,,,,,,,,
land_prac,197192,,,,105.0,,0,,,,,,,,,,,,,,,,,,,,,,,,,,,,,,,,,
dig_prac,199195,,,,,[],,,,,,,,,,,,,,,,,,,,,,,,,,,,,,,,,,
harvest_prac,200696,,,,,,,,,,,,,,,,,,,,,,,,,,,,,,,,,,,,,,,
decision_prac,201065,367.6,65.0,,,,,2,,,,,,,,,,,,,,,,,,,,,,,,,,,,,,,,
dig_prac,203070,,,,,[],,,,,,,,,,,,,,,,,,,,,,,,,,,,,,,,,,
harvest_prac,204572,,,,,,,,,,,,,,,,,,,,,,,,,,,,,,,,,,,,,,,
decision_prac,204697,124.0,65.0,,,,,3,,,,,,,,,,,,,,,,,,,,,,,,,,,,,,,,
dig_prac,206702,,,,,[],,,,,,,,,,,,,,,,,,,,,,,,,,,,,,,,,,
harvest_prac,208205,,,,,,,,,,,,,,,,,,,,,,,,,,,,,,,,,,,,,,,
decision_prac,208528,322.3,65.0,,,,,4,,,,,,,,,,,,,,,,,,,,,,,,,,,,,,,,
dig_prac,210534,,,,,[],,,,,,,,,,,,,,,,,,,,,,,,,,,,,,,,,,
harvest_prac,212036,,,,,,,,,,,,,,,,,,,,,,,,,,,,,,,,,,,,,,,
decision_prac,214039,,,,,,,,1,,,,,,,,,,,,,,,,,,,,,,,,,,,,,,,
instruc_begin_exp,222178,8136.2,,,,,,,1,1,,,,,,,,,,,,,,,,,,,,,,,,,,,,,,
alien_welcome,227182,,,,,,,,,,63,116,87,98,115,58,103.0,112.0,57,14.0,4.0,37.0,9.0,59.0,38.0,48.0,52.0,44.0,19.0,62.0,119.0,73.0,107.0,35.0,74.0,46.0,16.0,68.0,5.0,41.0
land,227684,,,,91.0,,1,,,,,,,,,,,,,,,,,,,,,,,,,,,,,,,,,
dig,229687,,,,,[],1,,,,,,,,,,,,,,,,,,,,,,,,,,,,,,,,,
harvest,231190,,,,16.0,,1,,,,,,91,0.173215768,0.175824176,,,,,,,,,,,,,,,,,,,,,,,,,
decision,231648,457.4,65.0,,16.0,,1,,,,,,,,,9469,1.0,0.0,FALSE,,,,,,,,,,,,,,,,,,,,,
dig,233195,,,,,[],1,,,,,,,,,,,,,,,,,,,,,,,,,,,,,,,,,
harvest,234698,,,,3.0,,1,,,,,,16,0.159275744,0.1875,,,,,,,,,,,,,,,,,,,,,,,,,
decision,234841,142.6,65.0,,3.0,,1,,,,,,,,,12661,1.0,1.0,FALSE,,,,,,,,,,,,,,,,,,,,,
dig,236702,,,,,[],1,,,,,,,,,,,,,,,,,,,,,,,,,,,,,,,,,
harvest,238205,,,,1.0,,1,,,,,,3,0.19071914,0.333333333,,,,,,,,,,,,,,,,,,,,,,,,,
decision,238241,35.30000001,65.0,,1.0,,1,,,,,,,,,16061,1.0,2.0,FALSE,,,,,,,,,,,,,,,,,,,,,
dig,240207,,,,,[],1,,,,,,,,,,,,,,,,,,,,,,,,,,,,,,,,,
harvest,241707,,,,0.0,,1,,,,,,1,0.186346915,0,,,,,,,,,,,,,,,,,,,,,,,,,
decision,241851,143.0,65.0,,0.0,,1,,,,,,,,,19671,1.0,3.0,FALSE,,,,,,,,,,,,,,,,,,,,,
dig,243712,,,,,[],1,,,,,,,,,,,,,,,,,,,,,,,,,,,,,,,,,
harvest,245214,,,,0.0,,1,,,,,,0,0.194344326,,,,,,,,,,,,,,,,,,,,,,,,,,
decision,245353,138.6,65.0,,0.0,,1,,,,,,,,,23174,1.0,4.0,FALSE,,,,,,,,,,,,,,,,,,,,,
dig,247217,,,,,[],1,,,,,,,,,,,,,,,,,,,,,,,,,,,,,,,,,
harvest,248719,,,,0.0,,1,,,,,,0,0.164315976,,,,,,,,,,,,,,,,,,,,,,,,,,
decision,248882,162.0,65.0,,0.0,,1,,,,,,,,,26702,1.0,5.0,FALSE,,,,,,,,,,,,,,,,,,,,,
dig,250721,,,,,[],1,,,,,,,,,,,,,,,,,,,,,,,,,,,,,,,,,
harvest,252223,,,,0.0,,1,,,,,,0,0.23414412,,,,,,,,,,,,,,,,,,,,,,,,,,
decision,252241,16.8,65.0,,0.0,,1,,,,,,,,,30061,1.0,6.0,FALSE,,,,,,,,,,,,,,,,,,,,,
dig,254228,,,,,[],1,,,,,,,,,,,,,,,,,,,,,,,,,,,,,,,,,
harvest,255730,,,,0.0,,1,,,,,,0,0.183283553,,,,,,,,,,,,,,,,,,,,,,,,,,
decision,255875,143.7,65.0,,0.0,,1,,,,,,,,,33695,1.0,7.0,FALSE,,,,,,,,,,,,,,,,,,,,,
dig,257733,,,,,[],1,,,,,,,,,,,,,,,,,,,,,,,,,,,,,,,,,
harvest,259234,,,,0.0,,1,,,,,,0,0.281189298,,,,,,,,,,,,,,,,,,,,,,,,,,
decision,259465,229.8,65.0,,0.0,,1,,,,,,,,,37285,1.0,8.0,FALSE,,,,,,,,,,,,,,,,,,,,,
dig,261240,,,,,[],1,,,,,,,,,,,,,,,,,,,,,,,,,,,,,,,,,
harvest,262742,,,,0.0,,1,,,,,,0,0.213134028,,,,,,,,,,,,,,,,,,,,,,,,,,
decision,264744,,,,0.0,,1,,,,,,,,,42564,1.0,9.0,FALSE,,,,,,,,,,,,,,,,,,,,,
time_out,266747,,,,0.0,,,,,,,,,,,,,,,,,,,,,,,,,,,,,,,,,,,
decision,266881,133.2,65.0,,0.0,,1,,,,,,,,,44701,1.0,9.0,FALSE,,,,,,,,,,,,,,,,,,,,,
dig,268751,,,,,[],1,,,,,,,,,,,,,,,,,,,,,,,,,,,,,,,,,
harvest,270254,,,,0.0,,1,,,,,,0,0.172128808,,,,,,,,,,,,,,,,,,,,,,,,,,
decision,270329,74.8,65.0,,0.0,,1,,,,,,,,,48149,1.0,10.0,FALSE,,,,,,,,,,,,,,,,,,,,,
dig,272256,,,,,[],1,,,,,,,,,,,,,,,,,,,,,,,,,,,,,,,,,
harvest,273759,,,,0.0,,1,,,,,,0,0.201081107,,,,,,,,,,,,,,,,,,,,,,,,,,
decision,273769,10.0,65.0,,0.0,,1,,,,,,,,,51589,1.0,11.0,FALSE,,,,,,,,,,,,,,,,,,,,,
dig,275764,,,,,[],1,,,,,,,,,,,,,,,,,,,,,,,,,,,,,,,,,
harvest,277266,,,,0.0,,1,,,,,,0,0.182934235,,,,,,,,,,,,,,,,,,,,,,,,,,
decision,277369,103.1,65.0,,0.0,,1,,,,,,,,,55190,1.0,12.0,FALSE,,,,,,,,,,,,,,,,,,,,,
dig,279269,,,,,[],1,,,,,,,,,,,,,,,,,,,,,,,,,,,,,,,,,
harvest,280771,,,,0.0,,1,,,,,,0,0.190441685,,,,,,,,,,,,,,,,,,,,,,,,,,
decision,282571,1798.6,76.0,,0.0,,1,,,,,,,,,60391,1.0,13.0,TRUE,,,,,,,,,,,,,,,,,,,,,
travel,290773,,,,,[],1,,,,,,,,,,,,,,,,,,,,,,,,,,,,,,,,,
alien_welcome,295775,,,,,,,,,,56,116,87,98,115,58,103.0,112.0,57,14.0,4.0,37.0,9.0,59.0,38.0,48.0,52.0,44.0,19.0,62.0,119.0,73.0,107.0,35.0,74.0,46.0,16.0,68.0,5.0,41.0
land,296278,,,,92.0,,2,,,,,,,,,,,,,,,,,,,,,,,,,,,,,,,,,
dig,298281,,,,,[],2,,,,,,,,,,,,,,,,,,,,,,,,,,,,,,,,,
harvest,299783,,,,21.0,,2,,,,,,92,0.23189314,0.22826087,,,,,,,,,,,,,,,,,,,,,,,,,
decision,301066,1282.7,76.0,,21.0,,2,,,,,,,,,78886,1.0,0.0,TRUE,,,,,,,,,,,,,,,,,,,,,
travel,309782,,,,,[],2,,,,,,,,,,,,,,,,,,,,,,,,,,,,,,,,,
alien_welcome,314785,,,,,,,,,,105,116,87,98,115,58,103.0,112.0,57,14.0,4.0,37.0,9.0,59.0,38.0,48.0,52.0,44.0,19.0,62.0,119.0,73.0,107.0,35.0,74.0,46.0,16.0,68.0,5.0,41.0
land,315286,,,,93.0,,3,,,,,,,,,,,,,,,,,,,,,,,,,,,,,,,,,
dig,317291,,,,,[],3,,,,,,,,,,,,,,,,,,,,,,,,,,,,,,,,,
harvest,318793,,,,60.0,,3,,,,,,93,0.648238133,0.64516129,,,,,,,,,,,,,,,,,,,,,,,,,
decision,319515,722.0,76.0,,60.0,,3,,,,,,,,,97335,1.0,0.0,TRUE,,,,,,,,,,,,,,,,,,,,,
travel,328790,,,,,[],3,,,,,,,,,,,,,,,,,,,,,,,,,,,,,,,,,
alien_welcome,333792,,,,,,,,,,21,116,87,98,115,58,103.0,112.0,57,14.0,4.0,37.0,9.0,59.0,38.0,48.0,52.0,44.0,19.0,62.0,119.0,73.0,107.0,35.0,74.0,46.0,16.0,68.0,5.0,41.0
land,334294,,,,96.0,,4,,,,,,,,,,,,,,,,,,,,,,,,,,,,,,,,,
dig,336298,,,,,[],4,,,,,,,,,,,,,,,,,,,,,,,,,,,,,,,,,
harvest,337800,,,,43.0,,4,,,,,,96,0.4520713,0.447916667,,,,,,,,,,,,,,,,,,,,,,,,,
decision,338426,624.9,76.0,,43.0,,4,,,,,,,,,116246,1.0,0.0,TRUE,,,,,,,,,,,,,,,,,,,,,
travel,347798,,,,,[],4,,,,,,,,,,,,,,,,,,,,,,,,,,,,,,,,,
alien_welcome,352800,,,,,,,,,,10,116,87,98,115,58,103.0,112.0,57,14.0,4.0,37.0,9.0,59.0,38.0,48.0,52.0,44.0,19.0,62.0,119.0,73.0,107.0,35.0,74.0,46.0,16.0,68.0,5.0,41.0
land,353301,,,,99.0,,5,,,,,,,,,,,,,,,,,,,,,,,,,,,,,,,,,
dig,355304,,,,,[],5,,,,,,,,,,,,,,,,,,,,,,,,,,,,,,,,,
harvest,356805,,,,48.0,,5,,,,,,99,0.488353659,0.484848485,,,,,,,,,,,,,,,,,,,,,,,,,
decision,357018,212.2,65.0,,48.0,,5,,,,,,,,,134838,1.0,0.0,FALSE,,,,,,,,,,,,,,,,,,,,,
dig,358807,,,,,[],5,,,,,,,,,,,,,,,,,,,,,,,,,,,,,,,,,
harvest,360308,,,,25.0,,5,,,,,,48,0.518152038,0.520833333,,,,,,,,,,,,,,,,,,,,,,,,,
decision,361323,1013.5,76.0,,25.0,,5,,,,,,,,,139143,1.0,1.0,TRUE,,,,,,,,,,,,,,,,,,,,,
travel,370309,,,,,[],5,,,,,,,,,,,,,,,,,,,,,,,,,,,,,,,,,
alien_welcome,375310,,,,,,,,,,53,116,87,98,115,58,103.0,112.0,57,14.0,4.0,37.0,9.0,59.0,38.0,48.0,52.0,44.0,19.0,62.0,119.0,73.0,107.0,35.0,74.0,46.0,16.0,68.0,5.0,41.0
land,375811,,,,103.0,,6,,,,,,,,,,,,,,,,,,,,,,,,,,,,,,,,,
dig,377815,,,,,[],6,,,,,,,,,,,,,,,,,,,,,,,,,,,,,,,,,
harvest,379316,,,,76.0,,6,,,,,,103,0.738693765,0.737864078,,,,,,,,,,,,,,,,,,,,,,,,,
decision,380307,989.8,76.0,,76.0,,6,,,,,,,,,158127,1.0,0.0,TRUE,,,,,,,,,,,,,,,,,,,,,
travel,389319,,,,,[],6,,,,,,,,,,,,,,,,,,,,,,,,,,,,,,,,,
alien_welcome,394320,,,,,,,,,,20,116,87,98,115,58,103.0,112.0,57,14.0,4.0,37.0,9.0,59.0,38.0,48.0,52.0,44.0,19.0,62.0,119.0,73.0,107.0,35.0,74.0,46.0,16.0,68.0,5.0,41.0
land,394821,,,,101.0,,7,,,,,,,,,,,,,,,,,,,,,,,,,,,,,,,,,
dig,396826,,,,,[],7,,,,,,,,,,,,,,,,,,,,,,,,,,,,,,,,,
harvest,398327,,,,88.0,,7,,,,,,101,0.87419933,0.871287129,,,,,,,,,,,,,,,,,,,,,,,,,
decision,399276,948.2,76.0,,88.0,,7,,,,,,,,,177097,1.0,0.0,TRUE,,,,,,,,,,,,,,,,,,,,,
travel,408326,,,,,[],7,,,,,,,,,,,,,,,,,,,,,,,,,,,,,,,,,
alien_welcome,413328,,,,,,,,,,79,116,87,98,115,58,103.0,112.0,57,14.0,4.0,37.0,9.0,59.0,38.0,48.0,52.0,44.0,19.0,62.0,119.0,73.0,107.0,35.0,74.0,46.0,16.0,68.0,5.0,41.0
land,413831,,,,100.0,,8,,,,,,,,,,,,,,,,,,,,,,,,,,,,,,,,,
dig,415834,,,,,[],8,,,,,,,,,,,,,,,,,,,,,,,,,,,,,,,,,
harvest,417336,,,,82.0,,8,,,,,,100,0.820957949,0.82,,,,,,,,,,,,,,,,,,,,,,,,,
decision,418427,1090.4,76.0,,82.0,,8,,,,,,,,,196248,1.0,0.0,TRUE,,,,,,,,,,,,,,,,,,,,,
travel,427333,,,,,[],8,,,,,,,,,,,,,,,,,,,,,,,,,,,,,,,,,
alien_welcome,432336,,,,,,,,,,118,116,87,98,115,58,103.0,112.0,57,14.0,4.0,37.0,9.0,59.0,38.0,48.0,52.0,44.0,19.0,62.0,119.0,73.0,107.0,35.0,74.0,46.0,16.0,68.0,5.0,41.0
land,432837,,,,102.0,,9,,,,,,,,,,,,,,,,,,,,,,,,,,,,,,,,,
dig,434841,,,,,[],9,,,,,,,,,,,,,,,,,,,,,,,,,,,,,,,,,
harvest,436343,,,,16.0,,9,,,,,,102,0.155014913,0.156862745,,,,,,,,,,,,,,,,,,,,,,,,,
decision,437540,1195.6,76.0,,16.0,,9,,,,,,,,,215360,1.0,0.0,TRUE,,,,,,,,,,,,,,,,,,,,,
travel,446345,,,,,[],9,,,,,,,,,,,,,,,,,,,,,,,,,,,,,,,,,
alien_welcome,451346,,,,,,,,,,47,116,87,98,115,58,103.0,112.0,57,14.0,4.0,37.0,9.0,59.0,38.0,48.0,52.0,44.0,19.0,62.0,119.0,73.0,107.0,35.0,74.0,46.0,16.0,68.0,5.0,41.0
land,451848,,,,104.0,,10,,,,,,,,,,,,,,,,,,,,,,,,,,,,,,,,,
dig,453852,,,,,[],10,,,,,,,,,,,,,,,,,,,,,,,,,,,,,,,,,
harvest,455354,,,,24.0,,10,,,,,,104,0.229172451,0.230769231,,,,,,,,,,,,,,,,,,,,,,,,,
decision,455901,545.6,65.0,,24.0,,10,,,,,,,,,233721,1.0,0.0,FALSE,,,,,,,,,,,,,,,,,,,,,
dig,457357,,,,,[],10,,,,,,,,,,,,,,,,,,,,,,,,,,,,,,,,,
harvest,458859,,,,5.0,,10,,,,,,24,0.195416973,0.208333333,,,,,,,,,,,,,,,,,,,,,,,,,
decision,458908,48.59999999,76.0,,5.0,,10,,,,,,,,,236728,1.0,1.0,TRUE,,,,,,,,,,,,,,,,,,,,,
travel,468857,,,,,[],10,,,,,,,,,,,,,,,,,,,,,,,,,,,,,,,,,
alien_welcome,473859,,,,,,,,,,110,116,87,98,115,58,103.0,112.0,57,14.0,4.0,37.0,9.0,59.0,38.0,48.0,52.0,44.0,19.0,62.0,119.0,73.0,107.0,35.0,74.0,46.0,16.0,68.0,5.0,41.0
land,474362,,,,95.0,,11,,,,,,,,,,,,,,,,,,,,,,,,,,,,,,,,,
dig,476365,,,,,[],11,,,,,,,,,,,,,,,,,,,,,,,,,,,,,,,,,
harvest,477867,,,,22.0,,11,,,,,,95,0.230578951,0.231578947,,,,,,,,,,,,,,,,,,,,,,,,,
decision,479869,,,,22.0,,11,,,,,,,,,257689,1.0,0.0,FALSE,,,,,,,,,,,,,,,,,,,,,
time_out,481873,,,,22.0,,,,,,,,,,,,,,,,,,,,,,,,,,,,,,,,,,,
decision,482869,995.5,65.0,,22.0,,11,,,,,,,,,260689,1.0,0.0,FALSE,,,,,,,,,,,,,,,,,,,,,
dig,483875,,,,,[],11,,,,,,,,,,,,,,,,,,,,,,,,,,,,,,,,,
harvest,485376,,,,5.0,,11,,,,,,22,0.207166742,0.227272727,,,,,,,,,,,,,,,,,,,,,,,,,
decision,486284,907.0,76.0,,5.0,,11,,,,,,,,,264104,1.0,1.0,TRUE,,,,,,,,,,,,,,,,,,,,,
travel,495378,,,,,[],11,,,,,,,,,,,,,,,,,,,,,,,,,,,,,,,,,
alien_welcome,500380,,,,,,,,,,54,116,87,98,115,58,103.0,112.0,57,14.0,4.0,37.0,9.0,59.0,38.0,48.0,52.0,44.0,19.0,62.0,119.0,73.0,107.0,35.0,74.0,46.0,16.0,68.0,5.0,41.0
land,500882,,,,98.0,,12,,,,,,,,,,,,,,,,,,,,,,,,,,,,,,,,,
dig,502886,,,,,[],12,,,,,,,,,,,,,,,,,,,,,,,,,,,,,,,,,
harvest,504389,,,,24.0,,12,,,,,,98,0.243953661,0.244897959,,,,,,,,,,,,,,,,,,,,,,,,,
decision,505372,982.7,76.0,,24.0,,12,,,,,,,,,283192,1.0,0.0,TRUE,,,,,,,,,,,,,,,,,,,,,
travel,514385,,,,,[],12,,,,,,,,,,,,,,,,,,,,,,,,,,,,,,,,,
alien_welcome,519389,,,,,,,,,,12,116,87,98,115,58,103.0,112.0,57,14.0,4.0,37.0,9.0,59.0,38.0,48.0,52.0,44.0,19.0,62.0,119.0,73.0,107.0,35.0,74.0,46.0,16.0,68.0,5.0,41.0
land,519891,,,,107.0,,13,,,,,,,,,,,,,,,,,,,,,,,,,,,,,,,,,
dig,521895,,,,,[],13,,,,,,,,,,,,,,,,,,,,,,,,,,,,,,,,,
harvest,523396,,,,17.0,,13,,,,,,107,0.157128928,0.158878505,,,,,,,,,,,,,,,,,,,,,,,,,
decision,524311,914.4,76.0,,17.0,,13,,,,,,,,,302131,1.0,0.0,TRUE,,,,,,,,,,,,,,,,,,,,,
travel,533396,,,,,[],13,,,,,,,,,,,,,,,,,,,,,,,,,,,,,,,,,
alien_welcome,538398,,,,,,,,,,27,116,87,98,115,58,103.0,112.0,57,14.0,4.0,37.0,9.0,59.0,38.0,48.0,52.0,44.0,19.0,62.0,119.0,73.0,107.0,35.0,74.0,46.0,16.0,68.0,5.0,41.0
land,538900,,,,93.0,,14,,,,,,,,,,,,,,,,,,,,,,,,,,,,,,,,,
dig,540904,,,,,[],14,,,,,,,,,,,,,,,,,,,,,,,,,,,,,,,,,
harvest,542406,,,,69.0,,14,,,,,,93,0.744621125,0.741935484,,,,,,,,,,,,,,,,,,,,,,,,,
decision,543279,872.2,76.0,,69.0,,14,,,,,,,,,321099,1.0,0.0,TRUE,,,,,,,,,,,,,,,,,,,,,
travel,552410,,,,,[],14,,,,,,,,,,,,,,,,,,,,,,,,,,,,,,,,,
alien_welcome,557411,,,,,,,,,,17,116,87,98,115,58,103.0,112.0,57,14.0,4.0,37.0,9.0,59.0,38.0,48.0,52.0,44.0,19.0,62.0,119.0,73.0,107.0,35.0,74.0,46.0,16.0,68.0,5.0,41.0
land,557913,,,,97.0,,15,,,,,,,,,,,,,,,,,,,,,,,,,,,,,,,,,
dig,559917,,,,,[],15,,,,,,,,,,,,,,,,,,,,,,,,,,,,,,,,,
harvest,561419,,,,80.0,,15,,,,,,97,0.826178624,0.824742268,,,,,,,,,,,,,,,,,,,,,,,,,
decision,562215,795.2,76.0,,80.0,,15,,,,,,,,,340035,1.0,0.0,TRUE,,,,,,,,,,,,,,,,,,,,,
travel,571418,,,,,[],15,,,,,,,,,,,,,,,,,,,,,,,,,,,,,,,,,
alien_welcome,576419,,,,,,,,,,31,116,87,98,115,58,103.0,112.0,57,14.0,4.0,37.0,9.0,59.0,38.0,48.0,52.0,44.0,19.0,62.0,119.0,73.0,107.0,35.0,74.0,46.0,16.0,68.0,5.0,41.0
land,576921,,,,103.0,,16,,,,,,,,,,,,,,,,,,,,,,,,,,,,,,,,,
dig,578924,,,,,[],16,,,,,,,,,,,,,,,,,,,,,,,,,,,,,,,,,
harvest,580427,,,,52.0,,16,,,,,,103,0.507606087,0.504854369,,,,,,,,,,,,,,,,,,,,,,,,,
decision,581279,851.5,76.0,,52.0,,16,,,,,,,,,359099,1.0,0.0,TRUE,,,,,,,,,,,,,,,,,,,,,
travel,590428,,,,,[],16,,,,,,,,,,,,,,,,,,,,,,,,,,,,,,,,,
alien_welcome,595431,,,,,,,,,,61,116,87,98,115,58,103.0,112.0,57,14.0,4.0,37.0,9.0,59.0,38.0,48.0,52.0,44.0,19.0,62.0,119.0,73.0,107.0,35.0,74.0,46.0,16.0,68.0,5.0,41.0
land,595934,,,,99.0,,17,,,,,,,,,,,,,,,,,,,,,,,,,,,,,,,,,
dig,597937,,,,,[],17,,,,,,,,,,,,,,,,,,,,,,,,,,,,,,,,,
harvest,599439,,,,76.0,,17,,,,,,99,0.768815813,0.767676768,,,,,,,,,,,,,,,,,,,,,,,,,
decision,599991,551.3,76.0,,76.0,,17,,,,,,,,,377812,1.0,0.0,TRUE,,,,,,,,,,,,,,,,,,,,,
catch,606543,6549.4,90.0,,76.0,,,,,,,,,,,,,,,,,,,,,,,,,,,,,,,,,,,
end_of_block,641553,35007.5,32.0,,,,,,,,,,,,,,,,,,,,,,,,,,,,,,,,,,,,,
alien_welcome,646565,,,,,,,,,,26,116,87,98,115,58,103.0,112.0,57,14.0,4.0,37.0,9.0,59.0,38.0,48.0,52.0,44.0,19.0,62.0,119.0,73.0,107.0,35.0,74.0,46.0,16.0,68.0,5.0,41.0
land,647067,,,,99.0,,18,,,,,,,,,,,,,,,,,,,,,,,,,,,,,,,,,
dig,649072,,,,,[],18,,,,,,,,,,,,,,,,,,,,,,,,,,,,,,,,,
harvest,650574,,,,16.0,,18,,,,,,99,0.161423838,0.161616162,,,,,,,,,,,,,,,,,,,,,,,,,
decision,651961,1386.7,76.0,,16.0,,18,,,,,,,,,10406,2.0,0.0,TRUE,,,,,,,,,,,,,,,,,,,,,
travel,660578,,,,,[],18,,,,,,,,,,,,,,,,,,,,,,,,,,,,,,,,,
alien_welcome,665580,,,,,,,,,,85,116,87,98,115,58,103.0,112.0,57,14.0,4.0,37.0,9.0,59.0,38.0,48.0,52.0,44.0,19.0,62.0,119.0,73.0,107.0,35.0,74.0,46.0,16.0,68.0,5.0,41.0
land,666082,,,,96.0,,19,,,,,,,,,,,,,,,,,,,,,,,,,,,,,,,,,
dig,668086,,,,,[],19,,,,,,,,,,,,,,,,,,,,,,,,,,,,,,,,,
harvest,669588,,,,21.0,,19,,,,,,96,0.217870922,0.21875,,,,,,,,,,,,,,,,,,,,,,,,,
decision,670367,778.7,76.0,,21.0,,19,,,,,,,,,28812,2.0,0.0,TRUE,,,,,,,,,,,,,,,,,,,,,
travel,679589,,,,,[],19,,,,,,,,,,,,,,,,,,,,,,,,,,,,,,,,,
alien_welcome,684591,,,,,,,,,,18,116,87,98,115,58,103.0,112.0,57,14.0,4.0,37.0,9.0,59.0,38.0,48.0,52.0,44.0,19.0,62.0,119.0,73.0,107.0,35.0,74.0,46.0,16.0,68.0,5.0,41.0
land,685093,,,,99.0,,20,,,,,,,,,,,,,,,,,,,,,,,,,,,,,,,,,
dig,687097,,,,,[],20,,,,,,,,,,,,,,,,,,,,,,,,,,,,,,,,,
harvest,688599,,,,21.0,,20,,,,,,99,0.212693356,0.212121212,,,,,,,,,,,,,,,,,,,,,,,,,
decision,690601,,,,21.0,,20,,,,,,,,,49047,2.0,0.0,FALSE,,,,,,,,,,,,,,,,,,,,,
time_out,692605,,,,21.0,,,,,,,,,,,,,,,,,,,,,,,,,,,,,,,,,,,
decision,694041,1434.5,65.0,,21.0,,20,,,,,,,,,52486,2.0,0.0,FALSE,,,,,,,,,,,,,,,,,,,,,
dig,694609,,,,,[],20,,,,,,,,,,,,,,,,,,,,,,,,,,,,,,,,,
harvest,696111,,,,2.0,,20,,,,,,21,0.09002277,0.095238095,,,,,,,,,,,,,,,,,,,,,,,,,
decision,698113,,,,2.0,,20,,,,,,,,,56558,2.0,1.0,FALSE,,,,,,,,,,,,,,,,,,,,,
time_out,700117,,,,2.0,,,,,,,,,,,,,,,,,,,,,,,,,,,,,,,,,,,
decision,702119,,,,2.0,,20,,,,,,,,,60564,2.0,1.0,FALSE,,,,,,,,,,,,,,,,,,,,,
time_out,704121,,,,2.0,,,,,,,,,,,,,,,,,,,,,,,,,,,,,,,,,,,
decision,704833,710.9,65.0,,2.0,,20,,,,,,,,,63278,2.0,1.0,FALSE,,,,,,,,,,,,,,,,,,,,,
dig,706124,,,,,[],20,,,,,,,,,,,,,,,,,,,,,,,,,,,,,,,,,
harvest,707626,,,,0.0,,20,,,,,,2,0.206808335,0,,,,,,,,,,,,,,,,,,,,,,,,,
decision,708089,461.5,76.0,,0.0,,20,,,,,,,,,66534,2.0,2.0,TRUE,,,,,,,,,,,,,,,,,,,,,
travel,717624,,,,,[],20,,,,,,,,,,,,,,,,,,,,,,,,,,,,,,,,,
alien_welcome,722627,,,,,,,,,,88,116,87,98,115,58,103.0,112.0,57,14.0,4.0,37.0,9.0,59.0,38.0,48.0,52.0,44.0,19.0,62.0,119.0,73.0,107.0,35.0,74.0,46.0,16.0,68.0,5.0,41.0
land,723129,,,,108.0,,21,,,,,,,,,,,,,,,,,,,,,,,,,,,,,,,,,
dig,725133,,,,,[],21,,,,,,,,,,,,,,,,,,,,,,,,,,,,,,,,,
harvest,726635,,,,84.0,,21,,,,,,108,0.778149928,0.777777778,,,,,,,,,,,,,,,,,,,,,,,,,
decision,727481,845.7,76.0,,84.0,,21,,,,,,,,,85926,2.0,0.0,TRUE,,,,,,,,,,,,,,,,,,,,,
travel,736639,,,,,[],21,,,,,,,,,,,,,,,,,,,,,,,,,,,,,,,,,
alien_welcome,741642,,,,,,,,,,77,116,87,98,115,58,103.0,112.0,57,14.0,4.0,37.0,9.0,59.0,38.0,48.0,52.0,44.0,19.0,62.0,119.0,73.0,107.0,35.0,74.0,46.0,16.0,68.0,5.0,41.0
land,742144,,,,93.0,,22,,,,,,,,,,,,,,,,,,,,,,,,,,,,,,,,,
dig,744147,,,,,[],22,,,,,,,,,,,,,,,,,,,,,,,,,,,,,,,,,
harvest,745650,,,,68.0,,22,,,,,,93,0.727733035,0.731182796,,,,,,,,,,,,,,,,,,,,,,,,,
decision,745753,102.3,76.0,,68.0,,22,,,,,,,,,104198,2.0,0.0,TRUE,,,,,,,,,,,,,,,,,,,,,
travel,755649,,,,,[],22,,,,,,,,,,,,,,,,,,,,,,,,,,,,,,,,,
alien_welcome,760651,,,,,,,,,,50,116,87,98,115,58,103.0,112.0,57,14.0,4.0,37.0,9.0,59.0,38.0,48.0,52.0,44.0,19.0,62.0,119.0,73.0,107.0,35.0,74.0,46.0,16.0,68.0,5.0,41.0
land,761153,,,,104.0,,23,,,,,,,,,,,,,,,,,,,,,,,,,,,,,,,,,
dig,763158,,,,,[],23,,,,,,,,,,,,,,,,,,,,,,,,,,,,,,,,,
harvest,764660,,,,78.0,,23,,,,,,104,0.750517277,0.75,,,,,,,,,,,,,,,,,,,,,,,,,
decision,765530,868.6,76.0,,78.0,,23,,,,,,,,,123975,2.0,0.0,TRUE,,,,,,,,,,,,,,,,,,,,,
travel,774660,,,,,[],23,,,,,,,,,,,,,,,,,,,,,,,,,,,,,,,,,
alien_welcome,779662,,,,,,,,,,104,116,87,98,115,58,103.0,112.0,57,14.0,4.0,37.0,9.0,59.0,38.0,48.0,52.0,44.0,19.0,62.0,119.0,73.0,107.0,35.0,74.0,46.0,16.0,68.0,5.0,41.0
land,780165,,,,99.0,,24,,,,,,,,,,,,,,,,,,,,,,,,,,,,,,,,,
dig,782169,,,,,[],24,,,,,,,,,,,,,,,,,,,,,,,,,,,,,,,,,
harvest,783672,,,,80.0,,24,,,,,,99,0.80422135,0.808080808,,,,,,,,,,,,,,,,,,,,,,,,,
decision,784857,1184.8,76.0,,80.0,,24,,,,,,,,,143302,2.0,0.0,TRUE,,,,,,,,,,,,,,,,,,,,,
travel,793672,,,,,[],24,,,,,,,,,,,,,,,,,,,,,,,,,,,,,,,,,
alien_welcome,798675,,,,,,,,,,15,116,87,98,115,58,103.0,112.0,57,14.0,4.0,37.0,9.0,59.0,38.0,48.0,52.0,44.0,19.0,62.0,119.0,73.0,107.0,35.0,74.0,46.0,16.0,68.0,5.0,41.0
land,799177,,,,89.0,,25,,,,,,,,,,,,,,,,,,,,,,,,,,,,,,,,,
dig,801181,,,,,[],25,,,,,,,,,,,,,,,,,,,,,,,,,,,,,,,,,
harvest,802683,,,,71.0,,25,,,,,,89,0.792820209,0.797752809,,,,,,,,,,,,,,,,,,,,,,,,,
decision,804685,,,,71.0,,25,,,,,,,,,163130,2.0,0.0,FALSE,,,,,,,,,,,,,,,,,,,,,
time_out,806689,,,,71.0,,,,,,,,,,,,,,,,,,,,,,,,,,,,,,,,,,,
decision,806954,264.2,65.0,,71.0,,25,,,,,,,,,165399,2.0,0.0,FALSE,,,,,,,,,,,,,,,,,,,,,
dig,808692,,,,,[],25,,,,,,,,,,,,,,,,,,,,,,,,,,,,,,,,,
harvest,810194,,,,57.0,,25,,,,,,71,0.804767957,0.802816901,,,,,,,,,,,,,,,,,,,,,,,,,
decision,810939,743.6,76.0,,57.0,,25,,,,,,,,,169384,2.0,1.0,TRUE,,,,,,,,,,,,,,,,,,,,,
travel,820196,,,,,[],25,,,,,,,,,,,,,,,,,,,,,,,,,,,,,,,,,
alien_welcome,825198,,,,,,,,,,83,116,87,98,115,58,103.0,112.0,57,14.0,4.0,37.0,9.0,59.0,38.0,48.0,52.0,44.0,19.0,62.0,119.0,73.0,107.0,35.0,74.0,46.0,16.0,68.0,5.0,41.0
land,825700,,,,91.0,,26,,,,,,,,,,,,,,,,,,,,,,,,,,,,,,,,,
dig,827704,,,,,[],26,,,,,,,,,,,,,,,,,,,,,,,,,,,,,,,,,
harvest,829205,,,,54.0,,26,,,,,,91,0.597776962,0.593406593,,,,,,,,,,,,,,,,,,,,,,,,,
decision,829516,309.4,76.0,,54.0,,26,,,,,,,,,187961,2.0,0.0,TRUE,,,,,,,,,,,,,,,,,,,,,
travel,839205,,,,,[],26,,,,,,,,,,,,,,,,,,,,,,,,,,,,,,,,,
alien_welcome,844208,,,,,,,,,,8,116,87,98,115,58,103.0,112.0,57,14.0,4.0,37.0,9.0,59.0,38.0,48.0,52.0,44.0,19.0,62.0,119.0,73.0,107.0,35.0,74.0,46.0,16.0,68.0,5.0,41.0
land,844711,,,,102.0,,27,,,,,,,,,,,,,,,,,,,,,,,,,,,,,,,,,
dig,846714,,,,,[],27,,,,,,,,,,,,,,,,,,,,,,,,,,,,,,,,,
harvest,848216,,,,90.0,,27,,,,,,102,0.881705944,0.882352941,,,,,,,,,,,,,,,,,,,,,,,,,
decision,848410,193.8,65.0,,90.0,,27,,,,,,,,,206856,2.0,0.0,FALSE,,,,,,,,,,,,,,,,,,,,,
dig,850221,,,,,[],27,,,,,,,,,,,,,,,,,,,,,,,,,,,,,,,,,
harvest,851723,,,,75.0,,27,,,,,,90,0.837154754,0.833333333,,,,,,,,,,,,,,,,,,,,,,,,,
decision,853506,1782.8,65.0,,75.0,,27,,,,,,,,,211951,2.0,1.0,FALSE,,,,,,,,,,,,,,,,,,,,,
dig,853726,,,,,[],27,,,,,,,,,,,,,,,,,,,,,,,,,,,,,,,,,
harvest,855228,,,,62.0,,27,,,,,,75,0.82069071,0.826666667,,,,,,,,,,,,,,,,,,,,,,,,,
decision,857230,,,,62.0,,27,,,,,,,,,215675,2.0,2.0,FALSE,,,,,,,,,,,,,,,,,,,,,
time_out,859235,,,,62.0,,,,,,,,,,,,,,,,,,,,,,,,,,,,,,,,,,,
decision,859498,262.8,65.0,,62.0,,27,,,,,,,,,217944,2.0,2.0,FALSE,,,,,,,,,,,,,,,,,,,,,
dig,861240,,,,,[],27,,,,,,,,,,,,,,,,,,,,,,,,,,,,,,,,,
harvest,862742,,,,50.0,,27,,,,,,62,0.813927548,0.806451613,,,,,,,,,,,,,,,,,,,,,,,,,
decision,864744,,,,50.0,,27,,,,,,,,,223189,2.0,3.0,FALSE,,,,,,,,,,,,,,,,,,,,,
time_out,866747,,,,50.0,,,,,,,,,,,,,,,,,,,,,,,,,,,,,,,,,,,
decision,867730,982.7,65.0,,50.0,,27,,,,,,,,,226176,2.0,3.0,FALSE,,,,,,,,,,,,,,,,,,,,,
dig,868752,,,,,[],27,,,,,,,,,,,,,,,,,,,,,,,,,,,,,,,,,
harvest,870253,,,,42.0,,27,,,,,,50,0.847797317,0.84,,,,,,,,,,,,,,,,,,,,,,,,,
decision,872255,,,,42.0,,27,,,,,,,,,230700,2.0,4.0,FALSE,,,,,,,,,,,,,,,,,,,,,
time_out,874258,,,,42.0,,,,,,,,,,,,,,,,,,,,,,,,,,,,,,,,,,,
decision,875674,1415.4,65.0,,42.0,,27,,,,,,,,,234120,2.0,4.0,FALSE,,,,,,,,,,,,,,,,,,,,,
dig,876261,,,,,[],27,,,,,,,,,,,,,,,,,,,,,,,,,,,,,,,,,
harvest,877764,,,,35.0,,27,,,,,,42,0.828475285,0.833333333,,,,,,,,,,,,,,,,,,,,,,,,,
decision,877963,198.2,65.0,,35.0,,27,,,,,,,,,236408,2.0,5.0,FALSE,,,,,,,,,,,,,,,,,,,,,
dig,879767,,,,,[],27,,,,,,,,,,,,,,,,,,,,,,,,,,,,,,,,,
harvest,881269,,,,28.0,,27,,,,,,35,0.786688476,0.8,,,,,,,,,,,,,,,,,,,,,,,,,
decision,882410,1140.1,76.0,,28.0,,27,,,,,,,,,240855,2.0,6.0,TRUE,,,,,,,,,,,,,,,,,,,,,
travel,891271,,,,,[],27,,,,,,,,,,,,,,,,,,,,,,,,,,,,,,,,,
alien_welcome,896272,,,,,,,,,,3,116,87,98,115,58,103.0,112.0,57,14.0,4.0,37.0,9.0,59.0,38.0,48.0,52.0,44.0,19.0,62.0,119.0,73.0,107.0,35.0,74.0,46.0,16.0,68.0,5.0,41.0
land,896775,,,,99.0,,28,,,,,,,,,,,,,,,,,,,,,,,,,,,,,,,,,
dig,898779,,,,,[],28,,,,,,,,,,,,,,,,,,,,,,,,,,,,,,,,,
harvest,900281,,,,63.0,,28,,,,,,99,0.639563052,0.636363636,,,,,,,,,,,,,,,,,,,,,,,,,
decision,900659,376.7,76.0,,63.0,,28,,,,,,,,,259104,2.0,0.0,TRUE,,,,,,,,,,,,,,,,,,,,,
travel,910285,,,,,[],28,,,,,,,,,,,,,,,,,,,,,,,,,,,,,,,,,
alien_welcome,915287,,,,,,,,,,7,116,87,98,115,58,103.0,112.0,57,14.0,4.0,37.0,9.0,59.0,38.0,48.0,52.0,44.0,19.0,62.0,119.0,73.0,107.0,35.0,74.0,46.0,16.0,68.0,5.0,41.0
land,915789,,,,104.0,,29,,,,,,,,,,,,,,,,,,,,,,,,,,,,,,,,,
dig,917793,,,,,[],29,,,,,,,,,,,,,,,,,,,,,,,,,,,,,,,,,
harvest,919296,,,,18.0,,29,,,,,,104,0.177429556,0.173076923,,,,,,,,,,,,,,,,,,,,,,,,,
decision,919892,595.7,76.0,,18.0,,29,,,,,,,,,278337,2.0,0.0,TRUE,,,,,,,,,,,,,,,,,,,,,
travel,929294,,,,,[],29,,,,,,,,,,,,,,,,,,,,,,,,,,,,,,,,,
alien_welcome,934295,,,,,,,,,,67,116,87,98,115,58,103.0,112.0,57,14.0,4.0,37.0,9.0,59.0,38.0,48.0,52.0,44.0,19.0,62.0,119.0,73.0,107.0,35.0,74.0,46.0,16.0,68.0,5.0,41.0
land,934797,,,,111.0,,30,,,,,,,,,,,,,,,,,,,,,,,,,,,,,,,,,
dig,936801,,,,,[],30,,,,,,,,,,,,,,,,,,,,,,,,,,,,,,,,,
harvest,938303,,,,24.0,,30,,,,,,111,0.212234899,0.216216216,,,,,,,,,,,,,,,,,,,,,,,,,
decision,938875,571.2,76.0,,24.0,,30,,,,,,,,,297320,2.0,0.0,TRUE,,,,,,,,,,,,,,,,,,,,,
travel,948303,,,,,[],30,,,,,,,,,,,,,,,,,,,,,,,,,,,,,,,,,
alien_welcome,953305,,,,,,,,,,33,116,87,98,115,58,103.0,112.0,57,14.0,4.0,37.0,9.0,59.0,38.0,48.0,52.0,44.0,19.0,62.0,119.0,73.0,107.0,35.0,74.0,46.0,16.0,68.0,5.0,41.0
land,953808,,,,88.0,,31,,,,,,,,,,,,,,,,,,,,,,,,,,,,,,,,,
dig,955812,,,,,[],31,,,,,,,,,,,,,,,,,,,,,,,,,,,,,,,,,
harvest,957315,,,,26.0,,31,,,,,,88,0.290130101,0.295454545,,,,,,,,,,,,,,,,,,,,,,,,,
decision,957396,80.69999999,76.0,,26.0,,31,,,,,,,,,315841,2.0,0.0,TRUE,,,,,,,,,,,,,,,,,,,,,
travel,967319,,,,,[],31,,,,,,,,,,,,,,,,,,,,,,,,,,,,,,,,,
alien_welcome,972322,,,,,,,,,,30,116,87,98,115,58,103.0,112.0,57,14.0,4.0,37.0,9.0,59.0,38.0,48.0,52.0,44.0,19.0,62.0,119.0,73.0,107.0,35.0,74.0,46.0,16.0,68.0,5.0,41.0
land,972824,,,,98.0,,32,,,,,,,,,,,,,,,,,,,,,,,,,,,,,,,,,
dig,974828,,,,,[],32,,,,,,,,,,,,,,,,,,,,,,,,,,,,,,,,,
harvest,976330,,,,22.0,,32,,,,,,98,0.227182015,0.224489796,,,,,,,,,,,,,,,,,,,,,,,,,
decision,976804,473.2,76.0,,22.0,,32,,,,,,,,,335249,2.0,0.0,TRUE,,,,,,,,,,,,,,,,,,,,,
travel,986331,,,,,[],32,,,,,,,,,,,,,,,,,,,,,,,,,,,,,,,,,
alien_welcome,991334,,,,,,,,,,75,116,87,98,115,58,103.0,112.0,57,14.0,4.0,37.0,9.0,59.0,38.0,48.0,52.0,44.0,19.0,62.0,119.0,73.0,107.0,35.0,74.0,46.0,16.0,68.0,5.0,41.0
land,991837,,,,102.0,,33,,,,,,,,,,,,,,,,,,,,,,,,,,,,,,,,,
dig,993841,,,,,[],33,,,,,,,,,,,,,,,,,,,,,,,,,,,,,,,,,
harvest,995343,,,,78.0,,33,,,,,,102,0.764364584,0.764705882,,,,,,,,,,,,,,,,,,,,,,,,,
decision,996028,684.6,76.0,,78.0,,33,,,,,,,,,354474,2.0,0.0,TRUE,,,,,,,,,,,,,,,,,,,,,
travel,1005349,,,,,[],33,,,,,,,,,,,,,,,,,,,,,,,,,,,,,,,,,
alien_welcome,1010351,,,,,,,,,,42,116,87,98,115,58,103.0,112.0,57,14.0,4.0,37.0,9.0,59.0,38.0,48.0,52.0,44.0,19.0,62.0,119.0,73.0,107.0,35.0,74.0,46.0,16.0,68.0,5.0,41.0
land,1010853,,,,107.0,,34,,,,,,,,,,,,,,,,,,,,,,,,,,,,,,,,,
dig,1012857,,,,,[],34,,,,,,,,,,,,,,,,,,,,,,,,,,,,,,,,,
harvest,1014359,,,,90.0,,34,,,,,,107,0.841066284,0.841121495,,,,,,,,,,,,,,,,,,,,,,,,,
decision,1014539,179.4,76.0,,90.0,,34,,,,,,,,,372984,2.0,0.0,TRUE,,,,,,,,,,,,,,,,,,,,,
end_of_block,1019669,5127.8,32.0,,,,,,,,,,,,,,,,,,,,,,,,,,,,,,,,,,,,,
alien_welcome,1024681,,,,,,,,,,55,116,87,98,115,58,103.0,112.0,57,14.0,4.0,37.0,9.0,59.0,38.0,48.0,52.0,44.0,19.0,62.0,119.0,73.0,107.0,35.0,74.0,46.0,16.0,68.0,5.0,41.0
land,1025184,,,,98.0,,35,,,,,,,,,,,,,,,,,,,,,,,,,,,,,,,,,
dig,1027188,,,,,[],35,,,,,,,,,,,,,,,,,,,,,,,,,,,,,,,,,
harvest,1028690,,,,50.0,,35,,,,,,98,0.513646263,0.510204082,,,,,,,,,,,,,,,,,,,,,,,,,
decision,1029588,897.6,76.0,,50.0,,35,,,,,,,,,9917,3.0,0.0,TRUE,,,,,,,,,,,,,,,,,,,,,
travel,1038693,,,,,[],35,,,,,,,,,,,,,,,,,,,,,,,,,,,,,,,,,
alien_welcome,1043695,,,,,,,,,,43,116,87,98,115,58,103.0,112.0,57,14.0,4.0,37.0,9.0,59.0,38.0,48.0,52.0,44.0,19.0,62.0,119.0,73.0,107.0,35.0,74.0,46.0,16.0,68.0,5.0,41.0
land,1044198,,,,98.0,,36,,,,,,,,,,,,,,,,,,,,,,,,,,,,,,,,,
dig,1046201,,,,,[],36,,,,,,,,,,,,,,,,,,,,,,,,,,,,,,,,,
harvest,1047704,,,,81.0,,36,,,,,,98,0.82851776,0.826530612,,,,,,,,,,,,,,,,,,,,,,,,,
decision,1048605,900.8,76.0,,81.0,,36,,,,,,,,,28934,3.0,0.0,TRUE,,,,,,,,,,,,,,,,,,,,,
travel,1057710,,,,,[],36,,,,,,,,,,,,,,,,,,,,,,,,,,,,,,,,,
alien_welcome,1062712,,,,,,,,,,23,116,87,98,115,58,103.0,112.0,57,14.0,4.0,37.0,9.0,59.0,38.0,48.0,52.0,44.0,19.0,62.0,119.0,73.0,107.0,35.0,74.0,46.0,16.0,68.0,5.0,41.0
land,1063215,,,,93.0,,37,,,,,,,,,,,,,,,,,,,,,,,,,,,,,,,,,
dig,1065217,,,,,[],37,,,,,,,,,,,,,,,,,,,,,,,,,,,,,,,,,
harvest,1066721,,,,53.0,,37,,,,,,93,0.572220712,0.569892473,,,,,,,,,,,,,,,,,,,,,,,,,
decision,1066817,94.40000001,65.0,,53.0,,37,,,,,,,,,47145,3.0,0.0,FALSE,,,,,,,,,,,,,,,,,,,,,
dig,1068726,,,,,[],37,,,,,,,,,,,,,,,,,,,,,,,,,,,,,,,,,
harvest,1070228,,,,23.0,,37,,,,,,53,0.427633006,0.433962264,,,,,,,,,,,,,,,,,,,,,,,,,
decision,1070375,145.7,65.0,,23.0,,37,,,,,,,,,50703,3.0,1.0,FALSE,,,,,,,,,,,,,,,,,,,,,
dig,1072235,,,,,[],37,,,,,,,,,,,,,,,,,,,,,,,,,,,,,,,,,
harvest,1073736,,,,10.0,,37,,,,,,23,0.451718255,0.434782609,,,,,,,,,,,,,,,,,,,,,,,,,
decision,1075738,,,,10.0,,37,,,,,,,,,56066,3.0,2.0,FALSE,,,,,,,,,,,,,,,,,,,,,
time_out,1077743,,,,10.0,,,,,,,,,,,,,,,,,,,,,,,,,,,,,,,,,,,
decision,1078415,671.6,65.0,,10.0,,37,,,,,,,,,58743,3.0,2.0,FALSE,,,,,,,,,,,,,,,,,,,,,
dig,1079748,,,,,[],37,,,,,,,,,,,,,,,,,,,,,,,,,,,,,,,,,
harvest,1081250,,,,5.0,,37,,,,,,10,0.494467728,0.5,,,,,,,,,,,,,,,,,,,,,,,,,
decision,1081838,587.7,76.0,,5.0,,37,,,,,,,,,62167,3.0,3.0,TRUE,,,,,,,,,,,,,,,,,,,,,
travel,1091248,,,,,[],37,,,,,,,,,,,,,,,,,,,,,,,,,,,,,,,,,
alien_welcome,1096249,,,,,,,,,,22,116,87,98,115,58,103.0,112.0,57,14.0,4.0,37.0,9.0,59.0,38.0,48.0,52.0,44.0,19.0,62.0,119.0,73.0,107.0,35.0,74.0,46.0,16.0,68.0,5.0,41.0
land,1096752,,,,101.0,,38,,,,,,,,,,,,,,,,,,,,,,,,,,,,,,,,,
dig,1098756,,,,,[],38,,,,,,,,,,,,,,,,,,,,,,,,,,,,,,,,,
harvest,1100258,,,,52.0,,38,,,,,,101,0.513411393,0.514851485,,,,,,,,,,,,,,,,,,,,,,,,,
decision,1100529,269.8,76.0,,52.0,,38,,,,,,,,,80857,3.0,0.0,TRUE,,,,,,,,,,,,,,,,,,,,,
travel,1110263,,,,,[],38,,,,,,,,,,,,,,,,,,,,,,,,,,,,,,,,,
alien_welcome,1115266,,,,,,,,,,13,116,87,98,115,58,103.0,112.0,57,14.0,4.0,37.0,9.0,59.0,38.0,48.0,52.0,44.0,19.0,62.0,119.0,73.0,107.0,35.0,74.0,46.0,16.0,68.0,5.0,41.0
land,1115769,,,,99.0,,39,,,,,,,,,,,,,,,,,,,,,,,,,,,,,,,,,
dig,1117773,,,,,[],39,,,,,,,,,,,,,,,,,,,,,,,,,,,,,,,,,
harvest,1119275,,,,46.0,,39,,,,,,99,0.464136371,0.464646465,,,,,,,,,,,,,,,,,,,,,,,,,
decision,1119735,458.8,76.0,,46.0,,39,,,,,,,,,100063,3.0,0.0,TRUE,,,,,,,,,,,,,,,,,,,,,
travel,1129279,,,,,[],39,,,,,,,,,,,,,,,,,,,,,,,,,,,,,,,,,
alien_welcome,1134282,,,,,,,,,,99,116,87,98,115,58,103.0,112.0,57,14.0,4.0,37.0,9.0,59.0,38.0,48.0,52.0,44.0,19.0,62.0,119.0,73.0,107.0,35.0,74.0,46.0,16.0,68.0,5.0,41.0
land,1134785,,,,112.0,,40,,,,,,,,,,,,,,,,,,,,,,,,,,,,,,,,,
dig,1136789,,,,,[],40,,,,,,,,,,,,,,,,,,,,,,,,,,,,,,,,,
harvest,1138291,,,,41.0,,40,,,,,,112,0.366721479,0.366071429,,,,,,,,,,,,,,,,,,,,,,,,,
decision,1138504,211.7,76.0,,41.0,,40,,,,,,,,,118832,3.0,0.0,TRUE,,,,,,,,,,,,,,,,,,,,,
travel,1148293,,,,,[],40,,,,,,,,,,,,,,,,,,,,,,,,,,,,,,,,,
alien_welcome,1153295,,,,,,,,,,93,116,87,98,115,58,103.0,112.0,57,14.0,4.0,37.0,9.0,59.0,38.0,48.0,52.0,44.0,19.0,62.0,119.0,73.0,107.0,35.0,74.0,46.0,16.0,68.0,5.0,41.0
land,1153798,,,,98.0,,41,,,,,,,,,,,,,,,,,,,,,,,,,,,,,,,,,
dig,1155802,,,,,[],41,,,,,,,,,,,,,,,,,,,,,,,,,,,,,,,,,
harvest,1157304,,,,77.0,,41,,,,,,98,0.785300833,0.785714286,,,,,,,,,,,,,,,,,,,,,,,,,
decision,1157533,228.1,76.0,,77.0,,41,,,,,,,,,137862,3.0,0.0,TRUE,,,,,,,,,,,,,,,,,,,,,
travel,1167304,,,,,[],41,,,,,,,,,,,,,,,,,,,,,,,,,,,,,,,,,
alien_welcome,1172306,,,,,,,,,,65,116,87,98,115,58,103.0,112.0,57,14.0,4.0,37.0,9.0,59.0,38.0,48.0,52.0,44.0,19.0,62.0,119.0,73.0,107.0,35.0,74.0,46.0,16.0,68.0,5.0,41.0
land,1172807,,,,99.0,,42,,,,,,,,,,,,,,,,,,,,,,,,,,,,,,,,,
dig,1174810,,,,,[],42,,,,,,,,,,,,,,,,,,,,,,,,,,,,,,,,,
harvest,1176311,,,,79.0,,42,,,,,,99,0.798082744,0.797979798,,,,,,,,,,,,,,,,,,,,,,,,,
decision,1177052,740.1,76.0,,79.0,,42,,,,,,,,,157381,3.0,0.0,TRUE,,,,,,,,,,,,,,,,,,,,,
travel,1186310,,,,,[],42,,,,,,,,,,,,,,,,,,,,,,,,,,,,,,,,,
alien_welcome,1191313,,,,,,,,,,28,116,87,98,115,58,103.0,112.0,57,14.0,4.0,37.0,9.0,59.0,38.0,48.0,52.0,44.0,19.0,62.0,119.0,73.0,107.0,35.0,74.0,46.0,16.0,68.0,5.0,41.0
land,1191816,,,,112.0,,43,,,,,,,,,,,,,,,,,,,,,,,,,,,,,,,,,
dig,1193820,,,,,[],43,,,,,,,,,,,,,,,,,,,,,,,,,,,,,,,,,
harvest,1195322,,,,68.0,,43,,,,,,112,0.605611558,0.607142857,,,,,,,,,,,,,,,,,,,,,,,,,
decision,1195488,164.8,76.0,,68.0,,43,,,,,,,,,175816,3.0,0.0,TRUE,,,,,,,,,,,,,,,,,,,,,
travel,1205322,,,,,[],43,,,,,,,,,,,,,,,,,,,,,,,,,,,,,,,,,
alien_welcome,1210324,,,,,,,,,,100,116,87,98,115,58,103.0,112.0,57,14.0,4.0,37.0,9.0,59.0,38.0,48.0,52.0,44.0,19.0,62.0,119.0,73.0,107.0,35.0,74.0,46.0,16.0,68.0,5.0,41.0
land,1210827,,,,99.0,,44,,,,,,,,,,,,,,,,,,,,,,,,,,,,,,,,,
dig,1212830,,,,,[],44,,,,,,,,,,,,,,,,,,,,,,,,,,,,,,,,,
harvest,1214332,,,,54.0,,44,,,,,,99,0.547671196,0.545454545,,,,,,,,,,,,,,,,,,,,,,,,,
decision,1214775,442.0,76.0,,54.0,,44,,,,,,,,,195103,3.0,0.0,TRUE,,,,,,,,,,,,,,,,,,,,,
travel,1224340,,,,,[],44,,,,,,,,,,,,,,,,,,,,,,,,,,,,,,,,,
alien_welcome,1229343,,,,,,,,,,89,116,87,98,115,58,103.0,112.0,57,14.0,4.0,37.0,9.0,59.0,38.0,48.0,52.0,44.0,19.0,62.0,119.0,73.0,107.0,35.0,74.0,46.0,16.0,68.0,5.0,41.0
land,1229846,,,,94.0,,45,,,,,,,,,,,,,,,,,,,,,,,,,,,,,,,,,
dig,1231849,,,,,[],45,,,,,,,,,,,,,,,,,,,,,,,,,,,,,,,,,
harvest,1233352,,,,65.0,,45,,,,,,94,0.693338275,0.691489362,,,,,,,,,,,,,,,,,,,,,,,,,
decision,1233601,248.5,76.0,,65.0,,45,,,,,,,,,213929,3.0,0.0,TRUE,,,,,,,,,,,,,,,,,,,,,
travel,1243353,,,,,[],45,,,,,,,,,,,,,,,,,,,,,,,,,,,,,,,,,
alien_welcome,1248355,,,,,,,,,,66,116,87,98,115,58,103.0,112.0,57,14.0,4.0,37.0,9.0,59.0,38.0,48.0,52.0,44.0,19.0,62.0,119.0,73.0,107.0,35.0,74.0,46.0,16.0,68.0,5.0,41.0
land,1248857,,,,106.0,,46,,,,,,,,,,,,,,,,,,,,,,,,,,,,,,,,,
dig,1250861,,,,,[],46,,,,,,,,,,,,,,,,,,,,,,,,,,,,,,,,,
harvest,1252363,,,,85.0,,46,,,,,,106,0.805434308,0.801886792,,,,,,,,,,,,,,,,,,,,,,,,,
decision,1252510,146.3,76.0,,85.0,,46,,,,,,,,,232839,3.0,0.0,TRUE,,,,,,,,,,,,,,,,,,,,,
travel,1262361,,,,,[],46,,,,,,,,,,,,,,,,,,,,,,,,,,,,,,,,,
alien_welcome,1267364,,,,,,,,,,86,116,87,98,115,58,103.0,112.0,57,14.0,4.0,37.0,9.0,59.0,38.0,48.0,52.0,44.0,19.0,62.0,119.0,73.0,107.0,35.0,74.0,46.0,16.0,68.0,5.0,41.0
land,1267867,,,,105.0,,47,,,,,,,,,,,,,,,,,,,,,,,,,,,,,,,,,
dig,1269871,,,,,[],47,,,,,,,,,,,,,,,,,,,,,,,,,,,,,,,,,
harvest,1271373,,,,79.0,,47,,,,,,105,0.752066009,0.752380952,,,,,,,,,,,,,,,,,,,,,,,,,
decision,1272045,670.4,76.0,,79.0,,47,,,,,,,,,252373,3.0,0.0,TRUE,,,,,,,,,,,,,,,,,,,,,
travel,1281374,,,,,[],47,,,,,,,,,,,,,,,,,,,,,,,,,,,,,,,,,
alien_welcome,1286377,,,,,,,,,,111,116,87,98,115,58,103.0,112.0,57,14.0,4.0,37.0,9.0,59.0,38.0,48.0,52.0,44.0,19.0,62.0,119.0,73.0,107.0,35.0,74.0,46.0,16.0,68.0,5.0,41.0
land,1286880,,,,107.0,,48,,,,,,,,,,,,,,,,,,,,,,,,,,,,,,,,,
dig,1288883,,,,,[],48,,,,,,,,,,,,,,,,,,,,,,,,,,,,,,,,,
harvest,1290386,,,,84.0,,48,,,,,,107,0.785589639,0.785046729,,,,,,,,,,,,,,,,,,,,,,,,,
decision,1291487,1100.6,76.0,,84.0,,48,,,,,,,,,271815,3.0,0.0,TRUE,,,,,,,,,,,,,,,,,,,,,
travel,1300384,,,,,[],48,,,,,,,,,,,,,,,,,,,,,,,,,,,,,,,,,
alien_welcome,1305386,,,,,,,,,,60,116,87,98,115,58,103.0,112.0,57,14.0,4.0,37.0,9.0,59.0,38.0,48.0,52.0,44.0,19.0,62.0,119.0,73.0,107.0,35.0,74.0,46.0,16.0,68.0,5.0,41.0
land,1305889,,,,99.0,,49,,,,,,,,,,,,,,,,,,,,,,,,,,,,,,,,,
dig,1307893,,,,,[],49,,,,,,,,,,,,,,,,,,,,,,,,,,,,,,,,,
harvest,1309395,,,,48.0,,49,,,,,,99,0.489859266,0.484848485,,,,,,,,,,,,,,,,,,,,,,,,,
decision,1309463,67.2,76.0,,48.0,,49,,,,,,,,,289792,3.0,0.0,TRUE,,,,,,,,,,,,,,,,,,,,,
travel,1319396,,,,,[],49,,,,,,,,,,,,,,,,,,,,,,,,,,,,,,,,,
alien_welcome,1324398,,,,,,,,,,90,116,87,98,115,58,103.0,112.0,57,14.0,4.0,37.0,9.0,59.0,38.0,48.0,52.0,44.0,19.0,62.0,119.0,73.0,107.0,35.0,74.0,46.0,16.0,68.0,5.0,41.0
land,1324900,,,,88.0,,50,,,,,,,,,,,,,,,,,,,,,,,,,,,,,,,,,
dig,1326903,,,,,[],50,,,,,,,,,,,,,,,,,,,,,,,,,,,,,,,,,
harvest,1328404,,,,44.0,,50,,,,,,88,0.503746974,0.5,,,,,,,,,,,,,,,,,,,,,,,,,
decision,1329479,1073.8,65.0,,44.0,,50,,,,,,,,,309807,3.0,0.0,FALSE,,,,,,,,,,,,,,,,,,,,,
dig,1330407,,,,,[],50,,,,,,,,,,,,,,,,,,,,,,,,,,,,,,,,,
harvest,1331909,,,,21.0,,50,,,,,,44,0.486075788,0.477272727,,,,,,,,,,,,,,,,,,,,,,,,,
decision,1332952,1042.3,65.0,,21.0,,50,,,,,,,,,313280,3.0,1.0,FALSE,,,,,,,,,,,,,,,,,,,,,
dig,1333914,,,,,[],50,,,,,,,,,,,,,,,,,,,,,,,,,,,,,,,,,
harvest,1335416,,,,11.0,,50,,,,,,21,0.500947828,0.523809524,,,,,,,,,,,,,,,,,,,,,,,,,
decision,1336392,975.0,65.0,,11.0,,50,,,,,,,,,316720,3.0,2.0,FALSE,,,,,,,,,,,,,,,,,,,,,
dig,1337422,,,,,[],50,,,,,,,,,,,,,,,,,,,,,,,,,,,,,,,,,
harvest,1338924,,,,5.0,,50,,,,,,11,0.465762395,0.454545455,,,,,,,,,,,,,,,,,,,,,,,,,
decision,1340321,1395.7,65.0,,5.0,,50,,,,,,,,,320649,3.0,3.0,FALSE,,,,,,,,,,,,,,,,,,,,,
dig,1340929,,,,,[],50,,,,,,,,,,,,,,,,,,,,,,,,,,,,,,,,,
harvest,1342431,,,,3.0,,50,,,,,,5,0.538168332,0.6,,,,,,,,,,,,,,,,,,,,,,,,,
decision,1342640,208.7,65.0,,3.0,,50,,,,,,,,,322969,3.0,4.0,FALSE,,,,,,,,,,,,,,,,,,,,,
dig,1344436,,,,,[],50,,,,,,,,,,,,,,,,,,,,,,,,,,,,,,,,,
harvest,1345937,,,,2.0,,50,,,,,,3,0.580449653,0.666666667,,,,,,,,,,,,,,,,,,,,,,,,,
decision,1347744,1805.3,65.0,,2.0,,50,,,,,,,,,328072,3.0,5.0,FALSE,,,,,,,,,,,,,,,,,,,,,
dig,1347941,,,,,[],50,,,,,,,,,,,,,,,,,,,,,,,,,,,,,,,,,
harvest,1349444,,,,1.0,,50,,,,,,2,0.502133984,0.5,,,,,,,,,,,,,,,,,,,,,,,,,
decision,1350664,1218.8,65.0,,1.0,,50,,,,,,,,,330992,3.0,6.0,FALSE,,,,,,,,,,,,,,,,,,,,,
dig,1351449,,,,,[],50,,,,,,,,,,,,,,,,,,,,,,,,,,,,,,,,,
harvest,1352952,,,,1.0,,50,,,,,,1,0.576067877,1,,,,,,,,,,,,,,,,,,,,,,,,,
decision,1354953,,,,1.0,,50,,,,,,,,,335282,3.0,7.0,FALSE,,,,,,,,,,,,,,,,,,,,,
time_out,1356957,,,,1.0,,,,,,,,,,,,,,,,,,,,,,,,,,,,,,,,,,,
decision,1357872,914.0,65.0,,1.0,,50,,,,,,,,,338200,3.0,7.0,FALSE,,,,,,,,,,,,,,,,,,,,,
dig,1358963,,,,,[],50,,,,,,,,,,,,,,,,,,,,,,,,,,,,,,,,,
harvest,1360465,,,,0.0,,50,,,,,,1,0.48655063,0,,,,,,,,,,,,,,,,,,,,,,,,,
decision,1361472,1005.5,65.0,,0.0,,50,,,,,,,,,341800,3.0,8.0,FALSE,,,,,,,,,,,,,,,,,,,,,
dig,1362470,,,,,[],50,,,,,,,,,,,,,,,,,,,,,,,,,,,,,,,,,
harvest,1363972,,,,0.0,,50,,,,,,0,0.523535544,,,,,,,,,,,,,,,,,,,,,,,,,,
decision,1365065,1092.1,65.0,,0.0,,50,,,,,,,,,345393,3.0,9.0,FALSE,,,,,,,,,,,,,,,,,,,,,
dig,1365976,,,,,[],50,,,,,,,,,,,,,,,,,,,,,,,,,,,,,,,,,
harvest,1367478,,,,0.0,,50,,,,,,0,0.484177164,,,,,,,,,,,,,,,,,,,,,,,,,,
decision,1367592,112.8,76.0,,0.0,,50,,,,,,,,,347920,3.0,10.0,TRUE,,,,,,,,,,,,,,,,,,,,,
travel,1377480,,,,,[],50,,,,,,,,,,,,,,,,,,,,,,,,,,,,,,,,,
alien_welcome,1382482,,,,,,,,,,49,116,87,98,115,58,103.0,112.0,57,14.0,4.0,37.0,9.0,59.0,38.0,48.0,52.0,44.0,19.0,62.0,119.0,73.0,107.0,35.0,74.0,46.0,16.0,68.0,5.0,41.0
land,1382985,,,,95.0,,51,,,,,,,,,,,,,,,,,,,,,,,,,,,,,,,,,
dig,1384989,,,,,[],51,,,,,,,,,,,,,,,,,,,,,,,,,,,,,,,,,
harvest,1386492,,,,74.0,,51,,,,,,95,0.782529923,0.778947368,,,,,,,,,,,,,,,,,,,,,,,,,
decision,1387137,644.0,76.0,,74.0,,51,,,,,,,,,367465,3.0,0.0,TRUE,,,,,,,,,,,,,,,,,,,,,
end_of_block,1392832,5691.7,32.0,,,,,,,,,,,,,,,,,,,,,,,,,,,,,,,,,,,,,
alien_welcome,1397846,,,,,,,,,,102,116,87,98,115,58,103.0,112.0,57,14.0,4.0,37.0,9.0,59.0,38.0,48.0,52.0,44.0,19.0,62.0,119.0,73.0,107.0,35.0,74.0,46.0,16.0,68.0,5.0,41.0
land,1398348,,,,90.0,,52,,,,,,,,,,,,,,,,,,,,,,,,,,,,,,,,,
dig,1400352,,,,,[],52,,,,,,,,,,,,,,,,,,,,,,,,,,,,,,,,,
harvest,1401855,,,,15.0,,52,,,,,,90,0.16533512,0.166666667,,,,,,,,,,,,,,,,,,,,,,,,,
decision,1401994,137.8,76.0,,15.0,,52,,,,,,,,,9159,4.0,0.0,TRUE,,,,,,,,,,,,,,,,,,,,,
travel,1411855,,,,,[],52,,,,,,,,,,,,,,,,,,,,,,,,,,,,,,,,,
alien_welcome,1416857,,,,,,,,,,109,116,87,98,115,58,103.0,112.0,57,14.0,4.0,37.0,9.0,59.0,38.0,48.0,52.0,44.0,19.0,62.0,119.0,73.0,107.0,35.0,74.0,46.0,16.0,68.0,5.0,41.0
land,1417359,,,,110.0,,53,,,,,,,,,,,,,,,,,,,,,,,,,,,,,,,,,
dig,1419364,,,,,[],53,,,,,,,,,,,,,,,,,,,,,,,,,,,,,,,,,
harvest,1420867,,,,22.0,,53,,,,,,110,0.20061139,0.2,,,,,,,,,,,,,,,,,,,,,,,,,
decision,1421416,548.3,76.0,,22.0,,53,,,,,,,,,28581,4.0,0.0,TRUE,,,,,,,,,,,,,,,,,,,,,
travel,1430871,,,,,[],53,,,,,,,,,,,,,,,,,,,,,,,,,,,,,,,,,
alien_welcome,1435873,,,,,,,,,,92,116,87,98,115,58,103.0,112.0,57,14.0,4.0,37.0,9.0,59.0,38.0,48.0,52.0,44.0,19.0,62.0,119.0,73.0,107.0,35.0,74.0,46.0,16.0,68.0,5.0,41.0
land,1436376,,,,97.0,,54,,,,,,,,,,,,,,,,,,,,,,,,,,,,,,,,,
dig,1438380,,,,,[],54,,,,,,,,,,,,,,,,,,,,,,,,,,,,,,,,,
harvest,1439881,,,,12.0,,54,,,,,,97,0.123418328,0.12371134,,,,,,,,,,,,,,,,,,,,,,,,,
decision,1441097,1214.9,76.0,,12.0,,54,,,,,,,,,48262,4.0,0.0,TRUE,,,,,,,,,,,,,,,,,,,,,
travel,1449888,,,,,[],54,,,,,,,,,,,,,,,,,,,,,,,,,,,,,,,,,
alien_welcome,1454890,,,,,,,,,,32,116,87,98,115,58,103.0,112.0,57,14.0,4.0,37.0,9.0,59.0,38.0,48.0,52.0,44.0,19.0,62.0,119.0,73.0,107.0,35.0,74.0,46.0,16.0,68.0,5.0,41.0
land,1455391,,,,103.0,,55,,,,,,,,,,,,,,,,,,,,,,,,,,,,,,,,,
dig,1457395,,,,,[],55,,,,,,,,,,,,,,,,,,,,,,,,,,,,,,,,,
harvest,1458898,,,,75.0,,55,,,,,,103,0.729564478,0.72815534,,,,,,,,,,,,,,,,,,,,,,,,,
decision,1459449,550.7,76.0,,75.0,,55,,,,,,,,,66615,4.0,0.0,TRUE,,,,,,,,,,,,,,,,,,,,,
travel,1468897,,,,,[],55,,,,,,,,,,,,,,,,,,,,,,,,,,,,,,,,,
alien_welcome,1473899,,,,,,,,,,114,116,87,98,115,58,103.0,112.0,57,14.0,4.0,37.0,9.0,59.0,38.0,48.0,52.0,44.0,19.0,62.0,119.0,73.0,107.0,35.0,74.0,46.0,16.0,68.0,5.0,41.0
land,1474402,,,,100.0,,56,,,,,,,,,,,,,,,,,,,,,,,,,,,,,,,,,
dig,1476406,,,,,[],56,,,,,,,,,,,,,,,,,,,,,,,,,,,,,,,,,
harvest,1477908,,,,67.0,,56,,,,,,100,0.672331805,0.67,,,,,,,,,,,,,,,,,,,,,,,,,
decision,1478705,795.5,76.0,,67.0,,56,,,,,,,,,85870,4.0,0.0,TRUE,,,,,,,,,,,,,,,,,,,,,
travel,1487908,,,,,[],56,,,,,,,,,,,,,,,,,,,,,,,,,,,,,,,,,
alien_welcome,1492911,,,,,,,,,,78,116,87,98,115,58,103.0,112.0,57,14.0,4.0,37.0,9.0,59.0,38.0,48.0,52.0,44.0,19.0,62.0,119.0,73.0,107.0,35.0,74.0,46.0,16.0,68.0,5.0,41.0
land,1493414,,,,98.0,,57,,,,,,,,,,,,,,,,,,,,,,,,,,,,,,,,,
dig,1495418,,,,,[],57,,,,,,,,,,,,,,,,,,,,,,,,,,,,,,,,,
harvest,1496921,,,,82.0,,57,,,,,,98,0.83354837,0.836734694,,,,,,,,,,,,,,,,,,,,,,,,,
decision,1497667,744.8,76.0,,82.0,,57,,,,,,,,,104832,4.0,0.0,TRUE,,,,,,,,,,,,,,,,,,,,,
travel,1506924,,,,,[],57,,,,,,,,,,,,,,,,,,,,,,,,,,,,,,,,,
alien_welcome,1511926,,,,,,,,,,71,116,87,98,115,58,103.0,112.0,57,14.0,4.0,37.0,9.0,59.0,38.0,48.0,52.0,44.0,19.0,62.0,119.0,73.0,107.0,35.0,74.0,46.0,16.0,68.0,5.0,41.0
land,1512429,,,,102.0,,58,,,,,,,,,,,,,,,,,,,,,,,,,,,,,,,,,
dig,1514433,,,,,[],58,,,,,,,,,,,,,,,,,,,,,,,,,,,,,,,,,
harvest,1515936,,,,87.0,,58,,,,,,102,0.850684292,0.852941176,,,,,,,,,,,,,,,,,,,,,,,,,
decision,1517331,1394.1,76.0,,87.0,,58,,,,,,,,,124496,4.0,0.0,TRUE,,,,,,,,,,,,,,,,,,,,,
travel,1525941,,,,,[],58,,,,,,,,,,,,,,,,,,,,,,,,,,,,,,,,,
alien_welcome,1530944,,,,,,,,,,64,116,87,98,115,58,103.0,112.0,57,14.0,4.0,37.0,9.0,59.0,38.0,48.0,52.0,44.0,19.0,62.0,119.0,73.0,107.0,35.0,74.0,46.0,16.0,68.0,5.0,41.0
land,1531447,,,,95.0,,59,,,,,,,,,,,,,,,,,,,,,,,,,,,,,,,,,
dig,1533451,,,,,[],59,,,,,,,,,,,,,,,,,,,,,,,,,,,,,,,,,
harvest,1534954,,,,79.0,,59,,,,,,95,0.827082445,0.831578947,,,,,,,,,,,,,,,,,,,,,,,,,
decision,1536370,1415.3,76.0,,79.0,,59,,,,,,,,,143535,4.0,0.0,TRUE,,,,,,,,,,,,,,,,,,,,,
travel,1544953,,,,,[],59,,,,,,,,,,,,,,,,,,,,,,,,,,,,,,,,,
alien_welcome,1549955,,,,,,,,,,91,116,87,98,115,58,103.0,112.0,57,14.0,4.0,37.0,9.0,59.0,38.0,48.0,52.0,44.0,19.0,62.0,119.0,73.0,107.0,35.0,74.0,46.0,16.0,68.0,5.0,41.0
land,1550458,,,,96.0,,60,,,,,,,,,,,,,,,,,,,,,,,,,,,,,,,,,
dig,1552461,,,,,[],60,,,,,,,,,,,,,,,,,,,,,,,,,,,,,,,,,
harvest,1553963,,,,78.0,,60,,,,,,96,0.811545937,0.8125,,,,,,,,,,,,,,,,,,,,,,,,,
decision,1554689,725.2,76.0,,78.0,,60,,,,,,,,,161855,4.0,0.0,TRUE,,,,,,,,,,,,,,,,,,,,,
travel,1563966,,,,,[],60,,,,,,,,,,,,,,,,,,,,,,,,,,,,,,,,,
alien_welcome,1568967,,,,,,,,,,95,116,87,98,115,58,103.0,112.0,57,14.0,4.0,37.0,9.0,59.0,38.0,48.0,52.0,44.0,19.0,62.0,119.0,73.0,107.0,35.0,74.0,46.0,16.0,68.0,5.0,41.0
land,1569470,,,,112.0,,61,,,,,,,,,,,,,,,,,,,,,,,,,,,,,,,,,
dig,1571474,,,,,[],61,,,,,,,,,,,,,,,,,,,,,,,,,,,,,,,,,
harvest,1572976,,,,18.0,,61,,,,,,112,0.163445523,0.160714286,,,,,,,,,,,,,,,,,,,,,,,,,
decision,1574578,1601.8,76.0,,18.0,,61,,,,,,,,,181744,4.0,0.0,TRUE,,,,,,,,,,,,,,,,,,,,,
travel,1582981,,,,,[],61,,,,,,,,,,,,,,,,,,,,,,,,,,,,,,,,,
alien_welcome,1587984,,,,,,,,,,108,116,87,98,115,58,103.0,112.0,57,14.0,4.0,37.0,9.0,59.0,38.0,48.0,52.0,44.0,19.0,62.0,119.0,73.0,107.0,35.0,74.0,46.0,16.0,68.0,5.0,41.0
land,1588486,,,,106.0,,62,,,,,,,,,,,,,,,,,,,,,,,,,,,,,,,,,
dig,1590491,,,,,[],62,,,,,,,,,,,,,,,,,,,,,,,,,,,,,,,,,
harvest,1591993,,,,13.0,,62,,,,,,106,0.118939815,0.122641509,,,,,,,,,,,,,,,,,,,,,,,,,
decision,1592219,224.4,76.0,,13.0,,62,,,,,,,,,199384,4.0,0.0,TRUE,,,,,,,,,,,,,,,,,,,,,
travel,1601999,,,,,[],62,,,,,,,,,,,,,,,,,,,,,,,,,,,,,,,,,
alien_welcome,1607001,,,,,,,,,,117,116,87,98,115,58,103.0,112.0,57,14.0,4.0,37.0,9.0,59.0,38.0,48.0,52.0,44.0,19.0,62.0,119.0,73.0,107.0,35.0,74.0,46.0,16.0,68.0,5.0,41.0
land,1607504,,,,96.0,,63,,,,,,,,,,,,,,,,,,,,,,,,,,,,,,,,,
dig,1609508,,,,,[],63,,,,,,,,,,,,,,,,,,,,,,,,,,,,,,,,,
harvest,1611011,,,,76.0,,63,,,,,,96,0.789797388,0.791666667,,,,,,,,,,,,,,,,,,,,,,,,,
decision,1611828,816.3,76.0,,76.0,,63,,,,,,,,,218993,4.0,0.0,TRUE,,,,,,,,,,,,,,,,,,,,,
travel,1621014,,,,,[],63,,,,,,,,,,,,,,,,,,,,,,,,,,,,,,,,,
alien_welcome,1626016,,,,,,,,,,24,116,87,98,115,58,103.0,112.0,57,14.0,4.0,37.0,9.0,59.0,38.0,48.0,52.0,44.0,19.0,62.0,119.0,73.0,107.0,35.0,74.0,46.0,16.0,68.0,5.0,41.0
land,1626519,,,,106.0,,64,,,,,,,,,,,,,,,,,,,,,,,,,,,,,,,,,
dig,1628523,,,,,[],64,,,,,,,,,,,,,,,,,,,,,,,,,,,,,,,,,
harvest,1630025,,,,91.0,,64,,,,,,106,0.862182882,0.858490566,,,,,,,,,,,,,,,,,,,,,,,,,
decision,1630035,8.799999997,76.0,,91.0,,64,,,,,,,,,237200,4.0,0.0,TRUE,,,,,,,,,,,,,,,,,,,,,
travel,1640031,,,,,[],64,,,,,,,,,,,,,,,,,,,,,,,,,,,,,,,,,
alien_welcome,1645033,,,,,,,,,,113,116,87,98,115,58,103.0,112.0,57,14.0,4.0,37.0,9.0,59.0,38.0,48.0,52.0,44.0,19.0,62.0,119.0,73.0,107.0,35.0,74.0,46.0,16.0,68.0,5.0,41.0
land,1645536,,,,96.0,,65,,,,,,,,,,,,,,,,,,,,,,,,,,,,,,,,,
dig,1647540,,,,,[],65,,,,,,,,,,,,,,,,,,,,,,,,,,,,,,,,,
harvest,1649042,,,,79.0,,65,,,,,,96,0.818062981,0.822916667,,,,,,,,,,,,,,,,,,,,,,,,,
decision,1649555,512.3,76.0,,79.0,,65,,,,,,,,,256721,4.0,0.0,TRUE,,,,,,,,,,,,,,,,,,,,,
travel,1659049,,,,,[],65,,,,,,,,,,,,,,,,,,,,,,,,,,,,,,,,,
alien_welcome,1664051,,,,,,,,,,39,116,87,98,115,58,103.0,112.0,57,14.0,4.0,37.0,9.0,59.0,38.0,48.0,52.0,44.0,19.0,62.0,119.0,73.0,107.0,35.0,74.0,46.0,16.0,68.0,5.0,41.0
land,1664553,,,,90.0,,66,,,,,,,,,,,,,,,,,,,,,,,,,,,,,,,,,
dig,1666557,,,,,[],66,,,,,,,,,,,,,,,,,,,,,,,,,,,,,,,,,
harvest,1668059,,,,68.0,,66,,,,,,90,0.750539478,0.755555556,,,,,,,,,,,,,,,,,,,,,,,,,
decision,1668420,360.1,76.0,,68.0,,66,,,,,,,,,275585,4.0,0.0,TRUE,,,,,,,,,,,,,,,,,,,,,
travel,1678067,,,,,[],66,,,,,,,,,,,,,,,,,,,,,,,,,,,,,,,,,
alien_welcome,1683069,,,,,,,,,,29,116,87,98,115,58,103.0,112.0,57,14.0,4.0,37.0,9.0,59.0,38.0,48.0,52.0,44.0,19.0,62.0,119.0,73.0,107.0,35.0,74.0,46.0,16.0,68.0,5.0,41.0
land,1683570,,,,106.0,,67,,,,,,,,,,,,,,,,,,,,,,,,,,,,,,,,,
dig,1685574,,,,,[],67,,,,,,,,,,,,,,,,,,,,,,,,,,,,,,,,,
harvest,1687077,,,,95.0,,67,,,,,,106,0.891993522,0.896226415,,,,,,,,,,,,,,,,,,,,,,,,,
decision,1688277,1199.3,76.0,,95.0,,67,,,,,,,,,295443,4.0,0.0,TRUE,,,,,,,,,,,,,,,,,,,,,
travel,1697077,,,,,[],67,,,,,,,,,,,,,,,,,,,,,,,,,,,,,,,,,
alien_welcome,1702080,,,,,,,,,,96,116,87,98,115,58,103.0,112.0,57,14.0,4.0,37.0,9.0,59.0,38.0,48.0,52.0,44.0,19.0,62.0,119.0,73.0,107.0,35.0,74.0,46.0,16.0,68.0,5.0,41.0
land,1702583,,,,104.0,,68,,,,,,,,,,,,,,,,,,,,,,,,,,,,,,,,,
dig,1704587,,,,,[],68,,,,,,,,,,,,,,,,,,,,,,,,,,,,,,,,,
harvest,1706090,,,,81.0,,68,,,,,,104,0.77520792,0.778846154,,,,,,,,,,,,,,,,,,,,,,,,,
decision,1706452,361.8,76.0,,81.0,,68,,,,,,,,,313618,4.0,0.0,TRUE,,,,,,,,,,,,,,,,,,,,,
travel,1716089,,,,,[],68,,,,,,,,,,,,,,,,,,,,,,,,,,,,,,,,,
alien_welcome,1721092,,,,,,,,,,1,116,87,98,115,58,103.0,112.0,57,14.0,4.0,37.0,9.0,59.0,38.0,48.0,52.0,44.0,19.0,62.0,119.0,73.0,107.0,35.0,74.0,46.0,16.0,68.0,5.0,41.0
land,1721595,,,,94.0,,69,,,,,,,,,,,,,,,,,,,,,,,,,,,,,,,,,
dig,1723598,,,,,[],69,,,,,,,,,,,,,,,,,,,,,,,,,,,,,,,,,
harvest,1725101,,,,79.0,,69,,,,,,94,0.841451007,0.840425532,,,,,,,,,,,,,,,,,,,,,,,,,
decision,1726918,1816.0,76.0,,79.0,,69,,,,,,,,,334083,4.0,0.0,TRUE,,,,,,,,,,,,,,,,,,,,,
travel,1735104,,,,,[],69,,,,,,,,,,,,,,,,,,,,,,,,,,,,,,,,,
alien_welcome,1740107,,,,,,,,,,72,116,87,98,115,58,103.0,112.0,57,14.0,4.0,37.0,9.0,59.0,38.0,48.0,52.0,44.0,19.0,62.0,119.0,73.0,107.0,35.0,74.0,46.0,16.0,68.0,5.0,41.0
land,1740610,,,,104.0,,70,,,,,,,,,,,,,,,,,,,,,,,,,,,,,,,,,
dig,1742614,,,,,[],70,,,,,,,,,,,,,,,,,,,,,,,,,,,,,,,,,
harvest,1744116,,,,90.0,,70,,,,,,104,0.864002942,0.865384615,,,,,,,,,,,,,,,,,,,,,,,,,
decision,1745197,1079.5,76.0,,90.0,,70,,,,,,,,,352362,4.0,0.0,TRUE,,,,,,,,,,,,,,,,,,,,,
travel,1754121,,,,,[],70,,,,,,,,,,,,,,,,,,,,,,,,,,,,,,,,,
alien_welcome,1759124,,,,,,,,,,76,116,87,98,115,58,103.0,112.0,57,14.0,4.0,37.0,9.0,59.0,38.0,48.0,52.0,44.0,19.0,62.0,119.0,73.0,107.0,35.0,74.0,46.0,16.0,68.0,5.0,41.0
land,1759627,,,,96.0,,71,,,,,,,,,,,,,,,,,,,,,,,,,,,,,,,,,
dig,1761631,,,,,[],71,,,,,,,,,,,,,,,,,,,,,,,,,,,,,,,,,
harvest,1763133,,,,86.0,,71,,,,,,96,0.899636259,0.895833333,,,,,,,,,,,,,,,,,,,,,,,,,
decision,1765135,,,,86.0,,71,,,,,,,,,372301,4.0,0.0,TRUE,,,,,,,,,,,,,,,,,,,,,
end_of_block,1767630,2490.4,32.0,,,,,,,,,,,,,,,,,,,,,,,,,,,,,,,,,,,,,
alien_welcome,1772646,,,,,,,,,,94,116,87,98,115,58,103.0,112.0,57,14.0,4.0,37.0,9.0,59.0,38.0,48.0,52.0,44.0,19.0,62.0,119.0,73.0,107.0,35.0,74.0,46.0,16.0,68.0,5.0,41.0
land,1773148,,,,103.0,,72,,,,,,,,,,,,,,,,,,,,,,,,,,,,,,,,,
dig,1775153,,,,,[],72,,,,,,,,,,,,,,,,,,,,,,,,,,,,,,,,,
harvest,1776655,,,,53.0,,72,,,,,,103,0.511018421,0.514563107,,,,,,,,,,,,,,,,,,,,,,,,,
decision,1777757,1100.9,76.0,,53.0,,72,,,,,,,,,10123,5.0,0.0,TRUE,,,,,,,,,,,,,,,,,,,,,
travel,1786655,,,,,[],72,,,,,,,,,,,,,,,,,,,,,,,,,,,,,,,,,
alien_welcome,1791657,,,,,,,,,,70,116,87,98,115,58,103.0,112.0,57,14.0,4.0,37.0,9.0,59.0,38.0,48.0,52.0,44.0,19.0,62.0,119.0,73.0,107.0,35.0,74.0,46.0,16.0,68.0,5.0,41.0
land,1792160,,,,102.0,,73,,,,,,,,,,,,,,,,,,,,,,,,,,,,,,,,,
dig,1794165,,,,,[],73,,,,,,,,,,,,,,,,,,,,,,,,,,,,,,,,,
harvest,1795666,,,,52.0,,73,,,,,,102,0.51070472,0.509803922,,,,,,,,,,,,,,,,,,,,,,,,,
decision,1796780,1113.4,76.0,,52.0,,73,,,,,,,,,29147,5.0,0.0,TRUE,,,,,,,,,,,,,,,,,,,,,
travel,1805671,,,,,[],73,,,,,,,,,,,,,,,,,,,,,,,,,,,,,,,,,
alien_welcome,1810673,,,,,,,,,,84,116,87,98,115,58,103.0,112.0,57,14.0,4.0,37.0,9.0,59.0,38.0,48.0,52.0,44.0,19.0,62.0,119.0,73.0,107.0,35.0,74.0,46.0,16.0,68.0,5.0,41.0
land,1811176,,,,96.0,,74,,,,,,,,,,,,,,,,,,,,,,,,,,,,,,,,,
dig,1813180,,,,,[],74,,,,,,,,,,,,,,,,,,,,,,,,,,,,,,,,,
harvest,1814683,,,,51.0,,74,,,,,,96,0.526979006,0.53125,,,,,,,,,,,,,,,,,,,,,,,,,
decision,1814893,209.4,76.0,,51.0,,74,,,,,,,,,47259,5.0,0.0,TRUE,,,,,,,,,,,,,,,,,,,,,
travel,1824683,,,,,[],74,,,,,,,,,,,,,,,,,,,,,,,,,,,,,,,,,
alien_welcome,1829686,,,,,,,,,,40,116,87,98,115,58,103.0,112.0,57,14.0,4.0,37.0,9.0,59.0,38.0,48.0,52.0,44.0,19.0,62.0,119.0,73.0,107.0,35.0,74.0,46.0,16.0,68.0,5.0,41.0
land,1830189,,,,104.0,,75,,,,,,,,,,,,,,,,,,,,,,,,,,,,,,,,,
dig,1832193,,,,,[],75,,,,,,,,,,,,,,,,,,,,,,,,,,,,,,,,,
harvest,1833696,,,,48.0,,75,,,,,,104,0.465911066,0.461538462,,,,,,,,,,,,,,,,,,,,,,,,,
decision,1833910,213.0,76.0,,48.0,,75,,,,,,,,,66276,5.0,0.0,TRUE,,,,,,,,,,,,,,,,,,,,,
travel,1843699,,,,,[],75,,,,,,,,,,,,,,,,,,,,,,,,,,,,,,,,,
alien_welcome,1848701,,,,,,,,,,11,116,87,98,115,58,103.0,112.0,57,14.0,4.0,37.0,9.0,59.0,38.0,48.0,52.0,44.0,19.0,62.0,119.0,73.0,107.0,35.0,74.0,46.0,16.0,68.0,5.0,41.0
land,1849204,,,,97.0,,76,,,,,,,,,,,,,,,,,,,,,,,,,,,,,,,,,
dig,1851208,,,,,[],76,,,,,,,,,,,,,,,,,,,,,,,,,,,,,,,,,
harvest,1852710,,,,43.0,,76,,,,,,97,0.448349237,0.443298969,,,,,,,,,,,,,,,,,,,,,,,,,
decision,1853293,581.7,76.0,,43.0,,76,,,,,,,,,85659,5.0,0.0,TRUE,,,,,,,,,,,,,,,,,,,,,
travel,1862714,,,,,[],76,,,,,,,,,,,,,,,,,,,,,,,,,,,,,,,,,
alien_welcome,1867717,,,,,,,,,,81,116,87,98,115,58,103.0,112.0,57,14.0,4.0,37.0,9.0,59.0,38.0,48.0,52.0,44.0,19.0,62.0,119.0,73.0,107.0,35.0,74.0,46.0,16.0,68.0,5.0,41.0
land,1868220,,,,97.0,,77,,,,,,,,,,,,,,,,,,,,,,,,,,,,,,,,,
dig,1870223,,,,,[],77,,,,,,,,,,,,,,,,,,,,,,,,,,,,,,,,,
harvest,1871726,,,,55.0,,77,,,,,,97,0.569917684,0.567010309,,,,,,,,,,,,,,,,,,,,,,,,,
decision,1872245,518.5,76.0,,55.0,,77,,,,,,,,,104612,5.0,0.0,TRUE,,,,,,,,,,,,,,,,,,,,,
travel,1881730,,,,,[],77,,,,,,,,,,,,,,,,,,,,,,,,,,,,,,,,,
alien_welcome,1886733,,,,,,,,,,34,116,87,98,115,58,103.0,112.0,57,14.0,4.0,37.0,9.0,59.0,38.0,48.0,52.0,44.0,19.0,62.0,119.0,73.0,107.0,35.0,74.0,46.0,16.0,68.0,5.0,41.0
land,1887236,,,,90.0,,78,,,,,,,,,,,,,,,,,,,,,,,,,,,,,,,,,
dig,1889239,,,,,[],78,,,,,,,,,,,,,,,,,,,,,,,,,,,,,,,,,
harvest,1890742,,,,41.0,,78,,,,,,90,0.45595579,0.455555556,,,,,,,,,,,,,,,,,,,,,,,,,
decision,1891590,847.0,76.0,,41.0,,78,,,,,,,,,123956,5.0,0.0,TRUE,,,,,,,,,,,,,,,,,,,,,
travel,1900750,,,,,[],78,,,,,,,,,,,,,,,,,,,,,,,,,,,,,,,,,
alien_welcome,1905752,,,,,,,,,,25,116,87,98,115,58,103.0,112.0,57,14.0,4.0,37.0,9.0,59.0,38.0,48.0,52.0,44.0,19.0,62.0,119.0,73.0,107.0,35.0,74.0,46.0,16.0,68.0,5.0,41.0
land,1906254,,,,97.0,,79,,,,,,,,,,,,,,,,,,,,,,,,,,,,,,,,,
dig,1908258,,,,,[],79,,,,,,,,,,,,,,,,,,,,,,,,,,,,,,,,,
harvest,1909761,,,,53.0,,79,,,,,,97,0.550897391,0.546391753,,,,,,,,,,,,,,,,,,,,,,,,,
decision,1910214,451.6,76.0,,53.0,,79,,,,,,,,,142580,5.0,0.0,TRUE,,,,,,,,,,,,,,,,,,,,,
travel,1919760,,,,,[],79,,,,,,,,,,,,,,,,,,,,,,,,,,,,,,,,,
alien_welcome,1924763,,,,,,,,,,106,116,87,98,115,58,103.0,112.0,57,14.0,4.0,37.0,9.0,59.0,38.0,48.0,52.0,44.0,19.0,62.0,119.0,73.0,107.0,35.0,74.0,46.0,16.0,68.0,5.0,41.0
land,1925266,,,,99.0,,80,,,,,,,,,,,,,,,,,,,,,,,,,,,,,,,,,
dig,1927270,,,,,[],80,,,,,,,,,,,,,,,,,,,,,,,,,,,,,,,,,
harvest,1928772,,,,45.0,,80,,,,,,99,0.450222392,0.454545455,,,,,,,,,,,,,,,,,,,,,,,,,
decision,1930774,,,,45.0,,80,,,,,,,,,163140,5.0,0.0,FALSE,,,,,,,,,,,,,,,,,,,,,
time_out,1932780,,,,45.0,,,,,,,,,,,,,,,,,,,,,,,,,,,,,,,,,,,
decision,1933791,1009.5,76.0,,45.0,,80,,,,,,,,,166157,5.0,0.0,TRUE,,,,,,,,,,,,,,,,,,,,,
travel,1942779,,,,,[],80,,,,,,,,,,,,,,,,,,,,,,,,,,,,,,,,,
alien_welcome,1947782,,,,,,,,,,51,116,87,98,115,58,103.0,112.0,57,14.0,4.0,37.0,9.0,59.0,38.0,48.0,52.0,44.0,19.0,62.0,119.0,73.0,107.0,35.0,74.0,46.0,16.0,68.0,5.0,41.0
land,1948284,,,,98.0,,81,,,,,,,,,,,,,,,,,,,,,,,,,,,,,,,,,
dig,1950288,,,,,[],81,,,,,,,,,,,,,,,,,,,,,,,,,,,,,,,,,
harvest,1951790,,,,49.0,,81,,,,,,98,0.49599762,0.5,,,,,,,,,,,,,,,,,,,,,,,,,
decision,1952919,1127.2,76.0,,49.0,,81,,,,,,,,,185285,5.0,0.0,TRUE,,,,,,,,,,,,,,,,,,,,,
travel,1961790,,,,,[],81,,,,,,,,,,,,,,,,,,,,,,,,,,,,,,,,,
alien_welcome,1966792,,,,,,,,,,6,116,87,98,115,58,103.0,112.0,57,14.0,4.0,37.0,9.0,59.0,38.0,48.0,52.0,44.0,19.0,62.0,119.0,73.0,107.0,35.0,74.0,46.0,16.0,68.0,5.0,41.0
land,1967295,,,,96.0,,82,,,,,,,,,,,,,,,,,,,,,,,,,,,,,,,,,
dig,1969300,,,,,[],82,,,,,,,,,,,,,,,,,,,,,,,,,,,,,,,,,
harvest,1970802,,,,53.0,,82,,,,,,96,0.555867036,0.552083333,,,,,,,,,,,,,,,,,,,,,,,,,
decision,1971735,931.5,76.0,,53.0,,82,,,,,,,,,204101,5.0,0.0,TRUE,,,,,,,,,,,,,,,,,,,,,
travel,1980805,,,,,[],82,,,,,,,,,,,,,,,,,,,,,,,,,,,,,,,,,
alien_welcome,1985809,,,,,,,,,,101,116,87,98,115,58,103.0,112.0,57,14.0,4.0,37.0,9.0,59.0,38.0,48.0,52.0,44.0,19.0,62.0,119.0,73.0,107.0,35.0,74.0,46.0,16.0,68.0,5.0,41.0
land,1986311,,,,95.0,,83,,,,,,,,,,,,,,,,,,,,,,,,,,,,,,,,,
dig,1988315,,,,,[],83,,,,,,,,,,,,,,,,,,,,,,,,,,,,,,,,,
harvest,1989818,,,,48.0,,83,,,,,,95,0.506368024,0.505263158,,,,,,,,,,,,,,,,,,,,,,,,,
decision,1990247,428.0,76.0,,48.0,,83,,,,,,,,,222613,5.0,0.0,TRUE,,,,,,,,,,,,,,,,,,,,,
travel,1999822,,,,,[],83,,,,,,,,,,,,,,,,,,,,,,,,,,,,,,,,,
alien_welcome,2004825,,,,,,,,,,69,116,87,98,115,58,103.0,112.0,57,14.0,4.0,37.0,9.0,59.0,38.0,48.0,52.0,44.0,19.0,62.0,119.0,73.0,107.0,35.0,74.0,46.0,16.0,68.0,5.0,41.0
land,2005327,,,,106.0,,84,,,,,,,,,,,,,,,,,,,,,,,,,,,,,,,,,
dig,2007331,,,,,[],84,,,,,,,,,,,,,,,,,,,,,,,,,,,,,,,,,
harvest,2008834,,,,51.0,,84,,,,,,106,0.480414153,0.481132075,,,,,,,,,,,,,,,,,,,,,,,,,
decision,2009071,236.0,76.0,,51.0,,84,,,,,,,,,241437,5.0,0.0,TRUE,,,,,,,,,,,,,,,,,,,,,
travel,2018835,,,,,[],84,,,,,,,,,,,,,,,,,,,,,,,,,,,,,,,,,
alien_welcome,2023837,,,,,,,,,,36,116,87,98,115,58,103.0,112.0,57,14.0,4.0,37.0,9.0,59.0,38.0,48.0,52.0,44.0,19.0,62.0,119.0,73.0,107.0,35.0,74.0,46.0,16.0,68.0,5.0,41.0
land,2024340,,,,95.0,,85,,,,,,,,,,,,,,,,,,,,,,,,,,,,,,,,,
dig,2026344,,,,,[],85,,,,,,,,,,,,,,,,,,,,,,,,,,,,,,,,,
harvest,2027847,,,,44.0,,85,,,,,,95,0.465523101,0.463157895,,,,,,,,,,,,,,,,,,,,,,,,,
decision,2028864,1016.5,76.0,,44.0,,85,,,,,,,,,261231,5.0,0.0,TRUE,,,,,,,,,,,,,,,,,,,,,
travel,2037853,,,,,[],85,,,,,,,,,,,,,,,,,,,,,,,,,,,,,,,,,
alien_welcome,2042856,,,,,,,,,,80,116,87,98,115,58,103.0,112.0,57,14.0,4.0,37.0,9.0,59.0,38.0,48.0,52.0,44.0,19.0,62.0,119.0,73.0,107.0,35.0,74.0,46.0,16.0,68.0,5.0,41.0
land,2043358,,,,104.0,,86,,,,,,,,,,,,,,,,,,,,,,,,,,,,,,,,,
dig,2045363,,,,,[],86,,,,,,,,,,,,,,,,,,,,,,,,,,,,,,,,,
harvest,2046866,,,,46.0,,86,,,,,,104,0.440700199,0.442307692,,,,,,,,,,,,,,,,,,,,,,,,,
decision,2047152,285.2,76.0,,46.0,,86,,,,,,,,,279518,5.0,0.0,TRUE,,,,,,,,,,,,,,,,,,,,,
travel,2056871,,,,,[],86,,,,,,,,,,,,,,,,,,,,,,,,,,,,,,,,,
alien_welcome,2061873,,,,,,,,,,120,116,87,98,115,58,103.0,112.0,57,14.0,4.0,37.0,9.0,59.0,38.0,48.0,52.0,44.0,19.0,62.0,119.0,73.0,107.0,35.0,74.0,46.0,16.0,68.0,5.0,41.0
land,2062377,,,,102.0,,87,,,,,,,,,,,,,,,,,,,,,,,,,,,,,,,,,
dig,2064381,,,,,[],87,,,,,,,,,,,,,,,,,,,,,,,,,,,,,,,,,
harvest,2065882,,,,81.0,,87,,,,,,102,0.789476419,0.794117647,,,,,,,,,,,,,,,,,,,,,,,,,
decision,2067079,1196.1,76.0,,81.0,,87,,,,,,,,,299446,5.0,0.0,TRUE,,,,,,,,,,,,,,,,,,,,,
travel,2075889,,,,,[],87,,,,,,,,,,,,,,,,,,,,,,,,,,,,,,,,,
alien_welcome,2080892,,,,,,,,,,97,116,87,98,115,58,103.0,112.0,57,14.0,4.0,37.0,9.0,59.0,38.0,48.0,52.0,44.0,19.0,62.0,119.0,73.0,107.0,35.0,74.0,46.0,16.0,68.0,5.0,41.0
land,2081394,,,,109.0,,88,,,,,,,,,,,,,,,,,,,,,,,,,,,,,,,,,
dig,2083398,,,,,[],88,,,,,,,,,,,,,,,,,,,,,,,,,,,,,,,,,
harvest,2084900,,,,90.0,,88,,,,,,109,0.829757928,0.825688073,,,,,,,,,,,,,,,,,,,,,,,,,
decision,2085807,905.4,76.0,,90.0,,88,,,,,,,,,318173,5.0,0.0,TRUE,,,,,,,,,,,,,,,,,,,,,
travel,2094904,,,,,[],88,,,,,,,,,,,,,,,,,,,,,,,,,,,,,,,,,
alien_welcome,2099907,,,,,,,,,,2,116,87,98,115,58,103.0,112.0,57,14.0,4.0,37.0,9.0,59.0,38.0,48.0,52.0,44.0,19.0,62.0,119.0,73.0,107.0,35.0,74.0,46.0,16.0,68.0,5.0,41.0
land,2100409,,,,103.0,,89,,,,,,,,,,,,,,,,,,,,,,,,,,,,,,,,,
dig,2102414,,,,,[],89,,,,,,,,,,,,,,,,,,,,,,,,,,,,,,,,,
harvest,2103916,,,,77.0,,89,,,,,,103,0.748707426,0.747572816,,,,,,,,,,,,,,,,,,,,,,,,,
decision,2104689,772.3,76.0,,77.0,,89,,,,,,,,,337055,5.0,0.0,TRUE,,,,,,,,,,,,,,,,,,,,,
travel,2113925,,,,,[],89,,,,,,,,,,,,,,,,,,,,,,,,,,,,,,,,,
alien_welcome,2118927,,,,,,,,,,45,116,87,98,115,58,103.0,112.0,57,14.0,4.0,37.0,9.0,59.0,38.0,48.0,52.0,44.0,19.0,62.0,119.0,73.0,107.0,35.0,74.0,46.0,16.0,68.0,5.0,41.0
land,2119430,,,,103.0,,90,,,,,,,,,,,,,,,,,,,,,,,,,,,,,,,,,
dig,2121435,,,,,[],90,,,,,,,,,,,,,,,,,,,,,,,,,,,,,,,,,
harvest,2122937,,,,51.0,,90,,,,,,103,0.497548056,0.495145631,,,,,,,,,,,,,,,,,,,,,,,,,
decision,2123081,142.5,76.0,,51.0,,90,,,,,,,,,355447,5.0,0.0,TRUE,,,,,,,,,,,,,,,,,,,,,
travel,2132944,,,,,[],90,,,,,,,,,,,,,,,,,,,,,,,,,,,,,,,,,
alien_welcome,2137947,,,,,,,,,,82,116,87,98,115,58,103.0,112.0,57,14.0,4.0,37.0,9.0,59.0,38.0,48.0,52.0,44.0,19.0,62.0,119.0,73.0,107.0,35.0,74.0,46.0,16.0,68.0,5.0,41.0
land,2138449,,,,105.0,,91,,,,,,,,,,,,,,,,,,,,,,,,,,,,,,,,,
dig,2140454,,,,,[],91,,,,,,,,,,,,,,,,,,,,,,,,,,,,,,,,,
harvest,2141956,,,,51.0,,91,,,,,,105,0.482693626,0.485714286,,,,,,,,,,,,,,,,,,,,,,,,,
decision,2143041,1084.4,76.0,,51.0,,91,,,,,,,,,375408,5.0,0.0,TRUE,,,,,,,,,,,,,,,,,,,,,
catch,2146840,3793.1,90.0,,51.0,,,,,,,,,,,,,,,,,,,,,,,,,,,,,,,,,,,
debrief,2402157,255312.7,,,,{planet_threshold:yes,planet_threshold_desc:For doing so fast and i saw when i did frist time its lot of gems IF i dig more time its less gems,dig_threshold:no,dig_threshold_desc:,surprise:yes,surprise_desc:I thought then i get more Bnouse ,dynamic:no,dynamic_desc:,other:no,other_desc:,feedback:NO},,,,,,,,,,,,,,,,,,,,,,,,
demo,2425053,22894.1,,,,{age:41,gender:female},,,,,,,,,,,,,,,,,,,,,,,,,,,,,,,,,
end_of_exp,2566189,141132.1,32.0,,,,,,,,,,,,,,,,,2.0,0.0,,,,,,,,,,,,,,,,,,,
