trial_type,time_elapsed,rt,key_press,condition,next_reward,responses,planet,curr_prac_trial,n_prac_rounds,button_pressed,alien,aliens,reward_received,decay_rate_actual,decay_rate_exp,time_in_block,block_num,prt,last_trial_on_planet,bonus,num_failures,Unnamed: 23,Unnamed: 24,Unnamed: 25,Unnamed: 26,Unnamed: 27,Unnamed: 28,Unnamed: 29,Unnamed: 30,Unnamed: 31,Unnamed: 32,Unnamed: 33,Unnamed: 34,Unnamed: 35,Unnamed: 36,Unnamed: 37,Unnamed: 38,Unnamed: 39,Unnamed: 40,Unnamed: 41,Unnamed: 42,Unnamed: 43,Unnamed: 44,Unnamed: 45,Unnamed: 46,Unnamed: 47,Unnamed: 48,Unnamed: 49,Unnamed: 50,Unnamed: 51,Unnamed: 52,Unnamed: 53
fullscreen,13222,,,,,,,,,,,,,,,,,,,,,,,,,,,,,,,,,,,,,,,,,,,,,,,,,,,
instruc_welcome,14866,1638.0,32.0,1.0,,,,,,,,,,,,,,,,,,,,,,,,,,,,,,,,,,,,,,,,,,,,,,,,
instruc_goal,15649,783.0,32.0,,,,,,,,,,,,,,,,,,,,,,,,,,,,,,,,,,,,,,,,,,,,,,,,,
instruc_dig,17187,1536.0,65.0,,100.0,,,,,,,,,,,,,,,,,,,,,,,,,,,,,,,,,,,,,,,,,,,,,,,
dig_instruc,19208,,,,,[],,,,,,,,,,,,,,,,,,,,,,,,,,,,,,,,,,,,,,,,,,,,,,
harvest_instruc,21029,,,,,,,,,,,,,,,,,,,,,,,,,,,,,,,,,,,,,,,,,,,,,,,,,,,
instruc_travel,21250,216.0,76.0,,,,,,,,,,,,,,,,,,,,,,,,,,,,,,,,,,,,,,,,,,,,,,,,,
travel_prac,31254,,,,,[],0,,,,,,,,,,,,,,,,,,,,,,,,,,,,,,,,,,,,,,,,,,,,,
instruc_alien_greet,32037,781.0,32.0,,,,,,,,,,,,,,,,,,,,,,,,,,,,,,,,,,,,,,,,,,,,,,,,,
time_out,33065,1026.0,32.0,,,,,,,,,,,,,,,,,,,,,,,,,,,,,,,,,,,,,,,,,,,,,,,,,
instruc_break,33499,432.0,32.0,,,,,,,,,,,,,,,,,,,,,,,,,,,,,,,,,,,,,,,,,,,,,,,,,
quiz_prac,37509,4005.0,,,,{Q0:A,Q1:A,Q2:A},,,,,,,,,,,,,,,,,,,,,,,,,,,,,,,,,,,,,,,,,,,,
quiz_incorrect,54186,16673.0,,,,{Q0:A,Q1:B,Q2:A},,,,,,,,,,,,,,,,,,,,,,,,,,,,,,,,,,,,,,,,,,,,
instruc_goal,55409,1222.0,32.0,,,,,,,,,,,,,,,,,,,,,,,,,,,,,,,,,,,,,,,,,,,,,,,,,
instruc_dig,57137,1726.0,65.0,,100.0,,,,,,,,,,,,,,,,,,,,,,,,,,,,,,,,,,,,,,,,,,,,,,,
dig_instruc,59142,,,,,[],,,,,,,,,,,,,,,,,,,,,,,,,,,,,,,,,,,,,,,,,,,,,,
harvest_instruc,60642,,,,,,,,,,,,,,,,,,,,,,,,,,,,,,,,,,,,,,,,,,,,,,,,,,,
instruc_travel,62391,1747.0,76.0,,,,,,,,,,,,,,,,,,,,,,,,,,,,,,,,,,,,,,,,,,,,,,,,,
travel_prac,72392,,,,,[],0,,,,,,,,,,,,,,,,,,,,,,,,,,,,,,,,,,,,,,,,,,,,,
time_out,75272,2879.0,32.0,,,,,,,,,,,,,,,,,,,,,,,,,,,,,,,,,,,,,,,,,,,,,,,,,
instruc_break,76296,1023.0,32.0,,,,,,,,,,,,,,,,,,,,,,,,,,,,,,,,,,,,,,,,,,,,,,,,,
quiz_prac,87620,11323.0,,,,{Q0:C,Q1:C,Q2:A},,,,,,,,,,,,,,,,,,,,,,,,,,,,,,,,,,,,,,,,,,,,
quiz_incorrect,89297,1673.0,,,,{Q0:C,Q1:B,Q2:B},,,,,,,,,,,,,,,,,,,,,,,,,,,,,,,,,,,,,,,,,,,,
instruc_goal,90272,973.0,32.0,,,,,,,,,,,,,,,,,,,,,,,,,,,,,,,,,,,,,,,,,,,,,,,,,
instruc_dig,91376,1103.0,65.0,,100.0,,,,,,,,,,,,,,,,,,,,,,,,,,,,,,,,,,,,,,,,,,,,,,,
dig_instruc,93381,,,,,[],,,,,,,,,,,,,,,,,,,,,,,,,,,,,,,,,,,,,,,,,,,,,,
harvest_instruc,94977,,,,,,,,,,,,,,,,,,,,,,,,,,,,,,,,,,,,,,,,,,,,,,,,,,,
instruc_travel,96504,1526.0,76.0,,,,,,,,,,,,,,,,,,,,,,,,,,,,,,,,,,,,,,,,,,,,,,,,,
travel_prac,106506,,,,,[],0,,,,,,,,,,,,,,,,,,,,,,,,,,,,,,,,,,,,,,,,,,,,,
time_out,107600,1093.0,32.0,,,,,,,,,,,,,,,,,,,,,,,,,,,,,,,,,,,,,,,,,,,,,,,,,
instruc_break,108336,735.0,32.0,,,,,,,,,,,,,,,,,,,,,,,,,,,,,,,,,,,,,,,,,,,,,,,,,
quiz_prac,119289,10951.0,,,,{Q0:C,Q1:A,Q2:A},,,,,,,,,,,,,,,,,,,,,,,,,,,,,,,,,,,,,,,,,,,,
quiz_incorrect,132298,13005.0,,,,{Q0:B,Q1:B,Q2:A},,,,,,,,,,,,,,,,,,,,,,,,,,,,,,,,,,,,,,,,,,,,
instruc_goal,133122,822.0,32.0,,,,,,,,,,,,,,,,,,,,,,,,,,,,,,,,,,,,,,,,,,,,,,,,,
instruc_dig,134306,1182.0,65.0,,100.0,,,,,,,,,,,,,,,,,,,,,,,,,,,,,,,,,,,,,,,,,,,,,,,
dig_instruc,136310,,,,,[],,,,,,,,,,,,,,,,,,,,,,,,,,,,,,,,,,,,,,,,,,,,,,
harvest_instruc,137811,,,,,,,,,,,,,,,,,,,,,,,,,,,,,,,,,,,,,,,,,,,,,,,,,,,
instruc_travel,140089,2277.0,76.0,,,,,,,,,,,,,,,,,,,,,,,,,,,,,,,,,,,,,,,,,,,,,,,,,
travel_prac,150091,,,,,[],0,,,,,,,,,,,,,,,,,,,,,,,,,,,,,,,,,,,,,,,,,,,,,
time_out,151633,1541.0,32.0,,,,,,,,,,,,,,,,,,,,,,,,,,,,,,,,,,,,,,,,,,,,,,,,,
instruc_break,153177,1542.0,32.0,,,,,,,,,,,,,,,,,,,,,,,,,,,,,,,,,,,,,,,,,,,,,,,,,
quiz_prac,161163,7984.0,,,,{Q0:B,Q1:C,Q2:A},,,,,,,,,,,,,,,,,,,,,,,,,,,,,,,,,,,,,,,,,,,,
quiz_incorrect,165386,4218.0,,,,{Q0:C,Q1:B,Q2:B},,,,,,,,,,,,,,,,,,,,,,,,,,,,,,,,,,,,,,,,,,,,
instruc_goal,166643,1255.0,32.0,,,,,,,,,,,,,,,,,,,,,,,,,,,,,,,,,,,,,,,,,,,,,,,,,
instruc_dig,167681,1036.0,65.0,,100.0,,,,,,,,,,,,,,,,,,,,,,,,,,,,,,,,,,,,,,,,,,,,,,,
dig_instruc,169685,,,,,[],,,,,,,,,,,,,,,,,,,,,,,,,,,,,,,,,,,,,,,,,,,,,,
harvest_instruc,171198,,,,,,,,,,,,,,,,,,,,,,,,,,,,,,,,,,,,,,,,,,,,,,,,,,,
instruc_travel,172185,986.0,76.0,,,,,,,,,,,,,,,,,,,,,,,,,,,,,,,,,,,,,,,,,,,,,,,,,
travel_prac,182186,,,,,[],0,,,,,,,,,,,,,,,,,,,,,,,,,,,,,,,,,,,,,,,,,,,,,
time_out,182570,382.0,32.0,,,,,,,,,,,,,,,,,,,,,,,,,,,,,,,,,,,,,,,,,,,,,,,,,
instruc_break,194508,11937.0,32.0,,,,,,,,,,,,,,,,,,,,,,,,,,,,,,,,,,,,,,,,,,,,,,,,,
quiz_prac,203058,8548.0,,,,{Q0:B,Q1:C,Q2:A},,,,,,,,,,,,,,,,,,,,,,,,,,,,,,,,,,,,,,,,,,,,
quiz_incorrect,212178,9117.0,,,,{Q0:C,Q1:A,Q2:B},,,,,,,,,,,,,,,,,,,,,,,,,,,,,,,,,,,,,,,,,,,,
instruc_goal,214273,2094.0,32.0,,,,,,,,,,,,,,,,,,,,,,,,,,,,,,,,,,,,,,,,,,,,,,,,,
instruc_dig,215249,975.0,65.0,,100.0,,,,,,,,,,,,,,,,,,,,,,,,,,,,,,,,,,,,,,,,,,,,,,,
dig_instruc,217253,,,,,[],,,,,,,,,,,,,,,,,,,,,,,,,,,,,,,,,,,,,,,,,,,,,,
harvest_instruc,218754,,,,,,,,,,,,,,,,,,,,,,,,,,,,,,,,,,,,,,,,,,,,,,,,,,,
instruc_travel,219026,270.0,76.0,,,,,,,,,,,,,,,,,,,,,,,,,,,,,,,,,,,,,,,,,,,,,,,,,
travel_prac,229027,,,,,[],0,,,,,,,,,,,,,,,,,,,,,,,,,,,,,,,,,,,,,,,,,,,,,
time_out,229178,149.0,32.0,,,,,,,,,,,,,,,,,,,,,,,,,,,,,,,,,,,,,,,,,,,,,,,,,
instruc_break,232481,3303.0,32.0,,,,,,,,,,,,,,,,,,,,,,,,,,,,,,,,,,,,,,,,,,,,,,,,,
quiz_prac,245156,12673.0,,,,{Q0:B,Q1:C,Q2:A},,,,,,,,,,,,,,,,,,,,,,,,,,,,,,,,,,,,,,,,,,,,
quiz_incorrect,249970,4808.0,,,,{Q0:C,Q1:B,Q2:B},,,,,,,,,,,,,,,,,,,,,,,,,,,,,,,,,,,,,,,,,,,,
instruc_goal,250825,854.0,32.0,,,,,,,,,,,,,,,,,,,,,,,,,,,,,,,,,,,,,,,,,,,,,,,,,
instruc_dig,251713,887.0,65.0,,100.0,,,,,,,,,,,,,,,,,,,,,,,,,,,,,,,,,,,,,,,,,,,,,,,
dig_instruc,253717,,,,,[],,,,,,,,,,,,,,,,,,,,,,,,,,,,,,,,,,,,,,,,,,,,,,
harvest_instruc,255218,,,,,,,,,,,,,,,,,,,,,,,,,,,,,,,,,,,,,,,,,,,,,,,,,,,
instruc_travel,255376,158.0,76.0,,,,,,,,,,,,,,,,,,,,,,,,,,,,,,,,,,,,,,,,,,,,,,,,,
travel_prac,265380,,,,,[],0,,,,,,,,,,,,,,,,,,,,,,,,,,,,,,,,,,,,,,,,,,,,,
time_out,266280,899.0,32.0,,,,,,,,,,,,,,,,,,,,,,,,,,,,,,,,,,,,,,,,,,,,,,,,,
instruc_break,267640,1359.0,32.0,,,,,,,,,,,,,,,,,,,,,,,,,,,,,,,,,,,,,,,,,,,,,,,,,
quiz_prac,273345,5703.0,,,,{Q0:A,Q1:A,Q2:A},,,,,,,,,,,,,,,,,,,,,,,,,,,,,,,,,,,,,,,,,,,,
quiz_incorrect,274497,1149.0,,,,{Q0:C,Q1:B,Q2:B},,,,,,,,,,,,,,,,,,,,,,,,,,,,,,,,,,,,,,,,,,,,
instruc_goal,275556,1058.0,32.0,,,,,,,,,,,,,,,,,,,,,,,,,,,,,,,,,,,,,,,,,,,,,,,,,
instruc_dig,276352,795.0,65.0,,100.0,,,,,,,,,,,,,,,,,,,,,,,,,,,,,,,,,,,,,,,,,,,,,,,
dig_instruc,278357,,,,,[],,,,,,,,,,,,,,,,,,,,,,,,,,,,,,,,,,,,,,,,,,,,,,
harvest_instruc,279859,,,,,,,,,,,,,,,,,,,,,,,,,,,,,,,,,,,,,,,,,,,,,,,,,,,
instruc_travel,280696,836.0,76.0,,,,,,,,,,,,,,,,,,,,,,,,,,,,,,,,,,,,,,,,,,,,,,,,,
travel_prac,290697,,,,,[],0,,,,,,,,,,,,,,,,,,,,,,,,,,,,,,,,,,,,,,,,,,,,,
time_out,290834,136.0,32.0,,,,,,,,,,,,,,,,,,,,,,,,,,,,,,,,,,,,,,,,,,,,,,,,,
instruc_break,292008,1172.0,32.0,,,,,,,,,,,,,,,,,,,,,,,,,,,,,,,,,,,,,,,,,,,,,,,,,
quiz_prac,295729,3720.0,,,,{Q0:A,Q1:B,Q2:A},,,,,,,,,,,,,,,,,,,,,,,,,,,,,,,,,,,,,,,,,,,,
quiz_incorrect,297233,1498.0,,,,{Q0:C,Q1:B,Q2:B},,,,,,,,,,,,,,,,,,,,,,,,,,,,,,,,,,,,,,,,,,,,
instruc_goal,297928,694.0,32.0,,,,,,,,,,,,,,,,,,,,,,,,,,,,,,,,,,,,,,,,,,,,,,,,,
instruc_dig,298632,703.0,65.0,,100.0,,,,,,,,,,,,,,,,,,,,,,,,,,,,,,,,,,,,,,,,,,,,,,,
dig_instruc,300635,,,,,[],,,,,,,,,,,,,,,,,,,,,,,,,,,,,,,,,,,,,,,,,,,,,,
harvest_instruc,302136,,,,,,,,,,,,,,,,,,,,,,,,,,,,,,,,,,,,,,,,,,,,,,,,,,,
instruc_travel,302440,302.0,76.0,,,,,,,,,,,,,,,,,,,,,,,,,,,,,,,,,,,,,,,,,,,,,,,,,
travel_prac,312450,,,,,[],0,,,,,,,,,,,,,,,,,,,,,,,,,,,,,,,,,,,,,,,,,,,,,
time_out,314344,1891.0,32.0,,,,,,,,,,,,,,,,,,,,,,,,,,,,,,,,,,,,,,,,,,,,,,,,,
instruc_break,319449,5103.0,32.0,,,,,,,,,,,,,,,,,,,,,,,,,,,,,,,,,,,,,,,,,,,,,,,,,
quiz_prac,329771,10320.0,,,,{Q0:C,Q1:B,Q2:B},,,,,,,,,,,,,,,,,,,,,,,,,,,,,,,,,,,,,,,,,,,,
quiz_correct,330794,1019.0,,,,{Q0:C,Q1:B,Q2:B},,,,,,,,,,,,,,,,,,,,,,,,,,,,,,,,,,,,,,,,,,,,
instruc_prac_game,331706,911.0,32.0,,,,,,,,,,,,,,,,,,,,,,,,,,,,,,,,,,,,,,,,,,,,,,,,,
alien_welcome_prac,336707,,,,,,,,,,,,,,,,,,,,,,,,,,,,,,,,,,,,,,,,,,,,,,,,,,,
land_prac,337208,,,,95.0,,0,,,,,,,,,,,,,,,,,,,,,,,,,,,,,,,,,,,,,,,,,,,,,
dig_prac,339211,,,,,[],,,,,,,,,,,,,,,,,,,,,,,,,,,,,,,,,,,,,,,,,,,,,,
harvest_prac,340713,,,,,,,,,,,,,,,,,,,,,,,,,,,,,,,,,,,,,,,,,,,,,,,,,,,
decision_prac,341273,559.0,65.0,,,,,1,,,,,,,,,,,,,,,,,,,,,,,,,,,,,,,,,,,,,,,,,,,,
dig_prac,343279,,,,,[],,,,,,,,,,,,,,,,,,,,,,,,,,,,,,,,,,,,,,,,,,,,,,
harvest_prac,344780,,,,,,,,,,,,,,,,,,,,,,,,,,,,,,,,,,,,,,,,,,,,,,,,,,,
decision_prac,344785,4.0,65.0,,,,,2,,,,,,,,,,,,,,,,,,,,,,,,,,,,,,,,,,,,,,,,,,,,
dig_prac,346791,,,,,[],,,,,,,,,,,,,,,,,,,,,,,,,,,,,,,,,,,,,,,,,,,,,,
harvest_prac,348291,,,,,,,,,,,,,,,,,,,,,,,,,,,,,,,,,,,,,,,,,,,,,,,,,,,
decision_prac,348754,461.0,65.0,,,,,3,,,,,,,,,,,,,,,,,,,,,,,,,,,,,,,,,,,,,,,,,,,,
dig_prac,350759,,,,,[],,,,,,,,,,,,,,,,,,,,,,,,,,,,,,,,,,,,,,,,,,,,,,
harvest_prac,352292,,,,,,,,,,,,,,,,,,,,,,,,,,,,,,,,,,,,,,,,,,,,,,,,,,,
decision_prac,353697,1405.0,76.0,,,,,4,,,,,,,,,,,,,,,,,,,,,,,,,,,,,,,,,,,,,,,,,,,,
travel,362298,,,,,[],0,,,,,,,,,,,,,,,,,,,,,,,,,,,,,,,,,,,,,,,,,,,,,
alien_welcome_prac,367299,,,,,,,,,,,,,,,,,,,,,,,,,,,,,,,,,,,,,,,,,,,,,,,,,,,
land_prac,367801,,,,101.0,,0,,,,,,,,,,,,,,,,,,,,,,,,,,,,,,,,,,,,,,,,,,,,,
dig_prac,369805,,,,,[],,,,,,,,,,,,,,,,,,,,,,,,,,,,,,,,,,,,,,,,,,,,,,
harvest_prac,371306,,,,,,,,,,,,,,,,,,,,,,,,,,,,,,,,,,,,,,,,,,,,,,,,,,,
decision_prac,371585,277.0,65.0,,,,,,1,,,,,,,,,,,,,,,,,,,,,,,,,,,,,,,,,,,,,,,,,,,
instruc_begin_exp,375258,3670.0,,,,,,,1,1,,,,,,,,,,,,,,,,,,,,,,,,,,,,,,,,,,,,,,,,,,
alien_welcome,380267,,,,,,,,,,18,114,97,17,39,37,72.0,35.0,88,1.0,42.0,15.0,8.0,65.0,53.0,21.0,94.0,51.0,103.0,20.0,81.0,46.0,59.0,102.0,73.0,45.0,60.0,44.0,6.0,62.0,98.0,96.0,67.0,118.0,86.0,64.0,52.0,50.0,111.0,4.0,105.0,92.0
land,380769,,,,100.0,,1,,,,,,,,,,,,,,,,,,,,,,,,,,,,,,,,,,,,,,,,,,,,,
dig,382773,,,,,[],1,,,,,,,,,,,,,,,,,,,,,,,,,,,,,,,,,,,,,,,,,,,,,
harvest,384274,,,,27.0,,1,,,,,,100,0.272794253,0.27,,,,,,,,,,,,,,,,,,,,,,,,,,,,,,,,,,,,,
decision,384505,230.0,65.0,,27.0,,1,,,,,,,,,9247,1.0,0.0,FALSE,,,,,,,,,,,,,,,,,,,,,,,,,,,,,,,,,
dig,386284,,,,,[],1,,,,,,,,,,,,,,,,,,,,,,,,,,,,,,,,,,,,,,,,,,,,,
harvest,387785,,,,4.0,,1,,,,,,27,0.156681208,0.148148148,,,,,,,,,,,,,,,,,,,,,,,,,,,,,,,,,,,,,
decision,388105,319.0,65.0,,4.0,,1,,,,,,,,,12846,1.0,1.0,FALSE,,,,,,,,,,,,,,,,,,,,,,,,,,,,,,,,,
dig,389791,,,,,[],1,,,,,,,,,,,,,,,,,,,,,,,,,,,,,,,,,,,,,,,,,,,,,
harvest,391292,,,,1.0,,1,,,,,,4,0.19733278,0.25,,,,,,,,,,,,,,,,,,,,,,,,,,,,,,,,,,,,,
decision,391450,156.0,65.0,,1.0,,1,,,,,,,,,16191,1.0,2.0,FALSE,,,,,,,,,,,,,,,,,,,,,,,,,,,,,,,,,
dig,393297,,,,,[],1,,,,,,,,,,,,,,,,,,,,,,,,,,,,,,,,,,,,,,,,,,,,,
harvest,394798,,,,0.0,,1,,,,,,1,0.22857346,0,,,,,,,,,,,,,,,,,,,,,,,,,,,,,,,,,,,,,
decision,394937,138.0,65.0,,0.0,,1,,,,,,,,,19677,1.0,3.0,FALSE,,,,,,,,,,,,,,,,,,,,,,,,,,,,,,,,,
dig,396801,,,,,[],1,,,,,,,,,,,,,,,,,,,,,,,,,,,,,,,,,,,,,,,,,,,,,
harvest,398303,,,,0.0,,1,,,,,,0,0.191826048,,,,,,,,,,,,,,,,,,,,,,,,,,,,,,,,,,,,,,
decision,398458,154.0,65.0,,0.0,,1,,,,,,,,,23199,1.0,4.0,FALSE,,,,,,,,,,,,,,,,,,,,,,,,,,,,,,,,,
dig,400308,,,,,[],1,,,,,,,,,,,,,,,,,,,,,,,,,,,,,,,,,,,,,,,,,,,,,
harvest,401810,,,,0.0,,1,,,,,,0,0.1818879,,,,,,,,,,,,,,,,,,,,,,,,,,,,,,,,,,,,,,
decision,403793,1982.0,76.0,,0.0,,1,,,,,,,,,28534,1.0,5.0,TRUE,,,,,,,,,,,,,,,,,,,,,,,,,,,,,,,,,
travel,411808,,,,,[],1,,,,,,,,,,,,,,,,,,,,,,,,,,,,,,,,,,,,,,,,,,,,,
alien_welcome,416809,,,,,,,,,,58,114,97,17,39,37,72.0,35.0,88,1.0,42.0,15.0,8.0,65.0,53.0,21.0,94.0,51.0,103.0,20.0,81.0,46.0,59.0,102.0,73.0,45.0,60.0,44.0,6.0,62.0,98.0,96.0,67.0,118.0,86.0,64.0,52.0,50.0,111.0,4.0,105.0,92.0
land,417310,,,,92.0,,2,,,,,,,,,,,,,,,,,,,,,,,,,,,,,,,,,,,,,,,,,,,,,
dig,419314,,,,,[],2,,,,,,,,,,,,,,,,,,,,,,,,,,,,,,,,,,,,,,,,,,,,,
harvest,420815,,,,21.0,,2,,,,,,92,0.225475071,0.22826087,,,,,,,,,,,,,,,,,,,,,,,,,,,,,,,,,,,,,
decision,421113,297.0,65.0,,21.0,,2,,,,,,,,,45853,1.0,0.0,FALSE,,,,,,,,,,,,,,,,,,,,,,,,,,,,,,,,,
dig,422817,,,,,[],2,,,,,,,,,,,,,,,,,,,,,,,,,,,,,,,,,,,,,,,,,,,,,
harvest,424326,,,,5.0,,2,,,,,,21,0.252015979,0.238095238,,,,,,,,,,,,,,,,,,,,,,,,,,,,,,,,,,,,,
decision,424513,185.0,65.0,,5.0,,2,,,,,,,,,49254,1.0,1.0,FALSE,,,,,,,,,,,,,,,,,,,,,,,,,,,,,,,,,
dig,426335,,,,,[],2,,,,,,,,,,,,,,,,,,,,,,,,,,,,,,,,,,,,,,,,,,,,,
harvest,427836,,,,1.0,,2,,,,,,5,0.220889927,0.2,,,,,,,,,,,,,,,,,,,,,,,,,,,,,,,,,,,,,
decision,427865,28.0,65.0,,1.0,,2,,,,,,,,,52605,1.0,2.0,FALSE,,,,,,,,,,,,,,,,,,,,,,,,,,,,,,,,,
dig,429840,,,,,[],2,,,,,,,,,,,,,,,,,,,,,,,,,,,,,,,,,,,,,,,,,,,,,
harvest,431342,,,,0.0,,2,,,,,,1,0.15063242,0,,,,,,,,,,,,,,,,,,,,,,,,,,,,,,,,,,,,,
decision,431441,98.0,65.0,,0.0,,2,,,,,,,,,56181,1.0,3.0,FALSE,,,,,,,,,,,,,,,,,,,,,,,,,,,,,,,,,
dig,433350,,,,,[],2,,,,,,,,,,,,,,,,,,,,,,,,,,,,,,,,,,,,,,,,,,,,,
harvest,434852,,,,0.0,,2,,,,,,0,0.276063654,,,,,,,,,,,,,,,,,,,,,,,,,,,,,,,,,,,,,,
decision,436178,1325.0,76.0,,0.0,,2,,,,,,,,,60919,1.0,4.0,TRUE,,,,,,,,,,,,,,,,,,,,,,,,,,,,,,,,,
travel,444851,,,,,[],2,,,,,,,,,,,,,,,,,,,,,,,,,,,,,,,,,,,,,,,,,,,,,
alien_welcome,449853,,,,,,,,,,93,114,97,17,39,37,72.0,35.0,88,1.0,42.0,15.0,8.0,65.0,53.0,21.0,94.0,51.0,103.0,20.0,81.0,46.0,59.0,102.0,73.0,45.0,60.0,44.0,6.0,62.0,98.0,96.0,67.0,118.0,86.0,64.0,52.0,50.0,111.0,4.0,105.0,92.0
land,450354,,,,104.0,,3,,,,,,,,,,,,,,,,,,,,,,,,,,,,,,,,,,,,,,,,,,,,,
dig,452358,,,,,[],3,,,,,,,,,,,,,,,,,,,,,,,,,,,,,,,,,,,,,,,,,,,,,
harvest,453859,,,,57.0,,3,,,,,,104,0.550202956,0.548076923,,,,,,,,,,,,,,,,,,,,,,,,,,,,,,,,,,,,,
decision,453945,85.0,65.0,,57.0,,3,,,,,,,,,78685,1.0,0.0,FALSE,,,,,,,,,,,,,,,,,,,,,,,,,,,,,,,,,
dig,455863,,,,,[],3,,,,,,,,,,,,,,,,,,,,,,,,,,,,,,,,,,,,,,,,,,,,,
harvest,457364,,,,26.0,,3,,,,,,57,0.458141195,0.456140351,,,,,,,,,,,,,,,,,,,,,,,,,,,,,,,,,,,,,
decision,457433,68.0,65.0,,26.0,,3,,,,,,,,,82173,1.0,1.0,FALSE,,,,,,,,,,,,,,,,,,,,,,,,,,,,,,,,,
dig,459370,,,,,[],3,,,,,,,,,,,,,,,,,,,,,,,,,,,,,,,,,,,,,,,,,,,,,
harvest,460882,,,,13.0,,3,,,,,,26,0.514535845,0.5,,,,,,,,,,,,,,,,,,,,,,,,,,,,,,,,,,,,,
decision,461002,118.0,65.0,,13.0,,3,,,,,,,,,85742,1.0,2.0,FALSE,,,,,,,,,,,,,,,,,,,,,,,,,,,,,,,,,
dig,462898,,,,,[],3,,,,,,,,,,,,,,,,,,,,,,,,,,,,,,,,,,,,,,,,,,,,,
harvest,464401,,,,6.0,,3,,,,,,13,0.481768954,0.461538462,,,,,,,,,,,,,,,,,,,,,,,,,,,,,,,,,,,,,
decision,465345,942.0,76.0,,6.0,,3,,,,,,,,,90086,1.0,3.0,TRUE,,,,,,,,,,,,,,,,,,,,,,,,,,,,,,,,,
travel,474466,,,,,[],3,,,,,,,,,,,,,,,,,,,,,,,,,,,,,,,,,,,,,,,,,,,,,
alien_welcome,479467,,,,,,,,,,106,114,97,17,39,37,72.0,35.0,88,1.0,42.0,15.0,8.0,65.0,53.0,21.0,94.0,51.0,103.0,20.0,81.0,46.0,59.0,102.0,73.0,45.0,60.0,44.0,6.0,62.0,98.0,96.0,67.0,118.0,86.0,64.0,52.0,50.0,111.0,4.0,105.0,92.0
land,479968,,,,98.0,,4,,,,,,,,,,,,,,,,,,,,,,,,,,,,,,,,,,,,,,,,,,,,,
dig,481971,,,,,[],4,,,,,,,,,,,,,,,,,,,,,,,,,,,,,,,,,,,,,,,,,,,,,
harvest,483472,,,,45.0,,4,,,,,,98,0.462698656,0.459183673,,,,,,,,,,,,,,,,,,,,,,,,,,,,,,,,,,,,,
decision,483522,48.0,65.0,,45.0,,4,,,,,,,,,108262,1.0,0.0,FALSE,,,,,,,,,,,,,,,,,,,,,,,,,,,,,,,,,
dig,485478,,,,,[],4,,,,,,,,,,,,,,,,,,,,,,,,,,,,,,,,,,,,,,,,,,,,,
harvest,486994,,,,25.0,,4,,,,,,45,0.544702115,0.555555556,,,,,,,,,,,,,,,,,,,,,,,,,,,,,,,,,,,,,
decision,487337,341.0,65.0,,25.0,,4,,,,,,,,,112077,1.0,1.0,FALSE,,,,,,,,,,,,,,,,,,,,,,,,,,,,,,,,,
dig,489003,,,,,[],4,,,,,,,,,,,,,,,,,,,,,,,,,,,,,,,,,,,,,,,,,,,,,
harvest,490504,,,,11.0,,4,,,,,,25,0.445349462,0.44,,,,,,,,,,,,,,,,,,,,,,,,,,,,,,,,,,,,,
decision,490633,128.0,65.0,,11.0,,4,,,,,,,,,115373,1.0,2.0,FALSE,,,,,,,,,,,,,,,,,,,,,,,,,,,,,,,,,
dig,492513,,,,,[],4,,,,,,,,,,,,,,,,,,,,,,,,,,,,,,,,,,,,,,,,,,,,,
harvest,494014,,,,4.0,,4,,,,,,11,0.40517871,0.363636364,,,,,,,,,,,,,,,,,,,,,,,,,,,,,,,,,,,,,
decision,496016,,,,4.0,,4,,,,,,,,,120756,1.0,3.0,FALSE,,,,,,,,,,,,,,,,,,,,,,,,,,,,,,,,,
time_out,498019,,,,4.0,,,,,,,,,,,,,,,,,,,,,,,,,,,,,,,,,,,,,,,,,,,,,,,
decision,498577,556.0,76.0,,4.0,,4,,,,,,,,,123317,1.0,3.0,TRUE,,,,,,,,,,,,,,,,,,,,,,,,,,,,,,,,,
travel,508022,,,,,[],4,,,,,,,,,,,,,,,,,,,,,,,,,,,,,,,,,,,,,,,,,,,,,
alien_welcome,513023,,,,,,,,,,70,114,97,17,39,37,72.0,35.0,88,1.0,42.0,15.0,8.0,65.0,53.0,21.0,94.0,51.0,103.0,20.0,81.0,46.0,59.0,102.0,73.0,45.0,60.0,44.0,6.0,62.0,98.0,96.0,67.0,118.0,86.0,64.0,52.0,50.0,111.0,4.0,105.0,92.0
land,513525,,,,99.0,,5,,,,,,,,,,,,,,,,,,,,,,,,,,,,,,,,,,,,,,,,,,,,,
dig,515529,,,,,[],5,,,,,,,,,,,,,,,,,,,,,,,,,,,,,,,,,,,,,,,,,,,,,
harvest,517030,,,,47.0,,5,,,,,,99,0.477399407,0.474747475,,,,,,,,,,,,,,,,,,,,,,,,,,,,,,,,,,,,,
decision,517249,218.0,65.0,,47.0,,5,,,,,,,,,141989,1.0,0.0,FALSE,,,,,,,,,,,,,,,,,,,,,,,,,,,,,,,,,
dig,519037,,,,,[],5,,,,,,,,,,,,,,,,,,,,,,,,,,,,,,,,,,,,,,,,,,,,,
harvest,520538,,,,23.0,,5,,,,,,47,0.487927892,0.489361702,,,,,,,,,,,,,,,,,,,,,,,,,,,,,,,,,,,,,
decision,520617,77.0,65.0,,23.0,,5,,,,,,,,,145357,1.0,1.0,FALSE,,,,,,,,,,,,,,,,,,,,,,,,,,,,,,,,,
dig,522546,,,,,[],5,,,,,,,,,,,,,,,,,,,,,,,,,,,,,,,,,,,,,,,,,,,,,
harvest,524061,,,,11.0,,5,,,,,,23,0.459712728,0.47826087,,,,,,,,,,,,,,,,,,,,,,,,,,,,,,,,,,,,,
decision,524337,274.0,65.0,,11.0,,5,,,,,,,,,149077,1.0,2.0,FALSE,,,,,,,,,,,,,,,,,,,,,,,,,,,,,,,,,
dig,526072,,,,,[],5,,,,,,,,,,,,,,,,,,,,,,,,,,,,,,,,,,,,,,,,,,,,,
harvest,527580,,,,7.0,,5,,,,,,11,0.594824815,0.636363636,,,,,,,,,,,,,,,,,,,,,,,,,,,,,,,,,,,,,
decision,528393,809.0,76.0,,7.0,,5,,,,,,,,,153133,1.0,3.0,TRUE,,,,,,,,,,,,,,,,,,,,,,,,,,,,,,,,,
travel,537589,,,,,[],5,,,,,,,,,,,,,,,,,,,,,,,,,,,,,,,,,,,,,,,,,,,,,
alien_welcome,542590,,,,,,,,,,61,114,97,17,39,37,72.0,35.0,88,1.0,42.0,15.0,8.0,65.0,53.0,21.0,94.0,51.0,103.0,20.0,81.0,46.0,59.0,102.0,73.0,45.0,60.0,44.0,6.0,62.0,98.0,96.0,67.0,118.0,86.0,64.0,52.0,50.0,111.0,4.0,105.0,92.0
land,543091,,,,103.0,,6,,,,,,,,,,,,,,,,,,,,,,,,,,,,,,,,,,,,,,,,,,,,,
dig,545096,,,,,[],6,,,,,,,,,,,,,,,,,,,,,,,,,,,,,,,,,,,,,,,,,,,,,
harvest,546601,,,,72.0,,6,,,,,,103,0.698668056,0.699029126,,,,,,,,,,,,,,,,,,,,,,,,,,,,,,,,,,,,,
decision,546681,79.0,65.0,,72.0,,6,,,,,,,,,171422,1.0,0.0,FALSE,,,,,,,,,,,,,,,,,,,,,,,,,,,,,,,,,
dig,548606,,,,,[],6,,,,,,,,,,,,,,,,,,,,,,,,,,,,,,,,,,,,,,,,,,,,,
harvest,550107,,,,60.0,,6,,,,,,72,0.83042006,0.833333333,,,,,,,,,,,,,,,,,,,,,,,,,,,,,,,,,,,,,
decision,550337,228.0,65.0,,60.0,,6,,,,,,,,,175077,1.0,1.0,FALSE,,,,,,,,,,,,,,,,,,,,,,,,,,,,,,,,,
dig,552113,,,,,[],6,,,,,,,,,,,,,,,,,,,,,,,,,,,,,,,,,,,,,,,,,,,,,
harvest,553614,,,,41.0,,6,,,,,,60,0.675145217,0.683333333,,,,,,,,,,,,,,,,,,,,,,,,,,,,,,,,,,,,,
decision,554089,474.0,65.0,,41.0,,6,,,,,,,,,178829,1.0,2.0,FALSE,,,,,,,,,,,,,,,,,,,,,,,,,,,,,,,,,
dig,555619,,,,,[],6,,,,,,,,,,,,,,,,,,,,,,,,,,,,,,,,,,,,,,,,,,,,,
harvest,557121,,,,33.0,,6,,,,,,41,0.801174833,0.804878049,,,,,,,,,,,,,,,,,,,,,,,,,,,,,,,,,,,,,
decision,557147,24.0,65.0,,33.0,,6,,,,,,,,,181887,1.0,3.0,FALSE,,,,,,,,,,,,,,,,,,,,,,,,,,,,,,,,,
dig,559126,,,,,[],6,,,,,,,,,,,,,,,,,,,,,,,,,,,,,,,,,,,,,,,,,,,,,
harvest,560627,,,,26.0,,6,,,,,,33,0.801165454,0.787878788,,,,,,,,,,,,,,,,,,,,,,,,,,,,,,,,,,,,,
decision,560761,133.0,65.0,,26.0,,6,,,,,,,,,185501,1.0,4.0,FALSE,,,,,,,,,,,,,,,,,,,,,,,,,,,,,,,,,
dig,562631,,,,,[],6,,,,,,,,,,,,,,,,,,,,,,,,,,,,,,,,,,,,,,,,,,,,,
harvest,564145,,,,20.0,,6,,,,,,26,0.782559363,0.769230769,,,,,,,,,,,,,,,,,,,,,,,,,,,,,,,,,,,,,
decision,564858,711.0,76.0,,20.0,,6,,,,,,,,,189598,1.0,5.0,TRUE,,,,,,,,,,,,,,,,,,,,,,,,,,,,,,,,,
travel,574159,,,,,[],6,,,,,,,,,,,,,,,,,,,,,,,,,,,,,,,,,,,,,,,,,,,,,
alien_welcome,579164,,,,,,,,,,95,114,97,17,39,37,72.0,35.0,88,1.0,42.0,15.0,8.0,65.0,53.0,21.0,94.0,51.0,103.0,20.0,81.0,46.0,59.0,102.0,73.0,45.0,60.0,44.0,6.0,62.0,98.0,96.0,67.0,118.0,86.0,64.0,52.0,50.0,111.0,4.0,105.0,92.0
land,579665,,,,108.0,,7,,,,,,,,,,,,,,,,,,,,,,,,,,,,,,,,,,,,,,,,,,,,,
dig,581670,,,,,[],7,,,,,,,,,,,,,,,,,,,,,,,,,,,,,,,,,,,,,,,,,,,,,
harvest,583172,,,,92.0,,7,,,,,,108,0.854036932,0.851851852,,,,,,,,,,,,,,,,,,,,,,,,,,,,,,,,,,,,,
decision,583241,68.0,65.0,,92.0,,7,,,,,,,,,207982,1.0,0.0,FALSE,,,,,,,,,,,,,,,,,,,,,,,,,,,,,,,,,
dig,585178,,,,,[],7,,,,,,,,,,,,,,,,,,,,,,,,,,,,,,,,,,,,,,,,,,,,,
harvest,586679,,,,71.0,,7,,,,,,92,0.769751466,0.77173913,,,,,,,,,,,,,,,,,,,,,,,,,,,,,,,,,,,,,
decision,587073,393.0,65.0,,71.0,,7,,,,,,,,,211814,1.0,1.0,FALSE,,,,,,,,,,,,,,,,,,,,,,,,,,,,,,,,,
dig,588685,,,,,[],7,,,,,,,,,,,,,,,,,,,,,,,,,,,,,,,,,,,,,,,,,,,,,
harvest,590186,,,,62.0,,7,,,,,,71,0.872582799,0.873239437,,,,,,,,,,,,,,,,,,,,,,,,,,,,,,,,,,,,,
decision,590257,70.0,65.0,,62.0,,7,,,,,,,,,214997,1.0,2.0,FALSE,,,,,,,,,,,,,,,,,,,,,,,,,,,,,,,,,
dig,592200,,,,,[],7,,,,,,,,,,,,,,,,,,,,,,,,,,,,,,,,,,,,,,,,,,,,,
harvest,593701,,,,53.0,,7,,,,,,62,0.855249049,0.85483871,,,,,,,,,,,,,,,,,,,,,,,,,,,,,,,,,,,,,
decision,593793,91.0,65.0,,53.0,,7,,,,,,,,,218533,1.0,3.0,FALSE,,,,,,,,,,,,,,,,,,,,,,,,,,,,,,,,,
dig,595707,,,,,[],7,,,,,,,,,,,,,,,,,,,,,,,,,,,,,,,,,,,,,,,,,,,,,
harvest,597208,,,,41.0,,7,,,,,,53,0.77080393,0.773584906,,,,,,,,,,,,,,,,,,,,,,,,,,,,,,,,,,,,,
decision,597513,304.0,65.0,,41.0,,7,,,,,,,,,222253,1.0,4.0,FALSE,,,,,,,,,,,,,,,,,,,,,,,,,,,,,,,,,
dig,599214,,,,,[],7,,,,,,,,,,,,,,,,,,,,,,,,,,,,,,,,,,,,,,,,,,,,,
harvest,600715,,,,34.0,,7,,,,,,41,0.837855677,0.829268293,,,,,,,,,,,,,,,,,,,,,,,,,,,,,,,,,,,,,
decision,600755,38.0,65.0,,34.0,,7,,,,,,,,,225495,1.0,5.0,FALSE,,,,,,,,,,,,,,,,,,,,,,,,,,,,,,,,,
dig,602736,,,,,[],7,,,,,,,,,,,,,,,,,,,,,,,,,,,,,,,,,,,,,,,,,,,,,
harvest,604245,,,,26.0,,7,,,,,,34,0.772153194,0.764705882,,,,,,,,,,,,,,,,,,,,,,,,,,,,,,,,,,,,,
decision,604489,243.0,65.0,,26.0,,7,,,,,,,,,229229,1.0,6.0,FALSE,,,,,,,,,,,,,,,,,,,,,,,,,,,,,,,,,
dig,606255,,,,,[],7,,,,,,,,,,,,,,,,,,,,,,,,,,,,,,,,,,,,,,,,,,,,,
harvest,607755,,,,23.0,,7,,,,,,26,0.87682117,0.884615385,,,,,,,,,,,,,,,,,,,,,,,,,,,,,,,,,,,,,
decision,607969,213.0,65.0,,23.0,,7,,,,,,,,,232709,1.0,7.0,FALSE,,,,,,,,,,,,,,,,,,,,,,,,,,,,,,,,,
dig,609758,,,,,[],7,,,,,,,,,,,,,,,,,,,,,,,,,,,,,,,,,,,,,,,,,,,,,
harvest,611274,,,,20.0,,7,,,,,,23,0.853927697,0.869565217,,,,,,,,,,,,,,,,,,,,,,,,,,,,,,,,,,,,,
decision,611541,263.0,76.0,,20.0,,7,,,,,,,,,236281,1.0,8.0,TRUE,,,,,,,,,,,,,,,,,,,,,,,,,,,,,,,,,
travel,621296,,,,,[],7,,,,,,,,,,,,,,,,,,,,,,,,,,,,,,,,,,,,,,,,,,,,,
alien_welcome,626298,,,,,,,,,,120,114,97,17,39,37,72.0,35.0,88,1.0,42.0,15.0,8.0,65.0,53.0,21.0,94.0,51.0,103.0,20.0,81.0,46.0,59.0,102.0,73.0,45.0,60.0,44.0,6.0,62.0,98.0,96.0,67.0,118.0,86.0,64.0,52.0,50.0,111.0,4.0,105.0,92.0
land,626800,,,,104.0,,8,,,,,,,,,,,,,,,,,,,,,,,,,,,,,,,,,,,,,,,,,,,,,
dig,628805,,,,,[],8,,,,,,,,,,,,,,,,,,,,,,,,,,,,,,,,,,,,,,,,,,,,,
harvest,630307,,,,82.0,,8,,,,,,104,0.79186629,0.788461538,,,,,,,,,,,,,,,,,,,,,,,,,,,,,,,,,,,,,
decision,630521,213.0,65.0,,82.0,,8,,,,,,,,,255262,1.0,0.0,FALSE,,,,,,,,,,,,,,,,,,,,,,,,,,,,,,,,,
dig,632315,,,,,[],8,,,,,,,,,,,,,,,,,,,,,,,,,,,,,,,,,,,,,,,,,,,,,
harvest,633816,,,,64.0,,8,,,,,,82,0.785216839,0.780487805,,,,,,,,,,,,,,,,,,,,,,,,,,,,,,,,,,,,,
decision,633850,32.0,65.0,,64.0,,8,,,,,,,,,258590,1.0,1.0,FALSE,,,,,,,,,,,,,,,,,,,,,,,,,,,,,,,,,
dig,635826,,,,,[],8,,,,,,,,,,,,,,,,,,,,,,,,,,,,,,,,,,,,,,,,,,,,,
harvest,637330,,,,55.0,,8,,,,,,64,0.862923577,0.859375,,,,,,,,,,,,,,,,,,,,,,,,,,,,,,,,,,,,,
decision,637561,230.0,65.0,,55.0,,8,,,,,,,,,262301,1.0,2.0,FALSE,,,,,,,,,,,,,,,,,,,,,,,,,,,,,,,,,
dig,639339,,,,,[],8,,,,,,,,,,,,,,,,,,,,,,,,,,,,,,,,,,,,,,,,,,,,,
harvest,640840,,,,44.0,,8,,,,,,55,0.795971099,0.8,,,,,,,,,,,,,,,,,,,,,,,,,,,,,,,,,,,,,
decision,640994,153.0,65.0,,44.0,,8,,,,,,,,,265735,1.0,3.0,FALSE,,,,,,,,,,,,,,,,,,,,,,,,,,,,,,,,,
dig,642849,,,,,[],8,,,,,,,,,,,,,,,,,,,,,,,,,,,,,,,,,,,,,,,,,,,,,
harvest,644349,,,,34.0,,8,,,,,,44,0.767046033,0.772727273,,,,,,,,,,,,,,,,,,,,,,,,,,,,,,,,,,,,,
decision,644473,123.0,65.0,,34.0,,8,,,,,,,,,269213,1.0,4.0,FALSE,,,,,,,,,,,,,,,,,,,,,,,,,,,,,,,,,
dig,646353,,,,,[],8,,,,,,,,,,,,,,,,,,,,,,,,,,,,,,,,,,,,,,,,,,,,,
harvest,647854,,,,26.0,,8,,,,,,34,0.751913046,0.764705882,,,,,,,,,,,,,,,,,,,,,,,,,,,,,,,,,,,,,
decision,648534,670.0,76.0,,26.0,,8,,,,,,,,,273275,1.0,5.0,TRUE,,,,,,,,,,,,,,,,,,,,,,,,,,,,,,,,,
travel,657865,,,,,[],8,,,,,,,,,,,,,,,,,,,,,,,,,,,,,,,,,,,,,,,,,,,,,
alien_welcome,662876,,,,,,,,,,108,114,97,17,39,37,72.0,35.0,88,1.0,42.0,15.0,8.0,65.0,53.0,21.0,94.0,51.0,103.0,20.0,81.0,46.0,59.0,102.0,73.0,45.0,60.0,44.0,6.0,62.0,98.0,96.0,67.0,118.0,86.0,64.0,52.0,50.0,111.0,4.0,105.0,92.0
land,663378,,,,111.0,,9,,,,,,,,,,,,,,,,,,,,,,,,,,,,,,,,,,,,,,,,,,,,,
dig,665383,,,,,[],9,,,,,,,,,,,,,,,,,,,,,,,,,,,,,,,,,,,,,,,,,,,,,
harvest,667050,,,,30.0,,9,,,,,,111,0.266378549,0.27027027,,,,,,,,,,,,,,,,,,,,,,,,,,,,,,,,,,,,,
decision,667303,252.0,65.0,,30.0,,9,,,,,,,,,292043,1.0,0.0,FALSE,,,,,,,,,,,,,,,,,,,,,,,,,,,,,,,,,
dig,669055,,,,,[],9,,,,,,,,,,,,,,,,,,,,,,,,,,,,,,,,,,,,,,,,,,,,,
harvest,670556,,,,8.0,,9,,,,,,30,0.25615275,0.266666667,,,,,,,,,,,,,,,,,,,,,,,,,,,,,,,,,,,,,
decision,670874,316.0,76.0,,8.0,,9,,,,,,,,,295614,1.0,1.0,TRUE,,,,,,,,,,,,,,,,,,,,,,,,,,,,,,,,,
travel,680566,,,,,[],9,,,,,,,,,,,,,,,,,,,,,,,,,,,,,,,,,,,,,,,,,,,,,
alien_welcome,685568,,,,,,,,,,115,114,97,17,39,37,72.0,35.0,88,1.0,42.0,15.0,8.0,65.0,53.0,21.0,94.0,51.0,103.0,20.0,81.0,46.0,59.0,102.0,73.0,45.0,60.0,44.0,6.0,62.0,98.0,96.0,67.0,118.0,86.0,64.0,52.0,50.0,111.0,4.0,105.0,92.0
land,686074,,,,99.0,,10,,,,,,,,,,,,,,,,,,,,,,,,,,,,,,,,,,,,,,,,,,,,,
dig,688078,,,,,[],10,,,,,,,,,,,,,,,,,,,,,,,,,,,,,,,,,,,,,,,,,,,,,
harvest,689586,,,,17.0,,10,,,,,,99,0.176722187,0.171717172,,,,,,,,,,,,,,,,,,,,,,,,,,,,,,,,,,,,,
decision,691587,,,,17.0,,10,,,,,,,,,316327,1.0,0.0,FALSE,,,,,,,,,,,,,,,,,,,,,,,,,,,,,,,,,
time_out,693591,,,,17.0,,,,,,,,,,,,,,,,,,,,,,,,,,,,,,,,,,,,,,,,,,,,,,,
decision,695592,,,,17.0,,10,,,,,,,,,320332,1.0,0.0,FALSE,,,,,,,,,,,,,,,,,,,,,,,,,,,,,,,,,
time_out,697596,,,,17.0,,,,,,,,,,,,,,,,,,,,,,,,,,,,,,,,,,,,,,,,,,,,,,,
decision,699597,,,,17.0,,10,,,,,,,,,324337,1.0,0.0,FALSE,,,,,,,,,,,,,,,,,,,,,,,,,,,,,,,,,
time_out,701602,,,,17.0,,,,,,,,,,,,,,,,,,,,,,,,,,,,,,,,,,,,,,,,,,,,,,,
decision,701857,253.0,65.0,,17.0,,10,,,,,,,,,326597,1.0,0.0,FALSE,,,,,,,,,,,,,,,,,,,,,,,,,,,,,,,,,
dig,703610,,,,,[],10,,,,,,,,,,,,,,,,,,,,,,,,,,,,,,,,,,,,,,,,,,,,,
harvest,705111,,,,5.0,,10,,,,,,17,0.315297607,0.294117647,,,,,,,,,,,,,,,,,,,,,,,,,,,,,,,,,,,,,
decision,705658,544.0,76.0,,5.0,,10,,,,,,,,,330398,1.0,1.0,TRUE,,,,,,,,,,,,,,,,,,,,,,,,,,,,,,,,,
travel,715115,,,,,[],10,,,,,,,,,,,,,,,,,,,,,,,,,,,,,,,,,,,,,,,,,,,,,
alien_welcome,720119,,,,,,,,,,31,114,97,17,39,37,72.0,35.0,88,1.0,42.0,15.0,8.0,65.0,53.0,21.0,94.0,51.0,103.0,20.0,81.0,46.0,59.0,102.0,73.0,45.0,60.0,44.0,6.0,62.0,98.0,96.0,67.0,118.0,86.0,64.0,52.0,50.0,111.0,4.0,105.0,92.0
land,720622,,,,83.0,,11,,,,,,,,,,,,,,,,,,,,,,,,,,,,,,,,,,,,,,,,,,,,,
dig,722628,,,,,[],11,,,,,,,,,,,,,,,,,,,,,,,,,,,,,,,,,,,,,,,,,,,,,
harvest,724130,,,,15.0,,11,,,,,,83,0.176206872,0.180722892,,,,,,,,,,,,,,,,,,,,,,,,,,,,,,,,,,,,,
decision,724258,126.0,65.0,,15.0,,11,,,,,,,,,348998,1.0,0.0,FALSE,,,,,,,,,,,,,,,,,,,,,,,,,,,,,,,,,
dig,726139,,,,,[],11,,,,,,,,,,,,,,,,,,,,,,,,,,,,,,,,,,,,,,,,,,,,,
harvest,727641,,,,2.0,,11,,,,,,15,0.146297295,0.133333333,,,,,,,,,,,,,,,,,,,,,,,,,,,,,,,,,,,,,
decision,727978,336.0,76.0,,2.0,,11,,,,,,,,,352718,1.0,1.0,TRUE,,,,,,,,,,,,,,,,,,,,,,,,,,,,,,,,,
travel,737641,,,,,[],11,,,,,,,,,,,,,,,,,,,,,,,,,,,,,,,,,,,,,,,,,,,,,
alien_welcome,742646,,,,,,,,,,9,114,97,17,39,37,72.0,35.0,88,1.0,42.0,15.0,8.0,65.0,53.0,21.0,94.0,51.0,103.0,20.0,81.0,46.0,59.0,102.0,73.0,45.0,60.0,44.0,6.0,62.0,98.0,96.0,67.0,118.0,86.0,64.0,52.0,50.0,111.0,4.0,105.0,92.0
land,743167,,,,104.0,,12,,,,,,,,,,,,,,,,,,,,,,,,,,,,,,,,,,,,,,,,,,,,,
dig,745171,,,,,[],12,,,,,,,,,,,,,,,,,,,,,,,,,,,,,,,,,,,,,,,,,,,,,
harvest,746672,,,,16.0,,12,,,,,,104,0.157918404,0.153846154,,,,,,,,,,,,,,,,,,,,,,,,,,,,,,,,,,,,,
decision,746776,103.0,65.0,,16.0,,12,,,,,,,,,371517,1.0,0.0,TRUE,,,,,,,,,,,,,,,,,,,,,,,,,,,,,,,,,
catch,750936,4156.0,90.0,,16.0,,,,,,,,,,,,,,,,,,,,,,,,,,,,,,,,,,,,,,,,,,,,,,,
end_of_block,755392,4454.0,32.0,,,,,,,,,,,,,,,,,,,,,,,,,,,,,,,,,,,,,,,,,,,,,,,,,
alien_welcome,760429,,,,,,,,,,34,114,97,17,39,37,72.0,35.0,88,1.0,42.0,15.0,8.0,65.0,53.0,21.0,94.0,51.0,103.0,20.0,81.0,46.0,59.0,102.0,73.0,45.0,60.0,44.0,6.0,62.0,98.0,96.0,67.0,118.0,86.0,64.0,52.0,50.0,111.0,4.0,105.0,92.0
land,760930,,,,107.0,,13,,,,,,,,,,,,,,,,,,,,,,,,,,,,,,,,,,,,,,,,,,,,,
dig,762934,,,,,[],13,,,,,,,,,,,,,,,,,,,,,,,,,,,,,,,,,,,,,,,,,,,,,
harvest,764483,,,,20.0,,13,,,,,,107,0.186757842,0.186915888,,,,,,,,,,,,,,,,,,,,,,,,,,,,,,,,,,,,,
decision,764931,446.0,65.0,,20.0,,13,,,,,,,,,9536,2.0,0.0,FALSE,,,,,,,,,,,,,,,,,,,,,,,,,,,,,,,,,
dig,766492,,,,,[],13,,,,,,,,,,,,,,,,,,,,,,,,,,,,,,,,,,,,,,,,,,,,,
harvest,767993,,,,3.0,,13,,,,,,20,0.148744823,0.15,,,,,,,,,,,,,,,,,,,,,,,,,,,,,,,,,,,,,
decision,768385,390.0,76.0,,3.0,,13,,,,,,,,,12990,2.0,1.0,TRUE,,,,,,,,,,,,,,,,,,,,,,,,,,,,,,,,,
travel,777997,,,,,[],13,,,,,,,,,,,,,,,,,,,,,,,,,,,,,,,,,,,,,,,,,,,,,
alien_welcome,782998,,,,,,,,,,113,114,97,17,39,37,72.0,35.0,88,1.0,42.0,15.0,8.0,65.0,53.0,21.0,94.0,51.0,103.0,20.0,81.0,46.0,59.0,102.0,73.0,45.0,60.0,44.0,6.0,62.0,98.0,96.0,67.0,118.0,86.0,64.0,52.0,50.0,111.0,4.0,105.0,92.0
land,783500,,,,99.0,,14,,,,,,,,,,,,,,,,,,,,,,,,,,,,,,,,,,,,,,,,,,,,,
dig,785507,,,,,[],14,,,,,,,,,,,,,,,,,,,,,,,,,,,,,,,,,,,,,,,,,,,,,
harvest,787008,,,,23.0,,14,,,,,,99,0.236446249,0.232323232,,,,,,,,,,,,,,,,,,,,,,,,,,,,,,,,,,,,,
decision,787208,199.0,65.0,,23.0,,14,,,,,,,,,31814,2.0,0.0,FALSE,,,,,,,,,,,,,,,,,,,,,,,,,,,,,,,,,
dig,789016,,,,,[],14,,,,,,,,,,,,,,,,,,,,,,,,,,,,,,,,,,,,,,,,,,,,,
harvest,790517,,,,5.0,,14,,,,,,23,0.230158484,0.217391304,,,,,,,,,,,,,,,,,,,,,,,,,,,,,,,,,,,,,
decision,791640,1121.0,76.0,,5.0,,14,,,,,,,,,36246,2.0,1.0,TRUE,,,,,,,,,,,,,,,,,,,,,,,,,,,,,,,,,
travel,800522,,,,,[],14,,,,,,,,,,,,,,,,,,,,,,,,,,,,,,,,,,,,,,,,,,,,,
alien_welcome,805579,,,,,,,,,,57,114,97,17,39,37,72.0,35.0,88,1.0,42.0,15.0,8.0,65.0,53.0,21.0,94.0,51.0,103.0,20.0,81.0,46.0,59.0,102.0,73.0,45.0,60.0,44.0,6.0,62.0,98.0,96.0,67.0,118.0,86.0,64.0,52.0,50.0,111.0,4.0,105.0,92.0
land,806081,,,,100.0,,15,,,,,,,,,,,,,,,,,,,,,,,,,,,,,,,,,,,,,,,,,,,,,
dig,808087,,,,,[],15,,,,,,,,,,,,,,,,,,,,,,,,,,,,,,,,,,,,,,,,,,,,,
harvest,809588,,,,14.0,,15,,,,,,100,0.144185041,0.14,,,,,,,,,,,,,,,,,,,,,,,,,,,,,,,,,,,,,
decision,809874,284.0,65.0,,14.0,,15,,,,,,,,,54479,2.0,0.0,FALSE,,,,,,,,,,,,,,,,,,,,,,,,,,,,,,,,,
dig,811598,,,,,[],15,,,,,,,,,,,,,,,,,,,,,,,,,,,,,,,,,,,,,,,,,,,,,
harvest,813165,,,,3.0,,15,,,,,,14,0.221732075,0.214285714,,,,,,,,,,,,,,,,,,,,,,,,,,,,,,,,,,,,,
decision,813651,484.0,76.0,,3.0,,15,,,,,,,,,58256,2.0,1.0,TRUE,,,,,,,,,,,,,,,,,,,,,,,,,,,,,,,,,
travel,823170,,,,,[],15,,,,,,,,,,,,,,,,,,,,,,,,,,,,,,,,,,,,,,,,,,,,,
alien_welcome,828183,,,,,,,,,,27,114,97,17,39,37,72.0,35.0,88,1.0,42.0,15.0,8.0,65.0,53.0,21.0,94.0,51.0,103.0,20.0,81.0,46.0,59.0,102.0,73.0,45.0,60.0,44.0,6.0,62.0,98.0,96.0,67.0,118.0,86.0,64.0,52.0,50.0,111.0,4.0,105.0,92.0
land,828686,,,,98.0,,16,,,,,,,,,,,,,,,,,,,,,,,,,,,,,,,,,,,,,,,,,,,,,
dig,830698,,,,,[],16,,,,,,,,,,,,,,,,,,,,,,,,,,,,,,,,,,,,,,,,,,,,,
harvest,832201,,,,78.0,,16,,,,,,98,0.796066617,0.795918367,,,,,,,,,,,,,,,,,,,,,,,,,,,,,,,,,,,,,
decision,832601,399.0,65.0,,78.0,,16,,,,,,,,,77207,2.0,0.0,FALSE,,,,,,,,,,,,,,,,,,,,,,,,,,,,,,,,,
dig,834207,,,,,[],16,,,,,,,,,,,,,,,,,,,,,,,,,,,,,,,,,,,,,,,,,,,,,
harvest,835708,,,,69.0,,16,,,,,,78,0.888786718,0.884615385,,,,,,,,,,,,,,,,,,,,,,,,,,,,,,,,,,,,,
decision,837697,1988.0,76.0,,69.0,,16,,,,,,,,,82303,2.0,1.0,TRUE,,,,,,,,,,,,,,,,,,,,,,,,,,,,,,,,,
travel,845714,,,,,[],16,,,,,,,,,,,,,,,,,,,,,,,,,,,,,,,,,,,,,,,,,,,,,
alien_welcome,850725,,,,,,,,,,107,114,97,17,39,37,72.0,35.0,88,1.0,42.0,15.0,8.0,65.0,53.0,21.0,94.0,51.0,103.0,20.0,81.0,46.0,59.0,102.0,73.0,45.0,60.0,44.0,6.0,62.0,98.0,96.0,67.0,118.0,86.0,64.0,52.0,50.0,111.0,4.0,105.0,92.0
land,851259,,,,100.0,,17,,,,,,,,,,,,,,,,,,,,,,,,,,,,,,,,,,,,,,,,,,,,,
dig,853263,,,,,[],17,,,,,,,,,,,,,,,,,,,,,,,,,,,,,,,,,,,,,,,,,,,,,
harvest,854765,,,,78.0,,17,,,,,,100,0.781345978,0.78,,,,,,,,,,,,,,,,,,,,,,,,,,,,,,,,,,,,,
decision,854945,179.0,65.0,,78.0,,17,,,,,,,,,99550,2.0,0.0,FALSE,,,,,,,,,,,,,,,,,,,,,,,,,,,,,,,,,
dig,856772,,,,,[],17,,,,,,,,,,,,,,,,,,,,,,,,,,,,,,,,,,,,,,,,,,,,,
harvest,858274,,,,58.0,,17,,,,,,78,0.742612002,0.743589744,,,,,,,,,,,,,,,,,,,,,,,,,,,,,,,,,,,,,
decision,858649,373.0,76.0,,58.0,,17,,,,,,,,,103255,2.0,1.0,TRUE,,,,,,,,,,,,,,,,,,,,,,,,,,,,,,,,,
travel,868278,,,,,[],17,,,,,,,,,,,,,,,,,,,,,,,,,,,,,,,,,,,,,,,,,,,,,
alien_welcome,873290,,,,,,,,,,66,114,97,17,39,37,72.0,35.0,88,1.0,42.0,15.0,8.0,65.0,53.0,21.0,94.0,51.0,103.0,20.0,81.0,46.0,59.0,102.0,73.0,45.0,60.0,44.0,6.0,62.0,98.0,96.0,67.0,118.0,86.0,64.0,52.0,50.0,111.0,4.0,105.0,92.0
land,873792,,,,101.0,,18,,,,,,,,,,,,,,,,,,,,,,,,,,,,,,,,,,,,,,,,,,,,,
dig,875796,,,,,[],18,,,,,,,,,,,,,,,,,,,,,,,,,,,,,,,,,,,,,,,,,,,,,
harvest,877297,,,,84.0,,18,,,,,,101,0.833048167,0.831683168,,,,,,,,,,,,,,,,,,,,,,,,,,,,,,,,,,,,,
decision,877545,247.0,65.0,,84.0,,18,,,,,,,,,122151,2.0,0.0,FALSE,,,,,,,,,,,,,,,,,,,,,,,,,,,,,,,,,
dig,879306,,,,,[],18,,,,,,,,,,,,,,,,,,,,,,,,,,,,,,,,,,,,,,,,,,,,,
harvest,880807,,,,67.0,,18,,,,,,84,0.796456376,0.797619048,,,,,,,,,,,,,,,,,,,,,,,,,,,,,,,,,,,,,
decision,880874,65.0,65.0,,67.0,,18,,,,,,,,,125479,2.0,1.0,FALSE,,,,,,,,,,,,,,,,,,,,,,,,,,,,,,,,,
dig,882817,,,,,[],18,,,,,,,,,,,,,,,,,,,,,,,,,,,,,,,,,,,,,,,,,,,,,
harvest,884318,,,,53.0,,18,,,,,,67,0.792352487,0.791044776,,,,,,,,,,,,,,,,,,,,,,,,,,,,,,,,,,,,,
decision,884475,155.0,65.0,,53.0,,18,,,,,,,,,129081,2.0,2.0,FALSE,,,,,,,,,,,,,,,,,,,,,,,,,,,,,,,,,
dig,886328,,,,,[],18,,,,,,,,,,,,,,,,,,,,,,,,,,,,,,,,,,,,,,,,,,,,,
harvest,887830,,,,47.0,,18,,,,,,53,0.880653747,0.886792453,,,,,,,,,,,,,,,,,,,,,,,,,,,,,,,,,,,,,
decision,888323,486.0,76.0,,47.0,,18,,,,,,,,,132929,2.0,3.0,TRUE,,,,,,,,,,,,,,,,,,,,,,,,,,,,,,,,,
travel,897842,,,,,[],18,,,,,,,,,,,,,,,,,,,,,,,,,,,,,,,,,,,,,,,,,,,,,
alien_welcome,902845,,,,,,,,,,83,114,97,17,39,37,72.0,35.0,88,1.0,42.0,15.0,8.0,65.0,53.0,21.0,94.0,51.0,103.0,20.0,81.0,46.0,59.0,102.0,73.0,45.0,60.0,44.0,6.0,62.0,98.0,96.0,67.0,118.0,86.0,64.0,52.0,50.0,111.0,4.0,105.0,92.0
land,903347,,,,97.0,,19,,,,,,,,,,,,,,,,,,,,,,,,,,,,,,,,,,,,,,,,,,,,,
dig,905352,,,,,[],19,,,,,,,,,,,,,,,,,,,,,,,,,,,,,,,,,,,,,,,,,,,,,
harvest,906853,,,,80.0,,19,,,,,,97,0.822964096,0.824742268,,,,,,,,,,,,,,,,,,,,,,,,,,,,,,,,,,,,,
decision,906961,107.0,65.0,,80.0,,19,,,,,,,,,151566,2.0,0.0,FALSE,,,,,,,,,,,,,,,,,,,,,,,,,,,,,,,,,
dig,908859,,,,,[],19,,,,,,,,,,,,,,,,,,,,,,,,,,,,,,,,,,,,,,,,,,,,,
harvest,910361,,,,69.0,,19,,,,,,80,0.865409466,0.8625,,,,,,,,,,,,,,,,,,,,,,,,,,,,,,,,,,,,,
decision,910689,327.0,65.0,,69.0,,19,,,,,,,,,155295,2.0,1.0,FALSE,,,,,,,,,,,,,,,,,,,,,,,,,,,,,,,,,
dig,912369,,,,,[],19,,,,,,,,,,,,,,,,,,,,,,,,,,,,,,,,,,,,,,,,,,,,,
harvest,913876,,,,62.0,,19,,,,,,69,0.897746281,0.898550725,,,,,,,,,,,,,,,,,,,,,,,,,,,,,,,,,,,,,
decision,914857,980.0,65.0,,62.0,,19,,,,,,,,,159463,2.0,2.0,FALSE,,,,,,,,,,,,,,,,,,,,,,,,,,,,,,,,,
dig,915885,,,,,[],19,,,,,,,,,,,,,,,,,,,,,,,,,,,,,,,,,,,,,,,,,,,,,
harvest,917386,,,,44.0,,19,,,,,,62,0.706096912,0.709677419,,,,,,,,,,,,,,,,,,,,,,,,,,,,,,,,,,,,,
decision,917665,278.0,76.0,,44.0,,19,,,,,,,,,162271,2.0,3.0,TRUE,,,,,,,,,,,,,,,,,,,,,,,,,,,,,,,,,
travel,927391,,,,,[],19,,,,,,,,,,,,,,,,,,,,,,,,,,,,,,,,,,,,,,,,,,,,,
alien_welcome,932393,,,,,,,,,,74,114,97,17,39,37,72.0,35.0,88,1.0,42.0,15.0,8.0,65.0,53.0,21.0,94.0,51.0,103.0,20.0,81.0,46.0,59.0,102.0,73.0,45.0,60.0,44.0,6.0,62.0,98.0,96.0,67.0,118.0,86.0,64.0,52.0,50.0,111.0,4.0,105.0,92.0
land,932929,,,,89.0,,20,,,,,,,,,,,,,,,,,,,,,,,,,,,,,,,,,,,,,,,,,,,,,
dig,934935,,,,,[],20,,,,,,,,,,,,,,,,,,,,,,,,,,,,,,,,,,,,,,,,,,,,,
harvest,936436,,,,65.0,,20,,,,,,89,0.730540612,0.730337079,,,,,,,,,,,,,,,,,,,,,,,,,,,,,,,,,,,,,
decision,936577,140.0,65.0,,65.0,,20,,,,,,,,,181183,2.0,0.0,FALSE,,,,,,,,,,,,,,,,,,,,,,,,,,,,,,,,,
dig,938446,,,,,[],20,,,,,,,,,,,,,,,,,,,,,,,,,,,,,,,,,,,,,,,,,,,,,
harvest,939972,,,,55.0,,20,,,,,,65,0.842169141,0.846153846,,,,,,,,,,,,,,,,,,,,,,,,,,,,,,,,,,,,,
decision,940146,172.0,65.0,,55.0,,20,,,,,,,,,184751,2.0,1.0,FALSE,,,,,,,,,,,,,,,,,,,,,,,,,,,,,,,,,
dig,941978,,,,,[],20,,,,,,,,,,,,,,,,,,,,,,,,,,,,,,,,,,,,,,,,,,,,,
harvest,943479,,,,38.0,,20,,,,,,55,0.692585979,0.690909091,,,,,,,,,,,,,,,,,,,,,,,,,,,,,,,,,,,,,
decision,943689,209.0,65.0,,38.0,,20,,,,,,,,,188295,2.0,2.0,FALSE,,,,,,,,,,,,,,,,,,,,,,,,,,,,,,,,,
dig,945489,,,,,[],20,,,,,,,,,,,,,,,,,,,,,,,,,,,,,,,,,,,,,,,,,,,,,
harvest,946990,,,,28.0,,20,,,,,,38,0.726900633,0.736842105,,,,,,,,,,,,,,,,,,,,,,,,,,,,,,,,,,,,,
decision,947529,538.0,65.0,,28.0,,20,,,,,,,,,192134,2.0,3.0,FALSE,,,,,,,,,,,,,,,,,,,,,,,,,,,,,,,,,
dig,949035,,,,,[],20,,,,,,,,,,,,,,,,,,,,,,,,,,,,,,,,,,,,,,,,,,,,,
harvest,950536,,,,22.0,,20,,,,,,28,0.77328325,0.785714286,,,,,,,,,,,,,,,,,,,,,,,,,,,,,,,,,,,,,
decision,950778,240.0,76.0,,22.0,,20,,,,,,,,,195383,2.0,4.0,TRUE,,,,,,,,,,,,,,,,,,,,,,,,,,,,,,,,,
travel,960543,,,,,[],20,,,,,,,,,,,,,,,,,,,,,,,,,,,,,,,,,,,,,,,,,,,,,
alien_welcome,965546,,,,,,,,,,28,114,97,17,39,37,72.0,35.0,88,1.0,42.0,15.0,8.0,65.0,53.0,21.0,94.0,51.0,103.0,20.0,81.0,46.0,59.0,102.0,73.0,45.0,60.0,44.0,6.0,62.0,98.0,96.0,67.0,118.0,86.0,64.0,52.0,50.0,111.0,4.0,105.0,92.0
land,966048,,,,98.0,,21,,,,,,,,,,,,,,,,,,,,,,,,,,,,,,,,,,,,,,,,,,,,,
dig,968067,,,,,[],21,,,,,,,,,,,,,,,,,,,,,,,,,,,,,,,,,,,,,,,,,,,,,
harvest,969585,,,,53.0,,21,,,,,,98,0.537015453,0.540816327,,,,,,,,,,,,,,,,,,,,,,,,,,,,,,,,,,,,,
decision,969708,121.0,65.0,,53.0,,21,,,,,,,,,214314,2.0,0.0,FALSE,,,,,,,,,,,,,,,,,,,,,,,,,,,,,,,,,
dig,971619,,,,,[],21,,,,,,,,,,,,,,,,,,,,,,,,,,,,,,,,,,,,,,,,,,,,,
harvest,973121,,,,25.0,,21,,,,,,53,0.467838081,0.471698113,,,,,,,,,,,,,,,,,,,,,,,,,,,,,,,,,,,,,
decision,973241,118.0,65.0,,25.0,,21,,,,,,,,,217847,2.0,1.0,FALSE,,,,,,,,,,,,,,,,,,,,,,,,,,,,,,,,,
dig,975137,,,,,[],21,,,,,,,,,,,,,,,,,,,,,,,,,,,,,,,,,,,,,,,,,,,,,
harvest,976651,,,,11.0,,21,,,,,,25,0.421020344,0.44,,,,,,,,,,,,,,,,,,,,,,,,,,,,,,,,,,,,,
decision,978138,1486.0,76.0,,11.0,,21,,,,,,,,,222743,2.0,2.0,TRUE,,,,,,,,,,,,,,,,,,,,,,,,,,,,,,,,,
travel,986660,,,,,[],21,,,,,,,,,,,,,,,,,,,,,,,,,,,,,,,,,,,,,,,,,,,,,
alien_welcome,991673,,,,,,,,,,85,114,97,17,39,37,72.0,35.0,88,1.0,42.0,15.0,8.0,65.0,53.0,21.0,94.0,51.0,103.0,20.0,81.0,46.0,59.0,102.0,73.0,45.0,60.0,44.0,6.0,62.0,98.0,96.0,67.0,118.0,86.0,64.0,52.0,50.0,111.0,4.0,105.0,92.0
land,992174,,,,97.0,,22,,,,,,,,,,,,,,,,,,,,,,,,,,,,,,,,,,,,,,,,,,,,,
dig,994185,,,,,[],22,,,,,,,,,,,,,,,,,,,,,,,,,,,,,,,,,,,,,,,,,,,,,
harvest,995686,,,,78.0,,22,,,,,,97,0.805638292,0.804123711,,,,,,,,,,,,,,,,,,,,,,,,,,,,,,,,,,,,,
decision,995776,88.0,65.0,,78.0,,22,,,,,,,,,240381,2.0,0.0,FALSE,,,,,,,,,,,,,,,,,,,,,,,,,,,,,,,,,
dig,997694,,,,,[],22,,,,,,,,,,,,,,,,,,,,,,,,,,,,,,,,,,,,,,,,,,,,,
harvest,999214,,,,64.0,,22,,,,,,78,0.816164794,0.820512821,,,,,,,,,,,,,,,,,,,,,,,,,,,,,,,,,,,,,
decision,999329,111.0,65.0,,64.0,,22,,,,,,,,,243934,2.0,1.0,FALSE,,,,,,,,,,,,,,,,,,,,,,,,,,,,,,,,,
dig,1001229,,,,,[],22,,,,,,,,,,,,,,,,,,,,,,,,,,,,,,,,,,,,,,,,,,,,,
harvest,1002730,,,,50.0,,22,,,,,,64,0.78402462,0.78125,,,,,,,,,,,,,,,,,,,,,,,,,,,,,,,,,,,,,
decision,1003008,277.0,76.0,,50.0,,22,,,,,,,,,247614,2.0,2.0,TRUE,,,,,,,,,,,,,,,,,,,,,,,,,,,,,,,,,
travel,1012737,,,,,[],22,,,,,,,,,,,,,,,,,,,,,,,,,,,,,,,,,,,,,,,,,,,,,
alien_welcome,1017738,,,,,,,,,,110,114,97,17,39,37,72.0,35.0,88,1.0,42.0,15.0,8.0,65.0,53.0,21.0,94.0,51.0,103.0,20.0,81.0,46.0,59.0,102.0,73.0,45.0,60.0,44.0,6.0,62.0,98.0,96.0,67.0,118.0,86.0,64.0,52.0,50.0,111.0,4.0,105.0,92.0
land,1018239,,,,101.0,,23,,,,,,,,,,,,,,,,,,,,,,,,,,,,,,,,,,,,,,,,,,,,,
dig,1020244,,,,,[],23,,,,,,,,,,,,,,,,,,,,,,,,,,,,,,,,,,,,,,,,,,,,,
harvest,1021745,,,,84.0,,23,,,,,,101,0.835723546,0.831683168,,,,,,,,,,,,,,,,,,,,,,,,,,,,,,,,,,,,,
decision,1022256,510.0,76.0,,84.0,,23,,,,,,,,,266862,2.0,0.0,TRUE,,,,,,,,,,,,,,,,,,,,,,,,,,,,,,,,,
travel,1031750,,,,,[],23,,,,,,,,,,,,,,,,,,,,,,,,,,,,,,,,,,,,,,,,,,,,,
alien_welcome,1036752,,,,,,,,,,10,114,97,17,39,37,72.0,35.0,88,1.0,42.0,15.0,8.0,65.0,53.0,21.0,94.0,51.0,103.0,20.0,81.0,46.0,59.0,102.0,73.0,45.0,60.0,44.0,6.0,62.0,98.0,96.0,67.0,118.0,86.0,64.0,52.0,50.0,111.0,4.0,105.0,92.0
land,1037263,,,,103.0,,24,,,,,,,,,,,,,,,,,,,,,,,,,,,,,,,,,,,,,,,,,,,,,
dig,1039270,,,,,[],24,,,,,,,,,,,,,,,,,,,,,,,,,,,,,,,,,,,,,,,,,,,,,
harvest,1040772,,,,21.0,,24,,,,,,103,0.200410079,0.203883495,,,,,,,,,,,,,,,,,,,,,,,,,,,,,,,,,,,,,
decision,1041017,243.0,76.0,,21.0,,24,,,,,,,,,285622,2.0,0.0,TRUE,,,,,,,,,,,,,,,,,,,,,,,,,,,,,,,,,
travel,1050784,,,,,[],24,,,,,,,,,,,,,,,,,,,,,,,,,,,,,,,,,,,,,,,,,,,,,
alien_welcome,1055793,,,,,,,,,,84,114,97,17,39,37,72.0,35.0,88,1.0,42.0,15.0,8.0,65.0,53.0,21.0,94.0,51.0,103.0,20.0,81.0,46.0,59.0,102.0,73.0,45.0,60.0,44.0,6.0,62.0,98.0,96.0,67.0,118.0,86.0,64.0,52.0,50.0,111.0,4.0,105.0,92.0
land,1056325,,,,103.0,,25,,,,,,,,,,,,,,,,,,,,,,,,,,,,,,,,,,,,,,,,,,,,,
dig,1058328,,,,,[],25,,,,,,,,,,,,,,,,,,,,,,,,,,,,,,,,,,,,,,,,,,,,,
harvest,1059830,,,,17.0,,25,,,,,,103,0.163773784,0.165048544,,,,,,,,,,,,,,,,,,,,,,,,,,,,,,,,,,,,,
decision,1059858,26.0,65.0,,17.0,,25,,,,,,,,,304463,2.0,0.0,FALSE,,,,,,,,,,,,,,,,,,,,,,,,,,,,,,,,,
dig,1061849,,,,,[],25,,,,,,,,,,,,,,,,,,,,,,,,,,,,,,,,,,,,,,,,,,,,,
harvest,1063354,,,,2.0,,25,,,,,,17,0.139716246,0.117647059,,,,,,,,,,,,,,,,,,,,,,,,,,,,,,,,,,,,,
decision,1064393,1036.0,76.0,,2.0,,25,,,,,,,,,308998,2.0,1.0,TRUE,,,,,,,,,,,,,,,,,,,,,,,,,,,,,,,,,
travel,1073367,,,,,[],25,,,,,,,,,,,,,,,,,,,,,,,,,,,,,,,,,,,,,,,,,,,,,
alien_welcome,1078370,,,,,,,,,,82,114,97,17,39,37,72.0,35.0,88,1.0,42.0,15.0,8.0,65.0,53.0,21.0,94.0,51.0,103.0,20.0,81.0,46.0,59.0,102.0,73.0,45.0,60.0,44.0,6.0,62.0,98.0,96.0,67.0,118.0,86.0,64.0,52.0,50.0,111.0,4.0,105.0,92.0
land,1078873,,,,102.0,,26,,,,,,,,,,,,,,,,,,,,,,,,,,,,,,,,,,,,,,,,,,,,,
dig,1080879,,,,,[],26,,,,,,,,,,,,,,,,,,,,,,,,,,,,,,,,,,,,,,,,,,,,,
harvest,1082381,,,,27.0,,26,,,,,,102,0.264210989,0.264705882,,,,,,,,,,,,,,,,,,,,,,,,,,,,,,,,,,,,,
decision,1082824,442.0,65.0,,27.0,,26,,,,,,,,,327430,2.0,0.0,FALSE,,,,,,,,,,,,,,,,,,,,,,,,,,,,,,,,,
dig,1084396,,,,,[],26,,,,,,,,,,,,,,,,,,,,,,,,,,,,,,,,,,,,,,,,,,,,,
harvest,1085898,,,,4.0,,26,,,,,,27,0.161645129,0.148148148,,,,,,,,,,,,,,,,,,,,,,,,,,,,,,,,,,,,,
decision,1086313,413.0,76.0,,4.0,,26,,,,,,,,,330918,2.0,1.0,TRUE,,,,,,,,,,,,,,,,,,,,,,,,,,,,,,,,,
travel,1095909,,,,,[],26,,,,,,,,,,,,,,,,,,,,,,,,,,,,,,,,,,,,,,,,,,,,,
alien_welcome,1100911,,,,,,,,,,29,114,97,17,39,37,72.0,35.0,88,1.0,42.0,15.0,8.0,65.0,53.0,21.0,94.0,51.0,103.0,20.0,81.0,46.0,59.0,102.0,73.0,45.0,60.0,44.0,6.0,62.0,98.0,96.0,67.0,118.0,86.0,64.0,52.0,50.0,111.0,4.0,105.0,92.0
land,1101422,,,,95.0,,27,,,,,,,,,,,,,,,,,,,,,,,,,,,,,,,,,,,,,,,,,,,,,
dig,1103487,,,,,[],27,,,,,,,,,,,,,,,,,,,,,,,,,,,,,,,,,,,,,,,,,,,,,
harvest,1104988,,,,26.0,,27,,,,,,95,0.276447833,0.273684211,,,,,,,,,,,,,,,,,,,,,,,,,,,,,,,,,,,,,
decision,1105488,499.0,65.0,,26.0,,27,,,,,,,,,350094,2.0,0.0,FALSE,,,,,,,,,,,,,,,,,,,,,,,,,,,,,,,,,
dig,1106995,,,,,[],27,,,,,,,,,,,,,,,,,,,,,,,,,,,,,,,,,,,,,,,,,,,,,
harvest,1108496,,,,5.0,,27,,,,,,26,0.183783873,0.192307692,,,,,,,,,,,,,,,,,,,,,,,,,,,,,,,,,,,,,
decision,1108768,271.0,76.0,,5.0,,27,,,,,,,,,353374,2.0,1.0,TRUE,,,,,,,,,,,,,,,,,,,,,,,,,,,,,,,,,
travel,1118505,,,,,[],27,,,,,,,,,,,,,,,,,,,,,,,,,,,,,,,,,,,,,,,,,,,,,
alien_welcome,1123506,,,,,,,,,,69,114,97,17,39,37,72.0,35.0,88,1.0,42.0,15.0,8.0,65.0,53.0,21.0,94.0,51.0,103.0,20.0,81.0,46.0,59.0,102.0,73.0,45.0,60.0,44.0,6.0,62.0,98.0,96.0,67.0,118.0,86.0,64.0,52.0,50.0,111.0,4.0,105.0,92.0
land,1124008,,,,104.0,,28,,,,,,,,,,,,,,,,,,,,,,,,,,,,,,,,,,,,,,,,,,,,,
dig,1126014,,,,,[],28,,,,,,,,,,,,,,,,,,,,,,,,,,,,,,,,,,,,,,,,,,,,,
harvest,1127515,,,,91.0,,28,,,,,,104,0.876100113,0.875,,,,,,,,,,,,,,,,,,,,,,,,,,,,,,,,,,,,,
decision,1127584,68.0,76.0,,91.0,,28,,,,,,,,,372189,2.0,0.0,TRUE,,,,,,,,,,,,,,,,,,,,,,,,,,,,,,,,,
end_of_block,1130673,3084.0,32.0,,,,,,,,,,,,,,,,,,,,,,,,,,,,,,,,,,,,,,,,,,,,,,,,,
alien_welcome,1135701,,,,,,,,,,36,114,97,17,39,37,72.0,35.0,88,1.0,42.0,15.0,8.0,65.0,53.0,21.0,94.0,51.0,103.0,20.0,81.0,46.0,59.0,102.0,73.0,45.0,60.0,44.0,6.0,62.0,98.0,96.0,67.0,118.0,86.0,64.0,52.0,50.0,111.0,4.0,105.0,92.0
land,1136202,,,,93.0,,29,,,,,,,,,,,,,,,,,,,,,,,,,,,,,,,,,,,,,,,,,,,,,
dig,1138212,,,,,[],29,,,,,,,,,,,,,,,,,,,,,,,,,,,,,,,,,,,,,,,,,,,,,
harvest,1139713,,,,44.0,,29,,,,,,93,0.468392713,0.47311828,,,,,,,,,,,,,,,,,,,,,,,,,,,,,,,,,,,,,
decision,1141731,,,,44.0,,29,,,,,,,,,11064,3.0,0.0,FALSE,,,,,,,,,,,,,,,,,,,,,,,,,,,,,,,,,
time_out,1143757,,,,44.0,,,,,,,,,,,,,,,,,,,,,,,,,,,,,,,,,,,,,,,,,,,,,,,
decision,1145758,,,,44.0,,29,,,,,,,,,15080,3.0,0.0,FALSE,,,,,,,,,,,,,,,,,,,,,,,,,,,,,,,,,
time_out,1147765,,,,44.0,,,,,,,,,,,,,,,,,,,,,,,,,,,,,,,,,,,,,,,,,,,,,,,
decision,1149767,,,,44.0,,29,,,,,,,,,19089,3.0,0.0,FALSE,,,,,,,,,,,,,,,,,,,,,,,,,,,,,,,,,
time_out,1151773,,,,44.0,,,,,,,,,,,,,,,,,,,,,,,,,,,,,,,,,,,,,,,,,,,,,,,
decision,1152553,778.0,65.0,,44.0,,29,,,,,,,,,21875,3.0,0.0,FALSE,,,,,,,,,,,,,,,,,,,,,,,,,,,,,,,,,
dig,1153783,,,,,[],29,,,,,,,,,,,,,,,,,,,,,,,,,,,,,,,,,,,,,,,,,,,,,
harvest,1155284,,,,22.0,,29,,,,,,44,0.495262932,0.5,,,,,,,,,,,,,,,,,,,,,,,,,,,,,,,,,,,,,
decision,1155608,323.0,76.0,,22.0,,29,,,,,,,,,24931,3.0,1.0,TRUE,,,,,,,,,,,,,,,,,,,,,,,,,,,,,,,,,
travel,1165295,,,,,[],29,,,,,,,,,,,,,,,,,,,,,,,,,,,,,,,,,,,,,,,,,,,,,
alien_welcome,1170296,,,,,,,,,,24,114,97,17,39,37,72.0,35.0,88,1.0,42.0,15.0,8.0,65.0,53.0,21.0,94.0,51.0,103.0,20.0,81.0,46.0,59.0,102.0,73.0,45.0,60.0,44.0,6.0,62.0,98.0,96.0,67.0,118.0,86.0,64.0,52.0,50.0,111.0,4.0,105.0,92.0
land,1170797,,,,104.0,,30,,,,,,,,,,,,,,,,,,,,,,,,,,,,,,,,,,,,,,,,,,,,,
dig,1172802,,,,,[],30,,,,,,,,,,,,,,,,,,,,,,,,,,,,,,,,,,,,,,,,,,,,,
harvest,1174306,,,,76.0,,30,,,,,,104,0.733343969,0.730769231,,,,,,,,,,,,,,,,,,,,,,,,,,,,,,,,,,,,,
decision,1174337,23.0,76.0,,76.0,,30,,,,,,,,,43660,3.0,0.0,TRUE,,,,,,,,,,,,,,,,,,,,,,,,,,,,,,,,,
travel,1184318,,,,,[],30,,,,,,,,,,,,,,,,,,,,,,,,,,,,,,,,,,,,,,,,,,,,,
alien_welcome,1189321,,,,,,,,,,87,114,97,17,39,37,72.0,35.0,88,1.0,42.0,15.0,8.0,65.0,53.0,21.0,94.0,51.0,103.0,20.0,81.0,46.0,59.0,102.0,73.0,45.0,60.0,44.0,6.0,62.0,98.0,96.0,67.0,118.0,86.0,64.0,52.0,50.0,111.0,4.0,105.0,92.0
land,1189822,,,,104.0,,31,,,,,,,,,,,,,,,,,,,,,,,,,,,,,,,,,,,,,,,,,,,,,
dig,1191836,,,,,[],31,,,,,,,,,,,,,,,,,,,,,,,,,,,,,,,,,,,,,,,,,,,,,
harvest,1193341,,,,45.0,,31,,,,,,104,0.430037867,0.432692308,,,,,,,,,,,,,,,,,,,,,,,,,,,,,,,,,,,,,
decision,1194329,987.0,65.0,,45.0,,31,,,,,,,,,63652,3.0,0.0,FALSE,,,,,,,,,,,,,,,,,,,,,,,,,,,,,,,,,
dig,1195350,,,,,[],31,,,,,,,,,,,,,,,,,,,,,,,,,,,,,,,,,,,,,,,,,,,,,
harvest,1196852,,,,23.0,,31,,,,,,45,0.504316896,0.511111111,,,,,,,,,,,,,,,,,,,,,,,,,,,,,,,,,,,,,
decision,1196857,3.0,65.0,,23.0,,31,,,,,,,,,66179,3.0,1.0,FALSE,,,,,,,,,,,,,,,,,,,,,,,,,,,,,,,,,
dig,1198860,,,,,[],31,,,,,,,,,,,,,,,,,,,,,,,,,,,,,,,,,,,,,,,,,,,,,
harvest,1200376,,,,12.0,,31,,,,,,23,0.522835557,0.52173913,,,,,,,,,,,,,,,,,,,,,,,,,,,,,,,,,,,,,
decision,1200890,511.0,65.0,,12.0,,31,,,,,,,,,70213,3.0,2.0,FALSE,,,,,,,,,,,,,,,,,,,,,,,,,,,,,,,,,
dig,1202397,,,,,[],31,,,,,,,,,,,,,,,,,,,,,,,,,,,,,,,,,,,,,,,,,,,,,
harvest,1203900,,,,6.0,,31,,,,,,12,0.486981843,0.5,,,,,,,,,,,,,,,,,,,,,,,,,,,,,,,,,,,,,
decision,1204409,508.0,65.0,,6.0,,31,,,,,,,,,73732,3.0,3.0,FALSE,,,,,,,,,,,,,,,,,,,,,,,,,,,,,,,,,
dig,1205911,,,,,[],31,,,,,,,,,,,,,,,,,,,,,,,,,,,,,,,,,,,,,,,,,,,,,
harvest,1207418,,,,3.0,,31,,,,,,6,0.461644418,0.5,,,,,,,,,,,,,,,,,,,,,,,,,,,,,,,,,,,,,
decision,1208281,859.0,76.0,,3.0,,31,,,,,,,,,77603,3.0,4.0,TRUE,,,,,,,,,,,,,,,,,,,,,,,,,,,,,,,,,
travel,1217424,,,,,[],31,,,,,,,,,,,,,,,,,,,,,,,,,,,,,,,,,,,,,,,,,,,,,
alien_welcome,1222426,,,,,,,,,,16,114,97,17,39,37,72.0,35.0,88,1.0,42.0,15.0,8.0,65.0,53.0,21.0,94.0,51.0,103.0,20.0,81.0,46.0,59.0,102.0,73.0,45.0,60.0,44.0,6.0,62.0,98.0,96.0,67.0,118.0,86.0,64.0,52.0,50.0,111.0,4.0,105.0,92.0
land,1222927,,,,96.0,,32,,,,,,,,,,,,,,,,,,,,,,,,,,,,,,,,,,,,,,,,,,,,,
dig,1224952,,,,,[],32,,,,,,,,,,,,,,,,,,,,,,,,,,,,,,,,,,,,,,,,,,,,,
harvest,1226470,,,,39.0,,32,,,,,,96,0.40822694,0.40625,,,,,,,,,,,,,,,,,,,,,,,,,,,,,,,,,,,,,
decision,1226720,245.0,65.0,,39.0,,32,,,,,,,,,96043,3.0,0.0,FALSE,,,,,,,,,,,,,,,,,,,,,,,,,,,,,,,,,
dig,1228485,,,,,[],32,,,,,,,,,,,,,,,,,,,,,,,,,,,,,,,,,,,,,,,,,,,,,
harvest,1229986,,,,19.0,,32,,,,,,39,0.494405226,0.487179487,,,,,,,,,,,,,,,,,,,,,,,,,,,,,,,,,,,,,
decision,1230585,597.0,76.0,,19.0,,32,,,,,,,,,99907,3.0,1.0,TRUE,,,,,,,,,,,,,,,,,,,,,,,,,,,,,,,,,
travel,1239992,,,,,[],32,,,,,,,,,,,,,,,,,,,,,,,,,,,,,,,,,,,,,,,,,,,,,
alien_welcome,1244993,,,,,,,,,,116,114,97,17,39,37,72.0,35.0,88,1.0,42.0,15.0,8.0,65.0,53.0,21.0,94.0,51.0,103.0,20.0,81.0,46.0,59.0,102.0,73.0,45.0,60.0,44.0,6.0,62.0,98.0,96.0,67.0,118.0,86.0,64.0,52.0,50.0,111.0,4.0,105.0,92.0
land,1245494,,,,96.0,,33,,,,,,,,,,,,,,,,,,,,,,,,,,,,,,,,,,,,,,,,,,,,,
dig,1247504,,,,,[],33,,,,,,,,,,,,,,,,,,,,,,,,,,,,,,,,,,,,,,,,,,,,,
harvest,1249076,,,,43.0,,33,,,,,,96,0.445934694,0.447916667,,,,,,,,,,,,,,,,,,,,,,,,,,,,,,,,,,,,,
decision,1249633,555.0,76.0,,43.0,,33,,,,,,,,,118956,3.0,0.0,TRUE,,,,,,,,,,,,,,,,,,,,,,,,,,,,,,,,,
travel,1259089,,,,,[],33,,,,,,,,,,,,,,,,,,,,,,,,,,,,,,,,,,,,,,,,,,,,,
alien_welcome,1264092,,,,,,,,,,101,114,97,17,39,37,72.0,35.0,88,1.0,42.0,15.0,8.0,65.0,53.0,21.0,94.0,51.0,103.0,20.0,81.0,46.0,59.0,102.0,73.0,45.0,60.0,44.0,6.0,62.0,98.0,96.0,67.0,118.0,86.0,64.0,52.0,50.0,111.0,4.0,105.0,92.0
land,1264594,,,,103.0,,34,,,,,,,,,,,,,,,,,,,,,,,,,,,,,,,,,,,,,,,,,,,,,
dig,1266599,,,,,[],34,,,,,,,,,,,,,,,,,,,,,,,,,,,,,,,,,,,,,,,,,,,,,
harvest,1268101,,,,48.0,,34,,,,,,103,0.462661979,0.466019417,,,,,,,,,,,,,,,,,,,,,,,,,,,,,,,,,,,,,
decision,1268185,83.0,65.0,,48.0,,34,,,,,,,,,137507,3.0,0.0,FALSE,,,,,,,,,,,,,,,,,,,,,,,,,,,,,,,,,
dig,1270111,,,,,[],34,,,,,,,,,,,,,,,,,,,,,,,,,,,,,,,,,,,,,,,,,,,,,
harvest,1271616,,,,24.0,,34,,,,,,48,0.501007456,0.5,,,,,,,,,,,,,,,,,,,,,,,,,,,,,,,,,,,,,
decision,1272473,856.0,76.0,,24.0,,34,,,,,,,,,141796,3.0,1.0,TRUE,,,,,,,,,,,,,,,,,,,,,,,,,,,,,,,,,
travel,1281628,,,,,[],34,,,,,,,,,,,,,,,,,,,,,,,,,,,,,,,,,,,,,,,,,,,,,
alien_welcome,1286632,,,,,,,,,,40,114,97,17,39,37,72.0,35.0,88,1.0,42.0,15.0,8.0,65.0,53.0,21.0,94.0,51.0,103.0,20.0,81.0,46.0,59.0,102.0,73.0,45.0,60.0,44.0,6.0,62.0,98.0,96.0,67.0,118.0,86.0,64.0,52.0,50.0,111.0,4.0,105.0,92.0
land,1287134,,,,98.0,,35,,,,,,,,,,,,,,,,,,,,,,,,,,,,,,,,,,,,,,,,,,,,,
dig,1289149,,,,,[],35,,,,,,,,,,,,,,,,,,,,,,,,,,,,,,,,,,,,,,,,,,,,,
harvest,1290651,,,,70.0,,35,,,,,,98,0.709645215,0.714285714,,,,,,,,,,,,,,,,,,,,,,,,,,,,,,,,,,,,,
decision,1291027,374.0,76.0,,70.0,,35,,,,,,,,,160350,3.0,0.0,TRUE,,,,,,,,,,,,,,,,,,,,,,,,,,,,,,,,,
travel,1300660,,,,,[],35,,,,,,,,,,,,,,,,,,,,,,,,,,,,,,,,,,,,,,,,,,,,,
alien_welcome,1305662,,,,,,,,,,48,114,97,17,39,37,72.0,35.0,88,1.0,42.0,15.0,8.0,65.0,53.0,21.0,94.0,51.0,103.0,20.0,81.0,46.0,59.0,102.0,73.0,45.0,60.0,44.0,6.0,62.0,98.0,96.0,67.0,118.0,86.0,64.0,52.0,50.0,111.0,4.0,105.0,92.0
land,1306163,,,,103.0,,36,,,,,,,,,,,,,,,,,,,,,,,,,,,,,,,,,,,,,,,,,,,,,
dig,1308169,,,,,[],36,,,,,,,,,,,,,,,,,,,,,,,,,,,,,,,,,,,,,,,,,,,,,
harvest,1309671,,,,72.0,,36,,,,,,103,0.701286752,0.699029126,,,,,,,,,,,,,,,,,,,,,,,,,,,,,,,,,,,,,
decision,1310297,625.0,65.0,,72.0,,36,,,,,,,,,179620,3.0,0.0,FALSE,,,,,,,,,,,,,,,,,,,,,,,,,,,,,,,,,
dig,1311679,,,,,[],36,,,,,,,,,,,,,,,,,,,,,,,,,,,,,,,,,,,,,,,,,,,,,
harvest,1313181,,,,56.0,,36,,,,,,72,0.772572589,0.777777778,,,,,,,,,,,,,,,,,,,,,,,,,,,,,,,,,,,,,
decision,1313617,435.0,76.0,,56.0,,36,,,,,,,,,182939,3.0,1.0,TRUE,,,,,,,,,,,,,,,,,,,,,,,,,,,,,,,,,
travel,1323189,,,,,[],36,,,,,,,,,,,,,,,,,,,,,,,,,,,,,,,,,,,,,,,,,,,,,
alien_welcome,1328191,,,,,,,,,,26,114,97,17,39,37,72.0,35.0,88,1.0,42.0,15.0,8.0,65.0,53.0,21.0,94.0,51.0,103.0,20.0,81.0,46.0,59.0,102.0,73.0,45.0,60.0,44.0,6.0,62.0,98.0,96.0,67.0,118.0,86.0,64.0,52.0,50.0,111.0,4.0,105.0,92.0
land,1328695,,,,99.0,,37,,,,,,,,,,,,,,,,,,,,,,,,,,,,,,,,,,,,,,,,,,,,,
dig,1330701,,,,,[],37,,,,,,,,,,,,,,,,,,,,,,,,,,,,,,,,,,,,,,,,,,,,,
harvest,1332203,,,,40.0,,37,,,,,,99,0.404818183,0.404040404,,,,,,,,,,,,,,,,,,,,,,,,,,,,,,,,,,,,,
decision,1332746,541.0,65.0,,40.0,,37,,,,,,,,,202068,3.0,0.0,FALSE,,,,,,,,,,,,,,,,,,,,,,,,,,,,,,,,,
dig,1334245,,,,,[],37,,,,,,,,,,,,,,,,,,,,,,,,,,,,,,,,,,,,,,,,,,,,,
harvest,1335746,,,,20.0,,37,,,,,,40,0.506189857,0.5,,,,,,,,,,,,,,,,,,,,,,,,,,,,,,,,,,,,,
decision,1336177,430.0,65.0,,20.0,,37,,,,,,,,,205500,3.0,1.0,FALSE,,,,,,,,,,,,,,,,,,,,,,,,,,,,,,,,,
dig,1337756,,,,,[],37,,,,,,,,,,,,,,,,,,,,,,,,,,,,,,,,,,,,,,,,,,,,,
harvest,1339259,,,,11.0,,37,,,,,,20,0.570916909,0.55,,,,,,,,,,,,,,,,,,,,,,,,,,,,,,,,,,,,,
decision,1340473,1211.0,65.0,,11.0,,37,,,,,,,,,209796,3.0,2.0,FALSE,,,,,,,,,,,,,,,,,,,,,,,,,,,,,,,,,
dig,1341271,,,,,[],37,,,,,,,,,,,,,,,,,,,,,,,,,,,,,,,,,,,,,,,,,,,,,
harvest,1342773,,,,5.0,,37,,,,,,11,0.447314072,0.454545455,,,,,,,,,,,,,,,,,,,,,,,,,,,,,,,,,,,,,
decision,1342922,147.0,76.0,,5.0,,37,,,,,,,,,212244,3.0,3.0,TRUE,,,,,,,,,,,,,,,,,,,,,,,,,,,,,,,,,
travel,1352777,,,,,[],37,,,,,,,,,,,,,,,,,,,,,,,,,,,,,,,,,,,,,,,,,,,,,
alien_welcome,1357778,,,,,,,,,,19,114,97,17,39,37,72.0,35.0,88,1.0,42.0,15.0,8.0,65.0,53.0,21.0,94.0,51.0,103.0,20.0,81.0,46.0,59.0,102.0,73.0,45.0,60.0,44.0,6.0,62.0,98.0,96.0,67.0,118.0,86.0,64.0,52.0,50.0,111.0,4.0,105.0,92.0
land,1358280,,,,110.0,,38,,,,,,,,,,,,,,,,,,,,,,,,,,,,,,,,,,,,,,,,,,,,,
dig,1360285,,,,,[],38,,,,,,,,,,,,,,,,,,,,,,,,,,,,,,,,,,,,,,,,,,,,,
harvest,1361789,,,,49.0,,38,,,,,,110,0.44447093,0.445454545,,,,,,,,,,,,,,,,,,,,,,,,,,,,,,,,,,,,,
decision,1362025,235.0,65.0,,49.0,,38,,,,,,,,,231348,3.0,0.0,FALSE,,,,,,,,,,,,,,,,,,,,,,,,,,,,,,,,,
dig,1363800,,,,,[],38,,,,,,,,,,,,,,,,,,,,,,,,,,,,,,,,,,,,,,,,,,,,,
harvest,1365302,,,,25.0,,38,,,,,,49,0.504015942,0.510204082,,,,,,,,,,,,,,,,,,,,,,,,,,,,,,,,,,,,,
decision,1365682,377.0,65.0,,25.0,,38,,,,,,,,,235004,3.0,1.0,FALSE,,,,,,,,,,,,,,,,,,,,,,,,,,,,,,,,,
dig,1367317,,,,,[],38,,,,,,,,,,,,,,,,,,,,,,,,,,,,,,,,,,,,,,,,,,,,,
harvest,1368818,,,,11.0,,38,,,,,,25,0.424958404,0.44,,,,,,,,,,,,,,,,,,,,,,,,,,,,,,,,,,,,,
decision,1368961,142.0,76.0,,11.0,,38,,,,,,,,,238284,3.0,2.0,TRUE,,,,,,,,,,,,,,,,,,,,,,,,,,,,,,,,,
travel,1378826,,,,,[],38,,,,,,,,,,,,,,,,,,,,,,,,,,,,,,,,,,,,,,,,,,,,,
alien_welcome,1383835,,,,,,,,,,7,114,97,17,39,37,72.0,35.0,88,1.0,42.0,15.0,8.0,65.0,53.0,21.0,94.0,51.0,103.0,20.0,81.0,46.0,59.0,102.0,73.0,45.0,60.0,44.0,6.0,62.0,98.0,96.0,67.0,118.0,86.0,64.0,52.0,50.0,111.0,4.0,105.0,92.0
land,1384336,,,,101.0,,39,,,,,,,,,,,,,,,,,,,,,,,,,,,,,,,,,,,,,,,,,,,,,
dig,1386341,,,,,[],39,,,,,,,,,,,,,,,,,,,,,,,,,,,,,,,,,,,,,,,,,,,,,
harvest,1387842,,,,86.0,,39,,,,,,101,0.854800544,0.851485149,,,,,,,,,,,,,,,,,,,,,,,,,,,,,,,,,,,,,
decision,1388177,334.0,65.0,,86.0,,39,,,,,,,,,257500,3.0,0.0,FALSE,,,,,,,,,,,,,,,,,,,,,,,,,,,,,,,,,
dig,1389856,,,,,[],39,,,,,,,,,,,,,,,,,,,,,,,,,,,,,,,,,,,,,,,,,,,,,
harvest,1391359,,,,76.0,,39,,,,,,86,0.878384244,0.88372093,,,,,,,,,,,,,,,,,,,,,,,,,,,,,,,,,,,,,
decision,1391820,459.0,65.0,,76.0,,39,,,,,,,,,261142,3.0,1.0,FALSE,,,,,,,,,,,,,,,,,,,,,,,,,,,,,,,,,
dig,1393371,,,,,[],39,,,,,,,,,,,,,,,,,,,,,,,,,,,,,,,,,,,,,,,,,,,,,
harvest,1394878,,,,64.0,,39,,,,,,76,0.839208021,0.842105263,,,,,,,,,,,,,,,,,,,,,,,,,,,,,,,,,,,,,
decision,1396786,1906.0,76.0,,64.0,,39,,,,,,,,,266108,3.0,2.0,TRUE,,,,,,,,,,,,,,,,,,,,,,,,,,,,,,,,,
travel,1404946,,,,,[],39,,,,,,,,,,,,,,,,,,,,,,,,,,,,,,,,,,,,,,,,,,,,,
alien_welcome,1409948,,,,,,,,,,41,114,97,17,39,37,72.0,35.0,88,1.0,42.0,15.0,8.0,65.0,53.0,21.0,94.0,51.0,103.0,20.0,81.0,46.0,59.0,102.0,73.0,45.0,60.0,44.0,6.0,62.0,98.0,96.0,67.0,118.0,86.0,64.0,52.0,50.0,111.0,4.0,105.0,92.0
land,1410450,,,,89.0,,40,,,,,,,,,,,,,,,,,,,,,,,,,,,,,,,,,,,,,,,,,,,,,
dig,1412469,,,,,[],40,,,,,,,,,,,,,,,,,,,,,,,,,,,,,,,,,,,,,,,,,,,,,
harvest,1414004,,,,66.0,,40,,,,,,89,0.737760602,0.741573034,,,,,,,,,,,,,,,,,,,,,,,,,,,,,,,,,,,,,
decision,1414778,773.0,76.0,,66.0,,40,,,,,,,,,284100,3.0,0.0,TRUE,,,,,,,,,,,,,,,,,,,,,,,,,,,,,,,,,
travel,1424013,,,,,[],40,,,,,,,,,,,,,,,,,,,,,,,,,,,,,,,,,,,,,,,,,,,,,
alien_welcome,1429014,,,,,,,,,,68,114,97,17,39,37,72.0,35.0,88,1.0,42.0,15.0,8.0,65.0,53.0,21.0,94.0,51.0,103.0,20.0,81.0,46.0,59.0,102.0,73.0,45.0,60.0,44.0,6.0,62.0,98.0,96.0,67.0,118.0,86.0,64.0,52.0,50.0,111.0,4.0,105.0,92.0
land,1429515,,,,103.0,,41,,,,,,,,,,,,,,,,,,,,,,,,,,,,,,,,,,,,,,,,,,,,,
dig,1431534,,,,,[],41,,,,,,,,,,,,,,,,,,,,,,,,,,,,,,,,,,,,,,,,,,,,,
harvest,1433034,,,,86.0,,41,,,,,,103,0.833737577,0.834951456,,,,,,,,,,,,,,,,,,,,,,,,,,,,,,,,,,,,,
decision,1433450,413.0,65.0,,86.0,,41,,,,,,,,,302772,3.0,0.0,FALSE,,,,,,,,,,,,,,,,,,,,,,,,,,,,,,,,,
dig,1435059,,,,,[],41,,,,,,,,,,,,,,,,,,,,,,,,,,,,,,,,,,,,,,,,,,,,,
harvest,1436562,,,,69.0,,41,,,,,,86,0.805768542,0.802325581,,,,,,,,,,,,,,,,,,,,,,,,,,,,,,,,,,,,,
decision,1436841,278.0,65.0,,69.0,,41,,,,,,,,,306164,3.0,1.0,FALSE,,,,,,,,,,,,,,,,,,,,,,,,,,,,,,,,,
dig,1438573,,,,,[],41,,,,,,,,,,,,,,,,,,,,,,,,,,,,,,,,,,,,,,,,,,,,,
harvest,1440074,,,,55.0,,41,,,,,,69,0.798365291,0.797101449,,,,,,,,,,,,,,,,,,,,,,,,,,,,,,,,,,,,,
decision,1442134,,,,55.0,,41,,,,,,,,,311456,3.0,2.0,FALSE,,,,,,,,,,,,,,,,,,,,,,,,,,,,,,,,,
time_out,1444142,,,,55.0,,,,,,,,,,,,,,,,,,,,,,,,,,,,,,,,,,,,,,,,,,,,,,,
decision,1444147,3.0,76.0,,55.0,,41,,,,,,,,,313469,3.0,2.0,TRUE,,,,,,,,,,,,,,,,,,,,,,,,,,,,,,,,,
travel,1454149,,,,,[],41,,,,,,,,,,,,,,,,,,,,,,,,,,,,,,,,,,,,,,,,,,,,,
alien_welcome,1459155,,,,,,,,,,32,114,97,17,39,37,72.0,35.0,88,1.0,42.0,15.0,8.0,65.0,53.0,21.0,94.0,51.0,103.0,20.0,81.0,46.0,59.0,102.0,73.0,45.0,60.0,44.0,6.0,62.0,98.0,96.0,67.0,118.0,86.0,64.0,52.0,50.0,111.0,4.0,105.0,92.0
land,1459658,,,,99.0,,42,,,,,,,,,,,,,,,,,,,,,,,,,,,,,,,,,,,,,,,,,,,,,
dig,1461705,,,,,[],42,,,,,,,,,,,,,,,,,,,,,,,,,,,,,,,,,,,,,,,,,,,,,
harvest,1463208,,,,86.0,,42,,,,,,99,0.866122093,0.868686869,,,,,,,,,,,,,,,,,,,,,,,,,,,,,,,,,,,,,
decision,1463305,96.0,65.0,,86.0,,42,,,,,,,,,332627,3.0,0.0,FALSE,,,,,,,,,,,,,,,,,,,,,,,,,,,,,,,,,
dig,1465215,,,,,[],42,,,,,,,,,,,,,,,,,,,,,,,,,,,,,,,,,,,,,,,,,,,,,
harvest,1466717,,,,69.0,,42,,,,,,86,0.806582921,0.802325581,,,,,,,,,,,,,,,,,,,,,,,,,,,,,,,,,,,,,
decision,1466961,243.0,65.0,,69.0,,42,,,,,,,,,336284,3.0,1.0,FALSE,,,,,,,,,,,,,,,,,,,,,,,,,,,,,,,,,
dig,1468725,,,,,[],42,,,,,,,,,,,,,,,,,,,,,,,,,,,,,,,,,,,,,,,,,,,,,
harvest,1470229,,,,53.0,,42,,,,,,69,0.762881078,0.768115942,,,,,,,,,,,,,,,,,,,,,,,,,,,,,,,,,,,,,
decision,1470426,195.0,76.0,,53.0,,42,,,,,,,,,339748,3.0,2.0,TRUE,,,,,,,,,,,,,,,,,,,,,,,,,,,,,,,,,
travel,1480238,,,,,[],42,,,,,,,,,,,,,,,,,,,,,,,,,,,,,,,,,,,,,,,,,,,,,
alien_welcome,1485240,,,,,,,,,,23,114,97,17,39,37,72.0,35.0,88,1.0,42.0,15.0,8.0,65.0,53.0,21.0,94.0,51.0,103.0,20.0,81.0,46.0,59.0,102.0,73.0,45.0,60.0,44.0,6.0,62.0,98.0,96.0,67.0,118.0,86.0,64.0,52.0,50.0,111.0,4.0,105.0,92.0
land,1485741,,,,99.0,,43,,,,,,,,,,,,,,,,,,,,,,,,,,,,,,,,,,,,,,,,,,,,,
dig,1487748,,,,,[],43,,,,,,,,,,,,,,,,,,,,,,,,,,,,,,,,,,,,,,,,,,,,,
harvest,1489250,,,,57.0,,43,,,,,,99,0.571863264,0.575757576,,,,,,,,,,,,,,,,,,,,,,,,,,,,,,,,,,,,,
decision,1489841,589.0,76.0,,57.0,,43,,,,,,,,,359164,3.0,0.0,TRUE,,,,,,,,,,,,,,,,,,,,,,,,,,,,,,,,,
travel,1499259,,,,,[],43,,,,,,,,,,,,,,,,,,,,,,,,,,,,,,,,,,,,,,,,,,,,,
alien_welcome,1504260,,,,,,,,,,3,114,97,17,39,37,72.0,35.0,88,1.0,42.0,15.0,8.0,65.0,53.0,21.0,94.0,51.0,103.0,20.0,81.0,46.0,59.0,102.0,73.0,45.0,60.0,44.0,6.0,62.0,98.0,96.0,67.0,118.0,86.0,64.0,52.0,50.0,111.0,4.0,105.0,92.0
land,1504761,,,,104.0,,44,,,,,,,,,,,,,,,,,,,,,,,,,,,,,,,,,,,,,,,,,,,,,
dig,1506768,,,,,[],44,,,,,,,,,,,,,,,,,,,,,,,,,,,,,,,,,,,,,,,,,,,,,
harvest,1508269,,,,58.0,,44,,,,,,104,0.554747859,0.557692308,,,,,,,,,,,,,,,,,,,,,,,,,,,,,,,,,,,,,
decision,1508425,154.0,65.0,,58.0,,44,,,,,,,,,377747,3.0,0.0,TRUE,,,,,,,,,,,,,,,,,,,,,,,,,,,,,,,,,
end_of_block,1516274,7838.0,32.0,,,,,,,,,,,,,,,,,,,,,,,,,,,,,,,,,,,,,,,,,,,,,,,,,
alien_welcome,1521304,,,,,,,,,,75,114,97,17,39,37,72.0,35.0,88,1.0,42.0,15.0,8.0,65.0,53.0,21.0,94.0,51.0,103.0,20.0,81.0,46.0,59.0,102.0,73.0,45.0,60.0,44.0,6.0,62.0,98.0,96.0,67.0,118.0,86.0,64.0,52.0,50.0,111.0,4.0,105.0,92.0
land,1521805,,,,99.0,,45,,,,,,,,,,,,,,,,,,,,,,,,,,,,,,,,,,,,,,,,,,,,,
dig,1523810,,,,,[],45,,,,,,,,,,,,,,,,,,,,,,,,,,,,,,,,,,,,,,,,,,,,,
harvest,1525311,,,,16.0,,45,,,,,,99,0.160997433,0.161616162,,,,,,,,,,,,,,,,,,,,,,,,,,,,,,,,,,,,,
decision,1526881,1568.0,76.0,,16.0,,45,,,,,,,,,10600,4.0,0.0,TRUE,,,,,,,,,,,,,,,,,,,,,,,,,,,,,,,,,
travel,1535316,,,,,[],45,,,,,,,,,,,,,,,,,,,,,,,,,,,,,,,,,,,,,,,,,,,,,
alien_welcome,1540318,,,,,,,,,,33,114,97,17,39,37,72.0,35.0,88,1.0,42.0,15.0,8.0,65.0,53.0,21.0,94.0,51.0,103.0,20.0,81.0,46.0,59.0,102.0,73.0,45.0,60.0,44.0,6.0,62.0,98.0,96.0,67.0,118.0,86.0,64.0,52.0,50.0,111.0,4.0,105.0,92.0
land,1540819,,,,104.0,,46,,,,,,,,,,,,,,,,,,,,,,,,,,,,,,,,,,,,,,,,,,,,,
dig,1542824,,,,,[],46,,,,,,,,,,,,,,,,,,,,,,,,,,,,,,,,,,,,,,,,,,,,,
harvest,1544328,,,,19.0,,46,,,,,,104,0.187190736,0.182692308,,,,,,,,,,,,,,,,,,,,,,,,,,,,,,,,,,,,,
decision,1544369,40.0,65.0,,19.0,,46,,,,,,,,,28089,4.0,0.0,FALSE,,,,,,,,,,,,,,,,,,,,,,,,,,,,,,,,,
dig,1546338,,,,,[],46,,,,,,,,,,,,,,,,,,,,,,,,,,,,,,,,,,,,,,,,,,,,,
harvest,1547840,,,,4.0,,46,,,,,,19,0.189905933,0.210526316,,,,,,,,,,,,,,,,,,,,,,,,,,,,,,,,,,,,,
decision,1548026,184.0,76.0,,4.0,,46,,,,,,,,,31745,4.0,1.0,TRUE,,,,,,,,,,,,,,,,,,,,,,,,,,,,,,,,,
travel,1557848,,,,,[],46,,,,,,,,,,,,,,,,,,,,,,,,,,,,,,,,,,,,,,,,,,,,,
alien_welcome,1562849,,,,,,,,,,117,114,97,17,39,37,72.0,35.0,88,1.0,42.0,15.0,8.0,65.0,53.0,21.0,94.0,51.0,103.0,20.0,81.0,46.0,59.0,102.0,73.0,45.0,60.0,44.0,6.0,62.0,98.0,96.0,67.0,118.0,86.0,64.0,52.0,50.0,111.0,4.0,105.0,92.0
land,1563361,,,,97.0,,47,,,,,,,,,,,,,,,,,,,,,,,,,,,,,,,,,,,,,,,,,,,,,
dig,1565368,,,,,[],47,,,,,,,,,,,,,,,,,,,,,,,,,,,,,,,,,,,,,,,,,,,,,
harvest,1566918,,,,14.0,,47,,,,,,97,0.145831242,0.144329897,,,,,,,,,,,,,,,,,,,,,,,,,,,,,,,,,,,,,
decision,1568921,,,,14.0,,47,,,,,,,,,52641,4.0,0.0,FALSE,,,,,,,,,,,,,,,,,,,,,,,,,,,,,,,,,
time_out,1570930,,,,14.0,,,,,,,,,,,,,,,,,,,,,,,,,,,,,,,,,,,,,,,,,,,,,,,
decision,1571065,134.0,65.0,,14.0,,47,,,,,,,,,54785,4.0,0.0,FALSE,,,,,,,,,,,,,,,,,,,,,,,,,,,,,,,,,
dig,1572943,,,,,[],47,,,,,,,,,,,,,,,,,,,,,,,,,,,,,,,,,,,,,,,,,,,,,
harvest,1574452,,,,3.0,,47,,,,,,14,0.183749425,0.214285714,,,,,,,,,,,,,,,,,,,,,,,,,,,,,,,,,,,,,
decision,1574521,67.0,76.0,,3.0,,47,,,,,,,,,58240,4.0,1.0,TRUE,,,,,,,,,,,,,,,,,,,,,,,,,,,,,,,,,
travel,1584458,,,,,[],47,,,,,,,,,,,,,,,,,,,,,,,,,,,,,,,,,,,,,,,,,,,,,
alien_welcome,1589461,,,,,,,,,,71,114,97,17,39,37,72.0,35.0,88,1.0,42.0,15.0,8.0,65.0,53.0,21.0,94.0,51.0,103.0,20.0,81.0,46.0,59.0,102.0,73.0,45.0,60.0,44.0,6.0,62.0,98.0,96.0,67.0,118.0,86.0,64.0,52.0,50.0,111.0,4.0,105.0,92.0
land,1589962,,,,97.0,,48,,,,,,,,,,,,,,,,,,,,,,,,,,,,,,,,,,,,,,,,,,,,,
dig,1591969,,,,,[],48,,,,,,,,,,,,,,,,,,,,,,,,,,,,,,,,,,,,,,,,,,,,,
harvest,1593473,,,,76.0,,48,,,,,,97,0.788029371,0.783505155,,,,,,,,,,,,,,,,,,,,,,,,,,,,,,,,,,,,,
decision,1595474,,,,76.0,,48,,,,,,,,,79194,4.0,0.0,FALSE,,,,,,,,,,,,,,,,,,,,,,,,,,,,,,,,,
time_out,1597490,,,,76.0,,,,,,,,,,,,,,,,,,,,,,,,,,,,,,,,,,,,,,,,,,,,,,,
decision,1597770,278.0,65.0,,76.0,,48,,,,,,,,,81489,4.0,0.0,FALSE,,,,,,,,,,,,,,,,,,,,,,,,,,,,,,,,,
dig,1599507,,,,,[],48,,,,,,,,,,,,,,,,,,,,,,,,,,,,,,,,,,,,,,,,,,,,,
harvest,1601009,,,,65.0,,48,,,,,,76,0.859640717,0.855263158,,,,,,,,,,,,,,,,,,,,,,,,,,,,,,,,,,,,,
decision,1601131,120.0,65.0,,65.0,,48,,,,,,,,,84850,4.0,1.0,FALSE,,,,,,,,,,,,,,,,,,,,,,,,,,,,,,,,,
dig,1603021,,,,,[],48,,,,,,,,,,,,,,,,,,,,,,,,,,,,,,,,,,,,,,,,,,,,,
harvest,1604525,,,,53.0,,48,,,,,,65,0.822961927,0.815384615,,,,,,,,,,,,,,,,,,,,,,,,,,,,,,,,,,,,,
decision,1604609,83.0,76.0,,53.0,,48,,,,,,,,,88329,4.0,2.0,TRUE,,,,,,,,,,,,,,,,,,,,,,,,,,,,,,,,,
travel,1614526,,,,,[],48,,,,,,,,,,,,,,,,,,,,,,,,,,,,,,,,,,,,,,,,,,,,,
alien_welcome,1619555,,,,,,,,,,79,114,97,17,39,37,72.0,35.0,88,1.0,42.0,15.0,8.0,65.0,53.0,21.0,94.0,51.0,103.0,20.0,81.0,46.0,59.0,102.0,73.0,45.0,60.0,44.0,6.0,62.0,98.0,96.0,67.0,118.0,86.0,64.0,52.0,50.0,111.0,4.0,105.0,92.0
land,1620070,,,,103.0,,49,,,,,,,,,,,,,,,,,,,,,,,,,,,,,,,,,,,,,,,,,,,,,
dig,1622074,,,,,[],49,,,,,,,,,,,,,,,,,,,,,,,,,,,,,,,,,,,,,,,,,,,,,
harvest,1623576,,,,80.0,,49,,,,,,103,0.781229686,0.776699029,,,,,,,,,,,,,,,,,,,,,,,,,,,,,,,,,,,,,
decision,1623802,224.0,65.0,,80.0,,49,,,,,,,,,107521,4.0,0.0,FALSE,,,,,,,,,,,,,,,,,,,,,,,,,,,,,,,,,
dig,1625590,,,,,[],49,,,,,,,,,,,,,,,,,,,,,,,,,,,,,,,,,,,,,,,,,,,,,
harvest,1627118,,,,72.0,,49,,,,,,80,0.902444711,0.9,,,,,,,,,,,,,,,,,,,,,,,,,,,,,,,,,,,,,
decision,1627362,243.0,76.0,,72.0,,49,,,,,,,,,111082,4.0,1.0,TRUE,,,,,,,,,,,,,,,,,,,,,,,,,,,,,,,,,
travel,1637127,,,,,[],49,,,,,,,,,,,,,,,,,,,,,,,,,,,,,,,,,,,,,,,,,,,,,
alien_welcome,1642130,,,,,,,,,,30,114,97,17,39,37,72.0,35.0,88,1.0,42.0,15.0,8.0,65.0,53.0,21.0,94.0,51.0,103.0,20.0,81.0,46.0,59.0,102.0,73.0,45.0,60.0,44.0,6.0,62.0,98.0,96.0,67.0,118.0,86.0,64.0,52.0,50.0,111.0,4.0,105.0,92.0
land,1642699,,,,104.0,,50,,,,,,,,,,,,,,,,,,,,,,,,,,,,,,,,,,,,,,,,,,,,,
dig,1644708,,,,,[],50,,,,,,,,,,,,,,,,,,,,,,,,,,,,,,,,,,,,,,,,,,,,,
harvest,1646210,,,,80.0,,50,,,,,,104,0.768568001,0.769230769,,,,,,,,,,,,,,,,,,,,,,,,,,,,,,,,,,,,,
decision,1646332,116.0,65.0,,80.0,,50,,,,,,,,,130052,4.0,0.0,FALSE,,,,,,,,,,,,,,,,,,,,,,,,,,,,,,,,,
dig,1648243,,,,,[],50,,,,,,,,,,,,,,,,,,,,,,,,,,,,,,,,,,,,,,,,,,,,,
harvest,1649744,,,,68.0,,50,,,,,,80,0.851500484,0.85,,,,,,,,,,,,,,,,,,,,,,,,,,,,,,,,,,,,,
decision,1650177,432.0,76.0,,68.0,,50,,,,,,,,,133897,4.0,1.0,TRUE,,,,,,,,,,,,,,,,,,,,,,,,,,,,,,,,,
travel,1659756,,,,,[],50,,,,,,,,,,,,,,,,,,,,,,,,,,,,,,,,,,,,,,,,,,,,,
alien_welcome,1664757,,,,,,,,,,14,114,97,17,39,37,72.0,35.0,88,1.0,42.0,15.0,8.0,65.0,53.0,21.0,94.0,51.0,103.0,20.0,81.0,46.0,59.0,102.0,73.0,45.0,60.0,44.0,6.0,62.0,98.0,96.0,67.0,118.0,86.0,64.0,52.0,50.0,111.0,4.0,105.0,92.0
land,1665259,,,,97.0,,51,,,,,,,,,,,,,,,,,,,,,,,,,,,,,,,,,,,,,,,,,,,,,
dig,1667293,,,,,[],51,,,,,,,,,,,,,,,,,,,,,,,,,,,,,,,,,,,,,,,,,,,,,
harvest,1668795,,,,80.0,,51,,,,,,97,0.823029704,0.824742268,,,,,,,,,,,,,,,,,,,,,,,,,,,,,,,,,,,,,
decision,1669033,237.0,76.0,,80.0,,51,,,,,,,,,152752,4.0,0.0,TRUE,,,,,,,,,,,,,,,,,,,,,,,,,,,,,,,,,
travel,1678799,,,,,[],51,,,,,,,,,,,,,,,,,,,,,,,,,,,,,,,,,,,,,,,,,,,,,
alien_welcome,1683803,,,,,,,,,,38,114,97,17,39,37,72.0,35.0,88,1.0,42.0,15.0,8.0,65.0,53.0,21.0,94.0,51.0,103.0,20.0,81.0,46.0,59.0,102.0,73.0,45.0,60.0,44.0,6.0,62.0,98.0,96.0,67.0,118.0,86.0,64.0,52.0,50.0,111.0,4.0,105.0,92.0
land,1684332,,,,86.0,,52,,,,,,,,,,,,,,,,,,,,,,,,,,,,,,,,,,,,,,,,,,,,,
dig,1686351,,,,,[],52,,,,,,,,,,,,,,,,,,,,,,,,,,,,,,,,,,,,,,,,,,,,,
harvest,1687851,,,,67.0,,52,,,,,,86,0.781923453,0.779069767,,,,,,,,,,,,,,,,,,,,,,,,,,,,,,,,,,,,,
decision,1687929,77.0,76.0,,67.0,,52,,,,,,,,,171649,4.0,0.0,TRUE,,,,,,,,,,,,,,,,,,,,,,,,,,,,,,,,,
travel,1697857,,,,,[],52,,,,,,,,,,,,,,,,,,,,,,,,,,,,,,,,,,,,,,,,,,,,,
alien_welcome,1702859,,,,,,,,,,54,114,97,17,39,37,72.0,35.0,88,1.0,42.0,15.0,8.0,65.0,53.0,21.0,94.0,51.0,103.0,20.0,81.0,46.0,59.0,102.0,73.0,45.0,60.0,44.0,6.0,62.0,98.0,96.0,67.0,118.0,86.0,64.0,52.0,50.0,111.0,4.0,105.0,92.0
land,1703361,,,,92.0,,53,,,,,,,,,,,,,,,,,,,,,,,,,,,,,,,,,,,,,,,,,,,,,
dig,1705367,,,,,[],53,,,,,,,,,,,,,,,,,,,,,,,,,,,,,,,,,,,,,,,,,,,,,
harvest,1706874,,,,75.0,,53,,,,,,92,0.811332112,0.815217391,,,,,,,,,,,,,,,,,,,,,,,,,,,,,,,,,,,,,
decision,1708876,,,,75.0,,53,,,,,,,,,192595,4.0,0.0,FALSE,,,,,,,,,,,,,,,,,,,,,,,,,,,,,,,,,
time_out,1710887,,,,75.0,,,,,,,,,,,,,,,,,,,,,,,,,,,,,,,,,,,,,,,,,,,,,,,
decision,1712317,1428.0,65.0,,75.0,,53,,,,,,,,,196037,4.0,0.0,FALSE,,,,,,,,,,,,,,,,,,,,,,,,,,,,,,,,,
dig,1712938,,,,,[],53,,,,,,,,,,,,,,,,,,,,,,,,,,,,,,,,,,,,,,,,,,,,,
harvest,1714439,,,,62.0,,53,,,,,,75,0.824588564,0.826666667,,,,,,,,,,,,,,,,,,,,,,,,,,,,,,,,,,,,,
decision,1714651,210.0,76.0,,62.0,,53,,,,,,,,,198371,4.0,1.0,TRUE,,,,,,,,,,,,,,,,,,,,,,,,,,,,,,,,,
travel,1724447,,,,,[],53,,,,,,,,,,,,,,,,,,,,,,,,,,,,,,,,,,,,,,,,,,,,,
alien_welcome,1729516,,,,,,,,,,109,114,97,17,39,37,72.0,35.0,88,1.0,42.0,15.0,8.0,65.0,53.0,21.0,94.0,51.0,103.0,20.0,81.0,46.0,59.0,102.0,73.0,45.0,60.0,44.0,6.0,62.0,98.0,96.0,67.0,118.0,86.0,64.0,52.0,50.0,111.0,4.0,105.0,92.0
land,1730017,,,,97.0,,54,,,,,,,,,,,,,,,,,,,,,,,,,,,,,,,,,,,,,,,,,,,,,
dig,1732024,,,,,[],54,,,,,,,,,,,,,,,,,,,,,,,,,,,,,,,,,,,,,,,,,,,,,
harvest,1733527,,,,10.0,,54,,,,,,97,0.101874808,0.103092784,,,,,,,,,,,,,,,,,,,,,,,,,,,,,,,,,,,,,
decision,1734769,1241.0,76.0,,10.0,,54,,,,,,,,,218489,4.0,0.0,TRUE,,,,,,,,,,,,,,,,,,,,,,,,,,,,,,,,,
travel,1743535,,,,,[],54,,,,,,,,,,,,,,,,,,,,,,,,,,,,,,,,,,,,,,,,,,,,,
alien_welcome,1748537,,,,,,,,,,100,114,97,17,39,37,72.0,35.0,88,1.0,42.0,15.0,8.0,65.0,53.0,21.0,94.0,51.0,103.0,20.0,81.0,46.0,59.0,102.0,73.0,45.0,60.0,44.0,6.0,62.0,98.0,96.0,67.0,118.0,86.0,64.0,52.0,50.0,111.0,4.0,105.0,92.0
land,1749039,,,,99.0,,55,,,,,,,,,,,,,,,,,,,,,,,,,,,,,,,,,,,,,,,,,,,,,
dig,1751044,,,,,[],55,,,,,,,,,,,,,,,,,,,,,,,,,,,,,,,,,,,,,,,,,,,,,
harvest,1752546,,,,13.0,,55,,,,,,99,0.136011921,0.131313131,,,,,,,,,,,,,,,,,,,,,,,,,,,,,,,,,,,,,
decision,1752587,39.0,65.0,,13.0,,55,,,,,,,,,236306,4.0,0.0,FALSE,,,,,,,,,,,,,,,,,,,,,,,,,,,,,,,,,
dig,1754564,,,,,[],55,,,,,,,,,,,,,,,,,,,,,,,,,,,,,,,,,,,,,,,,,,,,,
harvest,1756067,,,,4.0,,55,,,,,,13,0.292017472,0.307692308,,,,,,,,,,,,,,,,,,,,,,,,,,,,,,,,,,,,,
decision,1757914,1845.0,76.0,,4.0,,55,,,,,,,,,241634,4.0,1.0,TRUE,,,,,,,,,,,,,,,,,,,,,,,,,,,,,,,,,
travel,1766078,,,,,[],55,,,,,,,,,,,,,,,,,,,,,,,,,,,,,,,,,,,,,,,,,,,,,
alien_welcome,1771079,,,,,,,,,,56,114,97,17,39,37,72.0,35.0,88,1.0,42.0,15.0,8.0,65.0,53.0,21.0,94.0,51.0,103.0,20.0,81.0,46.0,59.0,102.0,73.0,45.0,60.0,44.0,6.0,62.0,98.0,96.0,67.0,118.0,86.0,64.0,52.0,50.0,111.0,4.0,105.0,92.0
land,1771582,,,,101.0,,56,,,,,,,,,,,,,,,,,,,,,,,,,,,,,,,,,,,,,,,,,,,,,
dig,1773587,,,,,[],56,,,,,,,,,,,,,,,,,,,,,,,,,,,,,,,,,,,,,,,,,,,,,
harvest,1775089,,,,83.0,,56,,,,,,101,0.823154788,0.821782178,,,,,,,,,,,,,,,,,,,,,,,,,,,,,,,,,,,,,
decision,1775098,7.0,65.0,,83.0,,56,,,,,,,,,258817,4.0,0.0,FALSE,,,,,,,,,,,,,,,,,,,,,,,,,,,,,,,,,
dig,1777123,,,,,[],56,,,,,,,,,,,,,,,,,,,,,,,,,,,,,,,,,,,,,,,,,,,,,
harvest,1778624,,,,72.0,,56,,,,,,83,0.871671867,0.86746988,,,,,,,,,,,,,,,,,,,,,,,,,,,,,,,,,,,,,
decision,1778833,208.0,76.0,,72.0,,56,,,,,,,,,262553,4.0,1.0,TRUE,,,,,,,,,,,,,,,,,,,,,,,,,,,,,,,,,
travel,1788636,,,,,[],56,,,,,,,,,,,,,,,,,,,,,,,,,,,,,,,,,,,,,,,,,,,,,
alien_welcome,1793639,,,,,,,,,,25,114,97,17,39,37,72.0,35.0,88,1.0,42.0,15.0,8.0,65.0,53.0,21.0,94.0,51.0,103.0,20.0,81.0,46.0,59.0,102.0,73.0,45.0,60.0,44.0,6.0,62.0,98.0,96.0,67.0,118.0,86.0,64.0,52.0,50.0,111.0,4.0,105.0,92.0
land,1794141,,,,97.0,,57,,,,,,,,,,,,,,,,,,,,,,,,,,,,,,,,,,,,,,,,,,,,,
dig,1796147,,,,,[],57,,,,,,,,,,,,,,,,,,,,,,,,,,,,,,,,,,,,,,,,,,,,,
harvest,1797652,,,,83.0,,57,,,,,,97,0.855064412,0.855670103,,,,,,,,,,,,,,,,,,,,,,,,,,,,,,,,,,,,,
decision,1797928,274.0,76.0,,83.0,,57,,,,,,,,,281648,4.0,0.0,TRUE,,,,,,,,,,,,,,,,,,,,,,,,,,,,,,,,,
travel,1807659,,,,,[],57,,,,,,,,,,,,,,,,,,,,,,,,,,,,,,,,,,,,,,,,,,,,,
alien_welcome,1812661,,,,,,,,,,104,114,97,17,39,37,72.0,35.0,88,1.0,42.0,15.0,8.0,65.0,53.0,21.0,94.0,51.0,103.0,20.0,81.0,46.0,59.0,102.0,73.0,45.0,60.0,44.0,6.0,62.0,98.0,96.0,67.0,118.0,86.0,64.0,52.0,50.0,111.0,4.0,105.0,92.0
land,1813162,,,,96.0,,58,,,,,,,,,,,,,,,,,,,,,,,,,,,,,,,,,,,,,,,,,,,,,
dig,1815166,,,,,[],58,,,,,,,,,,,,,,,,,,,,,,,,,,,,,,,,,,,,,,,,,,,,,
harvest,1816670,,,,82.0,,58,,,,,,96,0.855961878,0.854166667,,,,,,,,,,,,,,,,,,,,,,,,,,,,,,,,,,,,,
decision,1816910,234.0,65.0,,82.0,,58,,,,,,,,,300629,4.0,0.0,FALSE,,,,,,,,,,,,,,,,,,,,,,,,,,,,,,,,,
dig,1818687,,,,,[],58,,,,,,,,,,,,,,,,,,,,,,,,,,,,,,,,,,,,,,,,,,,,,
harvest,1820187,,,,65.0,,58,,,,,,82,0.787819755,0.792682927,,,,,,,,,,,,,,,,,,,,,,,,,,,,,,,,,,,,,
decision,1820489,300.0,76.0,,65.0,,58,,,,,,,,,304208,4.0,1.0,TRUE,,,,,,,,,,,,,,,,,,,,,,,,,,,,,,,,,
travel,1830195,,,,,[],58,,,,,,,,,,,,,,,,,,,,,,,,,,,,,,,,,,,,,,,,,,,,,
alien_welcome,1835197,,,,,,,,,,2,114,97,17,39,37,72.0,35.0,88,1.0,42.0,15.0,8.0,65.0,53.0,21.0,94.0,51.0,103.0,20.0,81.0,46.0,59.0,102.0,73.0,45.0,60.0,44.0,6.0,62.0,98.0,96.0,67.0,118.0,86.0,64.0,52.0,50.0,111.0,4.0,105.0,92.0
land,1835700,,,,104.0,,59,,,,,,,,,,,,,,,,,,,,,,,,,,,,,,,,,,,,,,,,,,,,,
dig,1837705,,,,,[],59,,,,,,,,,,,,,,,,,,,,,,,,,,,,,,,,,,,,,,,,,,,,,
harvest,1839206,,,,88.0,,59,,,,,,104,0.848384558,0.846153846,,,,,,,,,,,,,,,,,,,,,,,,,,,,,,,,,,,,,
decision,1839449,241.0,76.0,,88.0,,59,,,,,,,,,323168,4.0,0.0,TRUE,,,,,,,,,,,,,,,,,,,,,,,,,,,,,,,,,
travel,1849221,,,,,[],59,,,,,,,,,,,,,,,,,,,,,,,,,,,,,,,,,,,,,,,,,,,,,
alien_welcome,1854222,,,,,,,,,,80,114,97,17,39,37,72.0,35.0,88,1.0,42.0,15.0,8.0,65.0,53.0,21.0,94.0,51.0,103.0,20.0,81.0,46.0,59.0,102.0,73.0,45.0,60.0,44.0,6.0,62.0,98.0,96.0,67.0,118.0,86.0,64.0,52.0,50.0,111.0,4.0,105.0,92.0
land,1854725,,,,103.0,,60,,,,,,,,,,,,,,,,,,,,,,,,,,,,,,,,,,,,,,,,,,,,,
dig,1856730,,,,,[],60,,,,,,,,,,,,,,,,,,,,,,,,,,,,,,,,,,,,,,,,,,,,,
harvest,1858231,,,,80.0,,60,,,,,,103,0.777203602,0.776699029,,,,,,,,,,,,,,,,,,,,,,,,,,,,,,,,,,,,,
decision,1858437,201.0,76.0,,80.0,,60,,,,,,,,,342156,4.0,0.0,TRUE,,,,,,,,,,,,,,,,,,,,,,,,,,,,,,,,,
travel,1868242,,,,,[],60,,,,,,,,,,,,,,,,,,,,,,,,,,,,,,,,,,,,,,,,,,,,,
alien_welcome,1873246,,,,,,,,,,99,114,97,17,39,37,72.0,35.0,88,1.0,42.0,15.0,8.0,65.0,53.0,21.0,94.0,51.0,103.0,20.0,81.0,46.0,59.0,102.0,73.0,45.0,60.0,44.0,6.0,62.0,98.0,96.0,67.0,118.0,86.0,64.0,52.0,50.0,111.0,4.0,105.0,92.0
land,1873748,,,,100.0,,61,,,,,,,,,,,,,,,,,,,,,,,,,,,,,,,,,,,,,,,,,,,,,
dig,1875753,,,,,[],61,,,,,,,,,,,,,,,,,,,,,,,,,,,,,,,,,,,,,,,,,,,,,
harvest,1877255,,,,75.0,,61,,,,,,100,0.751609475,0.75,,,,,,,,,,,,,,,,,,,,,,,,,,,,,,,,,,,,,
decision,1877393,137.0,76.0,,75.0,,61,,,,,,,,,361113,4.0,0.0,TRUE,,,,,,,,,,,,,,,,,,,,,,,,,,,,,,,,,
end_of_block,1887348,9943.0,32.0,,,,,,,,,,,,,,,,,,,,,,,,,,,,,,,,,,,,,,,,,,,,,,,,,
alien_welcome,1892379,,,,,,,,,,49,114,97,17,39,37,72.0,35.0,88,1.0,42.0,15.0,8.0,65.0,53.0,21.0,94.0,51.0,103.0,20.0,81.0,46.0,59.0,102.0,73.0,45.0,60.0,44.0,6.0,62.0,98.0,96.0,67.0,118.0,86.0,64.0,52.0,50.0,111.0,4.0,105.0,92.0
land,1892908,,,,100.0,,62,,,,,,,,,,,,,,,,,,,,,,,,,,,,,,,,,,,,,,,,,,,,,
dig,1894914,,,,,[],62,,,,,,,,,,,,,,,,,,,,,,,,,,,,,,,,,,,,,,,,,,,,,
harvest,1896461,,,,46.0,,62,,,,,,100,0.464766718,0.46,,,,,,,,,,,,,,,,,,,,,,,,,,,,,,,,,,,,,
decision,1896523,60.0,76.0,,46.0,,62,,,,,,,,,9168,5.0,0.0,TRUE,,,,,,,,,,,,,,,,,,,,,,,,,,,,,,,,,
travel,1906477,,,,,[],62,,,,,,,,,,,,,,,,,,,,,,,,,,,,,,,,,,,,,,,,,,,,,
alien_welcome,1911518,,,,,,,,,,22,114,97,17,39,37,72.0,35.0,88,1.0,42.0,15.0,8.0,65.0,53.0,21.0,94.0,51.0,103.0,20.0,81.0,46.0,59.0,102.0,73.0,45.0,60.0,44.0,6.0,62.0,98.0,96.0,67.0,118.0,86.0,64.0,52.0,50.0,111.0,4.0,105.0,92.0
land,1912021,,,,103.0,,63,,,,,,,,,,,,,,,,,,,,,,,,,,,,,,,,,,,,,,,,,,,,,
dig,1914026,,,,,[],63,,,,,,,,,,,,,,,,,,,,,,,,,,,,,,,,,,,,,,,,,,,,,
harvest,1915527,,,,44.0,,63,,,,,,103,0.431987476,0.427184466,,,,,,,,,,,,,,,,,,,,,,,,,,,,,,,,,,,,,
decision,1915538,9.0,76.0,,44.0,,63,,,,,,,,,28184,5.0,0.0,TRUE,,,,,,,,,,,,,,,,,,,,,,,,,,,,,,,,,
travel,1925545,,,,,[],63,,,,,,,,,,,,,,,,,,,,,,,,,,,,,,,,,,,,,,,,,,,,,
alien_welcome,1930576,,,,,,,,,,63,114,97,17,39,37,72.0,35.0,88,1.0,42.0,15.0,8.0,65.0,53.0,21.0,94.0,51.0,103.0,20.0,81.0,46.0,59.0,102.0,73.0,45.0,60.0,44.0,6.0,62.0,98.0,96.0,67.0,118.0,86.0,64.0,52.0,50.0,111.0,4.0,105.0,92.0
land,1931080,,,,97.0,,64,,,,,,,,,,,,,,,,,,,,,,,,,,,,,,,,,,,,,,,,,,,,,
dig,1933086,,,,,[],64,,,,,,,,,,,,,,,,,,,,,,,,,,,,,,,,,,,,,,,,,,,,,
harvest,1934594,,,,38.0,,64,,,,,,97,0.394837621,0.391752577,,,,,,,,,,,,,,,,,,,,,,,,,,,,,,,,,,,,,
decision,1934729,131.0,76.0,,38.0,,64,,,,,,,,,47375,5.0,0.0,TRUE,,,,,,,,,,,,,,,,,,,,,,,,,,,,,,,,,
travel,1944610,,,,,[],64,,,,,,,,,,,,,,,,,,,,,,,,,,,,,,,,,,,,,,,,,,,,,
alien_welcome,1949629,,,,,,,,,,78,114,97,17,39,37,72.0,35.0,88,1.0,42.0,15.0,8.0,65.0,53.0,21.0,94.0,51.0,103.0,20.0,81.0,46.0,59.0,102.0,73.0,45.0,60.0,44.0,6.0,62.0,98.0,96.0,67.0,118.0,86.0,64.0,52.0,50.0,111.0,4.0,105.0,92.0
land,1950131,,,,98.0,,65,,,,,,,,,,,,,,,,,,,,,,,,,,,,,,,,,,,,,,,,,,,,,
dig,1952137,,,,,[],65,,,,,,,,,,,,,,,,,,,,,,,,,,,,,,,,,,,,,,,,,,,,,
harvest,1953639,,,,52.0,,65,,,,,,98,0.531546229,0.530612245,,,,,,,,,,,,,,,,,,,,,,,,,,,,,,,,,,,,,
decision,1953943,301.0,76.0,,52.0,,65,,,,,,,,,66613,5.0,0.0,TRUE,,,,,,,,,,,,,,,,,,,,,,,,,,,,,,,,,
travel,1963681,,,,,[],65,,,,,,,,,,,,,,,,,,,,,,,,,,,,,,,,,,,,,,,,,,,,,
alien_welcome,1968683,,,,,,,,,,76,114,97,17,39,37,72.0,35.0,88,1.0,42.0,15.0,8.0,65.0,53.0,21.0,94.0,51.0,103.0,20.0,81.0,46.0,59.0,102.0,73.0,45.0,60.0,44.0,6.0,62.0,98.0,96.0,67.0,118.0,86.0,64.0,52.0,50.0,111.0,4.0,105.0,92.0
land,1969187,,,,99.0,,66,,,,,,,,,,,,,,,,,,,,,,,,,,,,,,,,,,,,,,,,,,,,,
dig,1971196,,,,,[],66,,,,,,,,,,,,,,,,,,,,,,,,,,,,,,,,,,,,,,,,,,,,,
harvest,1972698,,,,46.0,,66,,,,,,99,0.468401698,0.464646465,,,,,,,,,,,,,,,,,,,,,,,,,,,,,,,,,,,,,
decision,1972753,54.0,65.0,,46.0,,66,,,,,,,,,85399,5.0,0.0,FALSE,,,,,,,,,,,,,,,,,,,,,,,,,,,,,,,,,
dig,1974709,,,,,[],66,,,,,,,,,,,,,,,,,,,,,,,,,,,,,,,,,,,,,,,,,,,,,
harvest,1976210,,,,20.0,,66,,,,,,46,0.433739764,0.434782609,,,,,,,,,,,,,,,,,,,,,,,,,,,,,,,,,,,,,
decision,1978212,,,,20.0,,66,,,,,,,,,90858,5.0,1.0,FALSE,,,,,,,,,,,,,,,,,,,,,,,,,,,,,,,,,
time_out,1980224,,,,20.0,,,,,,,,,,,,,,,,,,,,,,,,,,,,,,,,,,,,,,,,,,,,,,,
decision,1980537,312.0,65.0,,20.0,,66,,,,,,,,,93183,5.0,1.0,FALSE,,,,,,,,,,,,,,,,,,,,,,,,,,,,,,,,,
dig,1982236,,,,,[],66,,,,,,,,,,,,,,,,,,,,,,,,,,,,,,,,,,,,,,,,,,,,,
harvest,1983740,,,,9.0,,66,,,,,,20,0.462171543,0.45,,,,,,,,,,,,,,,,,,,,,,,,,,,,,,,,,,,,,
decision,1983786,44.0,76.0,,9.0,,66,,,,,,,,,96432,5.0,2.0,TRUE,,,,,,,,,,,,,,,,,,,,,,,,,,,,,,,,,
travel,1993753,,,,,[],66,,,,,,,,,,,,,,,,,,,,,,,,,,,,,,,,,,,,,,,,,,,,,
alien_welcome,1998756,,,,,,,,,,91,114,97,17,39,37,72.0,35.0,88,1.0,42.0,15.0,8.0,65.0,53.0,21.0,94.0,51.0,103.0,20.0,81.0,46.0,59.0,102.0,73.0,45.0,60.0,44.0,6.0,62.0,98.0,96.0,67.0,118.0,86.0,64.0,52.0,50.0,111.0,4.0,105.0,92.0
land,1999261,,,,96.0,,67,,,,,,,,,,,,,,,,,,,,,,,,,,,,,,,,,,,,,,,,,,,,,
dig,2001268,,,,,[],67,,,,,,,,,,,,,,,,,,,,,,,,,,,,,,,,,,,,,,,,,,,,,
harvest,2002768,,,,55.0,,67,,,,,,96,0.571257863,0.572916667,,,,,,,,,,,,,,,,,,,,,,,,,,,,,,,,,,,,,
decision,2002802,31.0,76.0,,55.0,,67,,,,,,,,,115449,5.0,0.0,TRUE,,,,,,,,,,,,,,,,,,,,,,,,,,,,,,,,,
travel,2012781,,,,,[],67,,,,,,,,,,,,,,,,,,,,,,,,,,,,,,,,,,,,,,,,,,,,,
alien_welcome,2017785,,,,,,,,,,11,114,97,17,39,37,72.0,35.0,88,1.0,42.0,15.0,8.0,65.0,53.0,21.0,94.0,51.0,103.0,20.0,81.0,46.0,59.0,102.0,73.0,45.0,60.0,44.0,6.0,62.0,98.0,96.0,67.0,118.0,86.0,64.0,52.0,50.0,111.0,4.0,105.0,92.0
land,2018288,,,,94.0,,68,,,,,,,,,,,,,,,,,,,,,,,,,,,,,,,,,,,,,,,,,,,,,
dig,2020295,,,,,[],68,,,,,,,,,,,,,,,,,,,,,,,,,,,,,,,,,,,,,,,,,,,,,
harvest,2021798,,,,48.0,,68,,,,,,94,0.508783262,0.510638298,,,,,,,,,,,,,,,,,,,,,,,,,,,,,,,,,,,,,
decision,2021874,74.0,65.0,,48.0,,68,,,,,,,,,134520,5.0,0.0,FALSE,,,,,,,,,,,,,,,,,,,,,,,,,,,,,,,,,
dig,2023811,,,,,[],68,,,,,,,,,,,,,,,,,,,,,,,,,,,,,,,,,,,,,,,,,,,,,
harvest,2025313,,,,24.0,,68,,,,,,48,0.493232342,0.5,,,,,,,,,,,,,,,,,,,,,,,,,,,,,,,,,,,,,
decision,2025361,47.0,65.0,,24.0,,68,,,,,,,,,138007,5.0,1.0,FALSE,,,,,,,,,,,,,,,,,,,,,,,,,,,,,,,,,
dig,2027325,,,,,[],68,,,,,,,,,,,,,,,,,,,,,,,,,,,,,,,,,,,,,,,,,,,,,
harvest,2028826,,,,13.0,,68,,,,,,24,0.522883119,0.541666667,,,,,,,,,,,,,,,,,,,,,,,,,,,,,,,,,,,,,
decision,2029650,821.0,76.0,,13.0,,68,,,,,,,,,142295,5.0,2.0,TRUE,,,,,,,,,,,,,,,,,,,,,,,,,,,,,,,,,
travel,2038835,,,,,[],68,,,,,,,,,,,,,,,,,,,,,,,,,,,,,,,,,,,,,,,,,,,,,
alien_welcome,2043840,,,,,,,,,,13,114,97,17,39,37,72.0,35.0,88,1.0,42.0,15.0,8.0,65.0,53.0,21.0,94.0,51.0,103.0,20.0,81.0,46.0,59.0,102.0,73.0,45.0,60.0,44.0,6.0,62.0,98.0,96.0,67.0,118.0,86.0,64.0,52.0,50.0,111.0,4.0,105.0,92.0
land,2044345,,,,98.0,,69,,,,,,,,,,,,,,,,,,,,,,,,,,,,,,,,,,,,,,,,,,,,,
dig,2046351,,,,,[],69,,,,,,,,,,,,,,,,,,,,,,,,,,,,,,,,,,,,,,,,,,,,,
harvest,2047853,,,,51.0,,69,,,,,,98,0.518669874,0.520408163,,,,,,,,,,,,,,,,,,,,,,,,,,,,,,,,,,,,,
decision,2047960,104.0,76.0,,51.0,,69,,,,,,,,,160606,5.0,0.0,TRUE,,,,,,,,,,,,,,,,,,,,,,,,,,,,,,,,,
travel,2057863,,,,,[],69,,,,,,,,,,,,,,,,,,,,,,,,,,,,,,,,,,,,,,,,,,,,,
alien_welcome,2062868,,,,,,,,,,89,114,97,17,39,37,72.0,35.0,88,1.0,42.0,15.0,8.0,65.0,53.0,21.0,94.0,51.0,103.0,20.0,81.0,46.0,59.0,102.0,73.0,45.0,60.0,44.0,6.0,62.0,98.0,96.0,67.0,118.0,86.0,64.0,52.0,50.0,111.0,4.0,105.0,92.0
land,2063370,,,,95.0,,70,,,,,,,,,,,,,,,,,,,,,,,,,,,,,,,,,,,,,,,,,,,,,
dig,2065375,,,,,[],70,,,,,,,,,,,,,,,,,,,,,,,,,,,,,,,,,,,,,,,,,,,,,
harvest,2066877,,,,51.0,,70,,,,,,95,0.539598036,0.536842105,,,,,,,,,,,,,,,,,,,,,,,,,,,,,,,,,,,,,
decision,2067118,236.0,76.0,,51.0,,70,,,,,,,,,179764,5.0,0.0,TRUE,,,,,,,,,,,,,,,,,,,,,,,,,,,,,,,,,
travel,2076893,,,,,[],70,,,,,,,,,,,,,,,,,,,,,,,,,,,,,,,,,,,,,,,,,,,,,
alien_welcome,2081914,,,,,,,,,,5,114,97,17,39,37,72.0,35.0,88,1.0,42.0,15.0,8.0,65.0,53.0,21.0,94.0,51.0,103.0,20.0,81.0,46.0,59.0,102.0,73.0,45.0,60.0,44.0,6.0,62.0,98.0,96.0,67.0,118.0,86.0,64.0,52.0,50.0,111.0,4.0,105.0,92.0
land,2082416,,,,107.0,,71,,,,,,,,,,,,,,,,,,,,,,,,,,,,,,,,,,,,,,,,,,,,,
dig,2084421,,,,,[],71,,,,,,,,,,,,,,,,,,,,,,,,,,,,,,,,,,,,,,,,,,,,,
harvest,2085930,,,,54.0,,71,,,,,,107,0.502535067,0.504672897,,,,,,,,,,,,,,,,,,,,,,,,,,,,,,,,,,,,,
decision,2086017,86.0,76.0,,54.0,,71,,,,,,,,,198663,5.0,0.0,TRUE,,,,,,,,,,,,,,,,,,,,,,,,,,,,,,,,,
travel,2095952,,,,,[],71,,,,,,,,,,,,,,,,,,,,,,,,,,,,,,,,,,,,,,,,,,,,,
alien_welcome,2100955,,,,,,,,,,90,114,97,17,39,37,72.0,35.0,88,1.0,42.0,15.0,8.0,65.0,53.0,21.0,94.0,51.0,103.0,20.0,81.0,46.0,59.0,102.0,73.0,45.0,60.0,44.0,6.0,62.0,98.0,96.0,67.0,118.0,86.0,64.0,52.0,50.0,111.0,4.0,105.0,92.0
land,2101456,,,,98.0,,72,,,,,,,,,,,,,,,,,,,,,,,,,,,,,,,,,,,,,,,,,,,,,
dig,2103462,,,,,[],72,,,,,,,,,,,,,,,,,,,,,,,,,,,,,,,,,,,,,,,,,,,,,
harvest,2104965,,,,48.0,,72,,,,,,98,0.492656203,0.489795918,,,,,,,,,,,,,,,,,,,,,,,,,,,,,,,,,,,,,
decision,2105033,67.0,76.0,,48.0,,72,,,,,,,,,217679,5.0,0.0,TRUE,,,,,,,,,,,,,,,,,,,,,,,,,,,,,,,,,
travel,2114980,,,,,[],72,,,,,,,,,,,,,,,,,,,,,,,,,,,,,,,,,,,,,,,,,,,,,
alien_welcome,2119982,,,,,,,,,,12,114,97,17,39,37,72.0,35.0,88,1.0,42.0,15.0,8.0,65.0,53.0,21.0,94.0,51.0,103.0,20.0,81.0,46.0,59.0,102.0,73.0,45.0,60.0,44.0,6.0,62.0,98.0,96.0,67.0,118.0,86.0,64.0,52.0,50.0,111.0,4.0,105.0,92.0
land,2120500,,,,94.0,,73,,,,,,,,,,,,,,,,,,,,,,,,,,,,,,,,,,,,,,,,,,,,,
dig,2122506,,,,,[],73,,,,,,,,,,,,,,,,,,,,,,,,,,,,,,,,,,,,,,,,,,,,,
harvest,2124009,,,,50.0,,73,,,,,,94,0.529963521,0.531914894,,,,,,,,,,,,,,,,,,,,,,,,,,,,,,,,,,,,,
decision,2124290,279.0,76.0,,50.0,,73,,,,,,,,,236935,5.0,0.0,TRUE,,,,,,,,,,,,,,,,,,,,,,,,,,,,,,,,,
travel,2134028,,,,,[],73,,,,,,,,,,,,,,,,,,,,,,,,,,,,,,,,,,,,,,,,,,,,,
alien_welcome,2139029,,,,,,,,,,55,114,97,17,39,37,72.0,35.0,88,1.0,42.0,15.0,8.0,65.0,53.0,21.0,94.0,51.0,103.0,20.0,81.0,46.0,59.0,102.0,73.0,45.0,60.0,44.0,6.0,62.0,98.0,96.0,67.0,118.0,86.0,64.0,52.0,50.0,111.0,4.0,105.0,92.0
land,2139532,,,,107.0,,74,,,,,,,,,,,,,,,,,,,,,,,,,,,,,,,,,,,,,,,,,,,,,
dig,2141547,,,,,[],74,,,,,,,,,,,,,,,,,,,,,,,,,,,,,,,,,,,,,,,,,,,,,
harvest,2143048,,,,57.0,,74,,,,,,107,0.528067614,0.53271028,,,,,,,,,,,,,,,,,,,,,,,,,,,,,,,,,,,,,
decision,2143106,56.0,76.0,,57.0,,74,,,,,,,,,255751,5.0,0.0,TRUE,,,,,,,,,,,,,,,,,,,,,,,,,,,,,,,,,
travel,2153057,,,,,[],74,,,,,,,,,,,,,,,,,,,,,,,,,,,,,,,,,,,,,,,,,,,,,
alien_welcome,2158060,,,,,,,,,,119,114,97,17,39,37,72.0,35.0,88,1.0,42.0,15.0,8.0,65.0,53.0,21.0,94.0,51.0,103.0,20.0,81.0,46.0,59.0,102.0,73.0,45.0,60.0,44.0,6.0,62.0,98.0,96.0,67.0,118.0,86.0,64.0,52.0,50.0,111.0,4.0,105.0,92.0
land,2158569,,,,96.0,,75,,,,,,,,,,,,,,,,,,,,,,,,,,,,,,,,,,,,,,,,,,,,,
dig,2160602,,,,,[],75,,,,,,,,,,,,,,,,,,,,,,,,,,,,,,,,,,,,,,,,,,,,,
harvest,2162114,,,,50.0,,75,,,,,,96,0.515982122,0.520833333,,,,,,,,,,,,,,,,,,,,,,,,,,,,,,,,,,,,,
decision,2162545,430.0,65.0,,50.0,,75,,,,,,,,,275191,5.0,0.0,FALSE,,,,,,,,,,,,,,,,,,,,,,,,,,,,,,,,,
dig,2164131,,,,,[],75,,,,,,,,,,,,,,,,,,,,,,,,,,,,,,,,,,,,,,,,,,,,,
harvest,2165654,,,,30.0,,75,,,,,,50,0.59808633,0.6,,,,,,,,,,,,,,,,,,,,,,,,,,,,,,,,,,,,,
decision,2167657,,,,30.0,,75,,,,,,,,,280303,5.0,1.0,FALSE,,,,,,,,,,,,,,,,,,,,,,,,,,,,,,,,,
time_out,2169668,,,,30.0,,,,,,,,,,,,,,,,,,,,,,,,,,,,,,,,,,,,,,,,,,,,,,,
decision,2171675,,,,30.0,,75,,,,,,,,,284321,5.0,1.0,FALSE,,,,,,,,,,,,,,,,,,,,,,,,,,,,,,,,,
time_out,2173694,,,,30.0,,,,,,,,,,,,,,,,,,,,,,,,,,,,,,,,,,,,,,,,,,,,,,,
decision,2174658,961.0,76.0,,30.0,,75,,,,,,,,,287304,5.0,1.0,TRUE,,,,,,,,,,,,,,,,,,,,,,,,,,,,,,,,,
travel,2183712,,,,,[],75,,,,,,,,,,,,,,,,,,,,,,,,,,,,,,,,,,,,,,,,,,,,,
alien_welcome,2188714,,,,,,,,,,112,114,97,17,39,37,72.0,35.0,88,1.0,42.0,15.0,8.0,65.0,53.0,21.0,94.0,51.0,103.0,20.0,81.0,46.0,59.0,102.0,73.0,45.0,60.0,44.0,6.0,62.0,98.0,96.0,67.0,118.0,86.0,64.0,52.0,50.0,111.0,4.0,105.0,92.0
land,2189215,,,,104.0,,76,,,,,,,,,,,,,,,,,,,,,,,,,,,,,,,,,,,,,,,,,,,,,
dig,2191224,,,,,[],76,,,,,,,,,,,,,,,,,,,,,,,,,,,,,,,,,,,,,,,,,,,,,
harvest,2192728,,,,52.0,,76,,,,,,104,0.503044314,0.5,,,,,,,,,,,,,,,,,,,,,,,,,,,,,,,,,,,,,
decision,2192892,162.0,76.0,,52.0,,76,,,,,,,,,305537,5.0,0.0,TRUE,,,,,,,,,,,,,,,,,,,,,,,,,,,,,,,,,
travel,2202744,,,,,[],76,,,,,,,,,,,,,,,,,,,,,,,,,,,,,,,,,,,,,,,,,,,,,
alien_welcome,2207748,,,,,,,,,,77,114,97,17,39,37,72.0,35.0,88,1.0,42.0,15.0,8.0,65.0,53.0,21.0,94.0,51.0,103.0,20.0,81.0,46.0,59.0,102.0,73.0,45.0,60.0,44.0,6.0,62.0,98.0,96.0,67.0,118.0,86.0,64.0,52.0,50.0,111.0,4.0,105.0,92.0
land,2208251,,,,107.0,,77,,,,,,,,,,,,,,,,,,,,,,,,,,,,,,,,,,,,,,,,,,,,,
dig,2210256,,,,,[],77,,,,,,,,,,,,,,,,,,,,,,,,,,,,,,,,,,,,,,,,,,,,,
harvest,2211758,,,,81.0,,77,,,,,,107,0.753658339,0.757009346,,,,,,,,,,,,,,,,,,,,,,,,,,,,,,,,,,,,,
decision,2211906,146.0,76.0,,81.0,,77,,,,,,,,,324551,5.0,0.0,TRUE,,,,,,,,,,,,,,,,,,,,,,,,,,,,,,,,,
travel,2221764,,,,,[],77,,,,,,,,,,,,,,,,,,,,,,,,,,,,,,,,,,,,,,,,,,,,,
alien_welcome,2226766,,,,,,,,,,43,114,97,17,39,37,72.0,35.0,88,1.0,42.0,15.0,8.0,65.0,53.0,21.0,94.0,51.0,103.0,20.0,81.0,46.0,59.0,102.0,73.0,45.0,60.0,44.0,6.0,62.0,98.0,96.0,67.0,118.0,86.0,64.0,52.0,50.0,111.0,4.0,105.0,92.0
land,2227299,,,,103.0,,78,,,,,,,,,,,,,,,,,,,,,,,,,,,,,,,,,,,,,,,,,,,,,
dig,2229305,,,,,[],78,,,,,,,,,,,,,,,,,,,,,,,,,,,,,,,,,,,,,,,,,,,,,
harvest,2230806,,,,82.0,,78,,,,,,103,0.792078582,0.796116505,,,,,,,,,,,,,,,,,,,,,,,,,,,,,,,,,,,,,
decision,2230857,50.0,76.0,,82.0,,78,,,,,,,,,343503,5.0,0.0,TRUE,,,,,,,,,,,,,,,,,,,,,,,,,,,,,,,,,
travel,2240821,,,,,[],78,,,,,,,,,,,,,,,,,,,,,,,,,,,,,,,,,,,,,,,,,,,,,
alien_welcome,2245824,,,,,,,,,,47,114,97,17,39,37,72.0,35.0,88,1.0,42.0,15.0,8.0,65.0,53.0,21.0,94.0,51.0,103.0,20.0,81.0,46.0,59.0,102.0,73.0,45.0,60.0,44.0,6.0,62.0,98.0,96.0,67.0,118.0,86.0,64.0,52.0,50.0,111.0,4.0,105.0,92.0
land,2246334,,,,98.0,,79,,,,,,,,,,,,,,,,,,,,,,,,,,,,,,,,,,,,,,,,,,,,,
dig,2248340,,,,,[],79,,,,,,,,,,,,,,,,,,,,,,,,,,,,,,,,,,,,,,,,,,,,,
harvest,2249841,,,,78.0,,79,,,,,,98,0.794264693,0.795918367,,,,,,,,,,,,,,,,,,,,,,,,,,,,,,,,,,,,,
decision,2251618,1775.0,76.0,,78.0,,79,,,,,,,,,364263,5.0,0.0,TRUE,,,,,,,,,,,,,,,,,,,,,,,,,,,,,,,,,
catch,2255026,3396.0,90.0,,78.0,,,,,,,,,,,,,,,,,,,,,,,,,,,,,,,,,,,,,,,,,,,,,,,
debrief,2273156,18126.0,,,,{planet_threshold:yes,planet_threshold_desc:,dig_threshold:yes,dig_threshold_desc:,surprise:yes,surprise_desc:,dynamic:yes,dynamic_desc:,other:yes,other_desc:,feedback:None},,,,,,,,,,,,,,,,,,,,,,,,,,,,,,,,,,,,
demo,2280452,7291.0,,,,{age:25,gender:female},,,,,,,,,,,,,,,,,,,,,,,,,,,,,,,,,,,,,,,,,,,,,
end_of_exp,2300442,19986.0,32.0,,,,,,,,,,,,,,,,,2.0,8.0,,,,,,,,,,,,,,,,,,,,,,,,,,,,,,,
